DATE,NSS strategy (net),10Y price proxy,20Y price proxy,Equal-weight price proxy
2010-01-04,0.0,,,
2010-01-05,0.0,0.006400240000000017,0.009000449999999946,0.004073680257000017
2010-01-06,0.0,-0.0063997600000000165,-0.01349898749999997,-0.004738594413500011
2010-01-07,0.0,0.0,0.0015000125000000429,0.00016750430199999596
2010-01-08,0.0,0.0016000149999999902,0.0015000124999999388,0.000780512096500007
2010-01-11,0.0,-0.0015999849999999904,-0.004499887499999921,-0.001440450798500003
2010-01-12,0.0,0.008800453749999975,0.018001799999999995,0.006296583482000009
2010-01-13,0.0,-0.004799864999999971,-0.011999200000000031,-0.004355710178000007
2010-01-14,0.0,0.0032000600000000362,0.012000800000000032,0.003835239147000008
2010-01-15,0.0,0.0048001349999999155,0.006000199999999859,0.0029941058569999805
2010-01-18,0.0,0.0,0.0,0.0
2010-01-19,0.0,-0.0023999662499999577,-0.001499987499999939,-0.0013309811484999892
2010-01-20,0.0,0.004000093750000004,0.00900045000000005,0.0029766403454999962
2010-01-21,0.0,0.004800134999999971,0.007500312500000007,0.003001599775500012
2010-01-22,0.0,0.0,0.0,0.00016250055499999826
2010-01-25,0.0,-0.0031999399999999806,-0.005999799999999964,-0.0022589150749999978
2010-01-26,0.0,0.0008000037500000229,-0.001499987500000043,-0.00020249572949999073
2010-01-27,0.0,-0.0007999962500000229,0.0015000125000000429,-0.00037898893850001167
2010-01-28,0.0,-0.0015999849999999904,-0.002999950000000086,-0.0006999833285000151
2010-01-29,0.0,0.004000093750000004,0.00900045000000005,0.003510654955000013
2010-02-01,0.0,-0.0039999062500000035,-0.007499687500000006,-0.002774396621999989
2010-02-02,0.0,0.0008000037500000229,0.0015000125000000429,0.0005370042249999983
2010-02-03,0.0,-0.004799865000000026,-0.010499387500000092,-0.0035108076800000115
2010-02-04,0.0,0.008800453749999975,0.015001250000000117,0.005745396897000005
2010-02-05,0.0,0.0024000337500000133,0.0045001124999999205,0.001950038256999993
2010-02-08,0.0,-0.0023999662500000132,-0.0029999499999999817,-0.0011654859179999898
2010-02-09,0.0,-0.003999906249999948,-0.008999550000000049,-0.003382851403500008
2010-02-10,0.0,-0.003999906250000059,-0.010499387499999988,-0.00389230114300002
2010-02-11,0.0,-0.0007999962499999674,-0.004499887500000025,-0.001359952098499992
2010-02-12,0.0,0.0032000599999999807,0.003000050000000086,0.0019400393705000113
2010-02-15,0.0,0.0,0.0,0.0
2010-02-16,0.0,0.0024000337500000133,0.0045001124999999205,0.001710538329999996
2010-02-17,0.0,-0.0063997600000000165,-0.010499387499999884,-0.004207279669999991
2010-02-18,0.0,-0.0039999062500000035,-0.00749968750000011,-0.0028619063550000207
2010-02-19,0.0,0.0008000037500000229,0.004500112500000025,0.0007485340515000068
2010-02-22,0.0,-0.0015999849999999904,-0.0029999499999999817,-0.0006999832784999942
2010-02-23,0.0,0.008800453749999975,0.01650151249999995,0.0059604687319999945
2010-02-24,0.0,-0.0007999962500000229,0.0,-0.00025299825350000326
2010-02-25,0.0,0.0048001350000000265,0.007500312500000007,0.003069614195500008
2010-02-26,0.0,0.0024000337500000133,0.006000199999999963,0.0018950485749999995
2010-03-01,0.0,0.0,-0.001499987499999939,-0.00012599554999998477
2010-03-02,0.0,-0.0007999962500000229,-0.001499987499999939,-0.0003604959495000178
2010-03-03,0.0,-0.0007999962499999674,-0.001499987500000043,-0.0005024959699999925
2010-03-04,0.0,0.0016000149999999902,0.0045001124999999205,0.0008280233200000063
2010-03-05,0.0,-0.0063997600000000165,-0.01349898749999997,-0.004599711678000006
2010-03-08,0.0,-0.0023999662500000132,-0.004499887499999921,-0.0017199471929999894
2010-03-09,0.0,0.0008000037500000229,-0.001499987500000043,0.00018100307000000062
2010-03-10,0.0,-0.0015999849999999904,0.0,-0.0008954906545000233
2010-03-11,0.0,0.0,0.003000049999999982,0.00035403003200000163
2010-03-12,0.0,0.0016000149999999902,0.0060002000000000675,0.0016500578615000177
2010-03-15,0.0,0.0,-0.0014999875000001471,-0.0003004964180000205
2010-03-16,0.0,0.004000093750000004,0.007500312500000111,0.0025860858055000192
2010-03-17,0.0,0.0008000037500000229,0.003000049999999982,0.0009065258520000059
2010-03-18,0.0,-0.0023999662500000132,-0.0029999499999999817,-0.0018644617860000055
2010-03-19,0.0,-0.001599985000000046,0.003000049999999982,-0.00014848714350001476
2010-03-22,0.0,0.0024000337500000688,0.0,0.0010020125819999984
2010-03-23,0.0,-0.001599985000000046,-0.0029999499999999817,-0.00119497281799999
2010-03-24,0.0,-0.011999156249999955,-0.019497887499999936,-0.007759281069999985
2010-03-25,0.0,-0.005599816250000049,-0.010499387500000092,-0.0034028444690000033
2010-03-26,0.0,0.004000093750000059,0.004500112500000025,0.0021445443799999945
2010-03-29,0.0,-0.001599985000000046,-0.001499987500000043,-0.0006319945930000044
2010-03-30,0.0,0.0,0.003000050000000086,0.0004425073705000003
2010-03-31,0.0,0.0032000600000000362,0.006000199999999963,0.0022285546700000084
2010-04-01,0.0,-0.003999906250000059,-0.004499887500000025,-0.0018224640950000228
2010-04-02,0.0,-0.005599816249999938,-0.010499387500000092,-0.004210784288999988
2010-04-05,0.0,-0.0039999062500000035,-0.005999799999999964,-0.0028759148264999902
2010-04-06,0.0,0.0024000337499999577,0.001500012500000147,0.001169013332000002
2010-04-07,0.0,0.007200303749999984,0.015001249999999909,0.005567413546499975
2010-04-08,0.0,-0.0015999849999999904,-0.0029999499999999817,-0.001029488293499985
2010-04-09,0.0,0.0008000037500000229,0.003000049999999982,0.0006745086769999918
2010-04-12,0.0,0.0024000337500000133,0.006000199999999963,0.0022790686015000047
2010-04-13,0.0,0.0024000337500000133,0.003000050000000086,0.0011635187800000217
2010-04-14,0.0,-0.003199940000000036,-0.00749968750000011,-0.0022529220250000212
2010-04-15,0.0,0.0016000150000000457,0.001500012500000147,0.0008350074715000207
2010-04-16,0.0,0.005600183749999939,0.009000449999999946,0.003600144746499985
2010-04-19,0.0,-0.0031999399999999806,-0.005999800000000068,-0.002203944303500007
2010-04-20,0.0,0.0008000037500000229,0.004500112500000025,0.0008915332315000064
2010-04-21,0.0,0.004000093750000004,0.009000449999999946,0.0030686433219999894
2010-04-22,0.0,-0.0023999662500000132,-0.004499887500000025,-0.002283936943000009
2010-04-23,0.0,-0.0031999399999999806,-0.004499887499999921,-0.001779467113999977
2010-04-26,0.0,0.0008000037499999674,0.0015000125000000429,0.00043950273150000286
2010-04-27,0.0,0.009600539999999998,0.015001249999999909,0.0066430280764999934
2010-04-28,0.0,-0.0071996962499999845,-0.010499387499999884,-0.004214271969999997
2010-04-29,0.0,0.0032000600000000362,0.007500312500000007,0.002227063657000009
2010-04-30,0.0,0.005600183749999939,0.009000449999999946,0.0038271920114999842
2010-05-03,0.0,-0.0023999662500000132,-0.001499987500000043,-0.0010284882795000068
2010-05-04,0.0,0.007200303750000039,0.015001250000000117,0.0054519115770000235
2010-05-05,0.0,0.004000093750000004,0.006000199999999859,0.0029055860114999945
2010-05-06,0.0,0.013601083750000001,0.030005000000000028,0.010979131111999977
2010-05-07,0.0,-0.003199940000000036,-0.011999200000000031,-0.004094723180500002
2010-05-10,0.0,-0.009599459999999942,-0.017998199999999995,-0.006801342413999985
2010-05-11,0.0,0.0008000037499999674,-0.001499987499999939,-4.149521849998875e-05
2010-05-12,0.0,0.0,-0.007499687500000006,-0.0022999069035
2010-05-13,0.0,0.0008000037500000229,0.004500112500000025,0.0009230147000000027
2010-05-14,0.0,0.008800453749999975,0.019502112500000036,0.007451811054999991
2010-05-17,0.0,-0.0023999662500000132,-0.005999800000000068,-0.0019199520284999972
2010-05-18,0.0,0.007200303750000039,0.01350101249999997,0.005057341480499999
2010-05-19,0.0,0.0016000149999999902,0.0015000125000000429,0.00046701309999999993
2010-05-20,0.0,0.008800453749999975,0.016501512500000055,0.00606600843150001
2010-05-21,0.0,0.004000093750000004,0.007500312499999903,0.0026956257859999853
2010-05-24,0.0,-0.0023999662500000132,-0.007499687499999902,-0.002270907498499995
2010-05-25,0.0,0.004000093750000004,0.007500312499999903,0.002580606506499994
2010-05-26,0.0,-0.0023999662499999577,-0.004499887499999921,-0.0022464381434999987
2010-05-27,0.0,-0.01039936625000002,-0.02099755000000008,-0.007364252275000001
2010-05-28,0.0,0.0024000337500000133,0.004500112500000025,0.002299046847000015
2010-05-31,0.0,0.0,0.0,0.0
2010-06-01,0.0,0.0016000149999999902,0.003000049999999982,0.0011165272064999738
2010-06-02,0.0,-0.004799865000000026,-0.007499687500000006,-0.0030923836034999915
2010-06-03,0.0,-0.0031999399999999806,-0.005999799999999964,-0.002262914547999993
2010-06-04,0.0,0.015201353749999992,0.0255036125,0.009900211355000008
2010-06-07,0.0,0.0024000337500000133,0.003000049999999982,0.0012255206334999813
2010-06-08,0.0,-0.0007999962500000229,0.0015000125000000429,-1.5493963999977604e-05
2010-06-09,0.0,-0.0015999849999999904,-0.0029999499999999817,-0.0008884839370000095
2010-06-10,0.0,-0.01039936625000002,-0.017998199999999995,-0.007212807318500006
2010-06-11,0.0,0.007200303749999984,0.01350101249999997,0.005382391537999996
2010-06-14,0.0,-0.003199939999999925,-0.007499687499999902,-0.0026518985679999845
2010-06-15,0.0,-0.003199940000000036,-0.005999800000000068,-0.0020299484715000132
2010-06-16,0.0,0.004000093750000004,0.009000449999999946,0.00291011743200001
2010-06-17,0.0,0.0048001350000000265,0.007500312500000007,0.0030156132720000083
2010-06-18,0.0,-0.0023999662500000687,-0.0029999499999999817,-0.001379979151500022
2010-06-21,0.0,-0.001599984999999935,-0.002999950000000086,-0.0010489834194999967
2010-06-22,0.0,0.006400239999999962,0.010500612500000093,0.004109718052000019
2010-06-23,0.0,0.004000093750000004,0.007500312500000007,0.002930609531499988
2010-06-24,0.0,-0.0007999962500000229,-0.005999800000000068,-0.0015234433200000041
2010-06-25,0.0,0.001600015000000018,0.003000049999999982,0.0012310180764999981
2010-06-28,-5.268365001464981e-05,0.005600183750000022,0.010500612500000093,0.003753682194000015
2010-06-29,-0.00010639586125898951,0.006400239999999989,0.00900045000000005,0.003658691307000003
2010-06-30,-7.702422229944747e-05,0.0,0.003000049999999878,0.000873025659499979
2010-07-01,-5.472262721282812e-05,0.0008000037499999951,0.004500112500000025,0.0009625323755000023
2010-07-02,-0.0014790378138190557,-0.0031999399999999806,-0.008999549999999945,-0.0027673650199999834
2010-07-05,0.0,0.0,0.0,0.0
2010-07-06,0.0012055667085781108,0.004000093749999976,0.009000449999999946,0.003063624056499979
2010-07-07,0.00012460113819545333,-0.003999906249999976,-0.010499387499999988,-0.0033228122929999807
2010-07-08,0.0,-0.0031999400000000083,-0.004499887500000025,-0.0017839445930000128
2010-07-09,-5.4102064212668844e-05,-0.0023999662499999855,-0.005999799999999964,-0.002174433697999991
2010-07-12,-5.7753468276405466e-05,-0.0007999962500000229,-0.001499987499999939,-0.00048499535000000023
2010-07-13,0.0,-0.0055998162499999934,-0.008999550000000049,-0.0031713685994999895
2010-07-14,0.0,0.006400240000000017,0.012000800000000032,0.0044087397714999855
2010-07-15,0.0,0.005600183749999994,0.010500612499999989,0.0035731740515000054
2010-07-16,0.0,0.0032000599999999807,0.0045001124999999205,0.0019155396564999878
2010-07-19,0.0,-0.0023999662500000132,-0.005999799999999964,-0.0019979374215000054
2010-07-20,-5.513270228713507e-05,0.0008000037500000229,0.0,0.0002760011570000017
2010-07-21,0.00048485676764160385,0.006400240000000017,0.015001250000000013,0.004934388825000006
2010-07-22,-5.781513091294323e-05,-0.004799865000000026,-0.010499387499999988,-0.003304834873499993
2010-07-23,0.0005399979999999967,-0.004799864999999999,-0.008999550000000049,-0.0032138501750000005
2010-07-26,0.000752307232101652,-0.0007999962499999674,-0.001499987499999939,-0.0009349877800000014
2010-07-27,0.0,-0.003999906250000031,-0.008999550000000049,-0.003142875293000007
2010-07-28,-5.7711976158624104e-05,0.004000093750000031,0.003000050000000086,0.0019770400015000147
2010-07-29,-0.0008100044999999999,0.0,0.0,0.0003280079499999954
2010-07-30,-0.0022642715684650315,0.007200303749999984,0.01800179999999989,0.00588797397999999
2010-08-02,-0.00024811943350198413,-0.003999906250000031,-0.011999199999999927,-0.0037277589194999864
2010-08-03,-0.00046314728490429885,0.004000093750000031,0.006000199999999963,0.0024995643799999956
2010-08-04,-0.0005077593732083747,-0.0031999400000000083,-0.004499887500000025,-0.0022824462450000077
2010-08-05,0.00048765488041726174,0.0032000600000000085,0.004500112500000025,0.0019110364820000033
2010-08-06,0.00012743487374999561,0.006400239999999989,0.010500612499999989,0.0035481577199999994
2010-08-09,-0.00010984838851257313,0.0,-0.0029999499999999817,-0.0007974907699999902
2010-08-10,-0.0002891524552132413,0.005600183749999994,0.0045001124999999205,0.002130551454999981
2010-08-11,-0.00013614333512292916,0.005600183749999994,0.012000800000000032,0.003586217325000003
2010-08-12,-0.0004599546201144349,-0.0015999849999999904,-0.001499987499999939,-0.0009724904979999842
2010-08-13,0.00012598075888155973,0.004800134999999999,0.010500612499999989,0.003229188756999996
2010-08-16,0.0,0.008000375000000007,0.021002449999999978,0.006845807380499988
2010-08-17,0.0,-0.004799864999999999,-0.007499687500000006,-0.002865888669499988
2010-08-18,0.0,0.0,0.004500112500000025,0.001217047830499997
2010-08-19,0.0,0.004800134999999999,0.010500612499999989,0.003520192274999998
2010-08-20,-5.785052043294278e-05,-0.0031999400000000083,-0.001499987499999939,-0.0013649795694999868
2010-08-23,0.0011921892485670543,0.0016000149999999902,0.0015000124999999388,0.0011370159804999895
2010-08-24,-0.013619217836509226,0.008000375000000007,0.013501012500000074,0.004689307946500012
2010-08-25,0.001293675742967593,-0.0031999399999999806,-0.004499887500000025,-0.0018344646435000111
2010-08-26,0.0,0.0032000599999999807,0.009000449999999946,0.00274163463
2010-08-27,0.0,-0.012799040000000006,-0.02399679999999996,-0.008386458029500004
2010-08-30,-6.225395128250061e-05,0.009600540000000025,0.01650151249999995,0.0058784313304999945
2010-08-31,-0.010562962343888387,0.0056001837499999665,0.010500612499999989,0.003996736904999998
2010-09-01,-6.278501064431082e-05,-0.008799546249999974,-0.017998199999999995,-0.006391863199499988
2010-09-02,0.008999549999999945,-0.0039999062500000035,-0.008999549999999945,-0.003062331223000008
2010-09-03,0.01194088998500397,-0.007199696250000012,-0.011999200000000031,-0.004261759123500004
2010-09-06,0.0,0.0,0.0,0.0
2010-09-07,0.0030007200000000695,0.00880045375000003,0.018001799999999995,0.006227580901500017
2010-09-08,-0.0013083421950293463,-0.003999906250000031,-0.007499687500000006,-0.0028153936935000163
2010-09-09,0.017939473484080058,-0.008799546249999974,-0.017998199999999995,-0.006554405179999985
2010-09-10,-0.0009999200000000634,-0.0031999400000000083,-0.005999799999999964,-0.0021124338200000066
2010-09-13,0.0005000562500000316,0.005600183749999994,0.009000449999999946,0.003637148280499999
2010-09-14,0.0009413490309006573,0.004800134999999999,0.0060002000000000675,0.0027960870765000013
2010-09-15,0.0,-0.004799864999999999,-0.010499387499999988,-0.00351277652499999
2010-09-16,0.0,-0.0023999662499999855,-0.008999550000000049,-0.002434891169500005
2010-09-17,0.0,0.0016000149999999902,0.0015000124999999388,0.0010305144799999898
2010-09-20,0.0,0.0024000337499999855,0.004500112500000129,0.0017425398255000155
2010-09-21,-5.199292534040525e-05,0.00880045375000003,0.012000799999999928,0.004974308374999986
2010-09-22,4.301394004122072e-05,0.004000093749999976,0.009000449999999946,0.0025301128069999935
2010-09-23,-5.5889999184675686e-05,0.0,0.0,0.00015900245150000602
2010-09-24,0.0004841301641830099,-0.004799864999999999,-0.010499387499999988,-0.003221337298000003
2010-09-27,-5.199292534040525e-05,0.006400240000000017,0.015001250000000013,0.004855354455499997
2010-09-28,-5.124791725584133e-05,0.004800134999999999,0.007500312500000007,0.0029090977015000068
2010-09-29,2.1903897663439685e-05,-0.0031999400000000083,-0.004499887499999921,-0.0020934515949999942
2010-09-30,-1.4506914732910599e-05,-0.0007999962499999952,0.0,8.700105150000108e-05
2010-10-01,3.9425862997990584e-05,-0.0007999962499999952,-0.002999950000000086,-0.0006364852200000063
2010-10-04,9.878263764480933e-05,0.0032000599999999807,0.0015000125000000429,0.000905512054500001
2010-10-05,4.245007289870024e-06,0.0,-0.0029999499999999817,-0.0005529720180000002
2010-10-06,0.0003645180571926299,0.007200303750000012,0.010500612499999989,0.003914213782000012
2010-10-07,1.2760885446814854e-05,0.0,-0.005999799999999964,-0.0013214224700000116
2010-10-08,4.8872701145619234e-05,0.0,-0.001499987500000043,-0.0005084771029999948
2010-10-11,0.0,0.0,0.0,0.0
2010-10-12,-0.000176848664467562,-0.0023999662499999855,-0.007499687500000006,-0.0024274057479999984
2010-10-13,-0.0009737313648829241,-0.0015999850000000182,-0.005999799999999964,-0.0014754421684999935
2010-10-14,0.0008764520527814113,-0.004799864999999999,-0.008999550000000049,-0.003473319548000017
2010-10-15,-0.0019841353662566103,-0.0055998162499999934,-0.011999200000000031,-0.003514785174999999
2010-10-18,0.00014933252385266552,0.005600183749999994,0.007500312500000111,0.0030871222320000094
2010-10-19,0.00017304092338345787,0.0016000149999999902,0.006000199999999963,0.0016760438554999993
2010-10-20,7.347014030612585e-05,-0.0007999962499999674,0.0,0.00021500292649999532
2010-10-21,-0.0005858595103074773,-0.004799864999999999,-0.008999550000000049,-0.0031703502979999994
2010-10-22,0.0001169569953110049,-0.0015999850000000182,0.0,-0.0002444934199999923
2010-10-25,-8.130606409702159e-05,0.0,0.004500112500000025,0.0007685330204999891
2010-10-26,-4.750996575500776e-05,-0.006399759999999989,-0.014998750000000014,-0.004974643374999995
2010-10-27,6.021566377419935e-06,-0.0063997600000000165,-0.008999550000000049,-0.003685828225000001
2010-10-28,-5.1186924796120285e-05,0.004800134999999999,0.003000049999999982,0.002305557525499991
2010-10-29,4.146811794258345e-05,0.004800134999999999,0.00900045000000005,0.0035521598819999974
2010-11-01,-9.517370435717062e-05,-0.0023999662500000132,-0.0029999499999999817,-0.0009724823479999827
2010-11-02,0.007152385919992427,0.0024000337500000133,0.012000800000000032,0.003289229949999993
2010-11-03,-0.006287824343621459,-0.0031999399999999806,-0.01949788750000004,-0.005111203649999997
2010-11-04,-0.0013648051184651528,0.011200734999999988,0.01350101249999997,0.004659770356499999
2010-11-05,0.004474643736090208,-0.0039999062500000035,-0.010499387499999988,-0.003824274843500005
2010-11-08,2.200646219212607e-05,-0.0015999850000000182,-0.001499987500000043,-0.0007769924750000047
2010-11-09,-0.0009998889515428935,-0.009599459999999997,-0.019497887499999936,-0.007243288879999999
2010-11-10,-0.00032388882462686537,0.005600183750000022,0.0,0.0012910319500000014
2010-11-11,0.0,0.0,0.0,0.0
2010-11-12,0.0006939969264179099,-0.008799546250000002,-0.007499687500000006,-0.0036673527534999925
2010-11-15,0.000873443122662579,-0.012799040000000006,-0.019497887499999936,-0.0077487605234999955
2010-11-16,0.0,0.005600183749999994,0.01650151249999995,0.004992996470499995
2010-11-17,-5.918568530668128e-05,-0.0031999400000000083,-0.007499687500000006,-0.0021719042445000033
2010-11-18,0.001940936923736521,-0.0007999962499999674,0.0,-5.6486424499999945e-05
2010-11-19,-5.39642040859526e-05,0.0016000149999999902,0.006000199999999963,0.0013910586804999905
2010-11-22,0.0012778118248701173,0.006400240000000017,0.00900045000000005,0.0037661580070000116
2010-11-23,0.003941574956368371,0.0024000337499999855,0.004500112500000025,0.0016090285000000116
2010-11-24,-0.0004998637500000496,-0.012799040000000034,-0.020997549999999976,-0.007780788329500013
2010-11-25,-5.846813012164204e-05,0.0,0.0,0.0
2010-11-26,0.01589673441692476,0.0048001350000000265,0.012000799999999928,0.0037132412015000033
2010-11-29,-0.0020935977099236693,0.0024000337500000133,0.007500312500000007,0.0022080923520000025
2010-11-30,-0.0006430341244811875,0.0024000337499999855,0.004500112500000025,0.0021290571304999955
2010-12-01,-0.005045247538470223,-0.012799040000000006,-0.02249718750000002,-0.008218188793000002
2010-12-02,-0.000752840177680941,-0.0031999399999999806,-0.0029999499999999817,-0.001742462843499987
2010-12-03,-0.001107226489231202,-0.0015999849999999904,-0.005999799999999964,-0.0012144172780000078
2010-12-06,0.0028980788084446577,0.006400239999999962,0.010500612499999989,0.004517736800499992
2010-12-07,-0.006897801558410549,-0.015998499999999985,-0.025496387500000106,-0.010054338579499989
2010-12-08,-0.002785281367264291,-0.008799546249999974,-0.010499387499999884,-0.004845256978000009
2010-12-09,0.0008006592410160402,0.0024000337499999577,0.0045001124999999205,0.0012855519754999978
2010-12-10,-0.0012189484539891324,-0.0071996962499999845,-0.005999800000000068,-0.002671917419500004
2010-12-13,0.0011094884151064007,0.0024000337500000133,0.0060002000000000675,0.002506075078500019
2010-12-14,-0.004109277822066342,-0.015998500000000013,-0.025496387500000002,-0.009474352543500018
2010-12-15,-0.000906848692602025,-0.0031999399999999806,-0.007499687500000006,-0.0025404014744999856
2010-12-16,0.0007232181186224278,0.004800134999999971,0.007500312500000007,0.00240406845699998
2010-12-17,0.0031458625095663406,0.011200734999999988,0.019502112499999932,0.007691405708500002
2010-12-20,-0.0006772780707908299,-0.0023999662499999577,-0.0029999499999998776,-0.001500468618999989
2010-12-21,8.035703125000022e-05,0.0008000037499999674,0.0,9.700067499999816e-05
2010-12-22,-0.0004362258199184049,-0.0007999962499999674,-0.002999950000000086,-0.0010229886735000113
2010-12-23,-0.0012930457939752996,-0.0039999062500000035,-0.004499887499999921,-0.002102954798499974
2010-12-24,0.0,0.0,0.0,0.0
2010-12-27,0.00044065625993755747,0.004000093750000004,0.009000449999999946,0.0024526148379999946
2010-12-28,0.0012372203991797132,-0.011199265000000043,-0.019497887499999936,-0.006739890266500006
2010-12-29,-0.00025644854175042495,0.01200084375000001,0.021002449999999874,0.00778523583349999
2010-12-30,-0.00024801353897646464,-0.0023999662499999577,-0.0029999499999998776,-0.0012149809694999817
2010-12-31,-0.0009576438563072334,0.006400239999999962,0.012000800000000032,0.004405296876499998
2011-01-03,-0.0001427819845383165,-0.004799864999999971,-0.007499687500000006,-0.002495396795499987
2011-01-04,-0.0003328624681122515,0.0,-0.004499887500000025,-0.0013319313195000167
2011-01-05,-0.002720447327806127,-0.011199265000000043,-0.01949788750000004,-0.007218868930000004
2011-01-06,0.0007529823863029134,0.0048001350000000265,0.004500112500000025,0.002128046457000006
2011-01-07,-0.0010155159235456324,0.008000375000000007,0.009000449999999946,0.004366192755499981
2011-01-10,0.0006447004107143065,0.0016000149999999902,0.003000049999999982,0.0011395139505000187
2011-01-11,-0.0012463409138842626,-0.0039999062500000035,-0.004499887499999921,-0.0019064607935000068
2011-01-12,2.190001988589234e-05,-0.0023999662500000132,-0.002999950000000086,-0.001240970978499998
2011-01-13,0.00098726036989796,0.0048001350000000265,0.0060002000000000675,0.002239055650000008
2011-01-14,-0.0006828922016292148,-0.0007999962500000229,-0.004499887499999921,-0.0012914673950000003
2011-01-17,0.0,0.0,0.0,0.0
2011-01-18,-0.00088295219271088,-0.0031999399999999806,-0.005999800000000068,-0.0018739496179999942
2011-01-19,0.001778904427545279,0.0016000149999999902,0.0060002000000000675,0.0015565426799999966
2011-01-20,0.0033374371546489013,-0.007999625000000007,-0.013498987500000075,-0.005121698800000006
2011-01-21,-0.00013813217276663643,0.0024000337500000133,0.004500112500000025,0.0017180392749999937
2011-01-24,-8.945617256099519e-05,0.0008000037499999674,0.003000049999999982,0.0008465148315000073
2011-01-25,-0.0034288451785714083,0.006400240000000017,0.012000799999999928,0.004249736254999978
2011-01-26,0.00484211381331109,-0.007999625000000007,-0.016498487499999954,-0.005595517224999976
2011-01-27,-0.0005163876890890361,0.0024000337500000133,0.004500112500000025,0.0015925284719999874
2011-01-28,-0.0007784055568954179,0.0048001350000000265,0.007500312500000007,0.0030756049110000116
2011-01-31,0.0007694444108825223,-0.004799865000000026,-0.010499387499999988,-0.0031298616240000013
2011-02-01,-5.60351542689137e-05,-0.004799864999999971,-0.005999800000000068,-0.0029214079435000003
2011-02-02,-0.0014642441081352334,-0.003199940000000036,-0.0029999499999998776,-0.0020259622694999884
2011-02-03,-7.645734314010586e-05,-0.004799864999999971,-0.005999800000000068,-0.002801420993000007
2011-02-04,0.00014446322022936936,-0.007999625000000007,-0.011999200000000031,-0.004454270429500011
2011-02-07,1.2346237037036887e-05,0.0,0.0015000125000000429,0.0002345121255000032
2011-02-08,-5.000327837694125e-05,-0.0055998162499999934,-0.008999549999999945,-0.003933340849499984
2011-02-09,-4.31097448193993e-05,0.008000375000000007,0.010500612499999885,0.003818172955499977
2011-02-10,0.00015307662223464012,-0.003999906250000059,-0.008999549999999945,-0.0029438956669999945
2011-02-11,-0.0002489529127194877,0.0048001350000000265,0.009000449999999946,0.0025801006249999933
2011-02-14,4.430379379916094e-05,0.0016000149999999902,0.004500112500000025,0.0014465492520000082
2011-02-15,-3.932891596699091e-05,0.0008000037500000229,0.0015000124999999388,0.000690005024999991
2011-02-16,2.3050951103534866e-05,-0.0007999962500000229,-0.001499987499999939,-0.0006279952429999907
2011-02-17,-0.00015688021812383023,0.0032000600000000362,0.003000049999999982,0.0017735283759999921
2011-02-18,-4.626955288584626e-05,-0.0007999962500000229,-0.0029999499999999817,-0.0011289584694999955
2011-02-21,0.0,0.0,0.0,0.0
2011-02-22,-3.680784861759656e-05,0.01040063375000002,0.016501512500000055,0.00652051362850001
2011-02-23,-5.1794281101145384e-05,-0.0023999662500000132,0.0015000124999999388,-0.0004344859450000014
2011-02-24,-7.46818752272729e-05,0.0024000337500000133,0.007500312500000007,0.0022560923554999905
2011-02-25,-5.954545455208416e-11,0.0032000599999999807,0.004500112500000025,0.0017535408800000043
2011-02-28,-0.00018045498954545456,0.0,0.0015000124999999388,0.0009750133279999914
2011-03-01,-0.00011483011184314847,0.0008000037500000229,0.0015000125000000429,0.0007295052814999991
2011-03-02,0.00022983642782779492,-0.0039999062500000035,-0.008999549999999945,-0.0031818551929999896
2011-03-03,-5.1757335727820455e-05,-0.009599459999999997,-0.014998750000000118,-0.006539015053499998
2011-03-04,-0.0002371817495977351,0.007200303749999984,0.00900045000000005,0.004302175170499998
2011-03-07,0.0002904558315327361,-0.0015999849999999904,-0.0029999499999999817,-0.0009519895445000012
2011-03-08,0.00024872646272727306,-0.0039999062500000035,-0.007499687500000006,-0.002669398495000006
2011-03-09,-0.0002388772960062361,0.006400240000000017,0.00900045000000005,0.0036676675520000146
2011-03-10,0.0,0.008800453749999975,0.015001249999999909,0.0053448319834999885
2011-03-11,0.0,-0.0023999662500000132,-0.005999799999999964,-0.0011494732685000046
2011-03-14,0.0,0.0032000600000000362,0.006000199999999963,0.0021625490970000093
2011-03-15,0.0,0.0024000337499999577,0.0060002000000000675,0.0018890806805000049
2011-03-16,0.0,0.00880045375000003,0.015001249999999909,0.00588841179499999
2011-03-17,0.0,-0.0023999662500000132,-0.005999799999999964,-0.002173435652999991
2011-03-18,-5.234299854557305e-05,-0.0023999662499999577,-0.0029999499999999817,-0.0013619801445
2011-03-21,-0.00015221442748071865,-0.004799865000000026,-0.004499887500000025,-0.002519440469500019
2011-03-22,0.0,0.0,0.0015000124999999388,8.100507500000149e-05
2011-03-23,0.0,-0.0015999849999999904,-0.001499987499999939,-0.0004079962679999922
2011-03-24,-5.230082274648319e-05,-0.004799865000000026,-0.007499687500000006,-0.003023900049000013
2011-03-25,-4.999998499999991e-05,-0.0031999399999999806,-0.004499887500000025,-0.0023079486184999906
2011-03-28,-5.230409444773982e-05,-0.0007999962500000229,0.0,-0.00046099704800000305
2011-03-29,0.0,-0.0023999662500000132,-0.004499887499999921,-0.0016219623929999952
2011-03-30,0.0,0.0024000337500000133,0.003000049999999982,0.001538525480000012
2011-03-31,0.0,0.0,0.0,-0.00014549454950000922
2011-04-01,-5.28276280211493e-05,0.0008000037500000229,0.003000050000000086,0.0009695258780000002
2011-04-04,-0.0002850004500000003,0.0008000037499999674,0.0,0.0005920109515000042
2011-04-05,0.0005166848133528601,-0.0039999062500000035,-0.004499887500000025,-0.0024824458885
2011-04-06,0.0,-0.004799864999999971,-0.010499387500000092,-0.0035018068930000035
2011-04-07,0.0,-0.0015999849999999904,-0.005999799999999964,-0.0013219192219999973
2011-04-08,0.0,-0.0007999962500000229,0.0,-0.00041099767500000296
2011-04-11,-5.332411153755772e-05,0.0,-0.001499987499999939,-0.00034399611949998435
2011-04-12,-0.00024335425985547735,0.005600183749999994,0.010500612499999989,0.0041301930464999895
2011-04-13,0.0,0.0024000337500000133,0.003000049999999982,0.0015580320805000047
2011-04-14,0.0,-0.0015999849999999904,0.0015000124999999388,-8.485173500007073e-06
2011-04-15,0.0,0.006400239999999962,0.010500612499999989,0.004040690756499999
2011-04-18,0.0,0.0024000337500000133,0.004500112500000129,0.0017660322515000008
2011-04-19,0.0,0.0008000037500000229,0.003000049999999878,0.000889514675500001
2011-04-20,0.0,-0.003199940000000036,-0.005999799999999964,-0.002425927049999995
2011-04-21,0.0,0.0008000037500000229,0.0,0.00030350147999999946
2011-04-22,0.0,0.0,0.0,0.0
2011-04-25,0.0,0.0024000337500000133,0.003000050000000086,0.0011975151270000035
2011-04-26,0.0,0.004000093750000004,0.009000449999999946,0.0033936742815000092
2011-04-27,0.0,-0.0039999062500000035,-0.007499687500000006,-0.002578376224500024
2011-04-28,0.0,0.004000093750000004,0.004500112500000025,0.00224655303350002
2011-04-29,0.0,0.0016000149999999902,0.0045001124999999205,0.0014075251314999745
2011-05-02,0.0,0.0008000037500000229,0.0015000125000000429,0.0006775107520000178
2011-05-03,0.0,0.0024000337500000133,0.0045001124999999205,0.0012430245484999925
2011-05-04,0.0,0.0024000337499999577,0.004500112500000025,0.0015855371110000019
2011-05-05,0.0,0.005600183749999994,0.012000800000000032,0.004019226330500002
2011-05-06,0.0,-0.0007999962499999674,-0.004499887500000025,-0.001020967905000004
2011-05-09,0.0,0.0016000149999999902,0.0,0.0003420071055000091
2011-05-10,0.0,-0.004799865000000026,-0.005999799999999964,-0.002864912105000008
2011-05-11,0.0,0.0032000600000000362,0.004500112500000025,0.002050545780000007
2011-05-12,0.0,-0.0023999662500000132,-0.004499887500000025,-0.002235401624500011
2011-05-13,0.0,0.0032000599999999807,0.006000199999999963,0.002278085606999996
2011-05-16,0.0,0.0024000337500000133,0.006000199999999963,0.0021080632069999917
2011-05-17,0.0,0.0024000337499999855,0.007500312500000111,0.0023375942550000087
2011-05-18,0.0,-0.004799864999999999,-0.008999550000000049,-0.003490344247999995
2011-05-19,0.0,0.0008000037500000229,-0.001499987499999939,-5.499494399998374e-05
2011-05-20,0.0,0.0016000149999999902,0.0015000124999999388,0.0006945061049999923
2011-05-23,0.0,0.0016000149999999902,0.004500112500000025,0.0014915355955000028
2011-05-24,0.0,0.0008000037499999951,0.0015000125000000429,0.00036200402649999585
2011-05-25,0.0,-0.0007999962499999952,-0.004499887500000129,-0.0008429792035000239
2011-05-26,0.0,0.0048001350000000265,0.00900045000000005,0.0035186392505000114
2011-05-27,-5.257285555120809e-05,0.0,-0.001499987499999939,-0.00019399594849998673
2011-05-30,0.0,0.0,0.0,0.0
2011-05-31,-4.999998499999991e-05,0.0016000149999999902,0.0045001124999999205,0.0013695242020000027
2011-06-01,-2.597970602386504e-06,0.007200303749999984,0.012000800000000032,0.00439874812699999
2011-06-02,-5.257870461940182e-05,-0.006399759999999989,-0.01349898749999997,-0.004719637694499998
2011-06-03,-2.5786896194017936e-06,0.004000093749999976,0.003000049999999982,0.0020465465315000135
2011-06-06,0.0,-0.0015999849999999627,-0.0029999499999999817,-0.0011154729495000137
2011-06-07,0.0,0.0,-0.0029999499999999817,-0.0005879854734999821
2011-06-08,-5.257870461940182e-05,0.0024000337499999855,0.009000449999999946,0.0033296721754999766
2011-06-09,-2.5979706023863955e-06,-0.0023999662499999855,-0.004499887500000025,-0.0020359586179999824
2011-06-10,-5.6286700157479794e-05,0.0016000149999999625,0.0060002000000000675,0.0018640591999999991
2011-06-13,0.00021390235794466544,-0.0007999962499999674,-0.002999950000000086,-0.0009534845185000182
2011-06-14,0.0,-0.008799546250000002,-0.016498487499999954,-0.005995032944999984
2011-06-15,-5.6623180914313664e-05,0.010400633749999992,0.01650151249999995,0.006918572899999975
2011-06-16,-5.6475671550804464e-05,0.004000093749999976,0.007500312500000111,0.0021425656050000244
2011-06-17,0.0,-0.0007999962499999674,-0.0029999499999999817,-0.001069974018000012
2011-06-20,-5.304719928789426e-05,-0.0023999662500000132,-0.001499987500000043,-0.0006109939695000044
2011-06-21,8.196490878940013e-05,-0.0015999850000000182,-0.004499887500000025,-0.0012869766999999903
2011-06-22,-0.0003230368538428706,-0.0015999849999999627,-0.001499987500000043,-0.0006074938779999916
2011-06-23,-0.0008130974685592149,0.006400239999999962,0.010500612500000093,0.004016178711499994
2011-06-24,-5.627320550792279e-05,0.004000093750000031,0.0015000124999999388,0.0014050279804999981
2011-06-27,0.0018899755000000029,-0.005599816250000021,-0.016498487499999954,-0.005427540516500006
2011-06-28,0.002969939499999999,-0.007999624999999979,-0.010499387499999988,-0.0048517654529999866
2011-06-29,0.0009709971480429405,-0.00719969625000004,-0.010499387500000092,-0.004080291304500004
2011-06-30,5.0000015000000024e-05,-0.0031999399999999806,-0.001499987499999939,-0.0009274775980000023
2011-07-01,-5.237532830519042e-05,-0.0031999399999999806,-0.004499887500000025,-0.0018029667195000108
2011-07-04,0.0,0.0,0.0,0.0
2011-07-05,-5.658596993615974e-05,0.004800134999999971,0.004500112500000025,0.0024195580110000186
2011-07-06,-0.0005965879699361612,0.0032000600000000085,0.006000199999999963,0.002294569856499993
2011-07-07,0.0,-0.003999906249999976,-0.004499887500000025,-0.0023874472415000105
2011-07-08,0.0,0.011200735000000015,0.016501512500000055,0.007069053995000021
2011-07-11,0.0,0.007200303749999984,0.01350101249999997,0.004666274399999979
2011-07-12,0.0,0.0016000149999999902,0.003000050000000086,0.0008915102049999992
2011-07-13,0.0,0.0,0.0015000124999999388,0.0008250117280000069
2011-07-14,0.0,-0.004799864999999999,-0.010499387499999988,-0.003888267820000006
2011-07-15,0.0,0.0032000600000000085,0.0,0.0007785178255000117
2011-07-18,0.0,0.0,-0.004499887500000025,-0.0009479681485000058
2011-07-19,0.0,0.0024000337499999855,0.013501012500000074,0.0035628300219999937
2011-07-20,-5.715817063080093e-05,-0.0039999062500000035,-0.008999550000000049,-0.003056356902999998
2011-07-21,0.0012928190269652644,-0.005599816249999966,-0.008999550000000049,-0.003627833838999994
2011-07-22,-5.7179842703216964e-05,0.003200059999999953,0.007500312500000007,0.0025340986749999976
2011-07-25,0.0007527793066594855,-0.003199939999999953,-0.007499687500000006,-0.0024679034234999972
2011-07-26,0.0,0.003200059999999953,0.0060002000000000675,0.002027552333499992
2011-07-27,0.0,-0.0015999849999999627,-0.001499987500000043,-0.0011174883729999914
2011-07-28,0.0,0.0024000337499999855,0.003000049999999982,0.0015585320769999998
2011-07-29,-5.775412228620226e-05,0.012800960000000005,0.02400320000000006,0.008745967523000001
2011-08-01,0.0,0.004000093750000004,0.007500312499999903,0.0024781017199999927
2011-08-02,-0.001407548243452278,0.008800453749999975,0.019502112500000036,0.0070152369964999964
2011-08-03,0.0,0.001600015000000018,0.0060002000000000675,0.0014605582505000036
2011-08-04,0.0,0.013601083749999974,0.02700404999999994,0.00981540854349999
2011-08-05,0.0,-0.008799546249999974,-0.017998199999999995,-0.006521396194499982
2011-08-08,0.0,0.014401214999999997,0.027004050000000043,0.008569543943999999
2011-08-09,0.0,0.016001499999999988,0.021002449999999978,0.008852386708499997
2011-08-10,0.0,0.0024000337500000133,0.01350101249999997,0.0019836143704999964
2011-08-11,0.0,-0.013598916249999973,-0.03899154999999997,-0.012117234413499989
2011-08-12,0.0,0.008000374999999952,0.015001249999999909,0.005162410456999974
2011-08-15,0.0,-0.003999906249999976,-0.007499687499999902,-0.0021834341684999767
2011-08-16,0.0,0.004800134999999999,0.009000449999999946,0.003543712676999998
2011-08-17,0.0,0.004800134999999999,0.01350101249999997,0.004365349003499998
2011-08-18,0.0,0.007200303750000012,0.018001800000000047,0.005326540546499991
2011-08-19,0.0,0.0008000037499999951,0.007500312500000007,0.0020056126770000068
2011-08-22,0.0,-0.0023999662500000132,-0.004499887499999973,-0.0018229589695000002
2011-08-23,0.0,-0.003999906249999976,-0.008999550000000049,-0.0025673871700000036
2011-08-24,0.0,-0.011199265000000016,-0.025496387500000002,-0.008173943869499998
2011-08-25,0.0,0.004800134999999999,0.00900045000000005,0.002748091331999995
2011-08-26,-5.350839724434184e-05,0.0032000600000000085,0.006000199999999963,0.0027686155315000058
2011-08-29,9.633936685024888e-05,-0.0071996962499999845,-0.01349898749999997,-0.004662168385999992
2011-08-30,0.0,0.007200303749999984,0.01500124999999996,0.004997898100499996
2011-08-31,0.0,-0.0031999400000000083,-0.010499387499999936,-0.0031198183945000076
2011-09-01,0.0,0.006400240000000017,0.01350101249999997,0.004566323250000008
2011-09-02,0.0,0.010400633749999992,0.02700404999999999,0.008055295749999997
2011-09-05,0.0,0.0,0.0,0.0
2011-09-06,0.0,0.0032000600000000085,0.009000449999999998,0.002425632301000008
2011-09-07,0.0,-0.0055998162499999934,-0.014998750000000014,-0.004552623928500003
2011-09-08,0.0,0.004000093749999976,0.006000200000000015,0.002276571131499994
2011-09-09,0.0,0.005600183750000022,0.009000449999999998,0.003521161836500008
2011-09-12,0.0,-0.0007999962500000229,0.003000050000000034,-7.79763250000137e-05
2011-09-13,0.0,-0.004799864999999999,-0.011999200000000031,-0.0036082583949999933
2011-09-14,0.0,-0.0023999662499999855,0.0,-0.00046049398899999873
2011-09-15,0.0,-0.004799864999999999,-0.007499687500000006,-0.0026274090449999966
2011-09-16,0.0,0.0008000037499999951,0.0015000124999999908,0.0008595114064999975
2011-09-19,0.0,0.008800453750000003,0.018001800000000047,0.006249082911000004
2011-09-20,0.0,0.0016000149999999902,0.003000049999999982,0.0008545158814999943
2011-09-21,0.0,0.005600183750000022,0.019502112499999984,0.005694885721500007
2011-09-22,0.0,0.012800959999999978,0.03150551250000001,0.010697096506999997
2011-09-23,-5.369659078442492e-05,-0.009599459999999997,-0.016498487500000006,-0.006073982098000008
2011-09-26,4.999998499999998e-05,-0.0055998162499999934,-0.014998750000000014,-0.004664122098000001
2011-09-27,-3.67821975329421e-06,-0.007199696250000012,-0.014998750000000014,-0.004824144397999999
2011-09-28,0.0,-0.0023999662499999855,-0.004499887499999973,-0.0012994755294999925
2011-09-29,0.0,0.0032000599999999807,0.009000449999999998,0.0027666623315000024
2011-09-30,0.0,0.005600183750000022,0.01500124999999996,0.005099529921499997
2011-10-03,0.0,0.00960053999999997,0.022502812500000073,0.0071443093550000005
2011-10-04,0.0,-0.0007999962499999952,-0.0029999500000000338,-0.0008619902635000027
2011-10-05,0.0,-0.008799546249999974,-0.013498987500000023,-0.005183600917999999
2011-10-06,0.0,-0.0071996962499999845,-0.01349898749999997,-0.004674671119499999
2011-10-07,0.0,-0.00719969625000004,-0.010499387499999988,-0.003992802178500003
2011-10-10,0.0,0.0,0.0,0.0
2011-10-11,0.0,-0.006399759999999989,-0.013498987500000023,-0.004654676067999996
2011-10-12,0.0,-0.004799865000000026,-0.010499387499999988,-0.0034352762534999998
2011-10-13,0.0,0.004000093750000031,0.006000200000000015,0.0024470759714999993
2011-10-14,0.0,-0.0055998162499999934,-0.01049938750000004,-0.0032628063235000024
2011-10-17,0.0,0.006400239999999989,0.013501012500000022,0.004381817806999998
2011-10-18,0.0,-0.0007999962499999952,-0.004499887500000025,-0.0012009519734999957
2011-10-19,0.0,0.0008000037499999951,0.0015000125000000429,0.00048800308200000096
2011-10-20,0.0,-0.0015999850000000182,-0.0029999500000000338,-0.001083483095
2011-10-21,0.0,-0.0023999662499999855,-0.008999549999999997,-0.0027373402479999977
2011-10-24,0.0,-0.0015999849999999904,-0.0029999499999999817,-0.0010204870935000038
2011-10-25,0.0,0.008800453749999975,0.021002449999999978,0.006988265200499994
2011-10-26,0.0,-0.0071996962499999845,-0.013498987500000023,-0.004918162354499996
2011-10-27,0.0,-0.015198646249999991,-0.0344933875,-0.011196445893500006
2011-10-28,0.0,0.006400240000000017,0.013501012500000074,0.004815332532000021
2011-10-31,0.0,0.013601083749999974,0.030004999999999924,0.010290094754999979
2011-11-01,-5.61667907301614e-05,0.012800960000000033,0.02400320000000001,0.008404614956500005
2011-11-02,-0.0004500012500000051,-0.0015999850000000182,-0.0029999499999999817,-0.0011019570784999882
2011-11-03,0.0008347119406360982,-0.004799864999999999,-0.011999200000000031,-0.0034897919250000088
2011-11-04,0.0004177437935983211,0.0024000337499999855,0.003000050000000034,0.0011560140765000087
2011-11-07,0.0007212619406515037,0.0016000149999999902,0.006000200000000015,0.0015550580214999954
2011-11-08,0.0012561210015558635,-0.004799864999999999,-0.010499387499999988,-0.0037132710935000026
2011-11-09,-9.067247963653015e-05,0.008000375000000007,0.01650151249999995,0.005255434201500003
2011-11-10,0.002365862966767395,-0.0031999400000000083,-0.010499387499999936,-0.0035297463485000043
2011-11-11,0.0,0.0,0.0,0.0
2011-11-14,-2.6468337919678233e-06,0.0,0.0045001124999999725,0.0009205319065000069
2011-11-15,0.0,-0.0015999849999999904,-0.0029999500000000338,-0.0009609896785000088
2011-11-16,0.0,0.004000093750000031,0.009000449999999998,0.002688115351500005
2011-11-17,-5.1772091234118416e-05,0.004000093749999976,0.010500612499999989,0.003115183430499995
2011-11-18,-0.00023176170590083112,-0.003999906249999976,-0.004499887499999973,-0.0018874610295000003
2011-11-21,0.0,0.0032000599999999807,0.006000200000000015,0.0018880490820000037
2011-11-22,0.0,0.0024000337499999855,0.007500312499999955,0.0022610931014999947
2011-11-23,0.0,0.004000093750000004,0.01050061250000004,0.0036237576050000067
2011-11-24,0.0,0.0,0.0,0.0
2011-11-25,0.0,-0.006399759999999989,-0.013498987500000023,-0.004726135443500003
2011-11-28,0.0,0.0,-0.001499987499999991,-0.00011049547450000508
2011-11-29,0.0,-0.0023999662500000132,-0.004499887500000025,-0.001669960938500001
2011-11-30,0.0,-0.006399759999999989,-0.016498487499999954,-0.004709092827999996
2011-12-01,0.0,-0.0023999662499999855,-0.007499687500000006,-0.0023898832484999986
2011-12-02,0.0,0.004800134999999999,0.01200079999999998,0.004159787277000008
2011-12-05,0.0,0.0008000037499999674,0.0015000124999999908,0.0003390041569999872
2011-12-06,-6.720189189437496e-05,-0.0031999399999999806,-0.001499987499999991,-0.0020868801984999874
2011-12-07,-6.720189189437496e-05,0.004800134999999999,0.0,0.002222582251999993
2011-12-08,0.0,0.0024000337499999855,0.006000199999999963,0.0021650662819999974
2011-12-09,0.0,-0.006399759999999989,-0.01349898749999997,-0.004627137393499998
2011-12-12,0.0,0.0032000600000000085,0.006000200000000015,0.0019965646799999987
2011-12-13,0.0,0.005600183749999994,0.01350101249999997,0.0039227698065
2011-12-14,0.0,0.0032000600000000085,0.01050061250000004,0.002799678606500003
2011-12-15,0.0,0.0,-0.001499987500000043,-0.0003924964245000032
2011-12-16,0.0,0.004800134999999971,0.00900045000000005,0.0032816510315000014
2011-12-19,0.0,0.0032000600000000085,0.009000449999999998,0.0026696623254999995
2011-12-20,0.0,-0.009599459999999997,-0.019497887499999988,-0.006663770470000002
2011-12-21,0.0,-0.0031999399999999806,-0.008999549999999997,-0.0031373318449999894
2011-12-22,-5.227820261528883e-05,0.0008000037499999951,0.0,0.00032950290649999114
2011-12-23,-2.2782176152888066e-06,-0.004799864999999999,-0.008999550000000049,-0.0033348470984999974
2011-12-26,0.0,0.0,0.0,0.0
2011-12-27,0.0,0.0008000037499999951,0.0015000124999999908,0.000426504106499998
2011-12-28,0.0,0.007200303750000012,0.019502112500000036,0.006116139952000002
2011-12-29,0.0,0.0016000149999999902,0.0015000124999999908,0.000845508206500004
2011-12-30,0.0,0.0016000149999999902,0.0015000125000000429,0.0011150116264999944
2012-01-02,0.0,0.0,0.0,0.0
2012-01-03,0.0,-0.006399759999999989,-0.014998750000000014,-0.004725655249999995
2012-01-04,0.0,-0.0023999662500000132,-0.005999800000000016,-0.0019279193749999971
2012-01-05,0.0,-0.0015999849999999904,-0.004499887500000025,-0.001196466768500012
2012-01-06,0.0,0.0032000600000000085,0.006000199999999963,0.0020325646360000007
2012-01-09,-5.930706553788861e-05,0.0,0.0,0.00015500058049999942
2012-01-10,0.0011806697666350073,-0.0015999850000000182,-0.001499987499999939,-0.0008184870744999933
2012-01-11,-5.942649229894913e-05,0.005600183750000022,0.01200079999999998,0.004055255849999997
2012-01-12,0.0018005380722650648,-0.0007999962500000229,-0.0029999499999999817,-0.0008544896979999992
2012-01-13,0.0,0.004000093750000004,0.009000449999999998,0.0029906431549999997
2012-01-16,0.0,0.0,0.0,0.0
2012-01-17,0.0,0.0016000149999999902,0.003000050000000034,0.0010385161299999994
2012-01-18,0.0,-0.003999906249999976,-0.008999550000000049,-0.0031338317984999997
2012-01-19,0.0,-0.0071996962499999845,-0.013498987500000023,-0.0047206646229999965
2012-01-20,0.0,-0.0031999400000000083,-0.008999549999999945,-0.002701886949999996
2012-01-23,0.0,-0.0031999400000000083,-0.005999800000000016,-0.0022919135945000044
2012-01-24,0.0,0.0008000037499999951,0.0,0.00028500150000000045
2012-01-25,0.0,0.005600183750000022,0.006000200000000015,0.0027840820750000017
2012-01-26,0.0,0.004000093749999976,0.006000199999999963,0.002225560176999997
2012-01-27,0.0,0.0024000337500000133,0.004500112500000025,0.0015365374505000075
2012-01-30,0.0,0.004800134999999971,0.010500612499999989,0.0034977229004999866
2012-01-31,0.0,0.0032000600000000085,0.007500312500000007,0.0023610960805000095
2012-02-01,0.0,-0.0031999400000000083,-0.008999549999999997,-0.002900836523499999
2012-02-02,-5.725640181023892e-05,0.0008000037499999951,0.0015000124999999908,0.000379502658499998
2012-02-03,0.006142176308468278,-0.008799546249999974,-0.017998199999999995,-0.006068421800000004
2012-02-06,0.0,0.0032000600000000085,0.007500312500000007,0.0023550961000000036
2012-02-07,0.0,-0.005599816250000021,-0.010499387499999988,-0.0036178233735000066
2012-02-08,0.0,-0.0007999962499999674,0.0,-0.00012799951949999674
2012-02-09,0.0,-0.002399966250000041,-0.007499687500000058,-0.0027038783235000035
2012-02-10,0.0,0.006400240000000017,0.012000800000000032,0.004353300600000007
2012-02-13,0.0,-0.0023999662500000132,-0.004499887499999973,-0.001876958617000007
2012-02-14,0.0,0.005600183750000022,0.012000799999999928,0.0038762525219999977
2012-02-15,0.0,-0.0007999962499999952,-0.0029999499999999817,-0.0009134741684999871
2012-02-16,0.0,-0.004799865000000026,-0.008999549999999945,-0.0031798689195000106
2012-02-17,0.0,-0.0015999849999999627,-0.0029999499999999817,-0.0010359834694999928
2012-02-20,0.0,0.0,0.0,0.0
2012-02-21,0.0,-0.0031999400000000083,-0.005999800000000016,-0.002225932094499997
2012-02-22,0.0,0.0032000600000000085,0.007500312499999955,0.0027096039004999967
2012-02-23,0.0,0.0016000149999999625,0.003000050000000034,0.0008540158764999979
2012-02-24,0.0,0.0008000037500000229,0.003000049999999982,0.0008610259805000034
2012-02-27,0.0,0.004800134999999999,0.009000449999999998,0.0032806512069999986
2012-02-28,0.0,-0.0015999850000000182,-0.0029999499999999817,-0.0011534729679999957
2012-02-29,0.0,-0.0031999399999999806,-0.0029999500000000338,-0.0011849833965000061
2012-03-01,0.0,-0.0039999062500000035,-0.010499387499999936,-0.003249812999999993
2012-03-02,-5.768109320979105e-05,0.0032000599999999807,0.0045001124999999725,0.0022740647819999974
2012-03-05,0.0011823217370083784,-0.0007999962499999952,-0.001499987499999991,-0.0010094869185000026
2012-03-06,-5.766926299161426e-05,0.0032000600000000085,0.007500312499999955,0.002664101601499995
2012-03-07,0.0012399909999999926,-0.0015999849999999904,-0.004499887499999973,-0.0016924496434999978
2012-03-08,0.0024799639999999955,-0.0039999062500000035,-0.008999549999999997,-0.003017858724999999
2012-03-09,0.0012399910000000032,-0.0007999962500000229,-0.001499987500000043,-0.0006684948729999991
2012-03-12,0.0,0.0,0.0015000125000000429,0.00042301080600000256
2012-03-13,0.005579817749999999,-0.007999625000000007,-0.014998750000000014,-0.005133129979499998
2012-03-14,0.010480974231272004,-0.011999156249999983,-0.023996800000000013,-0.009027851169500011
2012-03-15,0.0,0.0,0.0,0.00077851142550001
2012-03-16,0.0,-0.0015999849999999904,0.0,-0.0004654959244999992
2012-03-19,0.0,-0.0063997600000000165,-0.008999550000000049,-0.003808303049500005
2012-03-20,0.0,0.0008000037500000229,0.0015000125000000429,0.0003785116550000053
2012-03-21,0.0,0.005600183749999994,0.010500612499999989,0.004115241680500001
2012-03-22,0.0,0.0016000149999999902,0.003000050000000034,0.0009905104719999957
2012-03-23,0.0,0.0032000600000000085,0.007500312499999955,0.002618121450000001
2012-03-26,0.0,-0.0007999962499999952,-0.001499987499999939,-0.0004854889480000046
2012-03-27,0.0,0.004800134999999971,0.006000199999999963,0.0026535817565000027
2012-03-28,0.0,-0.0007999962499999674,-0.001499987499999991,-0.0007819889499999938
2012-03-29,0.0,0.0024000337499999855,0.006000199999999963,0.0020560634769999893
2012-03-30,-5.191140890247666e-05,-0.0039999062500000035,-0.010499387499999936,-0.0034742805934999967
2012-04-02,-1.949923431593674e-06,0.0008000037499999951,0.0,0.00022600078199999895
2012-04-03,0.0,-0.006399759999999989,-0.010499387499999988,-0.00394081117849999
2012-04-04,0.0,0.004000093750000004,0.007500312499999955,0.002660588331499989
2012-04-05,0.0,0.004800134999999999,0.007500312500000007,0.0028631115500000032
2012-04-06,-5.913268703933925e-05,0.009600539999999998,0.018001799999999995,0.006560069825500008
2012-04-09,0.0,0.0008000037499999951,0.004500112500000025,0.001048032053499991
2012-04-10,-0.003100056249999992,0.004000093750000031,0.007500312500000007,0.002865106825000004
2012-04-11,0.0024799639999999955,-0.0031999400000000083,-0.007499687500000006,-0.0025464007435000015
2012-04-12,0.0018009519926067566,-0.0023999662500000132,-0.004499887500000025,-0.0017029471999999996
2012-04-13,0.0,0.004800134999999999,0.012000800000000032,0.0038747454314999943
2012-04-16,-5.468595040467127e-05,0.0016000149999999902,0.003000049999999982,0.0009900165820000007
2012-04-17,0.0008752973603826091,-0.0023999662499999855,-0.005999800000000016,-0.0017559532234999952
2012-04-18,0.0,0.0024000337499999855,0.004500112500000025,0.001360525225499998
2012-04-19,0.0,0.001600015000000018,0.003000049999999982,0.0008265094814999986
2012-04-20,0.0,-0.0007999962500000229,-0.001499987499999991,-0.0004349975430000012
2012-04-23,0.0,0.0024000337500000133,0.006000200000000015,0.002095564255000004
2012-04-24,0.0,-0.0031999400000000083,-0.005999800000000016,-0.0020849347930000047
2012-04-25,0.0,-0.0007999962499999674,-0.001499987499999991,-0.0008469778249999918
2012-04-26,0.0,0.0024000337499999855,0.003000049999999982,0.0011940194014999936
2012-04-27,0.0,0.0016000149999999902,0.0015000124999999908,0.0006745060314999977
2012-04-30,0.0,0.0008000037499999951,0.0,0.00013400068199999918
2012-05-01,0.0,-0.0023999662499999855,-0.004499887499999973,-0.001718947919499999
2012-05-02,0.0,0.0016000149999999902,0.006000199999999963,0.001986079155500004
2012-05-03,0.0,0.0,0.0,-0.0003189974445000054
2012-05-04,-5.239208596245245e-05,0.004000093750000004,0.007500312500000059,0.0028206074585000137
2012-05-07,-0.0004043547540312513,-0.0007999962499999952,0.0,-0.00019949926899999926
2012-05-08,0.0,0.0032000600000000085,0.006000199999999963,0.0020255645754999997
2012-05-09,0.0,0.0008000037499999674,0.0,8.000037499999673e-05
2012-05-10,0.0,-0.0015999849999999904,-0.001499987499999991,-0.001353459799500001
2012-05-11,0.0,0.004000093750000004,0.007500312500000007,0.0026051025249999964
2012-05-14,0.0,0.004800134999999999,0.009000449999999998,0.003045673004999998
2012-05-15,0.0,0.0016000149999999902,0.0045001124999999725,0.001402549150499999
2012-05-16,-5.782970482478495e-05,0.0,0.003000050000000034,0.0003710076055000093
2012-05-17,-0.0019178699272808845,0.004800134999999999,0.01350101249999997,0.004020342001499998
2012-05-18,-5.4128966008533806e-05,-0.0007999962499999952,-0.001499987499999991,-0.00031899804649999827
2012-05-21,0.000700911466004116,-0.0031999400000000083,-0.0029999499999999817,-0.0006879879429999992
2012-05-22,0.0012399910000000032,-0.0031999399999999806,-0.008999549999999997,-0.003078802975000003
2012-05-23,-0.0031541479742712825,0.004800134999999999,0.010500612499999989,0.0034976927814999977
2012-05-24,0.001279972875000002,-0.0031999400000000083,-0.007499687500000006,-0.0026038995180000025
2012-05-25,-0.0008490766080892924,0.0016000149999999902,0.003000050000000034,0.0009120109805000025
2012-05-28,0.0,0.0,0.0,0.0
2012-05-29,-5.401243392127052e-05,0.0008000037500000229,0.0,5.300042500000221e-05
2012-05-30,-0.0028701321249999957,0.008800453750000003,0.018001799999999995,0.006459140008499997
2012-05-31,-0.0005791521282552672,0.0032000599999999807,0.007500312499999955,0.0024315964815000016
2012-06-01,-0.006254444646892725,0.009600540000000012,0.02100245000000003,0.006788265786
2012-06-04,0.0022906297093105315,-0.0047998650000000125,-0.005999800000000016,-0.002489927293000005
2012-06-05,0.0018018298231594657,-0.0031999400000000083,-0.008999549999999997,-0.002783836673499999
2012-06-06,-5.7344624076483354e-05,-0.0071996962499999845,-0.016498487499999954,-0.005125078747999996
2012-06-07,-0.0006200022499999963,0.0,-0.001499987500000043,-0.0004659893735000022
2012-06-08,-0.0006736890858734622,0.0008000037499999951,-0.001499987499999991,-0.0004444887949999964
2012-06-11,-0.001023615265146165,0.004000093750000004,0.009000449999999998,0.0029146397064999992
2012-06-12,0.004339889750000006,-0.0055998162499999934,-0.01049938750000004,-0.003687822819500003
2012-06-13,-0.003773741053137435,0.004800134999999999,0.01050061250000004,0.0035186951549999964
2012-06-14,0.001104982250000004,-0.0023999662499999855,-0.004499887500000025,-0.0016574609744999982
2012-06-15,-0.0007537372325358399,0.0032000599999999807,0.004500112500000025,0.0019740450519999974
2012-06-18,-5.736782920426448e-05,0.0008000037499999951,0.003000050000000034,0.0009055258005000136
2012-06-19,-5.73327463262016e-05,-0.003999906249999976,-0.007499687500000058,-0.00266337577300001
2012-06-20,0.0018026098945078187,-0.0007999962500000229,-0.001499987499999939,-0.0004699926489999987
2012-06-21,-5.73586217434295e-05,0.001600015000000018,0.006000199999999963,0.0017435585315000008
2012-06-22,0.003042550495652504,-0.004799864999999999,-0.01049938750000004,-0.0033838081750000013
2012-06-25,0.0,0.004800134999999999,0.00900045000000005,0.003143647577000004
2012-06-26,-5.721759128035345e-05,-0.0023999662500000132,-0.004499887499999973,-0.0014439738784999961
2012-06-27,-0.0012400090000000033,0.0008000037499999951,0.003000049999999982,0.0007865090314999898
2012-06-28,-0.0025055881085580553,0.004000093750000004,0.006000200000000015,0.002072555430000013
2012-06-29,0.006570036043366142,-0.0055998162499999934,-0.014998750000000014,-0.004353167468500004
2012-07-02,0.0026321204489723115,0.004800134999999999,0.01200079999999998,0.003849718326999997
2012-07-03,0.0004745555247198239,-0.0031999400000000083,-0.008999549999999997,-0.002555388649500002
2012-07-04,-5.551576500684087e-05,0.0,0.0,0.0
2012-07-05,-0.0024193120411243225,0.0024000337499999855,0.003000050000000034,0.0012285196454999991
2012-07-06,-0.0014512323871134708,0.004000093750000004,0.009000449999999998,0.002990641205000001
2012-07-09,-0.0010844895096390305,0.0032000600000000085,0.006000199999999911,0.0019805642019999946
2012-07-10,-0.00035888228651830256,0.0,0.003000050000000034,0.0006680140515000009
2012-07-11,0.0002982094588398441,-0.0007999962499999952,0.0,-0.00016249922449999922
2012-07-12,-0.001948613497178078,0.0032000600000000085,0.006000200000000015,0.0016900467500000128
2012-07-13,0.0,-0.0015999850000000043,-0.0029999500000000338,-0.0006949909750000094
2012-07-16,0.0,0.001600015000000004,0.003000050000000034,0.0012420180215000007
2012-07-17,0.0,-0.0023999662500000132,-0.005999800000000016,-0.0016989548999999985
2012-07-18,0.0,0.000800003750000009,0.0015000125000000429,0.0005545034505000043
2012-07-19,-5.9153225893427994e-05,-0.0015999850000000043,-0.004499887500000077,-0.0012414767950000047
2012-07-20,-0.012060042863191438,0.004000093750000004,0.01050061250000004,0.0030871565500000036
2012-07-23,0.0,0.001600015000000004,0.003000050000000034,0.0012985282004999994
2012-07-24,0.0,0.0024000337499999994,0.006000200000000015,0.0019495805314999957
2012-07-25,-5.678761285055582e-05,0.0008000037499999951,0.0,0.0003395027565000045
2012-07-26,0.0014431132537239112,-0.0015999849999999904,-0.0029999500000000338,-0.0014519702430000037
2012-07-27,0.0,-0.01039936625000002,-0.020997550000000028,-0.006981721445000003
2012-07-30,0.0,0.004000093750000004,0.007500312500000007,0.0027476050550000026
2012-07-31,0.0,0.001600015000000004,0.0015000125000000429,0.0008680121715000016
2012-08-01,0.0,-0.0039999062500000035,-0.005999800000000016,-0.002323927644500004
2012-08-02,-6.086038777387209e-05,0.004000093750000004,0.007500312499999955,0.0025796030505000045
2012-08-03,-0.015059897648025315,-0.007199696249999998,-0.014998749999999962,-0.005092096694999999
2012-08-06,0.0,0.0008000037499999951,0.0015000124999999908,0.00044150302549999886
2012-08-07,0.0,-0.0055998162499999934,-0.011999200000000031,-0.004118771404500007
2012-08-08,0.0,-0.0015999849999999904,-0.0029999499999999817,-0.0012749723749999934
2012-08-09,0.0,-0.0007999962499999952,-0.001499987499999991,-0.0009514777684999958
2012-08-10,0.0,0.0032000599999999807,0.0045001124999999725,0.0020695582969999906
2012-08-13,0.0,0.0,0.0,-7.89997680000007e-05
2012-08-14,0.0,-0.006399759999999989,-0.011999199999999979,-0.004072741449999993
2012-08-15,0.0,-0.005599816250000021,-0.011999199999999979,-0.004089743021499998
2012-08-16,0.0,-0.0023999662499999855,-0.005999799999999964,-0.0024063923700000014
2012-08-17,0.0,0.0016000149999999902,0.003000049999999982,0.0012120274749999938
2012-08-20,0.0,-0.0007999962499999952,0.0,5.8500782000000696e-05
2012-08-21,0.0,0.0016000149999999902,0.003000049999999982,0.001049527130000007
2012-08-22,-5.2016877936358444e-05,0.007200303750000012,0.013501012500000022,0.004872805856500002
2012-08-23,0.0,0.0024000337500000133,0.0045001124999999725,0.001503036949999995
2012-08-24,-5.1871080334882943e-05,0.0,0.0,-0.00016749949949999992
2012-08-27,0.0,0.0024000337499999855,0.004500112500000025,0.0015680374070000034
2012-08-28,0.0,0.0008000037500000229,0.003000049999999982,0.0007295080519999988
2012-08-29,0.0,-0.0015999850000000182,-0.0029999499999999817,-0.0009219842714999971
2012-08-30,0.0,0.0024000337500000133,0.003000049999999982,0.0013025205819999972
2012-08-31,0.0,0.004800134999999971,0.010500612499999989,0.003916204030499995
2012-09-03,0.0,0.0,0.0,0.0
2012-09-04,0.0,-0.0015999849999999904,-0.001499987499999991,-0.0008164928994999971
2012-09-05,0.0,-0.0007999962499999952,-0.0029999499999999817,-0.0007169919945000031
2012-09-06,0.0,-0.006399759999999989,-0.013498987500000023,-0.004855130544999991
2012-09-07,0.0,0.0008000037499999951,-0.001499987499999991,0.00015900804999999596
2012-09-10,0.0,-0.0007999962499999952,-0.001499987500000043,-0.0007794886495000088
2012-09-11,0.0,-0.0015999850000000182,-0.001499987499999939,-0.000678993974999988
2012-09-12,0.0,-0.0055998162499999934,-0.011999200000000031,-0.0037997508735000047
2012-09-13,0.0,0.0016000149999999902,-0.001499987499999991,-4.681700000058221e-07
2012-09-14,-5.125557145128493e-05,-0.010399366249999965,-0.02249718750000002,-0.007233180344499987
2012-09-17,0.00015124773289381448,0.0024000337499999577,0.006000200000000015,0.002066104874999998
2012-09-18,0.0,0.0024000337500000133,0.004500112500000025,0.0015955374505000005
2012-09-19,0.0,0.0024000337500000133,0.0045001124999999725,0.0013535353269999947
2012-09-20,0.0,-0.0007999962500000229,0.0,9.300267499999641e-05
2012-09-21,-5.208031231715206e-05,0.0024000337500000133,0.0015000125000000429,0.0009280109750000045
2012-09-24,0.0005463672607425559,0.0024000337500000133,0.006000199999999963,0.001791060324999998
2012-09-25,-0.0006086517538079156,0.0032000599999999807,0.009000449999999946,0.0025531113514999947
2012-09-26,7.12800956628746e-05,0.0048001350000000265,0.01050061250000004,0.0034396918360000057
2012-09-27,0.001693140894720905,-0.0015999850000000182,-0.004499887500000025,-0.0015514501915000068
2012-09-28,0.0,0.0008000037499999951,0.0015000125000000429,0.0006870051555000107
2012-10-01,0.0,0.0008000037500000229,0.0015000124999999908,0.0003965039755000002
2012-10-02,-5.893052278918405e-05,0.0,0.0,0.00015250045499999977
2012-10-03,0.001999977499999988,0.0,-0.001499987499999991,-0.0002879962749999983
2012-10-04,0.013939868565552928,-0.004799865000000026,-0.008999549999999997,-0.003228325054500008
2012-10-05,-5.213878188398662e-05,-0.0039999062500000035,-0.010499387499999988,-0.0034733108979999984
2012-10-08,0.0,0.0,0.0,0.0
2012-10-09,0.00030784861333362683,0.0008000037500000229,0.0045001124999999725,0.0012035322504999968
2012-10-10,-5.211654321451459e-05,0.0016000149999999902,0.006000200000000015,0.0016930586250000032
2012-10-11,-0.00017999975000000047,0.0016000149999999902,0.0045001124999999725,0.001179033201499999
2012-10-12,0.0001278704020349924,0.0008000037500000229,0.0015000125000000429,0.000840521902000003
2012-10-15,0.0,-0.0007999962500000229,-0.001499987500000043,-0.0006394893700000041
2012-10-16,0.0,-0.0039999062500000035,-0.008999549999999945,-0.003046355192999994
2012-10-17,0.0,-0.006399759999999989,-0.013498987500000075,-0.004501736798000005
2012-10-18,0.0,-0.0023999662500000132,-0.004499887499999973,-0.0016384483245000011
2012-10-19,0.0,0.005600183750000022,0.012000800000000032,0.0037472485265000097
2012-10-22,0.0,-0.0031999400000000083,-0.0029999499999999817,-0.0012354824935000056
2012-10-23,0.0,0.0032000600000000085,0.006000199999999963,0.0021460663805000003
2012-10-24,0.0,-0.0007999962500000229,-0.0029999499999999817,-0.000712985448500005
2012-10-25,0.0,-0.004799864999999999,-0.007499687500000058,-0.0030603829199999993
2012-10-26,0.0,0.006400240000000017,0.01050061250000004,0.003730685377000005
2012-10-29,-5.164540105529575e-05,0.0032000600000000085,0.007500312500000007,0.0024345976585000025
2012-10-30,0.0,0.0,0.0,0.0
2012-10-31,-5.144933259528357e-05,0.0016000149999999902,0.003000049999999982,0.0011355171044999956
2012-11-01,0.0,-0.0023999662500000132,-0.005999800000000016,-0.0017989395965000057
2012-11-02,0.0,0.0,-0.001499987499999939,-0.0005234896449999915
2012-11-05,0.0,0.0024000337500000133,0.006000199999999911,0.0017560467769999963
2012-11-06,0.0,-0.004799864999999999,-0.007499687499999954,-0.0027414074744999974
2012-11-07,0.0,0.008000375000000007,0.015001250000000013,0.005345881456499996
2012-11-08,0.0,0.004800134999999971,0.010500612499999989,0.0030711599215000034
2012-11-09,0.0,0.0008000037500000229,0.0015000125000000429,0.0006515106455000043
2012-11-12,0.0,0.0,0.0,0.0
2012-11-13,0.0,0.0016000149999999902,0.0045001124999999725,0.001473034601999992
2012-11-14,0.0,0.0,0.0,-0.0002234974244999984
2012-11-15,0.0,0.0008000037499999951,0.0015000124999999908,0.0006015043084999971
2012-11-16,0.0,0.0,-0.001499987499999991,-0.00026849626649999716
2012-11-19,0.0,-0.0023999662499999855,-0.004499887499999973,-0.0016234625189999925
2012-11-20,0.0,-0.0039999062500000035,-0.008999550000000049,-0.003059357324500005
2012-11-21,0.0,-0.0023999662499999855,-0.0029999499999999817,-0.0009954879180000026
2012-11-22,0.0,0.0,0.0,0.0
2012-11-23,0.0,-0.0007999962500000229,0.0,-0.00024199915500000262
2012-11-26,0.0,0.0032000600000000085,0.0045001124999999725,0.0017230401965000089
2012-11-27,0.0,0.001600015000000018,0.0015000125000000429,0.0007145064049999975
2012-11-28,0.0,0.0008000037499999951,0.003000049999999982,0.0006260068264999979
2012-11-29,0.0,0.0008000037499999674,-0.001499987500000043,7.050207699999329e-05
2012-11-30,-5.308375321618075e-05,0.0,0.0,-0.00027049044349999744
2012-12-03,0.0008469112467838217,-0.0007999962499999674,0.0,-4.199664649999196e-05
2012-12-04,0.0,0.0008000037499999674,0.0015000125000000429,0.0006870108514999994
2012-12-05,0.0,0.001600015000000018,0.0015000124999999908,0.0005830043515000005
2012-12-06,0.0,0.0008000037499999951,0.003000049999999982,0.0009490153999999956
2012-12-07,0.0,-0.003999906249999976,-0.008999549999999997,-0.0027073845994999976
2012-12-10,0.0,0.0008000037499999951,0.0015000125000000429,0.0004930040250000097
2012-12-11,0.0,-0.0023999662500000132,-0.004499887500000025,-0.0014504636530000147
2012-12-12,0.0,-0.004799864999999999,-0.010499387499999988,-0.00331130881599999
2012-12-13,0.0,-0.0015999849999999904,-0.001499987500000043,-0.0008304913480000027
2012-12-14,0.0,0.0016000149999999902,0.004500112500000025,0.0012885332379999979
2012-12-17,0.0,-0.004799864999999999,-0.010499387499999988,-0.003526306897999998
2012-12-18,0.0,-0.004799864999999999,-0.008999549999999997,-0.0032188523984999994
2012-12-19,0.0,0.0016000149999999902,0.0015000124999999908,0.0006390053614999909
2012-12-20,0.0,0.0008000037499999951,0.0015000125000000429,0.00042750387550000954
2012-12-21,0.0,0.0032000600000000085,0.007500312499999955,0.0024610977559999902
2012-12-24,0.0,-0.0015999849999999904,-0.001499987499999991,-0.0007284935934999895
2012-12-25,0.0,0.0,0.0,0.0
2012-12-26,0.0,0.0016000149999999902,0.0015000124999999908,0.00043450383549999746
2012-12-27,0.0,0.0024000337500000133,0.006000200000000015,0.0024010874569999974
2012-12-28,-5.21355740132247e-05,0.0008000037499999951,0.0015000124999999388,0.0004665039804999991
2012-12-31,-2.7216847607397472e-05,-0.0039999062500000035,-0.010499387499999936,-0.0030243169854999993
2013-01-01,0.0,0.0,0.0,0.0
2013-01-02,0.0,-0.0063997600000000165,-0.013498987500000023,-0.004469679314000001
2013-01-03,0.0,-0.004799864999999971,-0.01049938750000004,-0.003807769575000006
2013-01-04,0.0,-0.0007999962499999952,0.0,0.00019350977700000662
2013-01-07,0.0,0.0008000037499999951,0.0,0.00014200059999999916
2013-01-08,0.0,0.0024000337499999855,0.006000200000000015,0.0020875630799999942
2013-01-09,0.0,0.0008000037500000229,0.0015000125000000429,0.0004490024365000076
2013-01-10,0.0,-0.0023999662500000132,-0.004499887500000025,-0.0014614731185000024
2013-01-11,0.0,0.0016000149999999902,0.004500112500000025,0.001421534400500005
2013-01-14,0.0,0.0,0.0,5.450022700000071e-05
2013-01-15,0.0,0.0024000337499999855,0.0045001124999999725,0.0016355380754999927
2013-01-16,0.0,0.001600015000000018,0.0015000125000000429,0.0005745052255000114
2013-01-17,0.0,-0.0039999062500000035,-0.007499687500000058,-0.0028163924745000144
2013-01-18,-5.367922860989118e-05,0.0016000149999999902,0.004500112500000025,0.001551535677000012
2013-01-21,0.0,0.0,0.0,0.0
2013-01-22,-5.362897940548354e-05,0.0008000037499999951,0.0015000124999999908,0.0005370042249999901
2013-01-23,-5.267653541129379e-05,0.0,0.0,7.950028000000068e-05
2013-01-24,-5.2659241073786325e-05,-0.0015999849999999627,-0.0029999499999999817,-0.0010199828749999924
2013-01-25,-5.348098141885561e-05,-0.007999625000000007,-0.016498487500000006,-0.00570455174850001
2013-01-28,-2.8441187803317562e-05,-0.0015999850000000182,-0.001499987499999991,-0.0008299931194999924
2013-01-29,0.0,-0.0023999662499999855,-0.004499887500000025,-0.001413463870000004
2013-01-30,0.0,0.0,-0.001499987499999939,-0.00011699549999998585
2013-01-31,0.0,0.0008000037499999951,0.0015000124999999388,0.0006870108514999906
2013-02-01,0.0,-0.0015999850000000182,-0.005999800000000016,-0.0016224413979999976
2013-02-04,0.0,0.0032000600000000085,0.006000200000000015,0.0021905670254999962
2013-02-05,0.0,-0.0031999400000000083,-0.005999800000000016,-0.0021579342999999964
2013-02-06,0.0,0.0032000600000000085,0.006000200000000015,0.0019970520514999905
2013-02-07,0.0,0.0008000037499999951,0.0015000125000000429,0.00057800432650001
2013-02-08,0.0,0.0,-0.001499987500000043,-0.00018549862000000406
2013-02-11,0.0,0.0,0.0015000125000000429,0.00016050400849999496
2013-02-12,-5.168610137687725e-05,-0.0023999662499999855,-0.004499887500000025,-0.0016644618199999892
2013-02-13,4.3285789152571e-05,-0.0023999662499999855,-0.007499687500000006,-0.0023729212945000086
2013-02-14,-1.6726249445233155e-05,0.004000093749999976,0.010500612499999989,0.0033651645320000034
2013-02-15,0.0,-0.0007999962499999674,-0.001499987499999939,-0.0005799956694999957
2013-02-18,0.0,0.0,0.0,0.0
2013-02-19,-5.3240806205060256e-05,-0.0015999850000000182,-0.004499887500000077,-0.0015449642729999991
2013-02-20,0.0,0.0008000037499999951,0.0015000125000000429,0.0007510063249999954
2013-02-21,-2.499999500000001e-05,0.0024000337499999855,0.0045001124999999725,0.0015830365054999985
2013-02-22,-5.322310689849033e-05,0.001600015000000018,0.003000050000000034,0.0010510169265000031
2013-02-25,0.0,0.007200303750000012,0.01200079999999998,0.004267743900499997
2013-02-26,-5.204200708030356e-05,0.0,0.0,-1.4499993000000011e-05
2013-02-27,-3.958401480617502e-05,-0.0023999662500000132,-0.004499887500000025,-0.001472462944
2013-02-28,0.0,0.0016000149999999902,0.0015000125000000429,0.0007150061250000027
2013-03-01,-5.2558542428747014e-05,0.0024000337499999855,0.0045001124999999725,0.0018075532064999913
2013-03-04,-5.2558542428747014e-05,-0.0015999849999999627,-0.0029999500000000338,-0.0010109834499999978
2013-03-05,0.0,-0.0015999850000000182,-0.0029999499999999817,-0.0010569833904999972
2013-03-06,0.0,-0.0039999062500000035,-0.007499687499999954,-0.0026368973229999974
2013-03-07,-5.346573216435261e-05,-0.0039999062500000035,-0.007499687500000006,-0.002688895298500002
2013-03-08,-5.243699953029199e-05,-0.004799864999999999,-0.01049938750000004,-0.003278854550000004
2013-03-11,0.0003475905986485189,-0.0007999962499999952,0.0,-0.00031199732349999144
2013-03-12,-5.337735061477799e-05,0.0032000600000000085,0.006000200000000015,0.002050064724999999
2013-03-13,0.0007999962500000229,-0.0007999962500000229,0.0,-0.00021149922450000282
2013-03-14,-5.336024447590546e-05,0.0,-0.0029999499999999817,-0.000795474399500001
2013-03-15,0.0,0.002400033750000041,0.003000049999999982,0.0017370365570000038
2013-03-18,0.0,0.004000093749999976,0.009000449999999998,0.0025145953319999923
2013-03-19,0.0,0.0032000600000000085,0.006000200000000015,0.002259084925000004
2013-03-20,0.0,-0.0031999400000000083,-0.007499687499999954,-0.0026708774999999888
2013-03-21,0.0,0.0008000037499999951,0.0045001124999999725,0.0014455485549999911
2013-03-22,0.0,0.001600015000000018,0.003000049999999982,0.0009580159249999987
2013-03-25,0.0,0.0,-0.001499987499999991,-0.00022749612450000513
2013-03-26,0.0,0.0008000037499999951,0.0015000124999999908,0.0005215042505000046
2013-03-27,0.0,0.004000093749999976,0.006000200000000015,0.002289072328500009
2013-03-28,0.0,0.0,0.0,-0.0003589967215000062
2013-03-29,0.0,0.0,0.0,0.0
2013-04-01,0.0,0.0008000037499999951,0.0015000124999999388,0.0007705110754999908
2013-04-02,0.0,-0.0015999849999999627,-0.0029999499999999817,-0.0011694818744999922
2013-04-03,0.0,0.004000093749999976,0.009000449999999998,0.0029861220819999987
2013-04-04,0.0,0.004000093750000004,0.009000449999999998,0.0030506431504999936
2013-04-05,0.0,0.004800134999999999,0.015001250000000013,0.004575464750000006
2013-04-08,0.0,-0.0031999400000000083,-0.005999799999999964,-0.002067934799999998
2013-04-09,-5.690914947848197e-05,-0.0015999849999999904,-0.004499887499999973,-0.001224466649499992
2013-04-10,0.013941790568554116,-0.004799864999999999,-0.008999550000000049,-0.0033168234195000033
2013-04-11,0.0,0.0016000149999999902,0.0015000124999999908,0.0003990030249999978
2013-04-12,0.0,0.005600183749999994,0.012000800000000032,0.004219291032
2013-04-15,0.0,0.0024000337500000133,0.006000199999999963,0.0018265604549999974
2013-04-16,0.0,-0.0023999662500000132,-0.004499887499999973,-0.0016384624450000006
2013-04-17,0.0,0.001600015000000018,0.003000050000000034,0.0009300166000000033
2013-04-18,0.0,0.0008000037499999951,0.00300004999999993,0.000792014380499997
2013-04-19,0.0,-0.0007999962499999952,-0.001499987499999991,-0.0005369957749999972
2013-04-22,0.0,0.0008000037499999951,0.0,0.00023200109999999937
2013-04-23,0.0,-0.0015999849999999904,-0.0029999499999999817,-0.0009489841249999947
2013-04-24,0.0,0.0008000037499999951,0.003000049999999982,0.0007020080304999891
2013-04-25,0.0,-0.0007999962499999952,-0.0029999499999999817,-0.0009589845429999955
2013-04-26,0.0,0.0032000599999999807,0.007500312499999955,0.002409080476499994
2013-04-29,0.0,0.0,-0.0029999499999999817,-0.000458992648499997
2013-04-30,0.0,0.0,0.0,-9.349966849999967e-05
2013-05-01,0.0,0.0032000600000000085,0.007500312500000059,0.002545598527
2013-05-02,0.0,0.0,0.0,0.0002025022505000057
2013-05-03,0.0,-0.009599459999999997,-0.020997550000000028,-0.006983228600000005
2013-05-06,0.0,-0.0015999850000000182,-0.0029999500000000338,-0.001026483474500003
2013-05-07,0.0,-0.0015999849999999904,-0.0029999499999999817,-0.0010464834199999946
2013-05-08,0.0,0.0008000037499999951,0.0015000125000000429,0.00048250410499999527
2013-05-09,0.0,0.0,0.0015000124999999388,-0.0002499897499999967
2013-05-10,-5.108612200831636e-05,-0.0071996962499999845,-0.014998750000000014,-0.004983641000000003
2013-05-13,8.705077007846847e-05,-0.0015999849999999904,-0.004499887499999973,-0.0014184656545000005
2013-05-14,0.0003082294362311002,-0.0031999400000000083,-0.005999799999999964,-0.0020544353184999927
2013-05-15,0.0,0.0016000149999999902,0.0015000124999999908,0.0006465054004999909
2013-05-16,0.0,0.005600183749999994,0.010500612499999989,0.00381170470200001
2013-05-17,0.0,-0.006399759999999989,-0.011999199999999979,-0.0042362371745
2013-05-20,0.0,-0.0015999849999999904,-0.0029999500000000338,-0.0007744908980000093
2013-05-21,0.0,0.0024000337499999855,0.006000200000000015,0.0018385604504999957
2013-05-22,-5.1522588750311564e-05,-0.0071996962499999845,-0.011999200000000031,-0.004232254818499985
2013-05-23,-4.351850659554894e-06,0.0008000037499999951,0.0015000125000000429,0.00039100393049999553
2013-05-24,-0.0001750012500000128,0.0008000037500000229,0.003000050000000034,0.0009215147770000028
2013-05-27,-5.249546407174458e-05,0.0,0.0,0.0
2013-05-28,-0.005501787564729576,-0.011199265000000016,-0.02249718750000007,-0.007669199463500001
2013-05-29,-0.00012249189847236169,0.0016000149999999902,0.006000200000000015,0.001661558431499996
2013-05-30,-2.1129576313204387e-05,0.0,-0.001499987499999991,-0.0003059963429999904
2013-05-31,7.687510598477284e-05,-0.0023999662500000132,-0.004499887500000025,-0.0015904702950000152
2013-06-03,-0.00020856902354457685,0.0024000337500000133,0.004500112500000025,0.0015505364770000067
2013-06-04,0.00011750796384535356,-0.0007999962500000229,-0.004499887500000025,-0.0013234664245000075
2013-06-05,0.00028742981384154414,0.0032000600000000085,0.007500312500000059,0.002424596750500008
2013-06-06,-0.00013509801490333125,0.001600015000000018,0.0015000124999999388,0.0009410138999999939
2013-06-07,0.0007134007864715371,-0.007199696250000012,-0.01349898749999997,-0.005231109848000001
2013-06-10,0.00031997020645005414,-0.0039999062500000035,-0.007499687499999954,-0.0021594355229999857
2013-06-11,-3.374325010816775e-05,0.0016000149999999902,0.0045001124999999725,0.0012270336499999868
2013-06-12,0.0001767595074977937,-0.003999906249999976,-0.005999800000000016,-0.0021209314749999924
2013-06-13,-0.00025296355214261384,0.004800134999999999,0.007500312499999955,0.0025480866499999885
2013-06-14,-0.0005048682814178282,0.004000093749999976,0.006000200000000015,0.0029746048050000146
2013-06-17,0.00019671506646079274,-0.003999906249999976,-0.008999549999999945,-0.0030018311750000053
2013-06-18,4.114418401410541e-05,-0.0007999962500000229,0.0015000124999999908,0.00019000427500000244
2013-06-19,0.00048493122896772767,-0.010399366249999993,-0.01349898749999997,-0.0060126106999999936
2013-06-20,-0.002042526910320014,-0.006399759999999989,-0.013498987500000075,-0.004559209318500011
2013-06-21,-0.0017753466311301149,-0.008799546250000002,-0.011999199999999927,-0.004953218194999991
2013-06-24,0.00013474197519138735,-0.003999906249999976,-0.001499987500000043,-0.0014479729485000023
2013-06-25,5.033968626794274e-05,-0.002399966250000041,-0.005999799999999964,-0.0018014401950000093
2013-06-26,-0.00019083457203367365,0.004000093750000031,0.006000199999999963,0.002106547655000012
2013-06-27,0.0016758144052615956,0.004800134999999971,0.007500312500000007,0.002923598579999992
2013-06-28,-0.00022779407043867022,-0.0023999662499999855,0.0,-0.00027498087150000115
2013-07-01,0.0012105983459840622,0.0016000149999999902,0.004500112500000025,0.0017540514265000115
2013-07-02,0.00027752765957998987,0.001600015000000018,0.0015000124999999388,0.000661005406999987
2013-07-03,-0.0007133025425900904,-0.0031999400000000083,-0.005999799999999964,-0.0019319568229999944
2013-07-04,0.0,0.0,0.0,0.0
2013-07-05,0.0015237230483836374,-0.01679834625000001,-0.028495487499999982,-0.010851416319499999
2013-07-08,0.002306337823898683,0.006400240000000017,0.009000449999999946,0.0036691518069999983
2013-07-09,0.0006895320619435485,0.0,-0.001499987499999939,-0.00012149434800000025
2013-07-10,0.000829265499062172,-0.003999906250000031,-0.005999800000000068,-0.002290428795000006
2013-07-11,0.0029003501542278452,0.008000375000000007,0.010500612499999989,0.004379200876499996
2013-07-12,-8.42595200446677e-06,-0.0007999962499999674,-0.001499987499999939,-0.0004984967449999909
2013-07-15,0.000826921780390104,0.0032000600000000085,0.006000199999999963,0.0019045496300000024
2013-07-16,-0.00013523229486471055,0.0016000149999999902,0.003000050000000086,0.0013400283555000093
2013-07-17,-1.719810083897059e-05,0.0024000337499999855,0.0015000124999999388,0.0011925145064999982
2013-07-18,-7.268830648813174e-05,-0.0031999400000000083,-0.007499687500000006,-0.0026298775985000088
2013-07-19,-0.0009633765811625343,0.004800134999999999,0.010500612499999989,0.0034741928249999976
2013-07-22,0.0001469374097581284,0.0,0.0,0.00016200238050000597
2013-07-23,1.5658163963745025e-05,-0.0023999662499999855,-0.0029999499999999817,-0.0013679702529999997
2013-07-24,-0.002291008439966364,-0.006399759999999989,-0.010499387499999988,-0.004029283149499996
2013-07-25,-0.00022881440677966164,0.0,0.0,0.00018750080199999962
2013-07-26,0.0007334421935243865,0.0024000337499999855,0.004500112500000025,0.0018050525069999968
2013-07-29,-0.0009699939828891203,-0.0023999662499999855,-0.005999800000000068,-0.0020989190500000075
2013-07-30,-0.00048110517272608843,-0.0015999850000000182,-0.001499987499999939,-0.0007534935494999864
2013-07-31,0.000840009137501603,0.0024000337499999855,0.003000049999999982,0.0013670298014999854
2013-08-01,-0.004566179279499273,-0.011199264999999988,-0.020997549999999976,-0.007443234279999987
2013-08-02,0.0034902590259089086,0.008800453750000003,0.01350101249999997,0.005559358296499989
2013-08-05,-0.0010844137548518616,-0.0031999399999999806,-0.004499887500000025,-0.001997943292999998
2013-08-06,6.735259827459534e-05,0.0,0.0,-2.4499949500000072e-05
2013-08-07,0.001680994531521205,0.004800134999999999,0.007500312500000007,0.002547604775500002
2013-08-08,0.0011179000285107018,0.0024000337499999855,0.0,0.0010950251265000029
2013-08-09,-2.1967305888414453e-05,0.0008000037500000229,0.0015000125000000429,0.0006035107300000042
2013-08-12,0.0015087857618317627,-0.0031999400000000083,-0.004499887500000025,-0.0019349435429999965
2013-08-13,0.0007374180386805888,-0.007999625000000007,-0.01349898749999997,-0.005141670450000005
2013-08-14,2.4031053759689843e-05,0.0,0.0,0.00014150040199999942
2013-08-15,0.0004650419421714689,-0.004799864999999999,-0.008999550000000049,-0.0033533473435000106
2013-08-16,-0.001180554753004005,-0.0055998162499999934,-0.010499387499999988,-0.003394848149999985
2013-08-19,-0.0006693530994765397,-0.0031999400000000083,-0.004499887500000025,-0.0018364573245000203
2013-08-20,-0.0003326870433657649,0.004800134999999999,0.007500312500000007,0.002625080978500016
2013-08-21,0.00041815545611849445,-0.0039999062500000035,-0.007499687500000006,-0.0028874022950000078
2013-08-22,0.00047554412568065225,-0.0023999662499999855,0.0015000125000000429,-0.00047947444799999607
2013-08-23,-0.0006755049778464004,0.006400239999999989,0.012000800000000032,0.004189262450000003
2013-08-26,-0.00014826169781366626,0.0024000337499999855,0.0045001124999999205,0.0017740416819999947
2013-08-27,-0.0002758839301101375,0.005600183749999994,0.010500612499999989,0.0038462078304999842
2013-08-28,4.342796902978915e-05,-0.004799864999999971,-0.007499687500000006,-0.003037883152999987
2013-08-29,-0.0002583543028141766,0.0024000337499999855,0.007500312500000007,0.0022295923019999865
2013-08-30,0.00018218692577787266,-0.0023999662499999855,-0.001499987499999939,-0.0007159912679999941
2013-09-02,0.0,0.0,0.0,0.0
2013-09-03,0.0007644630850378688,-0.0063997600000000165,-0.011999200000000031,-0.004530697019499996
2013-09-04,0.0015003435888621252,-0.0031999399999999806,-0.0029999499999999817,-0.0016159745999999881
2013-09-05,0.00014729793971849284,-0.0063997600000000165,-0.011999200000000031,-0.004840714528500012
2013-09-06,-0.00015398994535885136,0.0032000600000000085,0.003000049999999982,0.001908034996500007
2013-09-09,-4.257579997792332e-05,0.0032000600000000085,0.003000049999999982,0.001888040196500003
2013-09-10,0.0002231337137930473,-0.004799865000000026,-0.007499687499999902,-0.002951403145000004
2013-09-11,-0.00017524024119840907,0.0024000337499999855,0.006000199999999963,0.0022485572565000005
2013-09-12,5.999997750000002e-05,0.0008000037500000229,0.0015000124999999388,0.00030100179399999624
2013-09-13,-6.226836483190487e-07,0.001600015000000018,0.0015000125000000429,0.0006790060250000108
2013-09-16,-0.00010136574971462003,0.0016000149999999902,-0.0029999499999999817,8.853973149999553e-05
2013-09-17,-8.391150543838115e-05,0.0016000149999999902,0.0060002000000000675,0.00165904340550001
2013-09-18,0.0006929759138964884,0.013601083750000001,0.01650151249999995,0.0073640929049999925
2013-09-19,0.0,-0.0055998162499999934,-0.008999550000000049,-0.003265361268500006
2013-09-20,0.0,0.0008000037499999951,0.003000049999999982,0.0009155257610000012
2013-09-23,0.0,0.0024000337499999855,0.0060002000000000675,0.0019320619804999988
2013-09-24,0.0,0.004000093750000031,0.009000449999999946,0.003017143050000007
2013-09-25,0.0,0.0032000599999999807,0.004500112500000025,0.0015620310499999987
2013-09-26,0.0,-0.0023999662500000132,-0.005999799999999964,-0.0019444363620000078
2013-09-27,0.0,0.001600015000000018,0.0015000124999999388,0.0008975086070000011
2013-09-30,0.0,0.0,-0.001499987499999939,-0.00026499629849999976
2013-10-01,0.0,-0.0015999850000000182,-0.002999950000000086,-0.0013999707750000153
2013-10-02,0.0,0.0024000337500000133,0.003000050000000086,0.0014355223065000105
2013-10-03,0.0,0.0008000037499999951,0.0015000124999999388,0.00023250542549999807
2013-10-04,0.0,-0.0031999400000000083,-0.004499887500000025,-0.0018969612734999984
2013-10-07,0.0,0.0008000037500000229,0.003000050000000086,0.0010125269359999997
2013-10-08,0.0,-0.0007999962500000229,0.0,-0.0005044971395000016
2013-10-09,0.0,-0.0015999849999999904,-0.002999950000000086,-0.0010089725984999993
2013-10-10,0.0,-0.0023999662499999855,-0.004499887499999921,-0.001270474118499987
2013-10-11,0.0,0.0008000037499999674,0.0015000124999999388,0.0006905054794999821
2013-10-14,0.0,0.0,0.0,0.0
2013-10-15,-5.3943814437366975e-05,-0.003999906249999976,-0.007499687500000006,-0.002501918190499992
2013-10-16,0.0001956991029068181,0.004800134999999999,0.010500612499999989,0.0034266644504999896
2013-10-17,0.0,0.006400240000000017,0.010500612500000093,0.0038016856710000185
2013-10-18,0.0,0.0008000037499999674,0.0,0.0002650026805000024
2013-10-21,0.0,-0.0023999662499999855,-0.004499887500000025,-0.0016234619185000025
2013-10-22,0.0,0.007200303750000012,0.012000800000000032,0.004391747755000001
2013-10-23,0.0,0.0024000337500000133,0.003000049999999982,0.0010275183299999963
2013-10-24,0.0,-0.0015999850000000182,-0.001499987500000043,-0.0009399866945000023
2013-10-25,0.0,0.0,0.0,0.0004340036819999905
2013-10-28,0.0,-0.0007999962499999952,-0.001499987499999939,-0.0005369957749999847
2013-10-29,0.0,0.0008000037499999951,0.0,5.000337499999367e-05
2013-10-30,-5.439546933320365e-05,-0.0015999849999999904,-0.002999950000000086,-0.0009049889484999988
2013-10-31,-4.3954543332036826e-06,-0.0015999849999999904,0.0,-0.0002514973185000001
2013-11-01,-5.439546933320365e-05,-0.0063997600000000165,-0.010499387499999988,-0.003799813950000006
2013-11-04,-4.999998499999997e-05,0.0016000149999999902,0.0,0.00017600485699999425
2013-11-05,-4.408502692897226e-06,-0.004799864999999999,-0.008999549999999945,-0.003029353743499975
2013-11-06,0.0,0.001600015000000018,0.0,0.0005085107814999963
2013-11-07,0.0,0.0032000599999999807,0.007500312500000007,0.002752123449999992
2013-11-08,0.0,-0.011199264999999988,-0.020997549999999976,-0.007437239344499988
2013-11-11,0.0,0.0,0.0,0.0
2013-11-12,0.0,-0.0023999662499999855,-0.0029999499999999817,-0.0015494753414999954
2013-11-13,0.0,0.004000093749999976,0.0045001124999999205,0.0022360543749999793
2013-11-14,0.0,0.004800134999999999,0.007500312500000007,0.0029060964499999947
2013-11-15,0.0,-0.0015999849999999904,-0.001499987500000043,-0.0008139932999999943
2013-11-18,-5.530503172298912e-05,0.0032000600000000085,0.0060002000000000675,0.002154566925500017
2013-11-19,0.0004846817978170735,-0.0031999400000000083,-0.005999800000000068,-0.002172932094500017
2013-11-20,-5.4379372982663224e-05,-0.0071996962499999845,-0.016498487499999954,-0.004834581753499994
2013-11-21,-5.9685254925959535e-05,0.0008000037499999674,0.003000049999999982,0.0007305082019999859
2013-11-22,0.0005399979999999967,0.0032000600000000085,0.007500312500000007,0.0021490948250000156
2013-11-25,0.0,0.0008000037499999951,0.0015000125000000429,0.000545504821999997
2013-11-26,-0.0005400019999999968,0.0024000337500000133,0.0045001124999999205,0.0016950382554999973
2013-11-27,-5.334538058244494e-05,-0.0023999662500000132,-0.0029999499999999817,-0.0009979868250000064
2013-11-28,0.0,0.0,0.0,0.0
2013-11-29,0.00013499975000000035,-0.0007999962499999952,-0.0029999499999999817,-0.0007734912994999907
2013-12-02,0.00042999775749999876,-0.004799864999999999,-0.005999799999999964,-0.0026314173479999913
2013-12-03,-0.00013500025000000036,0.0016000149999999902,0.003000049999999982,0.0012415188004999966
2013-12-04,0.00021687904822733143,-0.003999906249999976,-0.010499387499999988,-0.0033463368450000032
2013-12-05,0.0001636273849611539,-0.0031999400000000083,-0.0029999499999999817,-0.0014654743449999976
2013-12-06,-5.18776111761527e-05,0.0,0.003000049999999982,0.0005290149499999954
2013-12-09,0.0,0.0016000149999999902,0.003000049999999982,0.0009025156254999954
2013-12-10,0.0,0.004000093750000004,0.007500312500000007,0.0027466071800000018
2013-12-11,0.0,-0.0039999062500000035,-0.007499687500000006,-0.002413417694999995
2013-12-12,0.0,-0.0023999662500000132,-0.0029999499999999817,-0.0020414458435000097
2013-12-13,0.0,0.0008000037500000229,0.003000049999999982,0.0010150259000000033
2013-12-16,0.0,-0.0007999962500000229,-0.0029999499999999817,-0.0008324853949999977
2013-12-17,0.0,0.0032000600000000085,0.0045001124999999205,0.001624531429999989
2013-12-18,0.0,-0.0031999400000000083,-0.004499887499999921,-0.0014854688684999887
2013-12-19,0.0,-0.003999906249999976,-0.001499987500000043,-0.0018764588730000077
2013-12-20,0.0,0.004000093749999976,0.010500612500000093,0.003092755800500015
2013-12-23,0.0,-0.003999906249999976,-0.004499887500000129,-0.0018964545450000138
2013-12-24,0.0,-0.003999906250000031,-0.008999549999999945,-0.0029778776999999984
2013-12-25,0.0,0.0,0.0,0.0
2013-12-26,0.0,-0.0007999962499999674,-0.0029999499999999817,-0.0009144850449999926
2013-12-27,0.0,-0.0015999850000000182,-0.002999950000000086,-0.0008224839700000052
2013-12-30,0.0,0.0024000337499999855,0.0060002000000000675,0.0020805643314999985
2013-12-31,0.0,-0.003999906249999976,-0.008999550000000049,-0.0029988569249999957
2014-01-01,0.0,0.0,0.0,0.0
2014-01-02,0.0,0.0032000600000000085,0.0060002000000000675,0.0021440669515000042
2014-01-03,0.0,-0.0007999962499999952,-0.001499987500000043,-0.0006859948735000088
2014-01-06,0.0,0.0024000337499999855,0.004500112500000025,0.001769539838000004
2014-01-07,0.0,0.0016000149999999902,0.003000049999999982,0.0009060160554999936
2014-01-08,0.0,-0.003999906249999976,-0.004499887499999921,-0.0022894486744999853
2014-01-09,0.0,0.0032000599999999807,0.007500312499999903,0.001767548856499984
2014-01-10,0.0,0.007200303750000012,0.012000800000000032,0.00509930658050001
2014-01-13,0.0,0.0032000600000000085,0.003000049999999982,0.001743537307000002
2014-01-14,0.0,-0.0031999400000000083,-0.0029999499999999817,-0.0018654591995000028
2014-01-15,0.0,-0.0015999849999999904,-0.001499987499999939,-0.0009669912799999989
2014-01-16,0.0,0.0032000599999999807,0.0045001124999999205,0.0018870558465
2014-01-17,0.0,0.001600015000000018,0.003000049999999982,0.0011785181004999971
2014-01-20,0.0,0.0,0.0,0.0
2014-01-21,0.0,-0.0007999962500000229,0.0,-0.00019999514450001055
2014-01-22,0.0,-0.0015999849999999904,-0.0029999499999999817,-0.0013654812949999873
2014-01-23,0.0,0.006400239999999989,0.012000800000000032,0.004626253080999996
2014-01-24,0.0,0.0032000600000000085,0.006000199999999963,0.0022330679014999936
2014-01-27,0.0,-0.0023999662499999855,-0.004499887500000025,-0.0017074603479999904
2014-01-28,0.0,0.0008000037499999951,0.0,0.00010300409999999473
2014-01-29,0.0,0.006400239999999989,0.010500612500000093,0.003785684300500003
2014-01-30,0.0,-0.0023999662500000132,-0.005999800000000068,-0.0018304515914999982
2014-01-31,0.0,0.004000093750000031,0.007500312500000007,0.0027090897749999987
2014-02-03,0.0,0.004800134999999999,0.00900045000000005,0.0033621523860000112
2014-02-04,0.0,-0.0023999662500000132,-0.005999800000000068,-0.0019109391445000165
2014-02-05,0.0,-0.004799865000000026,-0.010499387499999988,-0.003467307299500002
2014-02-06,0.0,-0.0023999662499999855,-0.0029999499999999817,-0.0011294863684999878
2014-02-07,0.0,0.001600015000000018,0.004500112500000025,0.001220020157000005
2014-02-10,0.0,0.0008000037499999674,0.0015000125000000429,0.00034650410199999236
2014-02-11,-5.184114923579665e-05,-0.003999906249999976,-0.005999800000000068,-0.002425936298000007
2014-02-12,-1.8390873766470966e-06,-0.003999906249999976,-0.004499887500000025,-0.0019989519485000043
2014-02-13,0.0,0.0056001837499999665,0.007500312500000007,0.002676078678499995
2014-02-14,0.0,-0.0015999849999999904,-0.001499987499999939,-0.00027199421799998727
2014-02-17,0.0,0.0,0.0,0.0
2014-02-18,0.0,0.0032000600000000085,0.0015000124999999388,0.001095013486
2014-02-19,0.0,-0.0015999850000000182,-0.0029999499999999817,-0.001468969793000003
2014-02-20,0.0,-0.0023999662499999855,-0.0029999499999999817,-0.0014069781179999955
2014-02-21,0.0,0.0024000337499999855,0.004500112500000025,0.0016420510499999986
2014-02-24,0.0,-0.0015999849999999904,-0.001499987500000043,-0.0006704944950000115
2014-02-25,0.0,0.004000093749999976,0.007500312500000007,0.0024500824500000087
2014-02-26,0.0,0.002400033750000041,0.004500112500000025,0.001745039825000011
2014-02-27,0.0,0.0016000149999999902,0.004500112500000025,0.0013245333519999922
2014-02-28,0.0,-0.0007999962500000229,0.0,-0.00013799591799999806
2014-03-03,0.0,0.004800134999999999,0.006000199999999963,0.002576081200000005
2014-03-04,0.0,-0.007999625000000007,-0.01349898749999997,-0.005082647225000007
2014-03-05,0.0,0.0,0.0,4.500023199999964e-05
2014-03-06,0.0,-0.0031999399999999806,-0.005999800000000068,-0.0022119326680000015
2014-03-07,0.0,-0.004799864999999971,-0.007499687500000006,-0.003020898393000006
2014-03-10,0.0,0.0008000037499999674,0.0,2.2003007000007906e-05
2014-03-11,0.0,0.001600015000000018,0.003000049999999982,0.001202527479999987
2014-03-12,0.0,0.0032000599999999807,0.007500312500000111,0.002351580055000017
2014-03-13,0.0,0.005600183749999994,0.010500612499999989,0.0036141742499999907
2014-03-14,0.0,0.0008000037500000229,0.0015000124999999388,0.0003040044750000025
2014-03-17,0.0,-0.003999906250000031,-0.005999799999999964,-0.002373927319499994
2014-03-18,0.0,0.001600015000000018,0.0015000124999999388,0.0008835078269999868
2014-03-19,0.0,-0.007999624999999979,-0.008999549999999945,-0.004946269898499988
2014-03-20,-5.587889791355199e-05,-0.0007999962500000229,-0.001499987500000043,-0.0002674954699999978
2014-03-21,-0.00026999949999999837,0.0032000600000000085,0.00900045000000005,0.0024601322764999985
2014-03-24,-0.0005925948692383332,0.0008000037499999951,0.004500112500000025,0.0010430492750000107
2014-03-25,7.69082049830401e-05,-0.0007999962499999952,-0.001499987500000043,-0.0006529890945000146
2014-03-26,-0.000147660114440351,0.0032000600000000085,0.004500112500000025,0.0022815639315000103
2014-03-27,-0.00013499975000000154,0.0016000149999999902,0.006000199999999963,0.0014025420269999863
2014-03-28,-0.0003574977749999999,-0.0031999400000000083,-0.005999799999999964,-0.002100445669999986
2014-03-31,0.0003523490336077861,0.0,-0.0029999499999999817,-0.00030149192300000453
2014-04-01,-0.00026999949999999837,-0.0031999399999999806,-0.005999800000000068,-0.0019084369230000127
2014-04-02,-0.0009173487221662434,-0.0039999062500000035,-0.007499687500000006,-0.00297438691799999
2014-04-03,-0.00015306097694438444,0.001600015000000018,0.003000050000000086,0.0011725271815000026
2014-04-04,0.0005027528360905972,0.004800134999999971,0.007500312499999903,0.0028995894254999896
2014-04-07,0.0005400020000000014,0.0024000337500000133,0.004500112500000025,0.001696038326500007
2014-04-08,-0.0002699995000000031,0.0016000149999999902,0.003000050000000086,0.0010820177250000034
2014-04-09,0.0008100044999999999,-0.0015999849999999904,-0.004499887500000025,-0.0009729658179999916
2014-04-10,0.0010800079999999982,0.004800134999999999,0.010500612499999885,0.003346647331499977
2014-04-11,0.0002700005000000031,0.0016000149999999902,0.003000050000000086,0.0013940429000000162
2014-04-14,-0.0005399979999999967,-0.0015999849999999904,-0.001499987500000043,-0.0006324950200000014
2014-04-15,-0.0005399980000000014,0.0008000037499999951,0.004500112500000025,0.0007455214315
2014-04-16,-0.0009233677235132783,-0.0007999962499999952,0.0,-0.00032699290000000705
2014-04-17,-0.010557216967732328,-0.0063997600000000165,-0.010499387499999988,-0.004247272799500001
2014-04-18,0.0,0.0,0.0,0.0
2014-04-21,0.0,0.0,0.0,5.550015200000134e-05
2014-04-22,0.0,0.0,0.003000049999999982,0.0005045149254999945
2014-04-23,0.0,0.0024000337499999855,0.004500112500000025,0.0017085383270000064
2014-04-24,0.0,0.0,0.0,4.800328200000457e-05
2014-04-25,0.0,0.001600015000000018,0.003000049999999982,0.0008865102069999925
2014-04-28,0.0,-0.0015999850000000182,-0.004499887500000025,-0.0011304778685000034
2014-04-29,-5.7229568912920514e-05,-0.0007999962499999674,-0.0029999499999999817,-0.000858985444499992
2014-04-30,0.004500112500000025,0.0032000600000000085,0.004500112500000025,0.0017845338755000024
2014-05-01,0.008943306277695602,0.0032000599999999807,0.009000449999999946,0.002857636804999999
2014-05-02,0.0,0.0024000337499999855,0.006000200000000015,0.0015605602004999928
2014-05-05,0.0,-0.0023999662499999855,-0.005999800000000016,-0.001865939519499995
2014-05-06,-5.506587954783967e-05,0.001600015000000018,0.004500112500000025,0.0012895341050000071
2014-05-07,0.0008100044999999999,-0.0007999962500000229,0.0015000124999999908,4.601319999998606e-05
2014-05-08,0.0007549550272412613,0.0008000037500000229,-0.007499687499999954,-0.0013569102499999938
2014-05-09,0.0,-0.0007999962500000229,-0.001499987500000043,-0.0006919891500000038
2014-05-12,0.0,-0.0031999400000000083,-0.004499887499999921,-0.0016334680699999892
2014-05-13,0.0,0.004000093750000031,0.006000199999999963,0.002442574679999991
2014-05-14,0.0,0.005600183749999994,0.012000800000000032,0.0040382540500000065
2014-05-15,-5.7242763776255876e-05,0.0032000599999999807,0.006000199999999963,0.0021745682049999935
2014-05-16,0.0017462099182108256,-0.0015999849999999904,-0.0029999499999999817,-0.0008909890999999906
2014-05-19,0.009942820524171513,-0.0015999849999999904,-0.005999800000000016,-0.0017589218750000014
2014-05-20,-5.499062352594358e-05,0.0016000149999999902,0.0015000124999999908,0.0008980083765000029
2014-05-21,0.0017498762500000329,-0.0015999849999999904,-0.004499887500000025,-0.0017164495495000098
2014-05-22,-0.0004999862499999621,-0.0015999850000000182,-0.0029999499999999817,-0.000893489798000008
2014-05-23,-0.0007500450000000303,0.001600015000000018,0.0045001124999999725,0.001377033780500005
2014-05-26,0.0,0.0,0.0,0.0
2014-05-27,-0.0008047735776616665,0.0016000149999999902,0.004500112500000077,0.001195533456500009
2014-05-28,-0.01605634802883684,0.006400240000000017,0.01200079999999998,0.004256764081500006
2014-05-29,0.0004999799999999969,-0.0007999962500000229,-0.0029999499999999817,-0.0010209841749999997
2014-05-30,0.00044518131382691964,-0.0023999662499999855,-0.0029999500000000338,-0.0012749798985000147
2014-06-02,0.0,-0.004799864999999999,-0.007499687500000006,-0.0030158854999999866
2014-06-03,-5.763015131170726e-05,-0.004799865000000026,-0.010499387499999988,-0.003216857475000016
2014-06-04,-0.0015575309710049758,-0.0007999962499999674,-0.001499987500000043,-0.000753988475
2014-06-05,0.0,0.0016000149999999902,0.0015000125000000429,0.0008850080000000114
2014-06-06,0.0,-0.0007999962500000229,0.0,-0.00047449677000000243
2014-06-09,0.0,-0.0015999849999999904,-0.001499987500000043,-0.0009209915500000094
2014-06-10,-5.4934314301614614e-05,-0.0015999849999999904,-0.0029999499999999817,-0.0012449817499999975
2014-06-11,0.00048627395693630896,-0.0007999962499999952,0.0,9.900095000000219e-05
2014-06-12,0.0,0.005600183749999994,0.009000449999999946,0.0033336550315000006
2014-06-13,-5.390530567681692e-05,-0.0015999850000000182,0.0,-0.000786491420000001
2014-06-16,-0.0005939033056768136,-0.0007999962499999674,0.0,-5.099665000000415e-05
2014-06-17,-5.3981862125777394e-05,-0.003999906250000031,-0.007499687499999902,-0.0027359098749999908
2014-06-18,0.0010800079999999982,0.004000093750000031,0.0045001124999999205,0.001871036506999989
2014-06-19,0.00015970124926359733,-0.0023999662500000132,-0.005999799999999964,-0.0016579403429999944
2014-06-20,-5.617599037749068e-05,0.0008000037499999951,0.003000049999999982,0.000949025726500001
2014-06-23,-5.394560472046674e-05,0.0,0.0,-0.0003469970885000051
2014-06-24,0.0002160531058083886,0.0032000600000000085,0.006000199999999963,0.002048066195000006
2014-06-25,0.0,0.001600015000000018,0.003000050000000034,0.0013875286315000088
2014-06-26,0.0,0.0032000599999999807,0.006000200000000015,0.001968550576999988
2014-06-27,0.0,-0.0007999962499999952,-0.0029999499999999817,-0.0004959921444999896
2014-06-30,0.0,0.0008000037499999951,0.003000049999999982,0.0008790152069999953
2014-07-01,0.0,-0.0039999062500000035,-0.007499687500000006,-0.002821872571500007
2014-07-02,0.0,-0.004799864999999999,-0.010499387499999988,-0.003445334144999991
2014-07-03,0.0,-0.0007999962499999952,-0.001499987499999939,-0.0008739922944999972
2014-07-04,0.0,0.0,0.0,0.0
2014-07-07,-5.3798973991728615e-05,0.0016000149999999902,0.006000199999999963,0.001351042184499996
2014-07-08,0.0002700005000000031,0.004000093750000004,0.007500312499999955,0.0028971293305000037
2014-07-09,0.0005400019999999968,0.0008000037500000229,0.003000050000000034,0.0008480092249999975
2014-07-10,0.0010800079999999982,0.0016000149999999902,0.0,0.00038400658050000803
2014-07-11,0.00021621055269628348,0.0016000149999999902,0.004500112500000025,0.0015555499314999959
2014-07-14,-5.383854963193601e-05,-0.0015999849999999904,-0.004499887500000025,-0.001471473072999999
2014-07-15,-0.0005399980000000014,-0.0007999962500000229,0.0,-0.0005014964245000089
2014-07-16,-0.00026999949999999837,0.0008000037500000229,0.003000049999999982,0.0006900145749999984
2014-07-17,0.0010800080000000027,0.006400239999999962,0.01050061250000004,0.004165745805000006
2014-07-18,-0.0008099955000000045,-0.0023999662499999855,-0.0029999499999999817,-0.0014539777484999972
2014-07-21,-0.0005399979999999967,0.0008000037499999951,0.003000049999999982,0.0008640259570000001
2014-07-22,0.0005400019999999968,0.0008000037500000229,0.0015000124999999908,0.0006670049014999959
2014-07-23,0.0002700005000000031,0.0,0.0,-7.399731899999224e-05
2014-07-24,-0.0011318926726468187,-0.0031999400000000083,-0.005999800000000016,-0.002483925748500012
2014-07-25,0.00021810615095020316,0.0032000600000000085,0.007500312499999955,0.0027071231749999885
2014-07-28,-5.1900180599691385e-05,-0.0015999850000000182,-0.0029999499999999297,-0.0013274799994999777
2014-07-29,0.0001306044719300477,0.0024000337499999855,0.006000199999999963,0.0019835625819999876
2014-07-30,-5.400872988042812e-05,-0.007999624999999951,-0.013498987500000023,-0.005043149467999994
2014-07-31,0.00048602253292611737,-0.0007999962500000229,-0.001499987499999939,-0.0002599955680000024
2014-08-01,0.0,0.004800134999999999,0.006000200000000015,0.0028955823800000074
2014-08-04,0.0,0.0008000037500000229,-0.001499987500000043,-0.00013399571800000684
2014-08-05,0.0,0.0016000149999999625,0.003000049999999982,0.0009295157270000035
2014-08-06,0.0,0.0,0.0015000125000000429,0.0004035037549999978
2014-08-07,0.0,0.004800134999999999,0.006000199999999963,0.0027070833014999915
2014-08-08,0.0,-0.0007999962499999674,0.0,-0.00036149799349999723
2014-08-11,0.0,0.0,0.0,-0.0002924974495000057
2014-08-12,0.0,-0.0015999850000000182,-0.004499887499999973,-0.0012514664994999884
2014-08-13,0.0,0.0024000337499999855,0.0045001124999999725,0.001854541376999985
2014-08-14,0.0,0.0024000337500000133,0.006000199999999963,0.0018540604750000057
2014-08-15,0.0,0.0048001350000000265,0.01050061250000004,0.003419191807000006
2014-08-18,0.0,-0.003999906250000031,-0.008999549999999997,-0.003271328070000002
2014-08-19,0.0,-0.0007999962499999952,-0.0029999499999999817,-0.0007594918699999869
2014-08-20,0.0,-0.0023999662500000132,-0.001499987500000043,-0.0012869839930000112
2014-08-21,0.0,0.001600015000000018,0.004500112500000025,0.0013140334220000081
2014-08-22,-5.144279876488052e-05,0.0008000037499999951,0.003000050000000034,0.0005205293754999904
2014-08-25,-5.145799412175333e-05,0.0008000037499999951,0.003000049999999982,0.0009630260320000032
2014-08-26,0.0,0.0,-0.001499987500000043,-0.00040498931950000265
2014-08-27,0.0,0.0016000149999999902,0.006000200000000015,0.0019330607305000024
2014-08-28,0.0,0.002400033750000041,0.004500112500000025,0.0015165358255000018
2014-08-29,-5.1871080334882943e-05,-0.0007999962500000229,-0.001499987500000043,-0.0004099957299999955
2014-09-01,0.0,0.0,0.0,0.0
2014-09-02,-5.1871080334882943e-05,-0.0055998162499999934,-0.011999199999999979,-0.004236243145000001
2014-09-03,0.0,0.0008000037499999951,0.0015000125000000429,0.0006385106550000014
2014-09-04,0.0,-0.0031999400000000083,-0.007499687500000058,-0.002626378920000004
2014-09-05,-5.3650468199984225e-05,-0.0007999962499999952,-0.0029999499999999817,-0.0005999848250000078
2014-09-08,0.001244476037735999,-0.0015999849999999904,0.0,-0.0005334959244999996
2014-09-09,-5.183910237664712e-05,-0.0015999850000000182,0.0,-0.0006794935700000012
2014-09-10,0.0,-0.0031999399999999806,-0.005999799999999964,-0.0019039504499999843
2014-09-11,0.0,0.0,-0.001499987500000043,-0.00034999650000001
2014-09-12,-5.174612835108298e-05,-0.0063997600000000165,-0.011999199999999979,-0.004053738975000004
2014-09-15,-5.161151693051169e-05,0.0016000149999999902,0.0015000125000000429,0.0008580082000000097
2014-09-16,-5.3190555202345196e-05,0.0,-0.0029999500000000338,-0.0005159850535
2014-09-17,0.0017835050190972517,-0.0015999849999999904,-0.001499987500000043,-0.0010514897685000107
2014-09-18,0.0,-0.0007999962499999952,0.0,-0.0002499940234999936
2014-09-19,0.0,0.0032000600000000085,0.01050061250000004,0.003082680080000004
2014-09-22,0.0,0.001600015000000018,0.0015000124999999908,0.000942008630500007
2014-09-23,0.0,0.0024000337499999855,0.004500112500000025,0.0016110374749999904
2014-09-24,0.0,-0.0023999662499999855,-0.004499887500000025,-0.00177996054299999
2014-09-25,0.0,0.004000093749999976,0.009000449999999998,0.00332614860549999
2014-09-26,0.0,-0.0015999849999999904,-0.001499987500000043,-0.0009194906200000068
2014-09-29,0.0,0.0032000599999999807,0.006000200000000015,0.002100565381499999
2014-09-30,0.0,-0.0015999849999999904,-0.004499887499999973,-0.0013529665739999874
2014-10-01,0.0,0.008000375000000007,0.016501512500000003,0.005577906746499992
2014-10-02,0.0,-0.0015999849999999904,-0.004499887499999973,-0.0013984659229999952
2014-10-03,0.0,-0.0007999962500000229,0.0015000124999999388,2.1513854999990643e-05
2014-10-06,0.0,0.0016000149999999902,0.0015000125000000429,0.0009535088315000021
2014-10-07,0.0,0.005600183750000022,0.010500612499999989,0.0036726770565000027
2014-10-08,0.0,0.0008000037499999951,-0.001499987499999991,0.0006145177020000071
2014-10-09,0.0,0.0008000037500000229,0.0015000124999999908,0.0001580018000000018
2014-10-10,0.0,0.0024000337499999855,0.006000200000000015,0.002038062751500002
2014-10-13,0.0,0.0,0.0,0.0
2014-10-14,0.0,0.008000375000000007,0.01350101249999997,0.005240327430499991
2014-10-15,0.0,0.004800134999999999,0.006000200000000015,0.002800579231500001
2014-10-16,0.0,-0.0015999850000000182,-0.0029999500000000338,-0.0011484828745000012
2014-10-17,0.0,-0.0039999062500000035,-0.005999800000000016,-0.0025839221945000027
2014-10-20,-5.190153075416611e-05,0.0016000149999999902,0.003000050000000034,0.0013025192064999968
2014-10-21,0.0,-0.0023999662499999855,-0.005999800000000016,-0.002005937399999992
2014-10-22,-5.190153075416611e-05,-0.0015999849999999904,-0.001499987499999991,-0.0008684929199999985
2014-10-23,-5.1871080334882943e-05,-0.0031999400000000083,-0.005999799999999964,-0.002378427424499999
2014-10-24,0.0,0.0,0.0,-3.499972499999932e-05
2014-10-27,-5.184114923579665e-05,0.0016000149999999902,0.003000049999999982,0.0008535098254999944
2014-10-28,0.0,-0.0023999662499999855,-0.005999800000000016,-0.0016099646235000031
2014-10-29,0.0,-0.0031999399999999806,0.0,-0.0014154729434999978
2014-10-30,0.0,0.0016000149999999902,0.003000050000000034,0.001121017053500006
2014-10-31,0.0,-0.0023999662500000132,-0.005999800000000016,-0.0019449514484999985
2014-11-03,0.0,-0.0007999962499999952,0.0015000125000000429,-5.999808849999314e-05
2014-11-04,0.0,0.0008000037499999951,0.003000049999999982,0.000765014431999995
2014-11-05,0.0,-0.0007999962499999952,-0.001499987500000043,-0.00043499612350000953
2014-11-06,0.0,-0.0023999662500000132,-0.005999800000000016,-0.0020164498684999933
2014-11-07,0.0,0.005600183750000022,0.01050061250000004,0.003637158425000001
2014-11-10,0.0,-0.004799864999999999,-0.007499687500000006,-0.003045886117999997
2014-11-11,0.0,0.0,0.0,0.0
2014-11-12,0.0,0.0008000037499999674,0.0,0.00013250060499999636
2014-11-13,0.0,0.001600015000000018,0.0015000125000000429,0.0007195059065000011
2014-11-14,0.0,0.0024000337500000133,0.0045001124999999725,0.0017800532264999973
2014-11-17,0.0,-0.0015999849999999904,-0.0029999500000000338,-0.0010764830995000061
2014-11-18,0.0,0.0016000149999999902,0.003000050000000034,0.0007970091305000097
2014-11-19,0.0,-0.0031999400000000083,-0.004499887499999973,-0.0018589572945000028
2014-11-20,0.0,0.001600015000000018,0.003000049999999982,0.0013530283805000052
2014-11-21,0.0,0.0024000337499999855,0.0045001124999999725,0.0014885359504999915
2014-11-24,0.0,0.0008000037499999951,0.0015000124999999908,0.0005565042770000019
2014-11-25,0.0,0.0024000337499999855,0.007500312500000007,0.002286076376499996
2014-11-26,0.0,0.0024000337499999855,0.003000050000000034,0.0011450189249999985
2014-11-27,0.0,0.0,0.0,0.0
2014-11-28,0.0,0.0048001350000000265,0.007500312499999955,0.003431645054999998
2014-12-01,0.0,-0.0031999400000000083,-0.005999800000000016,-0.002600387973000001
2014-12-02,0.0,-0.004799864999999971,-0.008999549999999997,-0.0034083653949999924
2014-12-03,0.0,-0.0007999962500000229,0.0015000125000000429,2.8504908499997007e-05
2014-12-04,0.0,0.0032000600000000085,0.007500312499999955,0.002411096182000002
2014-12-05,-5.1986109958779115e-05,-0.004799864999999999,-0.004499887499999973,-0.003017918320000001
2014-12-08,-5.284850400022234e-05,0.004000093750000004,0.010500612499999989,0.003166685056500004
2014-12-09,0.000589534247892473,0.0032000599999999807,0.006000200000000015,0.0020360544519999967
2014-12-10,0.0,0.0032000600000000085,0.006000200000000015,0.002533573196999997
2014-12-11,-5.490204368389832e-05,-0.0007999962499999952,0.0,-0.0008649907484999927
2014-12-12,0.0021954142633800727,0.007200303749999984,0.01350101249999997,0.00521384987049999
2014-12-15,-5.7613473041353225e-05,-0.0015999849999999904,0.0,-0.000683487821999999
2014-12-16,-0.0075579792157944945,0.004000093750000004,0.007500312500000007,0.002841106530500001
2014-12-17,0.0,-0.005599816250000021,-0.008999549999999997,-0.0035958551049999994
2014-12-18,-5.803270152472446e-05,-0.006399759999999989,-0.011999199999999979,-0.004475230027999993
2014-12-19,-0.009110046281601563,0.004000093750000004,0.009000449999999998,0.0025716131564999995
2014-12-22,0.0020447418316498116,0.0,0.0015000124999999388,0.0003055112829999923
2014-12-23,-0.002550113043501541,-0.0071996962499999845,-0.01499874999999991,-0.005230594171999993
2014-12-24,0.0018528033517010213,-0.0007999962500000229,0.0015000124999999388,0.00026201270199999
2014-12-25,0.0,0.0,0.0,0.0
2014-12-26,-0.0014054598179188262,0.001600015000000018,0.003000050000000034,0.0010220165990000088
2014-12-29,-0.0013464597969452285,0.0024000337499999855,0.004500112500000025,0.0018825429130000057
2014-12-30,0.0005000200000000231,0.0016000149999999902,0.00300004999999993,0.001318019094999989
2014-12-31,-0.0005552260139155838,0.0024000337500000133,0.003000049999999982,0.0011025139454999985
2015-01-01,0.0,0.0,0.0,0.0
2015-01-02,-0.00905840069552447,0.004000093750000004,0.00900045000000005,0.003099143478500006
2015-01-05,-5.3142563637333265e-05,0.006400239999999989,0.013501012500000022,0.004388320681999994
2015-01-06,0.0,0.005600183750000022,0.010500612499999989,0.004130741805000008
2015-01-07,-5.0000015000000024e-05,0.0008000037499999951,0.0,0.00045200282649999904
2015-01-08,-5.000001499999997e-05,-0.0055998162499999934,-0.011999200000000031,-0.0035807846035000013
2015-01-09,0.0,0.004000093750000004,0.006000200000000015,0.0025710776305000044
2015-01-12,-3.1685395813468284e-06,0.004800134999999999,0.009000449999999998,0.0034321536219999935
2015-01-13,-5.31877827041281e-05,0.0008000037499999951,-0.001499987500000043,0.000256503581499994
2015-01-14,-3.2040026284349234e-06,0.004000093749999976,0.006000200000000015,0.002090547496999995
2015-01-15,0.0,0.007200303750000012,0.012000800000000032,0.004741758422000012
2015-01-16,-5.324138725503446e-05,-0.004799864999999999,-0.007499687500000006,-0.003008400218499996
2015-01-19,0.0,0.0,0.0,0.0
2015-01-20,-3.2390774297362684e-06,0.0008000037499999951,0.003000050000000034,0.0010160640014999969
2015-01-21,0.0,-0.0039999062500000035,-0.007499687500000058,-0.0026938953
2015-01-22,0.0,-0.0023999662499999855,-0.001499987499999939,-0.0012369818999999952
2015-01-23,0.0,0.007200303749999984,0.01350101249999997,0.004507791976999996
2015-01-26,0.0,-0.0015999849999999904,-0.0029999500000000338,-0.001252981918000004
2015-01-27,0.0,0.0,-0.001499987499999939,0.00013000285550000354
2015-01-28,0.0,0.008000375000000007,0.015001250000000013,0.005697465300000003
2015-01-29,-5.306213125686587e-05,-0.0031999400000000083,-0.008999549999999997,-0.002623403298000002
2015-01-30,0.0,0.007200303750000012,0.010500612499999937,0.0046942734805
2015-02-02,-0.00010916596120688629,0.0,-0.004499887499999973,-0.0005484884699999972
2015-02-03,0.005139382659438555,-0.008799546250000002,-0.013498987500000023,-0.005997489270000009
2015-02-04,-5.000001500000008e-05,-0.0015999850000000182,-0.001499987499999991,-0.0008269878429999978
2015-02-05,0.0,-0.0015999849999999904,-0.004499887500000025,-0.0013464665995
2015-02-06,4.9999985000000076e-05,-0.009599459999999997,-0.011999199999999927,-0.006427575418499987
2015-02-09,-3.575144771247547e-06,-0.0007999962499999952,0.0,-0.0003974969530000044
2015-02-10,-0.00018857564111927596,-0.003999906249999976,-0.007499687500000058,-0.002805373495000004
2015-02-11,-5.000001499999997e-05,0.0008000037499999674,0.0,0.00016050303150000252
2015-02-12,-5.358773742024748e-05,0.0008000037499999951,0.0,0.00036200635549999376
2015-02-13,-0.00018858706340086677,-0.0023999662499999855,-0.008999549999999997,-0.0025753915494999987
2015-02-16,0.0,0.0,0.0,0.0
2015-02-17,0.0,-0.009599460000000025,-0.014998750000000014,-0.005829055779500008
2015-02-18,0.0,0.005600183750000022,0.004500112500000025,0.003051087220000002
2015-02-19,0.0,-0.0031999399999999806,-0.005999800000000016,-0.002386939274999995
2015-02-20,0.0,-0.0015999850000000182,0.0,-0.00047299627500000253
2015-02-23,-3.043949415056282e-06,0.005600183749999994,0.00900045000000005,0.003623685881500005
2015-02-24,0.0,0.005600183749999994,0.009000449999999998,0.003857174924999998
2015-02-25,-5.304393441505625e-05,0.0024000337500000133,0.0045001124999999725,0.0015215509315000006
2015-02-26,0.0,-0.0055998162499999934,-0.005999800000000016,-0.0036348284195000012
2015-02-27,0.0,0.0024000337499999855,0.0015000125000000429,0.0015555311505000002
2015-03-02,-2.967509964671146e-06,-0.006399759999999989,-0.011999200000000031,-0.0043827333735
2015-03-03,-5.294679755314291e-05,-0.0031999400000000083,-0.004499887500000025,-0.002014954244999999
2015-03-04,-5.292917013244083e-05,0.0,0.0,-4.97099500004457e-07
2015-03-05,-5.291078907377623e-05,0.0008000037500000229,0.0,0.000680006005500006
2015-03-06,0.0,-0.010399366250000049,-0.020997549999999976,-0.007449794729500009
2015-03-09,4.708915092622376e-05,0.0032000600000000085,0.007500312500000007,0.002282565806500013
2015-03-10,0.0,0.004800134999999999,0.01050061250000004,0.0035201930949999944
2015-03-11,0.0,0.002400033750000041,0.006000199999999911,0.0018785608255000002
2015-03-12,0.0,0.0008000037499999674,0.0,0.000331501404999996
2015-03-13,0.0,-0.0023999662499999855,-0.001499987499999939,-0.0008089920234999974
2015-03-16,0.0,0.0024000337499999855,0.0045001124999999725,0.0016300382210000044
2015-03-17,0.0,0.0032000600000000085,0.007500312500000007,0.0023926208550000003
2015-03-18,0.0,0.01040063375000002,0.013501012500000022,0.006630477420500008
2015-03-19,0.0,-0.0039999062500000035,-0.0029999500000000338,-0.002312447755000007
2015-03-20,0.0,0.004000093750000004,0.006000200000000015,0.002633079023499998
2015-03-23,0.0,0.0008000037499999951,0.0,9.800385200000633e-05
2015-03-24,0.0,0.0032000600000000085,0.007500312499999955,0.002528597825499991
2015-03-25,0.0,-0.0039999062500000035,-0.005999799999999912,-0.002403426517999993
2015-03-26,0.0,-0.006399759999999989,-0.013498987500000075,-0.00493562989850001
2015-03-27,0.0,0.004800134999999971,0.012000800000000032,0.003967219932000008
2015-03-30,0.0,-0.0007999962499999952,-0.004499887499999973,-0.0009219791939999951
2015-03-31,0.0,0.0016000149999999902,0.0015000124999999908,0.0010320099304999956
2015-04-01,-5.66753562718354e-05,0.005600183749999994,0.01200079999999998,0.0038567203359999892
2015-04-02,0.0012933133937281722,-0.003999906249999976,-0.008999549999999997,-0.002878359823499989
2015-04-03,-5.676008871502648e-05,0.0056001837499999665,0.007500312499999955,0.0034081174049999862
2015-04-06,0.002249968750000002,-0.005599816249999966,-0.010499387499999936,-0.003988261674499981
2015-04-07,0.0003932518371257018,0.0024000337499999855,0.006000199999999963,0.0017780802054999888
2015-04-08,0.0,-0.0023999662499999855,-0.001499987499999939,-0.0009144909494999912
2015-04-09,0.0,-0.0039999062500000035,-0.01049938750000004,-0.003701776075000001
2015-04-10,0.0,0.0008000037499999951,0.003000049999999982,0.0008515259969999937
2015-04-13,0.0,0.0016000149999999902,0.0,0.0005240039614999982
2015-04-14,0.0,0.0032000600000000085,0.006000200000000015,0.0022815684270000047
2015-04-15,0.0,-0.0007999962499999952,-0.001499987499999991,-0.0002769956689999981
2015-04-16,0.0,0.0008000037499999951,-0.001499987499999991,7.950610499999621e-05
2015-04-17,0.0,0.0024000337499999855,0.007500312500000007,0.0019460915805000073
2015-04-20,0.0,-0.0023999662499999855,-0.007499687500000006,-0.0023544071120000084
2015-04-21,0.0,-0.0015999849999999904,-0.0029999500000000338,-0.0010594830934999994
2015-04-22,0.0,-0.005599816250000021,-0.01349898749999997,-0.004451716123500004
2015-04-23,0.0,0.0024000337500000133,0.006000200000000015,0.002069552156500006
2015-04-24,0.0,0.0024000337500000133,0.003000049999999982,0.0010930131264999996
2015-04-27,0.0,-0.0007999962500000229,0.0,-0.00011999619449999644
2015-04-28,-5.609073924247082e-05,-0.004799864999999999,-0.008999549999999997,-0.003389321468500007
2015-04-29,0.0016905658467766748,-0.004799864999999999,-0.01049938750000004,-0.0036437735635000018
2015-04-30,-1.1280053810945663e-05,0.0008000037500000229,0.0,0.0003205029565000031
2015-05-01,-5.000001499999997e-05,-0.005599816250000021,-0.011999199999999927,-0.004173268943499994
2015-05-04,9.688257224437153e-05,-0.0031999400000000083,-0.007499687500000058,-0.0024913795360000054
2015-05-05,0.0,-0.0023999662499999855,-0.0029999499999999817,-0.001330979694499994
2015-05-06,0.0,-0.004799864999999999,-0.011999200000000031,-0.003916754194500008
2015-05-07,0.0,0.005600183749999994,0.013501012500000022,0.003968268505500007
2015-05-08,0.0,0.0016000149999999902,0.0,0.0008765104299999981
2015-05-11,0.0,-0.00959945999999997,-0.019497887499999988,-0.0068388151029999955
2015-05-12,-5.923354064271371e-05,0.0,0.0015000124999999908,0.00046450385049999086
2015-05-13,0.0,0.0008000037499999674,-0.005999800000000016,-0.001345922694499999
2015-05-14,0.003616152499844334,0.0032000600000000085,0.004500112500000025,0.0024450678820000056
2015-05-15,-0.0003219614893044846,0.007200303749999984,0.01500124999999996,0.004916894601999982
2015-05-18,-0.005019067487021077,-0.0071996962499999845,-0.01349898749999997,-0.004900162243499991
2015-05-19,-5.9073104584198474e-05,-0.0031999400000000083,-0.005999800000000016,-0.0024184387184999967
2015-05-20,0.0018009220945491876,0.0008000037500000229,0.0,0.00033100645149999457
2015-05-21,-5.4010579230324694e-05,0.005600183749999994,0.012000800000000032,0.004007752931500007
2015-05-22,-0.0007199960000000004,-0.0015999849999999904,-0.0029999500000000338,-0.0013364834435000091
2015-05-25,0.0,0.0,0.0,0.0
2015-05-26,0.0,0.0056001837499999665,0.013501012500000022,0.0044568540565000005
2015-05-27,-5.39771001747978e-05,0.0,0.0015000124999999908,0.0003420037205000042
2015-05-28,0.0,0.0008000037500000229,-0.001499987499999991,1.3505156499997406e-05
2015-05-29,-5.2938593630745045e-05,0.0008000037499999951,0.0015000124999999908,0.0008150068810000039
2015-06-01,0.0002369067891282331,-0.0055998162499999934,-0.008999549999999997,-0.0035603386229999963
2015-06-02,-5.3239062429736236e-05,-0.0063997600000000165,-0.011999199999999979,-0.004284232649500003
2015-06-03,-5.3574825425355385e-05,-0.008799546249999974,-0.014998750000000014,-0.005449110274499997
2015-06-04,0.0013414368782419027,0.005600183749999994,0.013501012500000022,0.004244777331500007
2015-06-05,-5.443705951784068e-05,-0.007999625000000007,-0.013498987500000023,-0.00527217222950001
2015-06-08,0.0009006726677104381,0.0016000149999999902,0.0015000124999999908,0.0008095069469999997
2015-06-09,-5.3720204341349614e-05,-0.0023999662499999855,-0.004499887500000025,-0.0018779462985000044
2015-06-10,-0.0012792782103026373,-0.0063997600000000165,-0.010499387499999988,-0.0038862912139999996
2015-06-11,0.00024782827382974096,0.008800453750000003,0.018001800000000047,0.005766017075500006
2015-06-12,-0.0007056921336728398,0.0,0.0,7.250262549999996e-05
2015-06-15,0.0007512723245385199,0.0024000337500000133,0.0015000124999999388,0.0011030127765000023
2015-06-16,0.002421163347017686,0.0032000600000000085,0.006000200000000015,0.0019775512004999913
2015-06-17,-5.520825763291999e-05,0.0,-0.004499887499999973,-0.000479462818499985
2015-06-18,-0.0009299898750000052,-0.0023999662500000132,-0.005999800000000016,-0.0020784178140000197
2015-06-19,0.0021512329847772726,0.007200303750000012,0.015001250000000013,0.004998861193500012
2015-06-22,-0.0001703001388942217,-0.00879954625000003,-0.016498487500000006,-0.006093491066500011
2015-06-23,-0.002535250448850767,-0.003999906249999976,-0.007499687500000006,-0.002429418453499995
2015-06-24,0.00043839046873427344,0.0032000600000000085,0.007500312500000007,0.0021520748014999995
2015-06-25,-4.1188191608392434e-05,-0.0015999850000000182,-0.001499987499999991,-0.0004644962185000035
2015-06-26,0.00011305583146691643,-0.007199696250000012,-0.014998750000000014,-0.004774650298499999
2015-06-29,0.00034746106997749166,0.012800960000000005,0.02400320000000001,0.008784569434000012
2015-06-30,-0.0005316436536658371,-0.0015999849999999904,-0.001499987500000043,-0.0009129871695000072
2015-07-01,0.0006037274808998153,-0.0063997600000000165,-0.01349898749999997,-0.004827672269000005
2015-07-02,-5.625584472476251e-05,0.0024000337500000133,0.003000050000000034,0.0016330238585000145
2015-07-03,0.0,0.0,0.0,0.0
2015-07-06,-0.0016730400435024592,0.008000375000000007,0.018001799999999995,0.0059550181769999905
2015-07-07,6.985129343990038e-05,0.0024000337499999855,0.006000199999999963,0.0018325605564999993
2015-07-08,0.0036081172874552364,0.004000093750000004,0.007500312500000007,0.002945609579999995
2015-07-09,-0.00020360269588236887,-0.007999624999999979,-0.016498487499999954,-0.005977459594499985
2015-07-10,0.002373355272625882,-0.007999625000000007,-0.016498487500000058,-0.0057430845515000105
2015-07-13,-5.6604227374117244e-05,-0.0015999849999999904,-0.001499987499999991,-0.0009024923729999921
2015-07-14,-0.0008100044999999999,0.0024000337499999855,0.003000050000000034,0.0013150169054999949
2015-07-15,-0.0008645565721594445,0.004000093750000004,0.010500612499999937,0.0034401890569999956
2015-07-16,0.0006204422085165198,0.0,0.003000050000000034,0.00024751750650000567
2015-07-17,0.0,0.001600015000000018,0.006000200000000015,0.001289541902
2015-07-20,0.0,-0.0031999400000000083,-0.0029999500000000338,-0.0016914722160000003
2015-07-21,-5.659411439336385e-05,0.0024000337499999855,0.003000050000000034,0.001294020771999999
2015-07-22,0.0002162682403200562,0.0016000149999999902,0.006000199999999963,0.0015205581754999971
2015-07-23,-2.3801912317019373e-05,0.004000093750000031,0.00900045000000005,0.003066141580500008
2015-07-24,0.0005600940759586842,0.0008000037499999674,0.0,0.0006610099569999955
2015-07-27,-5.656690899779422e-05,0.0032000600000000085,0.0045001124999999725,0.0021485510019999925
2015-07-28,0.0007534508359812251,-0.0023999662499999855,-0.0029999500000000338,-0.0015549677484999983
2015-07-29,0.0,-0.0023999662500000132,-0.004499887499999973,-0.001604962744500002
2015-07-30,-5.991403730037469e-05,0.0008000037500000229,0.0045001124999999725,0.0010040322220000026
2015-07-31,0.005520108109986405,0.006400239999999962,0.007500312500000059,0.003418120597000006
2015-08-03,-5.599378208886623e-05,0.0032000600000000085,0.009000449999999998,0.0027521361884999995
2015-08-04,-0.0055998162499999934,-0.0055998162499999934,-0.005999800000000016,-0.0032098981934999956
2015-08-05,-0.004056005685002058,-0.003999906249999976,-0.007499687500000006,-0.002535414393500001
2015-08-06,-5.190240686042981e-05,0.004000093749999976,0.007500312500000007,0.0024565817045000002
2015-08-07,-4.999994249999999e-05,0.004000093750000004,0.010500612499999989,0.0032106877854999917
2015-08-10,-2.1788152902072787e-06,-0.004799865000000026,-0.008999549999999997,-0.0030908536605000025
2015-08-11,-5.605847214615721e-05,0.007200303750000039,0.01200079999999998,0.0047737851985000055
2015-08-12,0.0007439452778538101,0.0008000037499999674,-0.0029999499999999817,-0.0006359737984999954
2015-08-13,0.0,-0.003999906249999976,-0.0029999499999999817,-0.002005462099000003
2015-08-14,-5.222491303756028e-05,-0.0007999962500000229,0.0,-2.2988367999996362e-05
2015-08-17,-1.473770784044719e-05,0.0032000600000000085,0.004500112500000025,0.0018100423069999992
2015-08-18,-5.2288477442972864e-05,-0.0031999400000000083,-0.007499687500000058,-0.0025983790990000066
2015-08-19,4.268787407340547e-05,0.006400240000000017,0.010500612499999989,0.0043777065854999995
2015-08-20,5.4825908299850146e-05,0.0024000337500000133,0.006000200000000015,0.0018195801545000056
2015-08-21,0.00013014882808823558,0.0032000600000000085,0.0015000125000000429,0.0017060282970000032
2015-08-24,0.00015215859020985286,0.0032000600000000085,0.003000049999999982,0.0015440219009999962
2015-08-25,-7.092841095486126e-05,-0.00879954625000003,-0.017998199999999995,-0.0063524601779999966
2015-08-26,0.00034380729058344897,-0.004799864999999999,-0.014998750000000014,-0.0042656327680000005
2015-08-27,-3.0529978856353766e-05,0.0,0.004500112500000025,0.0005235138109999947
2015-08-28,-0.00036396464450218875,-0.0007999962499999952,0.0,-0.0003179943414999934
2015-08-31,-4.67488976470585e-05,-0.0015999849999999904,-0.004499887500000025,-0.001565465037000007
2015-09-01,-7.731036222915751e-07,0.0032000599999999807,0.003000049999999982,0.001752529963999995
2015-09-02,-1.1531804086687752e-05,-0.0023999662500000132,-0.005999800000000016,-0.001999937303499997
2015-09-03,2.3219964055728164e-05,0.001600015000000018,0.003000050000000034,0.001262018357000002
2015-09-04,0.00011749489289473685,0.004000093750000004,0.009000449999999998,0.002905141501499998
2015-09-07,0.0,0.0,0.0,0.0
2015-09-08,-0.00014039818153250826,-0.005599816250000021,-0.011999200000000031,-0.004311240548000001
2015-09-09,-3.552621975232095e-05,-0.0007999962499999674,0.003000050000000034,0.0004495079310000054
2015-09-10,-1.1686992213623003e-05,-0.0015999850000000182,-0.0029999500000000338,-0.0010664830980000016
2015-09-11,5.607503245170984e-05,0.0024000337499999855,0.004500112500000025,0.001811540456999996
2015-09-14,6.1029837500000585e-05,0.001600015000000018,0.0015000124999999908,0.0003685032060000023
2015-09-15,-0.0003115300838326714,-0.007999624999999979,-0.016498487500000006,-0.006257992953500001
2015-09-16,-0.000850470610700283,-0.0015999850000000182,-0.0029999499999999817,-0.0010289834059999954
2015-09-17,0.0008524132724595864,0.007200303750000012,0.009000449999999998,0.0047282140035
2015-09-18,-0.0006628705313284594,0.006400239999999989,0.016501512500000003,0.004918872259499995
2015-09-21,0.0006153014158163282,-0.005599816250000021,-0.01349898749999997,-0.0045926815679999955
2015-09-22,-0.0009137928188775533,0.004800134999999999,0.010500612499999937,0.004058236931999998
2015-09-23,0.0004545876913265317,-0.0015999849999999904,0.0,-0.0007059937430000062
2015-09-24,-0.00027757880332143726,0.0024000337500000133,0.007500312500000059,0.002141072670000011
2015-09-25,-0.0007481758363057442,-0.0031999400000000083,-0.007499687500000058,-0.002586901748500009
2015-09-28,0.0026843819094372057,0.005600183749999994,0.013501012500000074,0.00454131809400001
2015-09-29,0.0008750312500000186,0.004000093750000031,0.0045001124999999725,0.0020505423314999996
2015-09-30,-0.00039999812500001147,-0.0007999962500000229,-0.004499887499999973,-0.0009844791479999989
2015-10-01,0.00040000187500001145,0.0008000037500000229,0.00300004999999993,0.0007990143949999929
2015-10-02,0.0005567470336739548,0.004800134999999971,0.007500312500000059,0.0030500909360000076
2015-10-05,0.0005418371938775556,-0.006399759999999989,-0.011999200000000031,-0.0043177354445
2015-10-06,-7.806047193877641e-05,0.001600015000000018,0.003000049999999982,0.000999516576999997
2015-10-07,0.00016071339285714074,-0.0023999662500000132,-0.001499987499999939,-0.0010514893685000018
2015-10-08,0.0003811223341836687,-0.0031999400000000083,-0.007499687500000058,-0.0028748477235000028
2015-10-09,0.00022499937500000255,0.0,0.0015000125000000429,0.000350011055500007
2015-10-12,0.0,0.0,0.0,0.0
2015-10-13,-0.0006107174107142828,0.004800134999999999,0.009000449999999946,0.0031076268064999897
2015-10-14,-0.0006020304815519325,0.005600183749999994,0.01050061250000004,0.003822661005500011
2015-10-15,0.002338685752551028,-0.0039999062500000035,-0.005999800000000016,-0.002442936944500006
2015-10-16,-9.453637751791092e-06,0.0,0.0,-0.0001834992184999997
2015-10-19,0.0014446332238797612,0.0,-0.0029999499999999817,-0.0006284856370000027
2015-10-20,-0.0008999937500000009,-0.0031999399999999806,-0.007499687500000006,-0.0024029323249999943
2015-10-21,0.0003600009999999994,0.0032000599999999807,0.007500312500000007,0.0025455985254999995
2015-10-22,0.0005400022500000014,0.0,0.0,0.00016050055200000002
2015-10-23,-0.0008999937500000009,-0.003999906249999976,-0.008999549999999997,-0.0028959063384999947
2015-10-26,0.0,0.0016000149999999902,0.006000199999999963,0.0016090442939999928
2015-10-27,0.00012531932947630356,0.001600015000000018,0.003000050000000034,0.0010025122115000025
2015-10-28,-5.487122300447454e-05,-0.003999906250000031,-0.0029999500000000338,-0.0022164539560000046
2015-10-29,-0.00035999899999999936,-0.0071996962499999845,-0.014998750000000014,-0.004902145495500003
2015-10-30,-5.485941724591212e-05,0.0024000337499999855,0.004500112500000077,0.0014370359115000043
2015-11-02,-5.5532135191226916e-05,-0.0031999400000000083,-0.004499887500000077,-0.0018704643810000074
2015-11-03,5.000001500000013e-05,-0.0023999662499999855,-0.007499687499999954,-0.0023829061514999885
2015-11-04,-4.999998500000013e-05,-0.0015999849999999904,-0.001499987500000043,-0.0009669898930000023
2015-11-05,0.0,-0.0007999962499999952,-0.0029999499999999817,-0.0007239919799999975
2015-11-06,-0.000249999625,-0.006399759999999989,-0.011999199999999979,-0.004716722532999993
2015-11-09,-9.999994000000004e-05,-0.0015999850000000182,-0.004499887500000025,-0.0015389647510000147
2015-11-10,0.0,0.0032000600000000085,0.004500112500000025,0.0016265308305000077
2015-11-11,-5.564085180088505e-05,0.0,0.0,0.0
2015-11-12,-5.519705433734941e-05,0.0,0.0015000124999999908,0.00014550415200000524
2015-11-13,0.0002650265186016716,0.0032000600000000085,0.0045001124999999725,0.002079546653999988
2015-11-16,0.0018017077983580095,0.0008000037499999674,0.0,0.00011650508150000353
2015-11-17,-5.7976154939508626e-05,0.001600015000000018,0.004500112500000025,0.0012435331020000007
2015-11-18,-0.0012979336922367632,-0.0015999850000000182,-0.001499987500000043,-0.0006924943545000069
2015-11-19,0.0,0.0024000337499999855,0.006000200000000015,0.0017935604255000035
2015-11-20,0.0,-0.0015999849999999627,-0.0029999499999999817,-0.0011664827995000015
2015-11-23,0.0,0.0008000037499999951,0.003000049999999982,0.0007085151060000044
2015-11-24,0.0,0.0008000037499999674,0.0015000125000000429,0.0006040050235000024
2015-11-25,0.0,0.0008000037500000229,0.0015000124999999908,0.00015350184300000122
2015-11-26,0.0,0.0,0.0,0.0
2015-11-27,0.0,0.0008000037499999951,0.0,0.00039250202199999794
2015-11-30,-5.6078426548310135e-05,0.0008000037500000229,0.0015000124999999908,0.00048251093699999806
2015-12-01,0.0,0.004800134999999999,0.012000800000000032,0.003913717825500004
2015-12-02,0.0,-0.0023999662500000132,0.0,-0.0008394899950000008
2015-12-03,-0.0001577534544457186,-0.01199915625000001,-0.025496387500000054,-0.008456424186500004
2015-12-04,-5.32693359815441e-05,0.004000093750000031,0.01050061250000004,0.0030336566210000067
2015-12-07,-2.3757688329671354e-05,0.004000093749999976,0.009000449999999998,0.0028696414839999916
2015-12-08,-6.309618499596595e-05,-0.0007999962500000229,-0.0029999499999999817,-0.0009374850414999979
2015-12-09,9.05694452576572e-05,0.001600015000000018,0.003000049999999982,0.0009905111179999994
2015-12-10,-0.00017326544752495733,-0.0015999850000000182,-0.001499987500000043,-0.001050488837000004
2015-12-11,0.000259221450192938,0.00880045375000003,0.016501512500000003,0.006429524609000002
2015-12-14,-0.00017524495963713944,-0.007999625000000007,-0.014998749999999962,-0.005654109439500001
2015-12-15,-0.00011125029160097017,-0.003999906249999976,-0.004499887500000025,-0.0022559358194999954
2015-12-16,-7.719950305721197e-05,-0.0015999850000000182,-0.004499887499999973,-0.0017334684045000027
2015-12-17,0.0010439129222539218,0.004800134999999971,0.012000800000000032,0.0038667464265000053
2015-12-18,0.001551294241796926,0.004000093750000031,0.0045001124999999725,0.0024800688045000007
2015-12-21,-0.00010616322981126296,-0.0007999962500000229,-0.001499987499999991,-0.000642989218500006
2015-12-22,0.00014374815936703882,-0.0031999400000000083,-0.007499687500000058,-0.0024244204265000103
2015-12-23,0.0,-0.0023999662499999855,-0.005999799999999964,-0.002011937319499988
2015-12-24,-5.5722326453479225e-05,0.001600015000000018,0.004500112500000025,0.0014535492609999983
2015-12-25,0.0,0.0,0.0,0.0
2015-12-28,-5.401487001168738e-05,0.0008000037499999674,0.003000049999999982,0.0005695079804999955
2015-12-29,-6.2180862718911e-06,-0.006399759999999961,-0.014998750000000014,-0.0049451480684999955
2015-12-30,-5.782264051331036e-05,0.0008000037499999951,0.0,0.00012150168549999742
2015-12-31,0.0029927904395234462,0.0032000599999999807,0.003000050000000034,0.0018740402485000079
2016-01-01,0.0,0.0,0.0,0.0
2016-01-04,8.435527146044695e-05,0.0024000337499999855,0.0045001124999999725,0.0017060385229999918
2016-01-05,-0.00010510901491493681,-0.0007999962499999674,-0.004499887499999973,-0.0012544677279999901
2016-01-06,0.0049023546009415685,0.005600183749999994,0.01200079999999998,0.0042852334614999965
2016-01-07,0.0,0.0016000149999999902,0.0045001124999999725,0.0016170283819999932
2016-01-08,0.0,0.0024000337500000133,0.0015000125000000429,0.0010700112215000042
2016-01-11,0.0,-0.0031999400000000083,-0.005999800000000016,-0.0021589155810000037
2016-01-12,0.0,0.004000093750000004,0.012000800000000032,0.0035937090815000043
2016-01-13,0.0,0.0032000600000000085,0.006000199999999911,0.0022245665969999905
2016-01-14,0.0,-0.0015999850000000182,-0.005999799999999912,-0.0018289210069999857
2016-01-15,0.0,0.005600183750000022,0.010500612499999989,0.004517783434499998
2016-01-18,0.0,0.0,0.0,0.0
2016-01-19,-5.375891908572558e-05,-0.0023999662500000132,-0.001499987500000043,-0.0010414892930000054
2016-01-20,0.00048676004847636066,0.004000093750000031,0.006000200000000015,0.0028435984560000057
2016-01-21,0.00013750010000000115,-0.0007999962500000229,-0.001499987499999991,-0.0007034891045000054
2016-01-22,-0.00021749822500000143,-0.0039999062500000035,-0.005999800000000016,-0.002530926187000005
2016-01-25,0.0,0.0032000600000000085,0.006000200000000015,0.001756047701500014
2016-01-26,0.00027000112499999995,0.001600015000000018,0.0015000124999999908,0.0009060082134999918
2016-01-27,9.000012500000102e-05,-0.0007999962500000229,-0.001499987499999991,-0.00031449559349999354
2016-01-28,9.000012499999947e-05,0.0016000149999999902,0.0015000124999999908,0.0007615065854999903
2016-01-29,0.0005768106615745342,0.004800134999999999,0.007500312500000007,0.003198105708000003
2016-02-01,-5.3739139955696536e-05,-0.0023999662499999855,-0.0029999499999999817,-0.0016979724239999943
2016-02-02,0.0010261557601129573,0.00800037499999998,0.01650151249999995,0.005842457820499994
2016-02-03,0.0,-0.0007999962499999674,-0.004499887499999973,-0.0009694675730000036
2016-02-04,0.0,0.0008000037499999674,0.0015000124999999908,0.0004890025414999949
2016-02-05,-5.444285753213487e-05,0.0008000037499999951,0.003000049999999982,0.0007640157765000014
2016-02-08,0.008745816148827763,0.008800453750000003,0.015001250000000013,0.006213531895500003
2016-02-09,-5.3394287489167066e-05,0.0008000037500000229,0.0015000124999999908,0.00041950465850000747
2016-02-10,0.0011466359030443932,0.0024000337499999855,0.004500112500000025,0.0011185239519999983
2016-02-11,0.0,0.006400240000000017,0.010500612499999989,0.003208120692999997
2016-02-12,-6.037658163017493e-05,-0.008799546250000002,-0.01349898749999997,-0.005701586517999999
2016-02-15,0.0,0.0,0.0,0.0
2016-02-16,0.005999800000000016,-0.0031999400000000083,-0.005999800000000016,-0.0021639344114999987
2016-02-17,0.0074391322913626825,-0.0023999662500000132,-0.007499687500000058,-0.0022509244285000103
2016-02-18,0.0,0.004800134999999999,0.01050061250000004,0.0035061684560000056
2016-02-19,0.0,-0.0007999962499999952,0.0,-0.0003174942729999941
2016-02-22,0.0,-0.0007999962499999952,-0.001499987499999991,-0.0006239956030000043
2016-02-23,0.0,0.0024000337500000133,0.003000049999999982,0.0013035202019999973
2016-02-24,0.0,-0.0007999962500000229,0.0,-0.00023149662299999353
2016-02-25,-5.605273435897685e-05,0.0032000600000000085,0.003000049999999982,0.0019370414804999962
2016-02-26,0.002104810911728302,-0.0039999062500000035,-0.008999549999999997,-0.003516363968000002
2016-02-29,0.0006048552576185932,0.001600015000000018,0.0015000125000000429,0.001002014226000011
2016-03-01,0.0018360099594109203,-0.007199696250000012,-0.01349898749999997,-0.005271649643500011
2016-03-02,0.00014030607676943655,-0.0007999962499999952,0.0015000124999999388,-9.299275949999891e-05
2016-03-03,0.0004301129430321594,0.0008000037499999951,0.006000200000000015,0.0017250575080000046
2016-03-04,0.00052520331616127,-0.003999906249999976,-0.008999549999999997,-0.003112376653000004
2016-03-07,-0.0004449485589215236,-0.0023999662500000132,-0.001499987499999991,-0.001135488064499993
2016-03-08,-0.0011349916741896394,0.006400239999999989,0.01200079999999998,0.004461271435999994
2016-03-09,-0.0011999206980503475,-0.0055998162499999934,-0.007499687500000006,-0.0029593848230000013
2016-03-10,-5.8100458839722845e-05,-0.0023999662499999855,-0.0029999499999999817,-0.0017734689795000033
2016-03-11,-0.002538060422550185,-0.0039999062500000035,-0.007499687499999954,-0.002801895867999988
2016-03-14,0.0,0.0008000037499999951,0.0015000124999999388,0.0005115041519999917
2016-03-15,0.0,0.0,0.0,0.0001005024549999993
2016-03-16,-5.632740206950312e-05,0.0024000337499999855,0.0015000125000000429,0.0017420320920000024
2016-03-17,-0.0002700005000000031,0.0024000337500000133,0.006000200000000015,0.001905060847000005
2016-03-18,-0.0010800079999999982,0.0024000337500000133,0.003000049999999982,0.0014065184089999982
2016-03-21,0.0012935272783879486,-0.0031999400000000083,-0.007499687500000006,-0.002508919663500004
2016-03-22,0.0,-0.0015999850000000182,-0.001499987499999991,-0.0008979907944999992
2016-03-23,-5.6459948312749077e-05,0.0048001350000000265,0.010500612499999989,0.003796200800000006
2016-03-24,0.0004835845166748822,-0.0023999662500000132,-0.004499887499999973,-0.0014464735449999967
2016-03-25,0.0,0.0,0.0,0.0
2016-03-28,-5.6413868712751037e-05,0.0016000149999999902,0.003000049999999982,0.0008695102339999902
2016-03-29,-0.00280523808083742,0.006400239999999989,0.009000449999999946,0.004180184311999992
2016-03-30,-2.9774679072630155e-05,-0.0015999849999999904,-0.005999800000000016,-0.0015134202714999945
2016-03-31,-0.00021735700132299862,0.004000093750000004,0.006000200000000015,0.0025755776455000045
2016-04-01,0.0002624979750000023,-0.0007999962499999952,0.0,-0.000712494626500006
2016-04-04,-0.00013292420034252195,0.0008000037499999951,0.0015000125000000429,0.0010165134260000017
2016-04-05,-7.075632560238357e-05,0.004000093750000004,0.009000449999999998,0.0031466428260000083
2016-04-06,0.0003983501299281843,-0.0023999662500000132,-0.005999800000000016,-0.002050436995000006
2016-04-07,0.0,0.004800134999999999,0.010500612499999989,0.0035896698699999993
2016-04-08,0.0,-0.0015999849999999904,-0.004499887499999973,-0.0013979661989999923
2016-04-11,0.0,-0.0007999962499999952,-0.001499987500000043,-0.0005094958450000105
2016-04-12,0.0,-0.004799864999999999,-0.005999799999999964,-0.00293589599449999
2016-04-13,0.0,0.0016000149999999902,0.003000049999999982,0.0010820270114999934
2016-04-14,0.0,-0.0023999662500000132,-0.0029999499999999817,-0.0016604654729999967
2016-04-15,-5.665238583428047e-05,0.0032000600000000085,0.006000199999999963,0.0026180913699999932
2016-04-18,0.0007533083844690529,-0.0015999849999999904,-0.004499887499999973,-0.0013034763639999947
2016-04-19,0.0,-0.0007999962499999952,-0.0029999499999999817,-0.0011579827930000032
2016-04-20,0.0,-0.004799865000000026,-0.008999549999999997,-0.0034253464179999998
2016-04-21,0.0,-0.0023999662499999577,-0.005999800000000016,-0.0017859541784999954
2016-04-22,0.0,-0.0007999962500000229,-0.001499987499999991,-0.0007659941735000059
2016-04-25,0.0,-0.0015999849999999904,-0.0029999499999999817,-0.0010714834369999937
2016-04-26,0.0,-0.0023999662500000132,-0.004499887500000025,-0.0019154462809999994
2016-04-27,0.0,0.005600183749999994,0.007500312500000007,0.0033536279335000018
2016-04-28,0.0,0.0024000337500000133,0.0045001124999999725,0.002044044048499993
2016-04-29,-5.653861843767063e-05,0.0008000037499999951,0.0015000125000000429,0.0006700107015000018
2016-05-02,0.0010236201094877121,-0.003999906249999976,-0.007499687500000006,-0.0027353964934999898
2016-05-03,0.0,0.0056001837499999665,0.010500612499999937,0.0035836544719999816
2016-05-04,0.0,0.001600015000000018,0.003000050000000034,0.0011745173585000115
2016-05-05,0.0,0.0024000337499999855,0.007500312500000007,0.0022260742054999944
2016-05-06,0.0,-0.0023999662499999855,-0.004499887500000025,-0.0015254726744999992
2016-05-09,0.0,0.0016000149999999902,0.003000050000000034,0.001179514389000008
2016-05-10,0.0,0.0,0.0,-0.0001154995639999997
2016-05-11,0.0,0.0032000600000000085,0.004500112500000025,0.0014035378834999998
2016-05-12,0.0,-0.0015999850000000182,-0.004499887500000025,-0.0015589728695000085
2016-05-13,0.0,0.0032000600000000085,0.006000199999999963,0.0022035848335000053
2016-05-16,0.0,-0.0031999400000000083,-0.005999799999999964,-0.002299431704499999
2016-05-17,0.0,-0.0007999962499999952,0.0,-0.0004934969140000011
2016-05-18,0.0,-0.008799546250000002,-0.013498987500000023,-0.005622151184499998
2016-05-19,0.0,0.0016000149999999902,0.0045001124999999725,0.001529035255499992
2016-05-20,0.0,0.0,0.0,0.0003025032604999979
2016-05-23,0.0,0.0008000037500000229,0.0015000125000000429,0.00016000175300000656
2016-05-24,0.0,-0.0015999850000000182,-0.0029999499999999817,-0.001279980874999996
2016-05-25,0.0,-0.0007999962499999952,-0.0029999500000000338,-0.0007679852514999995
2016-05-26,0.0,0.0032000600000000085,0.0045001124999999725,0.002097046123499992
2016-05-27,0.0,-0.0015999850000000182,-0.001499987499999939,-0.000984991377999993
2016-05-30,0.0,0.0,0.0,0.0
2016-05-31,0.0,0.0008000037500000229,0.003000049999999982,0.0008520090329999987
2016-06-01,0.0,-0.0007999962500000229,0.0015000124999999908,-7.099417200000383e-05
2016-06-02,0.0,0.0032000600000000085,0.007500312500000007,0.0026235991470000023
2016-06-03,0.0,0.008000375000000007,0.012000800000000032,0.005184767083000004
2016-06-06,0.0,-0.0015999849999999904,-0.004499887500000025,-0.0015709641729999987
2016-06-07,0.0,0.0008000037499999951,0.003000049999999982,0.0008395091299999971
2016-06-08,0.0,0.0008000037499999951,0.003000050000000034,0.0010075256880000057
2016-06-09,0.0,0.0024000337500000133,0.004500112500000025,0.0015355361320000013
2016-06-10,0.0,0.0032000600000000085,0.0045001124999999725,0.002309063221500001
2016-06-13,0.0,0.0016000149999999625,0.0015000125000000429,0.0008765075014999926
2016-06-14,0.0,0.0,0.0015000124999999388,5.500145149999304e-05
2016-06-15,0.0,0.001600015000000018,0.0015000124999999908,0.0010320109695
2016-06-16,0.0,0.0024000337499999855,0.004500112500000025,0.0015270508820000028
2016-06-17,0.0,-0.0039999062500000035,-0.004499887500000025,-0.0020729384285000036
2016-06-20,0.0,-0.003999906249999976,-0.005999799999999964,-0.0024779276754999953
2016-06-21,0.0,-0.0031999400000000083,-0.005999800000000016,-0.002089946719499999
2016-06-22,-5.620392622175441e-05,0.001600015000000018,0.0015000124999999908,0.0004595033315
2016-06-23,-0.010055696504812443,-0.0039999062500000035,-0.008999549999999997,-0.003040879558499994
2016-06-24,-5.5378154011223e-05,0.013601083749999974,0.02400320000000001,0.009117944220499996
2016-06-27,0.004251148750000027,0.008800453750000017,0.019502112499999984,0.006808225933500005
2016-06-28,0.0009442460335009534,0.0,0.0,0.00017550230049999177
2016-06-29,-5.574373058579547e-05,-0.0031999399999999944,-0.004499887500000025,-0.0018614572949999992
2016-06-30,-5.5643191253185525e-05,0.0008000037499999951,0.0,0.0003895019565000006
2016-07-01,-5.746738041382794e-05,0.0024000337499999994,0.007500312500000007,0.0023311166784999934
2016-07-04,0.0,0.0,0.0,0.0
2016-07-05,0.019944584008872814,0.007200303749999998,0.013501012500000022,0.005044877011000004
2016-07-06,0.0,-0.0007999962499999952,0.0,-0.00032549870300000046
2016-07-07,0.0,-0.0015999849999999904,0.0,-0.0003314977664999988
2016-07-08,0.0,0.0024000337499999855,0.004500112500000025,0.001394036707000012
2016-07-11,-5.57752214432248e-05,-0.004799864999999999,-0.005999800000000016,-0.0028344213765000128
2016-07-12,-0.003249381249999998,-0.007999625000000007,-0.013498987500000023,-0.005136614678000006
2016-07-13,0.00225024875000003,0.004000093750000004,0.007500312500000007,0.0027206248570000088
2016-07-14,-0.0018058345615115676,-0.0039999062500000035,-0.010499387499999988,-0.003313314177999998
2016-07-15,-0.010057607077481955,-0.0055998162499999934,-0.008999549999999997,-0.003241367668499998
2016-07-18,0.0,0.0008000037499999951,0.0,0.0003470018309999998
2016-07-19,0.0,0.0024000337499999994,0.003000050000000034,0.001309530255499998
2016-07-20,0.0,-0.0023999662499999993,-0.004499887500000025,-0.001721461549499998
2016-07-21,0.0,0.0016000149999999902,0.0015000124999999908,0.001057010069999997
2016-07-22,0.0,0.0,0.0,-0.0002979983694999989
2016-07-25,0.0,-0.0007999962499999952,0.0,-0.00032849842450000046
2016-07-26,0.0,0.0008000037499999951,0.0015000124999999908,0.0004455043270000051
2016-07-27,0.0,0.0040000937500000175,0.007500312500000007,0.0028631065584999943
2016-07-28,0.0,0.0,0.0015000124999999908,0.0002600014694999999
2016-07-29,0.0,0.004800134999999999,0.007500312500000007,0.003150116076000002
2016-08-01,0.0,-0.0039999062500000035,-0.008999549999999997,-0.0029493596935000073
2016-08-02,0.0,-0.0031999399999999944,-0.005999799999999964,-0.0021829155484999903
2016-08-03,0.0,0.0,0.0,5.8000321999999676e-05
2016-08-04,0.0,0.0032000599999999946,0.006000199999999963,0.002285068048499999
2016-08-05,0.0,-0.006399760000000003,-0.010499387499999988,-0.0046462627489999965
2016-08-08,0.0,0.0,0.0,0.0001950098344999978
2016-08-09,0.0,0.0032000600000000085,0.007500312499999955,0.0026350995484999964
2016-08-10,0.0,0.004000093750000004,0.004500112500000025,0.0018295361269999994
2016-08-11,0.0,-0.005599816250000021,-0.008999549999999997,-0.003712851418999994
2016-08-12,0.0,0.004800135000000013,0.006000199999999963,0.00297210478649999
2016-08-15,0.0,-0.0031999399999999944,-0.007499687499999954,-0.002416920659499995
2016-08-16,0.0,-0.0015999850000000182,-0.0029999499999999817,-0.0011944824854999976
2016-08-17,0.0,0.000800003750000009,0.003000049999999982,0.0009280148859999958
2016-08-18,0.0,0.0024000337499999994,0.0015000124999999908,0.0011100115060000038
2016-08-19,0.0,-0.0039999062500000035,-0.005999799999999964,-0.002423438544999999
2016-08-22,0.0,0.0024000337500000133,0.007500312500000007,0.002327093606999997
2016-08-23,0.0,0.0,0.0,3.350010049999993e-05
2016-08-24,0.0,-0.0007999962500000091,-0.001499987500000043,-0.00021999771800000476
2016-08-25,0.0,-0.0015999850000000043,-0.0029999499999999817,-0.0014854697929999963
2016-08-26,0.0,-0.0031999400000000083,-0.007499687500000006,-0.002480436152999999
2016-08-29,0.0,0.004000093750000004,0.009000449999999998,0.0034516768814999987
2016-08-30,0.0,0.0,-0.001499987499999991,-0.00037449623899999724
2016-08-31,0.0,-0.0007999962499999952,0.0015000124999999908,-3.699802499999979e-05
2016-09-01,0.0,0.0008000037499999951,0.0,0.0002595008799999986
2016-09-02,0.0,-0.0023999662499999855,-0.007499687500000006,-0.0023094064389999934
2016-09-05,0.0,0.0,0.0,0.0
2016-09-06,0.0,0.004000093750000004,0.007500312500000007,0.00300009652049999
2016-09-07,0.0,0.0008000037499999951,0.0015000124999999908,0.0005025042560000031
2016-09-08,0.0,-0.0055998162499999934,-0.01349898749999997,-0.004673179322999993
2016-09-09,0.0,-0.004799864999999999,-0.010499387499999988,-0.003506307143500005
2016-09-12,0.0,-0.0007999962499999952,0.0,-0.00010649658699999702
2016-09-13,0.0,-0.0039999062500000035,-0.01049938750000004,-0.003605307243000011
2016-09-14,-5.6629775534163394e-05,0.0024000337499999855,0.003000049999999982,0.0018290368405000077
2016-09-15,0.0016960156394324323,-0.0007999962499999952,-0.004499887499999973,-0.0010439513084999992
2016-09-16,0.002159385751130444,0.0008000037499999951,0.0045001124999999725,0.001106048781999999
2016-09-19,0.0009444001992491357,0.0,0.0,-0.0003504972390000051
2016-09-20,-0.0041015702433348095,0.0008000037500000229,0.0015000125000000429,0.0008025120815000036
2016-09-21,0.0014713629497879143,0.0024000337499999855,0.0045001124999999725,0.0016860516444999973
2016-09-22,-0.0020001812500000317,0.0024000337500000133,0.006000200000000015,0.002125581125500011
2016-09-23,-4.395773002982594e-05,0.0008000037499999674,0.0,0.0003520019264999973
2016-09-26,0.0005376760931640467,0.0024000337500000133,0.003000049999999982,0.0013515210504999975
2016-09-27,-0.0010000800000000026,0.0024000337499999994,0.006000200000000015,0.0018515604755000026
2016-09-28,0.0009999887500000287,-0.0007999962500000091,0.0,-0.0005074962735000058
2016-09-29,-0.00025000500000003315,0.000800003750000009,0.0015000124999999908,0.0007060052070000046
2016-09-30,0.0009999200000000027,-0.0031999399999999944,-0.005999800000000016,-0.002166434614500002
2016-10-03,0.0004999800000000229,-0.0023999662499999855,-0.0029999499999999297,-0.0015634762519999902
2016-10-04,0.0007499012500000127,-0.004799864999999999,-0.01049938750000004,-0.00337583571950001
2016-10-05,0.0017498762499999895,-0.0023999662500000132,-0.004499887499999973,-0.0019979446694999943
2016-10-06,-0.0002499887500000161,-0.0023999662500000132,-0.004499887500000077,-0.0014924720435000147
2016-10-07,0.0,0.001600015000000018,0.0,0.0005075043050000034
2016-10-10,0.0,0.0,0.0,0.0
2016-10-11,0.0017498762500000242,-0.0031999400000000083,-0.004499887499999973,-0.002159441472000002
2016-10-12,-0.0004999862500000315,-0.0015999849999999904,-0.0029999499999999817,-0.0007214894164999878
2016-10-13,-1.2499999741885648e-09,0.0032000599999999807,0.006000200000000015,0.0020135520684999957
2016-10-14,0.0017060664474612933,-0.0039999062500000035,-0.01049938750000004,-0.0030108180715000036
2016-10-17,0.00128796642695705,0.0024000337500000133,0.004500112500000025,0.0016115367085000006
2016-10-18,-0.00025000500000003315,0.0016000149999999902,0.0015000124999999908,0.000750506630000005
2016-10-19,0.0,-0.0007999962499999952,0.0,-5.9999592999999995e-05
2016-10-20,-0.00025000499999996376,0.0,0.0015000124999999908,8.05046549999913e-05
2016-10-21,-0.0005000200000000057,0.001600015000000018,0.003000050000000034,0.0010365165270000086
2016-10-24,0.0016949379388494262,-0.0023999662500000132,-0.004499887500000025,-0.0018124466480000055
2016-10-25,-0.004000089999999976,0.0,0.0015000124999999908,0.0004065108639999964
2016-10-26,0.005944878215878888,-0.0015999849999999904,-0.004499887500000025,-0.0014749647944999982
2016-10-27,0.0024114007133896062,-0.004799865000000026,-0.008999549999999945,-0.003325824015500001
2016-10-28,0.0006814867953926727,-0.0007999962499999952,-0.001499987500000043,-0.0004769889050000021
2016-10-31,-5.665082864440595e-05,0.001600015000000018,0.003000050000000034,0.0014460434390000051
2016-11-01,-5.652180176830643e-05,0.0008000037499999951,0.0015000124999999388,0.00043000225699999525
2016-11-02,-5.3116541832206324e-05,0.0016000149999999902,0.003000050000000034,0.001350521258499999
2016-11-03,0.00021632686961466378,-0.0007999962499999952,-0.004499887499999973,-0.0013994521479999986
2016-11-04,-0.00229292471036262,0.0024000337500000133,0.0045001124999999725,0.001884053645000002
2016-11-07,0.007943196635261584,-0.0031999400000000083,-0.005999799999999964,-0.0024259283344999993
2016-11-08,0.0,-0.003999906249999976,-0.004499887500000025,-0.0023009481719999973
2016-11-09,0.0,-0.015198646250000019,-0.0344933875,-0.012105184342999998
2016-11-10,0.0,-0.006399759999999989,-0.008999549999999997,-0.0037443281069999973
2016-11-11,0.0,0.0,0.0,0.0
2016-11-14,-5.4805467107815184e-05,-0.0063997600000000165,-0.010499387499999988,-0.004206820971500007
2016-11-15,-0.0003787712274641161,0.0,0.0015000124999999908,0.0002935118370000024
2016-11-16,-0.0008000037499999951,0.0008000037499999951,0.004500112500000025,0.0015900680045000033
2016-11-17,0.005545767849325332,-0.0055998162499999934,-0.011999200000000031,-0.004244709764
2016-11-18,-5.4062227826606266e-05,-0.003999906249999976,-0.001499987500000043,-0.0014209736735000054
2016-11-21,-0.0008539947002146179,0.0008000037499999674,0.0015000125000000429,0.0005045042570000029
2016-11-22,-5.4010015709283524e-05,0.001600015000000018,0.0,0.0003445023060000006
2016-11-23,0.0039999062500000035,-0.0039999062500000035,-0.0029999499999999817,-0.0019389645970000024
2016-11-24,0.0,0.0,0.0,0.0
2016-11-25,0.0,0.0,0.0,0.00011150253350000569
2016-11-28,-0.0032000600000000085,0.0032000600000000085,0.0045001124999999725,0.0017455335014999885
2016-11-29,-0.0016000149999999902,0.0016000149999999902,0.003000049999999982,0.0014845433799999998
2016-11-30,0.005599816250000021,-0.005599816250000021,-0.010499387499999988,-0.0037527983239999995
2016-12-01,0.006399759999999989,-0.006399759999999989,-0.01349898749999997,-0.004536712098999992
2016-12-02,-0.004000093750000004,0.004000093750000004,0.006000200000000015,0.0021805499969999973
2016-12-05,-0.0008541554973007972,0.0008000037499999951,0.003000049999999982,0.000923026176000003
2016-12-06,0.0,0.0,-0.001499987499999991,-0.0006524781950000035
2016-12-07,-5.302928269930629e-05,0.004000093750000031,0.006000199999999963,0.002691616299499997
2016-12-08,0.00030702105217339217,-0.004799865000000026,-0.011999199999999979,-0.0038327531179999973
2016-12-09,0.0,-0.005599816250000021,-0.008999549999999997,-0.0034638423345000066
2016-12-12,0.0,-0.0015999849999999904,0.0015000124999999908,-7.449707049999956e-05
2016-12-13,0.0,0.0008000037500000229,0.0015000124999999908,0.0004040114804999996
2016-12-14,-5.3429027801896323e-05,-0.004799864999999999,-0.001499987499999991,-0.0020934497194999993
2016-12-15,-0.00017597341830722553,-0.004799865000000026,-0.004499887500000025,-0.0023054429355000043
2016-12-16,0.0006750056250000037,0.0,-0.0029999499999999817,-0.0006309731749999877
2016-12-19,-0.001500057500000011,0.0048001350000000265,0.009000449999999998,0.003519180055499995
2016-12-20,0.000524988749999989,-0.0023999662499999855,-0.004499887499999973,-0.0016609618984999922
2016-12-21,-0.0003928620911435095,0.0016000149999999902,0.003000049999999982,0.0014860298964999921
2016-12-22,3.062256895453226e-05,0.0,0.0,-6.799974449999943e-05
2016-12-23,0.0,0.0,0.0,5.9500225499999644e-05
2016-12-26,0.0,0.0,0.0,0.0
2016-12-27,9.510339842898665e-05,-0.0015999849999999904,-0.0029999499999999817,-0.0013564807530000028
2016-12-28,-0.0008965595265660437,0.004800134999999999,0.007500312499999955,0.0028876103310000135
2016-12-29,4.1888890749958496e-05,0.0016000149999999625,0.0015000125000000429,0.0012005127429999918
2016-12-30,0.0,0.0032000600000000085,0.0045001124999999725,0.0016950333079999967
2017-01-02,0.0,0.0,0.0,0.0
2017-01-03,0.0,0.0,0.0015000125000000429,0.00026801124550000815
2017-01-04,-5.346664404048386e-05,-0.0007999962499999952,0.0,-0.00028699724899999834
2017-01-05,-6.574028671876793e-05,0.007200303749999984,0.01350101249999997,0.00508684003199999
2017-01-06,-8.275215439830272e-05,-0.003999906249999976,-0.005999800000000016,-0.002675421402999993
2017-01-09,3.549684749148625e-05,0.0032000600000000085,0.006000200000000015,0.0021050535259999987
2017-01-10,-2.9329680385422034e-05,0.0,0.0,3.100010200000011e-05
2017-01-11,0.0,0.0,0.0015000124999999908,0.0003320035249999976
2017-01-12,-4.1189285448191005e-05,0.0016000149999999902,0.0,-0.0005834412184999957
2017-01-13,-3.0861325805396186e-05,-0.0031999400000000083,-0.004499887499999973,-0.0008479699135000077
2017-01-16,0.0,0.0,0.0,0.0
2017-01-17,-0.00032230679934324276,0.005600183749999994,0.007500312499999955,0.003395145448499995
2017-01-18,3.5610129878695695e-05,-0.0071996962499999845,-0.011999199999999979,-0.004714741776499988
2017-01-19,0.00023788613930756633,-0.003999906250000031,-0.004499887499999973,-0.0021699374679999997
2017-01-20,-9.47117987903333e-05,-0.0007999962499999674,-0.0029999500000000338,-0.0003044907929999988
2017-01-23,0.0017791397798098967,0.005600183749999994,0.010500612499999989,0.003985187883999991
2017-01-24,0.0023709150426331816,-0.004799865000000026,-0.008999549999999945,-0.0036318391414999927
2017-01-25,9.499994999999777e-05,-0.004799864999999971,-0.008999549999999997,-0.0030958734679999976
2017-01-26,-5.425142050039589e-05,0.001600015000000018,0.003000049999999982,0.0013355200769999992
2017-01-27,-5.296851566583788e-05,0.0016000149999999625,0.003000050000000034,0.0010305166019999984
2017-01-30,-4.7500024999998886e-05,0.0,-0.0029999500000000338,-0.0006879859945000011
2017-01-31,0.00035969511815077437,0.0032000600000000085,0.006000200000000015,0.002020052322000003
2017-02-01,0.0,-0.0023999662499999855,-0.0029999499999999817,-0.0015889675429999982
2017-02-02,0.0,0.0,0.0,-0.00011699754299999232
2017-02-03,0.0,-0.0007999962500000229,-0.0029999500000000338,-0.0008254854280000097
2017-02-06,-5.334383181956522e-05,0.005600183750000022,0.009000449999999998,0.0037516673735000007
2017-02-07,-0.00017576436123065663,0.0016000149999999902,0.003000049999999982,0.0012145277814999927
2017-02-08,-0.0006333542960644018,0.0048001350000000265,0.009000449999999998,0.003052144005500002
2017-02-09,4.226366199960612e-05,-0.004799865000000026,-0.008999549999999997,-0.0035333438435000003
2017-02-10,-5.198895176559744e-06,-0.0007999962499999952,-0.001499987499999991,-0.00023799504449999336
2017-02-13,1.7789120011417167e-05,-0.0015999850000000182,-0.0029999499999999817,-0.0011429824139999982
2017-02-14,-5.328585961236789e-05,-0.0031999400000000083,-0.005999800000000016,-0.002563925964500003
2017-02-15,0.00045634397303983664,-0.003199939999999953,-0.004499887499999973,-0.00172096810349999
2017-02-16,0.000701760646586347,0.004800134999999971,0.006000200000000015,0.002908588181999995
2017-02-17,-0.0002656503215132628,0.0024000337500000133,0.003000049999999982,0.0013330207500000032
2017-02-20,0.0,0.0,0.0,0.0
2017-02-21,9.499995000000106e-05,-0.0007999962500000229,0.0,-0.00048349678150000927
2017-02-22,-9.500005000000107e-05,0.0008000037500000229,0.0,0.00023100078200000368
2017-02-23,-0.00014876413841313592,0.0032000600000000085,0.0045001124999999725,0.001810033061499993
2017-02-24,0.0,0.005600183749999994,0.009000449999999998,0.003953196856999999
2017-02-27,-5.370966062071773e-05,-0.0039999062500000035,-0.004499887500000025,-0.0025164400794999986
2017-02-28,0.0006108758148599191,0.0,0.003000049999999982,0.0001520087759999982
2017-03-01,-5.371370731247051e-05,-0.007999625000000007,-0.016498487499999954,-0.005774589295
2017-03-02,0.0006682376147235752,-0.0023999662500000132,-0.004499887499999973,-0.0018829601994999855
2017-03-03,0.00017175924334699954,0.0,0.0015000124999999388,0.0004120036829999852
2017-03-06,-0.00010144323326521565,0.0,-0.001499987499999939,-0.0005519896639999915
2017-03-07,-0.00013524188523358313,-0.0023999662499999855,-0.001499987500000043,-0.0009934907240000007
2017-03-08,-0.000199223514423283,-0.003999906249999976,-0.005999800000000016,-0.002332929039000002
2017-03-09,-5.312118506911466e-05,-0.002399966250000041,-0.007499687499999954,-0.002416420388999997
2017-03-10,-0.0003500050000000039,0.001600015000000018,0.0,0.001080524358499993
2017-03-13,0.000870969075528237,-0.0031999400000000083,-0.004499887500000025,-0.002102442673000001
2017-03-14,-0.0001391840389176639,0.0016000149999999902,0.004500112500000025,0.0013465334005000077
2017-03-15,0.004837689305450806,0.007200303750000039,0.010500612499999989,0.004586720366500002
2017-03-16,0.0018599797499999889,-0.0015999850000000182,-0.0029999500000000338,-0.0015154691950000129
2017-03-17,-0.0019144542099260742,0.0024000337499999855,0.004500112500000025,0.0017025379610000092
2017-03-20,-0.00025500450000000925,0.0024000337499999855,0.0045001124999999725,0.0017190387154999921
2017-03-21,-0.00039447323291541667,0.0032000600000000085,0.006000200000000015,0.002280068286500002
2017-03-22,0.00045000124999999727,0.0024000337500000133,0.004500112500000025,0.001327524856500003
2017-03-23,0.0,-0.0007999962499999952,0.0,-0.00012149937449999925
2017-03-24,0.0008451862513052709,0.0008000037499999951,0.003000049999999982,0.0009225151085000029
2017-03-27,-5.4818748694739204e-05,0.001600015000000018,0.0015000124999999908,0.0008330127309999977
2017-03-28,-0.0018548312841214635,-0.0031999400000000083,-0.005999799999999964,-0.002432428853499998
2017-03-29,-5.4337242912595805e-05,0.0024000337499999855,0.0045001124999999725,0.0018615413299999935
2017-03-30,0.00035999900000000093,-0.0023999662499999855,-0.005999799999999964,-0.0020984355934999845
2017-03-31,-0.00023410544628457114,0.0016000149999999902,0.003000049999999982,0.0011390131769999892
2017-04-03,0.0,0.004000093750000004,0.007500312500000007,0.002679088536000003
2017-04-04,0.0,-0.0007999962499999952,-0.001499987500000043,-0.0004574960950000097
2017-04-05,0.0,0.001600015000000018,0.0015000125000000429,0.0008605075020000089
2017-04-06,0.0,0.0,-0.001499987500000043,-0.0005504957030000068
2017-04-07,0.0,-0.0031999400000000083,-0.0029999499999999817,-0.0016749748739999925
2017-04-10,0.0,0.0008000037499999674,0.003000049999999982,0.0007485086609999879
2017-04-11,-5.761942846102248e-05,0.004000093750000031,0.007500312500000059,0.003412141883500011
2017-04-12,-0.0012973050568473986,0.0032000600000000085,0.003000049999999982,0.0011130153320000032
2017-04-13,0.0,0.003200059999999953,0.0045001124999999725,0.0019745441314999905
2017-04-14,0.0,0.0,0.0,0.0
2017-04-17,0.0,-0.0015999849999999627,-0.004499887499999973,-0.0014924653929999907
2017-04-18,0.0,0.006400239999999989,0.01350101249999997,0.0047727981704999995
2017-04-19,0.0,-0.0023999662499999855,-0.004499887499999973,-0.0017694599244999984
2017-04-20,0.0,-0.002399966250000041,-0.0029999499999999817,-0.001465476466500008
2017-04-21,0.0,0.0,0.0,0.0001760004465000018
2017-04-24,0.0,-0.003199939999999953,-0.005999800000000016,-0.0024089308690000005
2017-04-25,0.0,-0.005599816250000021,-0.008999549999999997,-0.0035783411885000013
2017-04-26,0.0,0.0024000337500000133,0.003000049999999982,0.0013715210220000035
2017-04-27,-5.5469311748119385e-05,0.0016000149999999902,0.0015000124999999908,0.0008965074584999955
2017-04-28,-4.9999984999999696e-05,0.0008000037499999951,0.0015000125000000429,0.00013700190700000392
2017-05-01,-5.4451404168937695e-06,-0.0031999400000000083,-0.005999800000000016,-0.002143434373999996
2017-05-02,0.0,0.0032000600000000085,0.0045001124999999725,0.001859042706999995
2017-05-03,0.0,-0.0031999400000000083,-0.0029999500000000338,-0.0013754787490000075
2017-05-04,0.0,-0.0023999662499999855,-0.004499887499999973,-0.0016409624444999888
2017-05-05,0.0,0.0,0.0,0.00012250243949999065
2017-05-08,0.0,-0.0023999662500000132,-0.004499887499999973,-0.0015754636279999943
2017-05-09,0.0,-0.0023999662499999855,-0.004499887500000025,-0.001619971999
2017-05-10,0.0,0.0008000037499999951,0.0,0.00035500278050000527
2017-05-11,0.0,0.0016000149999999902,0.0015000125000000429,0.0005085038255000042
2017-05-12,-5.4572360228819164e-05,0.004800134999999999,0.006000199999999963,0.00317061149699999
2017-05-15,0.0004999799999999969,-0.0007999962499999674,-0.0029999499999999817,-0.0009229851714999942
2017-05-16,0.00044542092816308125,0.0008000037499999674,0.003000049999999982,0.0006950080059999886
2017-05-17,-5.632537412454337e-05,0.008800453750000003,0.013501012500000022,0.005164827719000007
2017-05-18,-0.002056336326635281,-0.0007999962499999952,0.0015000124999999908,1.900484050000404e-05
2017-05-19,0.0,0.0,0.0015000124999999908,-1.3998317999998215e-05
2017-05-22,0.0,-0.0015999849999999904,-0.001499987499999991,-0.0006664945985000068
2017-05-23,0.0,-0.0031999400000000083,-0.005999800000000016,-0.0023234314660000046
2017-05-24,0.0,0.0024000337500000133,0.004500112500000025,0.0017825406570000084
2017-05-25,0.0,0.0008000037499999951,0.0,0.0001805007719999988
2017-05-26,0.0,0.0,0.0,-5.449986999999966e-05
2017-05-29,0.0,0.0,0.0,0.0
2017-05-30,0.0,0.0032000600000000085,0.006000200000000015,0.0022100670320000042
2017-05-31,0.0,0.0,0.0015000124999999388,0.0003680036439999925
2017-06-01,0.0,0.0,0.0,-5.749981849999965e-05
2017-06-02,0.0,0.004800134999999999,0.01050061250000004,0.00361319667650001
2017-06-05,0.0,-0.0023999662500000132,-0.004499887500000025,-0.001958945373000006
2017-06-06,0.0,0.0032000599999999807,0.004500112500000025,0.0018575427814999964
2017-06-07,0.0,-0.0031999399999999806,-0.004499887500000025,-0.0018919572139999966
2017-06-08,0.0,-0.0007999962499999952,-0.001499987499999939,-0.0006404955235000004
2017-06-09,0.0,-0.0015999849999999904,-0.0029999500000000338,-0.001010489289
2017-06-12,0.0,0.0,0.0,-7.999841499999657e-06
2017-06-13,-5.600215188745377e-05,0.0,-0.001499987500000043,-0.0005244960395000029
2017-06-14,-0.0037200809999999988,0.004800134999999999,0.01050061250000004,0.003878730670500001
2017-06-15,0.0012399909999999926,-0.0007999962500000229,0.0015000124999999908,1.2005332000002535e-05
2017-06-16,-0.0006200022499999963,0.0,0.0,0.00018550062549999952
2017-06-19,0.0030437094234054807,-0.0023999662499999855,-0.001499987499999991,-0.001311983169500004
2017-06-20,0.0,0.0024000337499999855,0.006000199999999963,0.002212582976999996
2017-06-21,0.0,0.0,0.0015000125000000429,0.00025800385800000354
2017-06-22,0.0,0.0008000037500000229,0.0015000124999999388,0.0007515055854999956
2017-06-23,-5.601209434809231e-05,0.0,-0.001499987499999939,1.2003630500012e-05
2017-06-26,-0.0006200022499999963,0.0008000037499999674,0.003000049999999982,0.0006105079569999862
2017-06-27,0.0043398897500000165,-0.005599816249999966,-0.008999549999999997,-0.0033713634659999917
2017-06-28,0.0005639086218324786,-0.0007999962500000229,-0.004499887499999973,-0.0007664780414999954
2017-06-29,0.0,-0.0039999062500000035,-0.005999800000000016,-0.0026499061220000056
2017-06-30,0.0,-0.0031999399999999806,-0.0029999499999999817,-0.0015089741944999929
2017-07-03,0.0,-0.0031999400000000083,-0.005999800000000016,-0.0020014558940000043
2017-07-04,0.0,0.0,0.0,0.0
2017-07-05,0.0,0.0016000149999999902,0.003000049999999982,0.0008485098314999948
2017-07-06,0.0,-0.0031999400000000083,-0.007499687500000006,-0.0023999023179999946
2017-07-07,0.0,-0.0015999849999999904,-0.004499887499999973,-0.001309966644500008
2017-07-10,0.0,0.0008000037500000229,0.0015000124999999388,0.00046900308199999616
2017-07-11,0.0,0.0008000037499999674,0.0015000125000000429,0.0007280053720000072
2017-07-12,0.0,0.0032000600000000085,0.006000200000000015,0.0020875527564999984
2017-07-13,0.0,-0.0015999849999999904,-0.005999800000000016,-0.001642956903499997
2017-07-14,0.0,0.0016000149999999902,0.003000050000000034,0.0010210114365000011
2017-07-17,0.0,0.001600015000000018,0.003000049999999982,0.0009785159354999968
2017-07-18,0.0,0.0032000599999999807,0.006000200000000015,0.0021985676965000033
2017-07-19,-5.392274741339576e-05,0.0,0.0,-0.0001779995354999994
2017-07-20,-5.277080418509531e-05,0.0,0.0015000124999999388,0.0006835106629999908
2017-07-21,-6.62999529524501e-05,0.0024000337499999855,0.004500112500000077,0.0013735258565000115
2017-07-24,8.0036952350747e-05,-0.0015999849999999627,-0.0029999500000000338,-0.0011949826135000056
2017-07-25,0.00023817004404417838,-0.005599816250000021,-0.011999199999999979,-0.004332736405999996
2017-07-26,-1.5393696464275276e-05,0.0032000600000000085,0.003000049999999982,0.0019680364439999963
2017-07-27,0.0,-0.0023999662499999855,-0.004499887500000025,-0.0017554470165000037
2017-07-28,0.0,0.0016000149999999902,0.004500112500000025,0.0016495499295000025
2017-07-31,0.0,0.0,-0.001499987500000043,-0.00026399839450000167
2017-08-01,0.0,0.0032000600000000085,0.007500312500000059,0.002122063161500008
2017-08-02,0.0,-0.0007999962500000229,0.0015000124999999388,9.00491999999099e-06
2017-08-03,0.0,0.0024000337499999855,0.006000200000000015,0.002107063101000004
2017-08-04,0.0,-0.0023999662499999855,-0.007499687499999954,-0.002015441668499992
2017-08-07,0.0,0.0008000037500000229,0.0015000124999999388,0.0003345020479999958
2017-08-08,0.0,-0.0023999662500000132,-0.004499887499999973,-0.0014769731410000035
2017-08-09,0.0,0.004000093749999976,0.006000200000000015,0.0023515708215000016
2017-08-10,0.0,0.0032000600000000085,0.006000200000000015,0.0018660494570000006
2017-08-11,0.0,0.0008000037500000229,0.0,0.0006765064320000015
2017-08-14,0.0,-0.0023999662500000132,-0.0029999499999999817,-0.0015234764029999986
2017-08-15,0.0,-0.0039999062500000035,-0.004499887500000077,-0.0021669484345000025
2017-08-16,0.0,0.0032000600000000085,0.003000050000000034,0.0018105391954999993
2017-08-17,-5.281561425195627e-05,0.0032000600000000085,0.006000200000000015,0.001955049883000008
2017-08-18,-5.2806570176958364e-05,0.0,0.0,-0.00010499979199999972
2017-08-21,0.0,0.0008000037499999951,0.003000049999999982,0.0007565080629999936
2017-08-22,0.0,-0.0031999400000000083,-0.004499887499999973,-0.0016894679140000038
2017-08-23,0.0,0.004000093750000004,0.006000200000000015,0.002418073501000005
2017-08-24,0.0,-0.0015999849999999904,-0.0029999500000000338,-0.001160482867999997
2017-08-25,0.0,0.0016000149999999902,0.003000050000000034,0.000928515950499997
2017-08-28,0.0,0.0008000037499999951,0.0,0.00013800414400000103
2017-08-29,0.0,0.0024000337500000133,0.0045001124999999725,0.0015290281189999963
2017-08-30,0.0,-0.0015999849999999904,-0.001499987500000043,-0.0006789942190000011
2017-08-31,0.0,0.0024000337499999855,0.003000049999999982,0.0011740187904999931
2017-09-01,0.0,-0.0031999400000000083,-0.005999799999999912,-0.0022149329634999874
2017-09-04,0.0,0.0,0.0,0.0
2017-09-05,0.0,0.007200303750000012,0.012000799999999928,0.004682283043999992
2017-09-06,0.0,-0.0023999662500000132,-0.004499887499999973,-0.0017494608629999998
2017-09-07,0.0,0.004000093750000031,0.009000449999999998,0.003285646578000003
2017-09-08,0.0,-0.0007999962500000229,-0.001499987499999991,-0.0005659957179999944
2017-09-11,0.0,-0.0063997600000000165,-0.011999200000000031,-0.00444523294850001
2017-09-12,-5.292949157772382e-05,-0.0023999662499999855,-0.004499887499999973,-0.0017514608279999941
2017-09-13,-5.292949157772382e-05,-0.0023999662500000132,-0.001499987499999991,-0.0009414907995000027
2017-09-14,0.0,0.0,0.0015000124999999908,0.0003980106820000044
2017-09-15,0.0,0.0,0.0,-0.00041199690500000444
2017-09-18,0.0,-0.0023999662499999855,-0.005999800000000016,-0.001703954898499995
2017-09-19,0.0,-0.0007999962500000229,-0.001499987499999939,-0.000575995718000001
2017-09-20,0.0,-0.003199939999999953,-0.0029999500000000338,-0.0015944761184999983
2017-09-21,0.0,0.0008000037499999674,0.003000050000000034,0.0008835146565000062
2017-09-22,0.0,0.0008000037500000229,0.0,0.00020800080550000062
2017-09-25,0.0,0.0032000599999999807,0.006000199999999963,0.0021260654519999886
2017-09-26,0.0,-0.0015999850000000182,-0.001499987499999991,-0.0009189874444999977
2017-09-27,0.0,-0.005599816249999966,-0.011999200000000031,-0.0040552469530000055
2017-09-28,0.0,0.0,-0.001499987499999991,-0.00010349559849999667
2017-09-29,0.0,-0.0015999850000000182,0.0,-0.0004079925440000038
2017-10-02,-5.322589263288115e-05,-0.0007999962499999674,-0.001499987499999991,-0.0006424952314999942
2017-10-03,4.666796088849397e-05,0.0008000037499999674,0.0015000124999999908,0.00048750319949999717
2017-10-04,0.0,0.0,-0.001499987499999991,-0.0001619987444999992
2017-10-05,0.0,-0.0015999849999999904,-0.001499987499999991,-0.001003486679500004
2017-10-06,-5.398939271535005e-05,-0.0015999850000000182,-0.004499887500000025,-0.0015069740235000024
2017-10-09,0.0,0.0,0.0,0.0
2017-10-10,-0.0006422482810219327,0.001600015000000018,0.004500112500000025,0.0014430350945000094
2017-10-11,8.805360578974212e-05,0.0,0.0015000124999999908,0.0001770016984999981
2017-10-12,-5.268250943592432e-05,0.0016000149999999902,0.003000049999999982,0.0009050157364999944
2017-10-13,-5.26746877952875e-05,0.004000093750000031,0.006000200000000015,0.0025060914465000078
2017-10-16,0.0,-0.0015999850000000182,0.0,-0.0009089911485000003
2017-10-17,0.0,0.0,0.0,0.0002900095570000052
2017-10-18,-5.381418701676648e-05,-0.0031999399999999806,-0.005999800000000016,-0.0023794129685000094
2017-10-19,-0.00027000050000000776,0.0008000037499999674,0.003000049999999982,0.0009340148069999939
2017-10-20,0.0008099955000000045,-0.004799864999999999,-0.010499387499999936,-0.003475332448499996
2017-10-23,-0.0005400019999999968,0.0008000037500000229,0.0015000124999999388,0.0005585033379999981
2017-10-24,0.0008099954999999952,-0.0031999400000000083,-0.005999800000000016,-0.002091947584499997
2017-10-25,0.00021611595511111724,-0.0015999849999999904,-0.0029999499999999817,-0.0012739721500000009
2017-10-26,0.0,-0.0015999850000000182,-0.0029999499999999817,-0.0009264899185000003
2017-10-27,0.0,0.0032000600000000085,0.004500112500000025,0.001968043957000001
2017-10-30,0.0,0.004000093749999976,0.007500312499999955,0.0026201018509999984
2017-10-31,0.0,-0.0007999962499999674,0.0,-0.00031399894149999414
2017-11-01,0.0,0.0008000037499999674,0.004500112500000025,0.0011010322304999954
2017-11-02,0.0,0.001600015000000018,0.003000050000000034,0.0010015159020000026
2017-11-03,0.0,0.0008000037500000229,0.003000049999999982,0.0006450088515000056
2017-11-06,0.0,0.0016000149999999902,0.0015000124999999908,0.0008900128070000017
2017-11-07,-5.5202594497716285e-05,0.0,0.003000049999999982,0.0007970255729999942
2017-11-08,0.001184899821663664,0.0,-0.001499987499999939,-0.0009044879634999958
2017-11-09,0.0,-0.0007999962500000229,-0.0029999500000000338,-0.0007594850980000049
2017-11-10,0.0,-0.0055998162499999934,-0.011999199999999979,-0.004010776017999996
2017-11-13,0.0,0.0,0.0,-3.699656950000136e-05
2017-11-14,0.0,0.001600015000000018,0.0045001124999999725,0.001405033890500004
2017-11-15,0.0,0.004000093749999976,0.009000449999999998,0.0031616709519999967
2017-11-16,0.0,-0.0031999400000000083,-0.005999800000000016,-0.002340931979500005
2017-11-17,0.0,0.001600015000000018,0.004500112500000025,0.0013465340570000066
2017-11-20,0.0,-0.0015999850000000182,-0.001499987500000043,-0.0008254932055000051
2017-11-21,0.0,0.0008000037500000229,0.003000050000000034,0.0005790153015000033
2017-11-22,0.0,0.0032000600000000085,0.0015000125000000429,0.0014240206555000043
2017-11-23,0.0,0.0,0.0,0.0
2017-11-24,0.0,-0.0015999849999999904,-0.001499987500000043,-0.000706994200000004
2017-11-27,0.0,0.0016000149999999902,0.0015000125000000429,0.0005395038810000055
2017-11-28,0.0,-0.0015999849999999904,-0.001499987500000043,-0.0008089927280000061
2017-11-29,0.0,-0.002399966250000041,-0.005999800000000016,-0.001989437823000006
2017-11-30,0.0,-0.003999906249999976,-0.004499887499999973,-0.0018304628414999992
2017-12-01,0.0,0.004000093749999976,0.010500612499999989,0.0030761830265000046
2017-12-04,0.0,0.0,0.0,-0.0005119963929999998
2017-12-05,0.0,0.0008000037500000229,0.004500112500000025,0.0013125481590000013
2017-12-06,-5.2823345639952104e-05,0.0024000337499999855,0.003000049999999982,0.0014120223050000011
2017-12-07,0.00030717565436005196,-0.0031999400000000083,-0.007499687500000006,-0.0024719016680000054
2017-12-08,0.0,-0.0007999962499999674,-0.001499987499999991,-0.0003984960984999947
2017-12-11,0.0,-0.0007999962500000229,0.0,-0.00040949825150000144
2017-12-12,0.0,-0.0007999962499999952,-0.001499987500000043,-0.0008839879385000072
2017-12-13,0.0,0.0032000600000000085,0.006000200000000015,0.0028080965340000034
2017-12-14,0.0,0.0008000037499999951,0.004500112500000025,0.0008410330485000023
2017-12-15,0.0,0.0,0.0015000124999999908,0.0004740227804999983
2017-12-18,0.0,-0.0031999400000000083,-0.007499687499999954,-0.002434880631999997
2017-12-19,-5.29198328254908e-05,-0.0055998162499999934,-0.013498987500000075,-0.004355720169500006
2017-12-20,-0.0005028763740788292,-0.0023999662500000132,-0.007499687499999954,-0.0024598821694999965
2017-12-21,-5.2860393378975335e-05,0.0008000037500000229,0.0045001124999999725,0.001168048923000004
2017-12-22,-5.284013805664285e-05,0.0,0.0,0.00010700257699999244
2017-12-25,0.0,0.0,0.0,0.0
2017-12-26,-5.361350805211585e-05,0.0008000037499999674,0.003000049999999982,0.000660008849000001
2017-12-27,-8.877348904943205e-05,0.004000093750000031,0.01050061250000004,0.003370686281000005
2017-12-28,-0.0002527592127145802,-0.0007999962500000229,-0.001499987500000043,-0.00046399718100000736
2017-12-29,0.0,0.0024000337500000133,0.003000050000000034,0.001156014076500002
2018-01-01,0.0,0.0,0.0,0.0
2018-01-02,-5.3345774804069744e-05,-0.004799864999999999,-0.008999549999999997,-0.003568821471499994
2018-01-03,0.00026999950000000775,0.001600015000000018,0.003000049999999982,0.0010955271554999994
2018-01-04,0.0007566278447778985,-0.0015999850000000182,0.0,-0.0006434949685000052
2018-01-05,-5.286686702755331e-05,-0.0007999962500000229,-0.0029999499999999817,-0.0009869841469999998
2018-01-08,-5.282517936033787e-05,-0.0015999849999999904,-0.001499987499999991,-0.00041449694599999723
2018-01-09,0.0,-0.004799864999999971,-0.01049938750000004,-0.0034978070694999994
2018-01-10,0.0,0.0,-0.001499987499999991,-0.00012999834649999977
2018-01-11,0.0,0.0008000037499999951,0.0015000124999999908,-0.0003229778430000029
2018-01-12,0.0,-0.0007999962499999952,0.0015000125000000429,0.0008975851315000036
2018-01-15,0.0,0.0,0.0,0.0
2018-01-16,-5.273467739449782e-05,0.0008000037499999951,0.003000049999999982,0.0006285149309999962
2018-01-17,-0.0013499887500000075,-0.0023999662499999855,-0.0029999499999999817,-0.0011754856744999875
2018-01-18,-0.0018526581901622868,-0.003999906250000031,-0.008999549999999997,-0.002984358824500004
2018-01-19,0.000169997999999999,-0.0015999849999999904,-0.001499987499999991,-0.0008154931230000037
2018-01-22,0.0002889354930822811,-0.0015999850000000182,-0.001499987500000043,-0.0009569870615000105
2018-01-23,-0.00020108045904504795,0.0024000337500000133,0.003000050000000034,0.001659533911000014
2018-01-24,0.0003874317113433111,-0.0015999849999999904,-0.004499887499999973,-0.0014309657945000061
2018-01-25,-5.256102542433797e-05,0.0016000149999999902,0.006000199999999963,0.0017620589069999976
2018-01-26,-5.214016929162631e-05,-0.0023999662500000132,-0.004499887500000025,-0.0018654648245000054
2018-01-29,0.00012786027204186244,-0.0031999400000000083,-0.004499887499999973,-0.0016814596644999912
2018-01-30,0.000706102867300987,-0.0023999662499999855,-0.005999800000000016,-0.0019929387550000005
2018-01-31,0.0,0.0008000037499999951,0.0045001124999999725,0.0009270324719999896
2018-02-01,0.0,-0.004799864999999971,-0.010499387499999936,-0.0034113332369999833
2018-02-02,0.0,-0.004799864999999999,-0.01049938750000004,-0.0032453108685000067
2018-02-05,0.0,0.005600183749999994,0.007500312500000007,0.0033191125055000007
2018-02-06,-5.3722260870586646e-05,-0.0015999850000000182,-0.0029999499999999817,-0.0012764817235000054
2018-02-07,-0.0009207428429004775,-0.003999906249999976,-0.010499387499999988,-0.0034213384414999923
2018-02-08,-0.0029999499999999817,-0.0007999962500000229,-0.0029999499999999817,-0.000778985250000004
2018-02-09,0.0014464113224967772,0.0016000149999999902,0.0015000124999999388,0.0011080128949999904
2018-02-12,0.00030548072648012737,-0.0023999662499999855,0.0,-0.0010104875739999975
2018-02-13,8.6781439525904e-05,0.0024000337499999855,0.0045001124999999725,0.0015465374555000053
2018-02-14,0.0012072968251389145,-0.006399759999999989,-0.011999199999999927,-0.004781741852999995
2018-02-15,0.00012730698798148806,0.0008000037500000229,0.0045001124999999725,0.0011415322065000005
2018-02-16,0.00030663445684243044,0.0024000337499999855,0.003000049999999982,0.001147519089499996
2018-02-19,0.0,0.0,0.0,0.0
2018-02-20,0.0,-0.0007999962499999952,-0.0029999499999999817,-0.001035484487999995
2018-02-21,-5.744235853509974e-05,-0.004799864999999999,-0.010499387499999988,-0.003549806521999997
2018-02-22,0.00294259512634296,0.0016000149999999902,0.003000050000000034,0.0010080110070000083
2018-02-23,0.0,0.0032000600000000085,0.007500312499999955,0.002633601576999982
2018-02-26,-5.5037344010786554e-05,0.0016000149999999902,0.0015000125000000429,0.0008075068380000094
2018-02-27,-0.00030498098321887247,-0.0031999399999999806,-0.004499887500000077,-0.0021564569750000036
2018-02-28,0.0058894435333897875,0.0024000337499999855,0.006000200000000015,0.001996062056999999
2018-03-01,-0.0005934409792357846,0.004800134999999999,0.007500312500000007,0.0029620970235000065
2018-03-02,0.0,-0.0039999062500000035,-0.007499687500000006,-0.0028663933415000163
2018-03-05,0.0,-0.0015999849999999904,-0.0029999499999999817,-0.001095483012499994
2018-03-06,0.0,0.0,0.0015000125000000429,0.0005050103285000029
2018-03-07,0.0,-0.0007999962500000229,-0.001499987500000043,-0.0004204961199999982
2018-03-08,0.0,0.0024000337500000133,0.004500112500000025,0.0012965250315000003
2018-03-09,-5.459519523078612e-05,-0.0031999399999999806,-0.004499887500000025,-0.0017439594050000032
2018-03-12,0.0005400019999999968,0.0024000337499999855,0.006000200000000015,0.0016960460030000016
2018-03-13,0.00048693641656128936,0.0024000337500000133,0.003000049999999982,0.0014350302735000049
2018-03-14,9.499989999999943e-05,0.0024000337499999855,0.006000200000000015,0.0019625806985000016
2018-03-15,-9.306895364516739e-05,-0.0007999962499999952,0.0,-0.0002944989780000008
2018-03-16,8.123975272460477e-05,-0.0023999662500000132,-0.0029999500000000338,-0.0015059690430000057
2018-03-19,-5.2890376173967e-05,0.0,-0.001499987499999991,-0.00039699643449999186
2018-03-20,-0.0003752431468531479,-0.0031999400000000083,-0.005999799999999964,-0.0021024471185000083
2018-03-21,0.0002624862721029039,0.0,0.0,0.00018150072550000002
2018-03-22,-0.0001484292388480472,0.004800134999999999,0.010500612499999989,0.0035036689069999974
2018-03-23,-2.5709920645274833e-05,0.0008000037500000229,0.0,0.0003855020205000034
2018-03-26,0.0004418304114089786,-0.0023999662500000132,-0.0029999500000000338,-0.0015354767865000019
2018-03-27,0.0007112735043135424,0.005600183750000022,0.00900045000000005,0.0034591410835000122
2018-03-28,0.0011839380322915792,0.0008000037499999951,0.0015000124999999388,0.0003520119839999926
2018-03-29,0.0,0.0024000337499999855,0.006000200000000015,0.0021335643759999943
2018-03-30,0.0,0.0,0.0,0.0
2018-04-02,0.0,0.0008000037499999951,0.0,0.0002815010395000025
2018-04-03,0.0,-0.004799864999999999,-0.007499687499999954,-0.002993386742999999
2018-04-04,0.0,0.0,-0.001499987500000043,-0.0003829962909999943
2018-04-05,-5.618911017398809e-05,-0.0031999400000000083,-0.005999800000000016,-0.002175434286000005
2018-04-06,-0.0037200809999999775,0.0048001350000000265,0.009000449999999998,0.003428153586499999
2018-04-09,0.001128553854408496,-0.0007999962499999952,0.0,-0.0006474953945000056
2018-04-10,-0.0005950939023086152,-0.0015999849999999904,0.0,-0.00048649666799999695
2018-04-11,-5.635377525951511e-05,0.0008000037499999674,0.003000050000000034,0.0010965265314999957
2018-04-12,0.003607102679368665,-0.0031999400000000083,-0.007499687500000006,-0.0030348696029999906
2018-04-13,0.0038906275308011355,0.0008000037500000229,0.0015000124999999908,0.0005620112865000056
2018-04-16,-9.992491733044312e-05,-0.0007999962500000229,0.0,-0.00030749874400000344
2018-04-17,0.00042756855306661466,0.0008000037500000229,0.003000049999999982,0.0009905261794999963
2018-04-18,0.0005236057373281135,-0.0039999062500000035,-0.008999549999999997,-0.0032568521180000075
2018-04-19,1.7207280917189182e-06,-0.0039999062500000035,-0.008999549999999945,-0.0028313835444999857
2018-04-20,0.0,-0.0031999400000000083,-0.004499887500000025,-0.0019039568695000144
2018-04-23,0.0,-0.0015999849999999904,-0.001499987499999991,-0.000997491348499991
2018-04-24,0.0,-0.0015999849999999904,-0.004499887500000025,-0.001231966698500006
2018-04-25,0.0,-0.0023999662499999855,-0.005999800000000016,-0.0016484552619999873
2018-04-26,0.0,0.0024000337499999855,0.006000200000000015,0.001703045085999988
2018-04-27,0.0,0.0032000599999999807,0.007500312500000059,0.0023825960800000065
2018-04-30,0.0,0.0008000037499999951,0.003000049999999982,0.0008645147435
2018-05-01,-5.474073583646951e-05,-0.0015999849999999904,-0.0029999499999999817,-0.0012639816265000016
2018-05-02,0.0004852586579519023,0.0,-0.001499987500000043,-9.449552350000715e-05
2018-05-03,0.0,0.0024000337500000133,0.003000049999999982,0.0012130189765000045
2018-05-04,0.0,-0.0007999962500000229,0.0,-0.00014799947350000126
2018-05-07,-5.4513319897500624e-05,0.0,0.0,-1.5499837000000286e-05
2018-05-08,-0.0005399980000000062,-0.0015999849999999904,-0.0029999499999999817,-0.0010829877944999997
2018-05-09,-0.0005940887778327366,-0.0023999662499999855,-0.004499887499999973,-0.0017309615444999974
2018-05-10,-5.494360036879866e-05,0.0024000337499999855,0.0045001124999999725,0.0016270517019999976
2018-05-11,-4.5762693559321756e-05,0.0,0.0015000125000000429,0.0004855103835000109
2018-05-14,-9.865428901685406e-05,-0.0023999662499999855,-0.004499887500000077,-0.001521464011000013
2018-05-15,-5.767980103602092e-06,-0.0063997600000000165,-0.011999200000000031,-0.004265763704500001
2018-05-16,-0.00033112829231422445,-0.0007999962499999674,-0.0029999499999999817,-0.0007684915949999857
2018-05-17,0.0010899543339722277,-0.0015999850000000182,-0.004499887499999921,-0.001493950273500002
2018-05-18,0.007500312499999903,0.004000093749999976,0.007500312499999903,0.002791605401999988
2018-05-21,0.0014432811751331777,0.0,0.0015000125000000429,-1.649824049999695e-05
2018-05-22,-5.669395544861353e-05,0.0,-0.001499987500000043,-0.00035349646849999565
2018-05-23,0.007443571865149291,0.004000093750000031,0.007500312500000111,0.0030290966065000076
2018-05-24,-5.665697034973781e-05,0.0024000337499999855,0.0045001124999999205,0.0017890520864999857
2018-05-25,0.007443648743573124,0.004000093749999976,0.007500312500000059,0.002723088111500014
2018-05-28,0.0,0.0,0.0,0.0
2018-05-29,0.0,0.012800960000000033,0.021002449999999978,0.008684348130999992
2018-05-30,-5.7719591336041075e-05,-0.0055998162499999934,-0.008999550000000049,-0.003880348163499998
2018-05-31,0.0028878895506416155,0.0008000037499999674,0.003000050000000034,0.0006085081254999994
2018-06-01,0.0011703975336104018,-0.004799864999999999,-0.007499687500000006,-0.003103899918500004
2018-06-04,0.0,-0.003999906249999976,-0.005999799999999964,-0.002437927914499995
2018-06-05,0.0,0.0016000149999999902,0.0015000124999999388,0.0008130068449999989
2018-06-06,0.0,-0.0039999062500000035,-0.008999549999999945,-0.003234352724500003
2018-06-07,0.0,0.0032000599999999807,0.007500312500000007,0.002667101432000002
2018-06-08,0.0,0.0,0.0,1.2000005500000016e-05
2018-06-11,0.0,-0.0023999662499999855,-0.0029999500000000338,-0.0013944789029999999
2018-06-12,-5.719042273978072e-05,0.0,0.0,0.00011150253350000554
2018-06-13,0.0023683874980561133,-0.0015999849999999904,-0.0029999499999999817,-0.0013239841415000043
2018-06-14,0.0036454905834101582,0.0032000600000000085,0.007500312499999955,0.0026241013309999998
2018-06-15,7.656950885725786e-06,0.0008000037499999674,0.0015000125000000429,0.00039100229999999847
2018-06-18,8.5767556072149e-05,0.0008000037500000229,0.0,0.00010400062900000385
2018-06-19,-5.463509334551724e-05,0.0024000337499999855,0.0045001124999999725,0.0018615421799999942
2018-06-20,-0.0009683688732272154,-0.0031999400000000083,-0.005999800000000016,-0.0023059306785000065
2018-06-21,-0.004055178742967804,0.002400033750000041,0.003000050000000034,0.0013440207510000124
2018-06-22,0.0,0.0,0.0,1.7000006999999826e-05
2018-06-25,-0.0005000199999999971,0.0024000337499999855,0.003000049999999982,0.0012865202109999933
2018-06-26,0.0009449585814452445,-0.0007999962499999952,0.0,-0.0003194971184999895
2018-06-27,-5.4659449429136145e-05,0.004000093749999976,0.007500312500000059,0.002986130098999995
2018-06-28,-0.0003181256583887415,-0.0007999962499999674,-0.001499987500000043,-0.00047599692350000185
2018-06-29,0.0009586421921277419,-0.0007999962500000229,0.0,-0.0003609969250000006
2018-07-02,-0.00010664591990798283,-0.0015999849999999904,-0.001499987499999991,-0.0009049927440000037
2018-07-03,-0.0009340373711980956,0.0032000599999999807,0.0045001124999999725,0.0018985428359999973
2018-07-04,0.0,0.0,0.0,0.0
2018-07-05,0.0005662545544805526,-0.0007999962499999674,0.0015000125000000429,4.7504908500010286e-05
2018-07-06,-0.0006862515195018594,0.0016000149999999902,0.0015000124999999908,0.0008005072015000034
2018-07-09,0.0024799640000000064,-0.0031999400000000083,-0.004499887499999973,-0.001736467543500004
2018-07-10,0.0006199977500000178,-0.0007999962499999952,-0.001499987500000043,-0.0007204948295000041
2018-07-11,-0.0007340196689799662,0.0016000149999999902,0.003000049999999982,0.0011390170784999962
2018-07-12,-5.4665328751122556e-05,0.0,0.0,-0.0002159994410000027
2018-07-13,0.00044537806044366815,0.0016000149999999902,0.003000050000000034,0.001032011521500011
2018-07-16,-5.465706601182989e-05,-0.0015999849999999904,-0.004499887499999973,-0.0012924767620000003
2018-07-17,0.00016076484412351898,-0.0007999962499999952,-0.001499987500000043,-0.0006474953495000052
2018-07-18,0.0006618606677435726,-0.0015999849999999904,-0.0029999500000000338,-0.0009539839620000045
2018-07-19,0.0007890220428378771,0.0032000600000000085,0.004500112500000077,0.0017785408965000106
2018-07-20,0.002499673749999933,-0.003999906250000031,-0.008999550000000049,-0.0031168305945
2018-07-23,0.0009998487500000371,-0.0055998162499999934,-0.011999199999999979,-0.0040682746315000035
2018-07-24,-0.0005000199999999971,0.0008000037499999951,0.003000049999999982,0.0007985148294999952
2018-07-25,-0.000500019999999971,0.0008000037500000229,0.003000050000000034,0.000830514952000006
2018-07-26,0.00015812581080973718,-0.0031999400000000083,-0.007499687500000006,-0.0025024180914999987
2018-07-27,-0.0003214549615165395,0.0016000149999999902,0.003000050000000034,0.00099951159700001
2018-07-30,0.0004999800000000056,-0.0015999849999999904,-0.0029999500000000338,-0.0010529833905000077
2018-07-31,-0.0015414136663845536,0.0016000149999999902,0.003000050000000034,0.0011590276804999994
2018-08-01,-0.0009115690853462824,-0.0031999399999999806,-0.005999800000000016,-0.0022994135935000006
2018-08-02,-0.00029135369176189587,0.0016000149999999902,0.0015000124999999388,0.000860507750499989
2018-08-03,0.0010254657996087045,0.0024000337499999855,0.004500112500000077,0.0016735373470000187
2018-08-06,-0.00029365822134602216,0.0008000037500000229,0.0015000124999999388,0.0006335053629999886
2018-08-07,-0.0015741293828333354,-0.0031999400000000083,-0.005999800000000016,-0.0022509331195000037
2018-08-08,0.0007064340779680126,0.0016000149999999902,0.0015000125000000429,0.00033250293150000174
2018-08-09,0.0016707579778306332,0.0024000337499999855,0.006000200000000015,0.0021090633765000035
2018-08-10,-0.0012914057934763602,0.0048001350000000265,0.007500312499999955,0.0031366172015000067
2018-08-13,-0.0002767219561068604,-0.0007999962499999952,-0.001499987499999991,-0.0006274893730000032
2018-08-14,-0.00010808395358782738,-0.0007999962500000229,-0.001499987499999991,-0.0007999941395000056
2018-08-15,-0.0019706233418800233,0.0024000337500000133,0.0045001124999999725,0.0017760394615000063
2018-08-16,0.0002674924480562876,-0.0007999962499999952,0.0,-0.0003269985984999998
2018-08-17,0.0,0.0,0.0,0.00010450030700000137
2018-08-20,-0.008055069590415487,0.004000093750000004,0.006000200000000015,0.0024360746069999883
2018-08-21,-0.0004999862500000576,-0.0023999662500000132,-0.0029999500000000338,-0.0011569859779999934
2018-08-22,0.00044621075082239856,0.0024000337500000133,0.003000050000000034,0.0011545140219999931
2018-08-23,0.0010061965370620934,0.0,0.0015000125000000429,0.00036051105200000987
2018-08-24,0.0006408919640482267,0.0,0.0015000124999999388,3.800156149999425e-05
2018-08-27,0.001752429868004031,-0.0023999662500000132,-0.004499887499999973,-0.001727961950499996
2018-08-28,1.772778792228364e-05,-0.0023999662499999855,-0.005999800000000016,-0.0018594527609999939
2018-08-29,-0.0010429083939441275,-0.0007999962500000229,0.0,-5.049682000001126e-05
2018-08-30,0.0012690821891914263,0.0024000337500000133,0.0045001124999999725,0.0015605274570000022
2018-08-31,-0.000556626309448138,0.0,-0.0029999499999999817,-0.0004934853450000036
2018-09-03,0.0,0.0,0.0,0.0
2018-09-04,0.0019460477713399856,-0.0031999399999999806,-0.005999800000000016,-0.0025394112514999937
2018-09-05,-5.252670045703981e-05,0.0,-0.001499987499999939,-0.0002854963230000001
2018-09-06,-0.0012099919577741234,0.0016000149999999902,0.003000049999999982,0.001085016680499995
2018-09-07,-0.007610371125076986,-0.004799864999999999,-0.007499687499999954,-0.0032178826794999884
2018-09-10,-0.004052835735324313,0.0,0.0015000124999999388,0.00044951048599999684
2018-09-11,0.0018601564176474012,-0.0031999400000000083,-0.005999800000000016,-0.002405928893000009
2018-09-12,-0.004055168943645126,0.0008000037499999951,0.003000050000000034,0.0008830147615000051
2018-09-13,0.0,0.0,0.0,-5.0999844500000214e-05
2018-09-14,-5.377325529976084e-05,-0.0015999850000000182,-0.004499887499999973,-0.0014329747945000012
2018-09-17,0.0,0.0,0.0,2.5500135999998613e-05
2018-09-18,0.0017497549999999458,-0.004799864999999971,-0.010499387500000092,-0.003616805568000001
2018-09-19,0.0014461060159325148,-0.0023999662500000132,-0.0029999499999999817,-0.0014404687995000053
2018-09-20,0.0,0.0008000037500000229,0.0015000125000000429,0.0006845108520000197
2018-09-21,0.0,0.0,0.0015000124999999388,0.00038750362699998566
2018-09-24,-5.293398811387402e-05,-0.0007999962500000229,-0.001499987499999939,-0.0006019956469999902
2018-09-25,-5.283740153267512e-05,-0.0015999849999999904,-0.0029999499999999817,-0.00116098226950001
2018-09-26,-5.2758771891795977e-05,0.0032000599999999807,0.0045001124999999205,0.0020240581819999997
2018-09-27,2.192727148163243e-05,0.0,0.0015000125000000429,0.00015500125200000435
2018-09-28,0.00030717390484007146,0.0008000037500000229,0.0,0.0002880012570000065
2018-10-01,-5.52879424369572e-05,-0.0031999399999999806,-0.007499687500000006,-0.0024574037130000157
2018-10-02,-0.008111654022654896,0.0032000599999999807,0.006000199999999963,0.0020355647315000057
2018-10-03,-0.015110935741668477,-0.007999625000000007,-0.014998750000000014,-0.0054430842450000055
2018-10-04,0.009887062377100431,-0.0031999399999999806,-0.007499687499999902,-0.0025819012179999915
2018-10-05,-0.007552965221504166,-0.003199940000000036,-0.007499687500000006,-0.0024869021680000033
2018-10-08,-9.435579708111854e-06,0.0,0.0,0.0
2018-10-09,0.0024966630727806583,0.0016000150000000457,0.006000199999999963,0.0016235443695000057
2018-10-10,-6.310795208772058e-05,-0.0007999962500000229,-0.004499887500000025,-0.0009219793015000026
2018-10-11,0.0037427530851841754,0.006400239999999962,0.012000800000000032,0.0039867261565
2018-10-12,0.0,-0.0007999962499999674,0.0,-5.549957449999775e-05
2018-10-15,-5.5862839018422096e-05,-0.0007999962500000229,-0.0029999499999999817,-0.0009459852019999982
2018-10-16,-0.004000089999999976,0.0,0.0015000125000000429,0.00045901053199999976
2018-10-17,0.0059439318510128,-0.0023999662499999577,-0.004499887500000025,-0.0016634622980000024
2018-10-18,0.0,0.0016000149999999902,0.0015000125000000429,0.0003570063305000146
2018-10-19,-5.275446906166617e-05,-0.0023999662500000132,-0.004499887500000025,-0.0015664724230000054
2018-10-22,-5.2766680147433365e-05,0.0,0.0,4.000023600000141e-05
2018-10-23,-0.0007128913128513191,0.0024000337500000133,0.003000049999999982,0.001285015681999993
2018-10-24,-0.0011874100360652036,0.005600183749999994,0.007500312499999903,0.0032041086219999843
2018-10-25,0.0010563889290876114,-0.003199940000000036,-0.004499887499999921,-0.0017959655549999922
2018-10-26,-5.312758810629403e-05,0.0048001350000000265,0.006000199999999963,0.002739074020500001
2018-10-29,0.0009468652637833821,0.0,0.0,-0.00024899768850000537
2018-10-30,-5.236020120310494e-05,-0.0031999400000000083,-0.004499887499999921,-0.0018644583029999798
2018-10-31,-0.0003275399782700467,-0.0023999662499999855,-0.005999800000000068,-0.002038950053000011
2018-11-01,-4.738300930992393e-05,0.0008000037499999674,0.0015000125000000429,0.0007140050470000048
2018-11-02,-0.0003324130215843641,-0.006399759999999961,-0.011999200000000031,-0.004584729253000004
2018-11-05,0.0009232152166940446,0.0016000149999999902,0.004500112500000025,0.0012680334109999916
2018-11-06,-0.0004326476020408074,-0.0015999849999999904,-0.001499987500000043,-0.0006259955430000053
2018-11-07,0.00031511422434397777,0.0,0.0,-0.0002789988264999961
2018-11-08,-5.313855648509529e-05,-0.001599985000000046,-0.001499987499999939,-0.0006139955464999977
2018-11-09,-0.0007053926871228971,0.004000093750000059,0.006000199999999963,0.0022150564305000032
2018-11-12,0.0,0.0,0.0,0.0
2018-11-13,-5.58241655157458e-05,0.004000093749999948,0.0060002000000000675,0.00269358040850001
2018-11-14,-0.0021082878147988655,0.001600015000000018,0.003000049999999982,0.0011755134564999923
2018-11-15,0.00010406618104046417,0.0008000037500000229,-0.001499987500000043,-5.69950429999938e-05
2018-11-16,0.0003348857313660908,0.0024000337499999855,0.006000199999999963,0.002084550096999984
2018-11-19,0.0015467392373534963,0.0016000149999999902,0.0015000125000000429,0.0008900076030000099
2018-11-20,-0.0010000112500000286,0.0,0.0,0.00012100243200000569
2018-11-21,-5.325901341438078e-05,0.0,0.0,-0.00017999949649999972
2018-11-22,0.0,0.0,0.0,0.0
2018-11-23,0.0,0.0008000037500000229,0.0015000125000000429,0.0003640020250000064
2018-11-26,-5.33940376434895e-05,-0.0015999849999999904,-0.001499987500000043,-0.0008354935490000078
2018-11-27,0.0007466395986769301,0.0008000037499999674,0.0,0.00014800052649999415
2018-11-28,-5.243125908167724e-05,0.0,-0.001499987500000043,-0.0002959887194999999
2018-11-29,0.0007500143750000232,0.002400033750000041,0.003000050000000086,0.0010555132060000038
2018-11-30,0.0005655719120046629,0.0016000149999999902,0.003000049999999982,0.0012375278050000015
2018-12-03,0.00045586813637321774,0.0024000337499999855,0.006000199999999963,0.001486544969499998
2018-12-04,0.001847668240636305,0.005600183749999994,0.015001250000000013,0.004936926418999996
2018-12-05,0.0,0.0,0.0,0.0
2018-12-06,0.0032000600000000085,0.0032000600000000085,0.006000200000000015,0.0019950424865000003
2018-12-07,0.0016000149999999902,0.0016000149999999902,0.0,0.0007645077014999959
2018-12-10,0.0,0.0,0.0015000124999999908,0.00026600368050000683
2018-12-11,-0.003252365815018195,-0.0031999400000000083,-0.0029999500000000338,-0.0013054812435000043
2018-12-12,-0.000402415898536519,-0.0015999849999999904,-0.0029999499999999817,-0.0011279819464999935
2018-12-13,-5.242337220922324e-05,0.0,-0.001499987499999991,-9.849547000000815e-05
2018-12-14,0.0002975766301221942,0.0016000149999999902,0.003000050000000034,0.0012300178055
2018-12-17,0.0024000337500000133,0.0024000337500000133,0.0045001124999999725,0.0019140415280000096
2018-12-18,0.0031001818306827453,0.0032000600000000085,0.006000199999999963,0.0023105674719999998
2018-12-19,0.00020980968142690685,0.004000093750000004,0.010500612499999989,0.0034236881969999973
2018-12-20,-0.0016523754711083275,-0.0015999850000000182,-0.004499887499999973,-0.0015324738780000033
2018-12-21,-5.657276947776792e-05,0.0,0.0,4.900359650000757e-05
2018-12-24,6.754750300605693e-06,0.004000093750000004,0.006000200000000015,0.002525565103999998
2018-12-25,0.0,0.0,0.0,0.0
2018-12-26,-0.00010784317648232024,-0.0055998162499999934,-0.008999549999999997,-0.0037843293935000038
2018-12-27,-0.001457967458899275,0.0032000600000000085,0.003000049999999982,0.0017930294370000026
2018-12-28,4.217344369921396e-05,0.004000093749999976,0.0045001124999999725,0.001764032156999994
2018-12-31,-0.000878923382676367,0.0024000337500000133,0.003000050000000034,0.0014835255885000047
2019-01-01,0.0,0.0,0.0,0.0
2019-01-02,0.00018331450041016617,0.0024000337499999855,0.006000199999999963,0.0021140823869999917
2019-01-03,-0.0008241190510512463,0.008000375000000007,0.012000800000000032,0.004923734899500007
2019-01-04,-0.0015820436447979774,-0.008799546249999974,-0.011999200000000031,-0.005174732730500002
2019-01-07,0.0003165390278660625,-0.002399966250000041,-0.004499887499999973,-0.0015119764770000052
2019-01-08,-5.6840214846367874e-05,-0.0023999662499999855,-0.0029999499999999817,-0.001424481779499988
2019-01-09,0.0005631972966134113,-0.0007999962499999952,-0.0029999499999999817,-0.000857973463499993
2019-01-10,-5.369650162907922e-05,0.0,-0.0029999500000000338,-0.0007829743965000156
2019-01-11,0.0024000337500000133,0.0024000337500000133,0.003000050000000034,0.0014195218815000095
2019-01-14,-5.367534924740432e-05,0.0,-0.001499987500000043,-0.0005644895120000083
2019-01-15,0.0,-0.0007999962500000229,-0.001499987499999991,-0.0006919891499999964
2019-01-16,0.0,-0.0007999962499999952,0.0,-5.699670949999582e-05
2019-01-17,0.0,-0.0015999849999999904,-0.001499987500000043,-0.0008124914230000045
2019-01-18,0.0,-0.0031999400000000083,-0.0029999499999999817,-0.0017169722044999992
2019-01-21,0.0,0.0,0.0,0.0
2019-01-22,0.0,0.004000093750000004,0.006000200000000015,0.002341560033499997
2019-01-23,0.0,-0.0015999849999999904,-0.0029999500000000338,-0.0008609903229999967
2019-01-24,-5.3538169592854e-05,0.0032000599999999807,0.006000200000000015,0.002089552414499996
2019-01-25,-0.0031999399999999806,-0.0031999399999999806,-0.004499887499999973,-0.0018069669265000014
2019-01-28,0.0007466007353843086,0.0008000037499999951,0.0,0.00017950072950000107
2019-01-29,-5.339574343058007e-05,0.0024000337499999855,0.003000050000000034,0.0015030233000000084
2019-01-30,0.0016000149999999902,0.0016000149999999902,0.0,0.0004565187214999915
2019-01-31,0.005504102387249493,0.005600183750000022,0.010500612499999937,0.004043708469499996
2019-02-01,-0.0006902027334360789,-0.005599816250000021,-0.007499687499999954,-0.0032878882944999853
2019-02-04,-0.00014947764109185635,-0.0023999662499999855,-0.005999800000000016,-0.0018174536045000116
2019-02-05,0.0,0.001600015000000018,0.0045001124999999725,0.0014825346065000088
2019-02-06,0.0,0.0008000037499999674,0.0015000125000000429,0.00035500200000000085
2019-02-07,0.0,0.004000093750000031,0.0045001124999999725,0.002134549706499998
2019-02-08,-5.445492173709212e-05,0.0016000149999999902,0.004500112500000025,0.0015040344054999973
2019-02-11,-0.00014944153570961027,-0.0015999849999999904,-0.004499887500000025,-0.0017174628120000008
2019-02-12,0.0,-0.0023999662500000132,-0.0029999499999999817,-0.001206981071500002
2019-02-13,0.0,-0.0023999662499999855,-0.0029999500000000338,-0.0014754775729999968
2019-02-14,0.0,0.004000093749999976,0.006000200000000015,0.0023185594205000003
2019-02-15,0.0,0.0,0.0015000125000000429,0.0001390041715000038
2019-02-18,0.0,0.0,0.0,0.0
2019-02-19,0.0,0.0008000037500000229,0.0,0.0006055045879999922
2019-02-20,0.0,0.0,0.0,-0.00019499774849999173
2019-02-21,0.0,-0.0031999400000000083,-0.007499687500000058,-0.0026154004700000046
2019-02-22,0.0,0.0032000600000000085,0.004500112500000025,0.001966544175499998
2019-02-25,0.0,-0.0015999849999999904,-0.001499987499999991,-0.000798993544499987
2019-02-26,0.0,0.0024000337499999855,0.004500112500000025,0.001587527806999997
2019-02-27,0.0,-0.0039999062500000035,-0.01049938750000004,-0.003279339843500005
2019-02-28,0.0,-0.0031999400000000083,-0.004499887499999973,-0.0016329687189999959
2019-03-01,0.0,-0.0023999662499999855,-0.004499887500000025,-0.0020969427385000078
2019-03-04,0.0,0.0032000599999999807,0.006000199999999963,0.0021515669380000025
2019-03-05,0.0,0.0,0.0,0.0002050022514999918
2019-03-06,0.0,0.0024000337500000133,0.004500112500000077,0.0016505299005000053
2019-03-07,0.0,0.004000093750000004,0.006000199999999963,0.0023890602735000097
2019-03-08,0.0,0.0016000149999999902,0.0045001124999999725,0.0015370356804999927
2019-03-11,0.0,-0.0015999849999999904,-0.004499887499999973,-0.0015239652939999936
2019-03-12,0.0,0.0024000337500000133,0.006000200000000015,0.001919547681499998
2019-03-13,0.0,0.0,0.0,-0.0005139906445000016
2019-03-14,0.0,-0.0015999850000000182,-0.005999800000000016,-0.0013594683935000036
2019-03-15,0.0,0.0032000600000000085,0.0045001124999999725,0.0016880316499999944
2019-03-18,0.0,-0.0007999962500000229,0.0,-0.00017649567299999236
2019-03-19,0.0,-0.0007999962499999674,-0.001499987499999939,-0.0004659960264999964
2019-03-20,0.0,0.005600183749999994,0.007500312499999955,0.0032666088104999977
2019-03-21,0.0,0.0,0.0015000125000000429,0.0005150102820000023
2019-03-22,0.0,0.008000375000000007,0.01350101249999997,0.005316325305499999
2019-03-25,-5.3076821772687684e-05,0.0008000037499999674,0.0015000124999999908,0.0009470078564999974
2019-03-26,-7.54310108005165e-05,0.001600015000000018,0.0015000125000000429,0.0008655083450000023
2019-03-27,0.00011232899489047057,0.0016000149999999902,0.006000199999999963,0.0015700423704999935
2019-03-28,-7.826685614202868e-05,0.0,0.0015000124999999908,0.0003385112065000013
2019-03-29,0.0,-0.0015999849999999904,-0.001499987499999991,-0.0007144943704999962
2019-04-01,0.0,-0.0063997600000000165,-0.011999199999999979,-0.004708721659500004
2019-04-02,0.0,0.0008000037500000229,0.0015000124999999388,0.0008315065770000048
2019-04-03,0.0,-0.0031999400000000083,-0.007499687499999954,-0.002637900223000006
2019-04-04,0.0,0.0008000037500000229,0.0015000124999999908,0.0004870041015000067
2019-04-05,0.0,0.0008000037499999674,0.003000049999999982,0.0006050081449999932
2019-04-08,0.0,-0.0015999849999999904,-0.0029999499999999817,-0.0011264830185000016
2019-04-09,0.0,0.0008000037500000229,0.0015000124999999908,0.0006840053115000075
2019-04-10,0.0,0.0024000337499999855,0.003000050000000034,0.0014480217305000056
2019-04-11,0.0,-0.0023999662499999855,-0.004499887500000025,-0.001992445330000003
2019-04-12,0.0,-0.003999906250000031,-0.005999799999999964,-0.0026084307980000043
2019-04-15,0.0,0.0008000037500000229,0.0015000124999999908,0.0005540042319999997
2019-04-16,0.0,-0.003999906250000031,-0.005999800000000016,-0.0021239445285000072
2019-04-17,0.0,0.0008000037500000229,0.0,0.0002390008055000008
2019-04-18,0.0,0.001600015000000018,0.004500112500000025,0.0015540356770000108
2019-04-19,0.0,0.0,0.0,0.0
2019-04-22,0.0,-0.0015999850000000182,-0.005999800000000016,-0.0016149560780000093
2019-04-23,0.0,0.001600015000000018,0.0015000124999999908,0.0009520084970000087
2019-04-24,0.0,0.0032000599999999807,0.007500312500000007,0.002606083080500002
2019-04-25,0.0,-0.0007999962499999952,0.0,-0.00022949919950000184
2019-04-26,0.0,0.0024000337500000133,0.003000049999999982,0.0015160228304999974
2019-04-29,0.0,-0.0023999662500000132,-0.005999799999999964,-0.002070437166499999
2019-04-30,0.0,0.0024000337500000133,0.0045001124999999725,0.0018270396219999933
2019-05-01,0.0,-0.0007999962500000229,0.0015000124999999908,-0.00015899289399999537
2019-05-02,0.0,-0.0023999662499999855,-0.004499887499999973,-0.001629971990999992
2019-05-03,0.0,0.0008000037499999951,0.003000049999999982,0.0007870082829999847
2019-05-06,0.0,0.0024000337500000133,0.003000049999999982,0.0013945210955000058
2019-05-07,-5.311245599126346e-05,0.004800134999999971,0.007500312500000007,0.0029216104454999987
2019-05-08,-3.1063844453589233e-06,-0.0031999400000000083,-0.004499887499999973,-0.0017759590484999986
2019-05-09,-5.312784710228808e-05,0.0032000600000000085,0.003000049999999982,0.0015875259315000032
2019-05-10,-3.1278321022883848e-06,-0.0015999850000000182,-0.001499987500000043,-0.0009629860485000135
2019-05-13,0.0,0.005600183750000022,0.007500312500000059,0.003846161745500011
2019-05-14,-5.321806342438894e-05,-0.0015999849999999904,-0.0029999499999999817,-0.0013689715484999972
2019-05-15,0.0,0.004000093749999976,0.006000199999999963,0.0025585757954999983
2019-05-16,0.0,-0.0023999662499999855,-0.0029999499999999817,-0.0014374785779999936
2019-05-17,5.000001500000143e-05,0.0008000037499999951,0.003000049999999982,0.0008945147269999925
2019-05-20,-5.321806342438894e-05,-0.0015999849999999904,-0.0029999499999999817,-0.0011074869950000001
2019-05-21,0.0,-0.0015999850000000182,-0.0029999499999999817,-0.0011259876299999946
2019-05-22,0.0,0.0032000600000000085,0.0045001124999999725,0.0017930345569999984
2019-05-23,-5.213976684215784e-05,0.006400240000000017,0.01200079999999998,0.004592243851999997
2019-05-24,-1.1698828444686992e-05,-0.0007999962499999952,-0.001499987499999939,-0.000524496741499995
2019-05-27,0.0,0.0,0.0,0.0
2019-05-28,-3.3147278507146652e-06,0.004800134999999999,0.007500312499999955,0.00307111482349999
2019-05-29,-5.3881173208324895e-05,0.0008000037499999951,0.003000049999999982,0.0007425081800000047
2019-05-30,0.000870507003038486,0.0024000337499999855,0.006000200000000015,0.0021370645115000022
2019-05-31,-2.8660213353658254e-05,0.006400239999999989,0.010500612499999989,0.004674734611999999
2019-06-03,-4.268538304878014e-05,0.005600183750000022,0.007500312500000059,0.0039021435740000067
2019-06-04,6.351313516908427e-05,-0.0039999062500000035,-0.01049938750000004,-0.003724804369000007
2019-06-05,-5.551449755324828e-05,0.0,-0.001499987499999991,-0.0002954758060000002
2019-06-06,-0.0007669397804050707,0.0,0.0,-0.0001109955644999962
2019-06-07,5.380102178172449e-05,0.0024000337500000133,0.009000449999999998,0.002753110236000005
2019-06-10,-0.000707126240555434,-0.004799864999999999,-0.008999549999999997,-0.003336370540500005
2019-06-11,-5.5643277693885325e-05,0.0,0.0,-0.00011299962799999931
2019-06-12,0.0,0.0016000149999999902,0.0015000124999999908,0.0009150082509999975
2019-06-13,-5.488203594342761e-05,0.0024000337499999855,0.003000049999999982,0.001434518138500002
2019-06-14,-1.0292193345244121e-05,0.0008000037500000229,0.0015000125000000429,0.0005375108255000031
2019-06-17,-0.00014432662478194077,0.0,0.0015000124999999388,0.0002410037054999916
2019-06-18,0.0,0.0024000337499999855,0.004500112500000077,0.0015590374055000113
2019-06-19,0.0,0.0024000337500000133,0.003000049999999982,0.001875027774499998
2019-06-20,0.0,0.001600015000000018,0.0015000124999999908,0.0009245073815000001
2019-06-21,0.0,-0.004799865000000026,-0.008999550000000049,-0.003482345939000006
2019-06-24,-5.62382092171783e-05,0.004000093750000004,0.006000200000000015,0.002558576084500005
2019-06-25,0.0,0.0016000149999999902,0.003000050000000034,0.0011390171304999977
2019-06-26,-0.00015629629353173586,-0.003999906249999976,-0.005999800000000016,-0.0028299169944999932
2019-06-27,-5.6277331950904444e-05,0.0032000600000000085,0.006000200000000015,0.0025140885704999978
2019-06-28,9.367394217722936e-05,0.0008000037499999674,0.0,0.00015350064549999378
2019-07-01,-5.447545092889523e-05,-0.0023999662499999855,-0.004499887499999973,-0.00179246123799999
2019-07-02,0.0018000199999999892,0.004000093750000004,0.007500312499999955,0.0025750847719999944
2019-07-03,0.00034446881790991775,0.0016000149999999902,0.006000200000000015,0.0017315585269999912
2019-07-04,0.0,0.0,0.0,0.0
2019-07-05,-4.6358568991868025e-05,-0.0063997600000000165,-0.01349898749999997,-0.0050382206489999895
2019-07-08,-9.24224910861767e-06,-0.0007999962499999674,0.003000049999999982,0.00017900858449999827
2019-07-09,4.748540677241559e-06,-0.0015999850000000182,-0.0029999499999999817,-0.0010684886434999953
2019-07-10,-9.228827062951982e-05,0.0,-0.0029999500000000338,0.00010053868399999876
2019-07-11,-0.00010224741786300236,-0.004799864999999999,-0.008999549999999997,-0.003846283339000005
2019-07-12,0.00042106390734335583,0.0008000037499999951,0.0,0.0005530038359999979
2019-07-15,-5.7090881654387915e-05,0.0024000337500000133,0.0045001124999999725,0.001558536358500002
2019-07-16,0.0,-0.0031999400000000083,-0.004499887499999973,-0.0018229668245000018
2019-07-17,-0.00015443988395767857,0.005600183749999994,0.010500612499999989,0.0036471731815000035
2019-07-18,-1.7138612118501568e-05,0.0016000149999999902,0.0015000125000000429,0.001400016628999997
2019-07-19,0.0,-0.0007999962499999674,-0.001499987500000043,-0.0008294939634999941
2019-07-22,0.0,0.0,-0.001499987499999991,-0.00045399622800000437
2019-07-23,-5.744230792626208e-05,-0.0023999662500000132,-0.0029999499999999817,-0.0015234688989999956
2019-07-24,-7.428742680660396e-06,0.0024000337500000133,0.003000049999999982,0.0012325289894999972
2019-07-25,0.0,-0.0023999662500000132,-0.0029999499999999817,-0.001370479570000007
2019-07-26,0.0,0.0,0.0,0.00017550226300000569
2019-07-29,0.0,0.0016000149999999902,0.0015000124999999388,0.0005700040199999954
2019-07-30,0.0,0.0,0.0015000125000000429,0.0003575035765000033
2019-07-31,0.0,0.0032000600000000085,0.007500312500000007,0.001962594383500003
2019-08-01,0.0,0.009600539999999998,0.015001250000000013,0.006803965499500003
2019-08-02,0.0,0.0032000599999999807,0.007500312499999955,0.002343094976499986
2019-08-05,-5.5142297872705256e-05,0.008800453750000003,0.013501012500000022,0.005911388084000007
2019-08-06,0.0004511259520853138,0.001600015000000018,0.006000200000000015,0.0018970785715000007
2019-08-07,-5.5213350690652687e-05,0.0016000149999999902,0.003000050000000034,0.0014080284170000005
2019-08-08,-0.0008999950000000024,-0.0007999962499999952,-0.001499987500000043,-0.001221975968500002
2019-08-09,-0.0014131683537595568,-0.0015999849999999904,-0.001499987499999991,-0.0009374910164999962
2019-08-12,2.0607835632418433e-05,0.007200303749999984,0.016501512500000003,0.006001034971499992
2019-08-13,-0.003359061152284313,-0.0023999662499999855,-0.0029999500000000338,-0.001973467013999995
2019-08-14,-0.002303444644363651,0.007200303749999984,0.015001250000000013,0.005753999227000001
2019-08-15,0.0013129641104676604,0.005600183750000008,0.006000199999999963,0.0035931260114999996
2019-08-16,0.00019808876892516596,-0.0023999662499999993,-0.0029999499999999817,-0.0012394704604999948
2019-08-19,-0.0005913685391912293,-0.0039999062500000035,-0.008999549999999945,-0.0035403246080000007
2019-08-20,0.0004711492911464711,0.004000093750000004,0.006000199999999963,0.002557575646499993
2019-08-21,0.0002962525642523393,-0.0031999400000000083,-0.004499887500000025,-0.002234950919
2019-08-22,0.0005257699025294582,-0.0023999662500000132,-0.004499887499999973,-0.001951446248999994
2019-08-23,-0.0017501250000000086,0.008000375000000021,0.01200079999999998,0.005404842458499997
2019-08-26,0.00010266744806113881,-0.0015999850000000043,-0.0029999499999999817,-0.0013869802835000035
2019-08-27,-0.0009793554976889028,0.004000093750000004,0.010500612499999989,0.0033896884985000057
2019-08-28,-0.00012500187500000617,0.001600015000000004,0.0015000124999999908,0.001301025382999996
2019-08-29,0.0004702444373040837,-0.0023999662499999993,-0.0029999499999999817,-0.0016404662199999951
2019-08-30,0.0002789426162234915,0.0,0.0,0.00040550302999999965
2019-09-02,0.0,0.0,0.0,0.0
2019-09-03,-0.0003184152415228724,0.0024000337499999994,0.0015000124999999908,0.001163512006999997
2019-09-04,0.0005657219605481338,0.0,0.0,2.1011672000002986e-05
2019-09-05,0.007945122898254964,-0.00799962500000002,-0.013498987500000023,-0.005682626918500008
2019-09-06,-0.0004900063750000055,0.001600015000000018,0.004500112500000025,0.0015825492505000074
2019-09-09,0.001029935124999986,-0.006399759999999989,-0.011999199999999979,-0.004645194168499995
2019-09-10,0.0007551842924418189,-0.007199696250000012,-0.013498987500000023,-0.005111689698500007
2019-09-11,-0.0013535541876553067,-0.0023999662500000132,-0.0029999499999999817,-0.0013774698780000018
2019-09-12,7.68695978976792e-06,-0.0031999399999999806,-0.005999800000000016,-0.0016359655735000002
2019-09-13,0.0,-0.008799546250000002,-0.016498487500000006,-0.007099751938500004
2019-09-16,0.0,0.004800134999999999,0.00900045000000005,0.003453654001000013
2019-09-17,-5.892525685045819e-05,0.0024000337499999855,0.0045001124999999725,0.0018565532049999896
2019-09-18,-0.0006199977499999963,0.0008000037499999951,0.003000049999999982,0.00045001653900000275
2019-09-19,0.0018012144352801019,0.0008000037500000229,0.003000049999999982,0.0014085291834999986
2019-09-20,0.0,0.004000093750000004,0.007500312500000007,0.0029581075835000024
2019-09-23,0.0,0.0016000149999999902,0.0015000125000000429,0.0008690078055
2019-09-24,0.0,0.006400240000000017,0.010500612499999989,0.004242717503000005
2019-09-25,0.0,-0.007199696250000012,-0.011999200000000031,-0.004961180089000006
2019-09-26,0.0,0.0024000337499999855,0.004500112500000025,0.0014865353940000038
2019-09-27,-5.6680635083763396e-05,0.0008000037500000229,0.0015000124999999908,0.0011560145929999973
2019-09-30,4.3302532558999084e-05,0.0008000037499999951,0.0015000124999999908,0.000509504242999998
2019-10-01,-5.8813876724898715e-05,0.0024000337499999855,0.0015000125000000429,0.0012610134190000092
2019-10-02,0.0037200809999999988,0.004000093750000004,0.0045001124999999725,0.002436550763499996
2019-10-03,0.004901250222759282,0.004800134999999999,0.007500312499999955,0.0036891321669999906
2019-10-04,0.0,0.001600015000000004,0.006000200000000015,0.0014415427270000115
2019-10-07,0.0,-0.0031999400000000083,-0.005999800000000016,-0.002524929416000003
2019-10-08,0.0,0.001600015000000004,0.0015000125000000429,0.0009235072984999963
2019-10-09,0.0,-0.0039999062500000035,-0.005999799999999964,-0.0024789250754999916
2019-10-10,0.0,-0.006399759999999989,-0.011999200000000031,-0.004534230193000009
2019-10-11,0.0,-0.007199696250000012,-0.011999200000000031,-0.004811757645000002
2019-10-14,0.0,0.0,0.0,0.0
2019-10-15,0.0,-0.0007999962499999952,-0.0029999499999999817,-0.0005174922529999969
2019-10-16,-5.622902687662315e-05,0.0016000149999999902,0.0015000125000000429,0.000795506144000001
2019-10-17,-5.5231214776186704e-05,-0.0007999962499999952,0.0,-0.0003729970485000047
2019-10-18,-2.5548744512194964e-05,0.0,-0.001499987500000043,-0.0002324962199999956
2019-10-21,-7.377827682927173e-06,-0.0031999400000000083,-0.005999800000000016,-0.002167946163499999
2019-10-22,-1.1309598633819202e-05,0.001600015000000018,0.004500112500000025,0.0012250228785000035
2019-10-23,8.750022499999948e-05,0.0008000037499999951,0.0015000124999999908,0.0006545047549999961
2019-10-24,4.749997499999971e-05,0.0,-0.0029999499999999817,-0.000519492741499997
2019-10-25,-0.0004924960250000018,-0.0023999662500000132,-0.0029999500000000338,-0.001777964343000009
2019-10-28,-0.0004049977499999976,-0.0039999062500000035,-0.008999549999999997,-0.002819383297999993
2019-10-29,-4.750002499999971e-05,0.0008000037500000229,0.0015000125000000429,0.0005115041085000003
2019-10-30,0.0006194528446879868,0.004800134999999999,0.010500612499999989,0.0036666952315000043
2019-10-31,-5.7099743094934595e-05,0.007200303750000012,0.01200079999999998,0.005208328824499994
2019-11-01,-0.001429947748233052,-0.0031999400000000083,-0.004499887499999973,-0.002073941866999992
2019-11-04,-5.9569017801995946e-05,-0.004799864999999999,-0.01049938750000004,-0.003547831773500011
2019-11-05,-0.010499387499999988,-0.005599816250000021,-0.010499387499999988,-0.004007290013999992
2019-11-06,0.006000200000000015,0.004000093750000004,0.006000200000000015,0.0023430707314999978
2019-11-07,-0.016606080255901042,-0.008799546249999974,-0.016498487500000058,-0.006107529798500005
2019-11-08,-0.0001561499967577789,-0.0015999850000000182,-0.004499887499999973,-0.0013314660995000038
2019-11-11,0.0,0.0,0.0,0.0
2019-11-12,0.0002681300232861152,0.001600015000000018,0.0045001124999999725,0.001627049934500003
2019-11-13,0.0005978682023339143,0.0032000600000000085,0.006000200000000015,0.002186554907000006
2019-11-14,0.007500312500000059,0.004800134999999971,0.007500312500000059,0.0031481160465000033
2019-11-15,-0.001607423206100121,-0.0015999849999999904,-0.001499987500000043,-0.0006274954185000053
2019-11-18,0.00024107421874999856,0.0024000337499999855,0.003000049999999982,0.0010310122514999975
2019-11-19,0.00023875864230751744,0.001600015000000018,0.004500112500000077,0.0015340496500000108
2019-11-20,0.00042948413631840036,0.004800134999999999,0.009000449999999998,0.0032951494499999915
2019-11-21,0.0009448404611611731,-0.0031999400000000083,-0.005999800000000016,-0.0024069291680000058
2019-11-22,0.0007373804389827934,0.0,0.0015000124999999908,0.0004955103300000038
2019-11-25,-0.0003049107593422463,0.0008000037499999951,0.0015000124999999908,0.0003935039055000044
2019-11-26,0.0013951358346407572,0.001600015000000018,0.0045001124999999725,0.0016720374569999964
2019-11-27,-0.0004999862499999968,-0.0023999662500000132,-0.0029999499999999817,-0.0013414831414999967
2019-11-28,-5.636886438398847e-05,0.0,0.0,0.0
2019-11-29,-0.0015810978413407812,-0.0007999962499999952,-0.001499987499999991,-0.0006654882454999974
2019-12-02,-0.005343333826776144,-0.0039999062500000035,-0.011999199999999979,-0.003434295447999996
2019-12-03,-0.0020004612499999706,0.008800453750000003,0.018001799999999995,0.006567550886999993
2019-12-04,0.001249875000000001,-0.0039999062500000035,-0.007499687500000006,-0.0029703890915000015
2019-12-05,-0.0002499887499999641,-0.0023999662500000132,-0.004499887499999973,-0.001350474773000003
2019-12-06,0.002693649213630626,-0.0031999399999999806,-0.004499887500000077,-0.002478916717999998
2019-12-09,-5.904202367229791e-05,0.0008000037499999951,0.0015000125000000429,0.0006800110115000012
2019-12-10,0.0013866227403680903,-0.0015999850000000182,0.0015000124999999908,-6.099374649999713e-05
2019-12-11,0.0005185041450015019,0.0048001350000000265,0.006000200000000015,0.0023170610070000013
2019-12-12,0.008697231555592232,-0.008799546250000002,-0.014998750000000014,-0.005476111672999997
2019-12-13,0.0001635079857538651,0.006400239999999989,0.01050061250000004,0.003992189857000001
2019-12-16,0.005490979191905822,-0.0055998162499999934,-0.008999550000000049,-0.0031188863690000054
2019-12-17,7.724881105086631e-05,0.0,-0.001499987499999991,-0.00022999621949999798
2019-12-18,-0.003007113721389022,-0.0023999662499999855,-0.005999800000000016,-0.002059435845000002
2019-12-19,-0.00018078840109071037,0.0,0.0015000125000000429,0.00041250252200000434
2019-12-20,-5.417555967112847e-05,0.0,0.0,0.00012050247700000683
2019-12-23,-1.2178564822196993e-05,-0.0007999962499999952,-0.001499987500000043,-0.0006839946885000119
2019-12-24,-7.416970164142366e-07,0.0024000337499999855,0.003000049999999982,0.0013755210769999956
2019-12-25,0.0,0.0,0.0,0.0
2019-12-26,-5.273214716378696e-05,0.0,0.0015000125000000429,-3.699769999999704e-05
2019-12-27,0.0005105349156983151,0.001600015000000018,0.0015000124999999908,0.0012565145265000072
2019-12-30,0.0002659589697160137,-0.0015999850000000182,-0.004499887499999973,-0.0010889777684999966
2019-12-31,0.001999818750000031,-0.0015999849999999904,-0.005999800000000016,-0.0020239207530000076
2020-01-01,0.0,0.0,0.0,0.0
2020-01-02,-0.0015560368266314697,0.0032000600000000085,0.009000449999999998,0.0028851366090000006
2020-01-03,0.011941862615810114,0.006400239999999962,0.012000800000000032,0.004345738538000004
2020-01-06,0.0,-0.0007999962499999952,-0.0029999500000000338,-0.0010094846604999995
2020-01-07,-5.896824277833031e-05,-0.0015999849999999904,-0.004499887500000025,-0.001337465918000005
2020-01-08,-0.007555650491887435,-0.0031999400000000083,-0.007499687499999954,-0.0025959178049999978
2020-01-09,0.0059440030822699936,0.0016000149999999902,0.006000199999999963,0.0003755426799999978
2020-01-10,0.0,0.001600015000000018,0.0045001124999999725,0.0029367403815000028
2020-01-13,0.0,-0.0015999850000000182,-0.0029999499999999817,-0.001154482939500007
2020-01-14,0.0,0.0024000337500000133,0.006000200000000015,0.0016810450750000014
2020-01-15,0.0,0.0024000337500000133,0.004500112500000025,0.0019135543315000037
2020-01-16,0.0,-0.0015999850000000182,-0.0029999499999999817,-0.001393970916999995
2020-01-17,-5.619498240732165e-05,-0.0023999662499999855,-0.007499687500000058,-0.0016244446780000073
2020-01-20,0.0,0.0,0.0,0.0
2020-01-21,-0.0015001799999999994,0.004800134999999999,0.009000449999999998,0.003350150719999998
2020-01-22,0.0011939493835009043,0.0008000037499999951,0.004500112500000025,0.0008170141570000008
2020-01-23,0.0,0.0024000337500000133,0.006000200000000015,0.001979062050000005
2020-01-24,0.0,0.0032000599999999807,0.0045001124999999725,0.002122559401999991
2020-01-27,-5.8053259624760914e-05,0.007200303750000012,0.013501012500000022,0.005028841326500014
2020-01-28,0.009941474307839987,-0.0031999400000000083,-0.005999800000000016,-0.002438912196500011
2020-01-29,0.0,0.004000093750000004,0.009000449999999998,0.0031226227970000083
2020-01-30,0.0,0.0024000337499999855,0.0015000125000000429,0.0009020085454999948
2020-01-31,0.0,0.004800135000000013,0.007500312499999955,0.003360622260499998
2020-02-03,0.0,-0.0023999662499999993,-0.001499987499999991,-0.0012974821869999903
2020-02-04,0.0,-0.0055998162499999934,-0.010499387499999988,-0.004034790528500002
2020-02-05,0.0,-0.0039999062500000035,-0.008999549999999997,-0.003134356320000009
2020-02-06,0.0,0.0008000037499999951,0.0045001124999999725,0.0012130322465000083
2020-02-07,0.0,0.004800134999999999,0.007500312500000007,0.0031086344220000004
2020-02-10,0.0,0.0024000337499999994,0.003000049999999982,0.0015040230334999957
2020-02-11,0.0,-0.0023999662499999993,-0.0029999499999999817,-0.0013799791909999946
2020-02-12,0.0,-0.0023999662500000132,-0.005999799999999964,-0.002326931193
2020-02-13,0.0,0.0008000037500000229,0.003000049999999982,0.0010010157804999967
2020-02-14,0.0,0.0016000149999999902,0.003000049999999982,0.0013120280804999947
2020-02-17,0.0,0.0,0.0,0.0
2020-02-18,0.0,0.0032000600000000085,0.006000199999999963,0.0021590656449999987
2020-02-19,0.0,-0.0007999962500000091,-0.001499987499999991,-0.0007159944999999909
2020-02-20,0.0,0.0032000600000000085,0.007500312500000007,0.002536581906499996
2020-02-21,0.0,0.004800134999999999,0.009000449999999998,0.003735684902999998
2020-02-24,0.0,0.006400240000000003,0.01050061250000004,0.004343700598500004
2020-02-25,0.0,0.00400009374999999,0.007500312500000007,0.002785587655999995
2020-02-26,-5.564385571614236e-05,0.0,-0.001499987499999991,-7.099528249999722e-05
2020-02-27,0.00151062425518082,0.0024000337499999994,0.0045001124999999725,0.0018040296735000014
2020-02-28,0.00039469849568091506,0.013601083750000015,0.022502812499999993,0.010004517517999998
2020-03-02,-0.00022936638551725736,0.0024000337499999855,0.0,0.00043600755199999994
2020-03-03,5.46642588135594e-05,0.006400240000000003,0.003000050000000008,0.0032970899580000053
2020-03-04,-0.00017882679326631178,0.0,-0.001499987499999991,-0.0001524749930000028
2020-03-05,0.00011184025802573466,0.008000375000000007,0.01650151249999998,0.006105992267499996
2020-03-06,-9.046998437345043e-05,0.014401214999999997,0.03750781250000001,0.013126113990500001
2020-03-09,-0.0010126095503100105,0.016001500000000002,0.03300605000000001,0.012173344186000004
2020-03-10,-0.003646607882532622,-0.017598185,-0.0434894875,-0.014649252885500003
2020-03-11,0.002559012483774454,-0.004799864999999992,0.0045001124999999986,-0.0008264594395000005
2020-03-12,0.0018470890411156615,-0.0047998650000000125,-0.020997550000000004,-0.006579925590999999
2020-03-13,0.00021716130898738231,-0.004799864999999985,-0.005999800000000016,-0.0030588431810000018
2020-03-16,0.001943161247508105,0.01680165374999999,0.03150551249999999,0.012320485659499999
2020-03-17,-0.01498145420680715,-0.023196846250000007,-0.05248468749999997,-0.016086086269999994
2020-03-18,0.0032748862821201296,-0.012799039999999992,-0.02249718750000002,-0.008210086241500006
2020-03-19,-0.0017215568215903881,0.004800134999999985,0.006000199999999989,0.0025065822379999993
2020-03-20,0.0014063245026250011,0.016001500000000016,0.03150551249999999,0.011597997452000002
2020-03-23,0.0016096289222694413,0.012800959999999998,0.034506612500000006,0.011345459037999998
2020-03-24,-0.0005699604999999993,-0.006399759999999996,-0.010499387499999962,-0.0048732655779999915
2020-03-25,0.00022209269330705973,-0.0031999400000000083,-0.005999800000000016,-0.0022013890635000028
2020-03-26,0.003100056250000003,0.004000093750000004,0.0045001124999999986,0.0022640514685000005
2020-03-27,0.007310744550801192,0.008800453750000003,0.016501512500000003,0.0065981242305
2020-03-30,0.0004339674566689349,0.001600015000000004,-0.001499987500000017,-0.00015198533950000216
2020-03-31,-6.400855222932225e-05,0.0,-0.00749968749999998,-0.0013769312910000009
2020-04-01,0.0001860016899758819,0.006400239999999996,0.016501512500000003,0.004184822908500004
2020-04-02,0.0,-0.0007999962500000021,0.0,-0.00010699590350000108
2020-04-03,0.0,0.0008000037500000021,-0.001499987500000017,0.0003530109054999997
2020-04-06,0.0,-0.0039999062500000035,-0.004499887499999999,-0.0023239461064999997
2020-04-07,0.0,-0.006399759999999996,-0.00749968749999998,-0.0029993783109999984
2020-04-08,0.0,-0.0015999850000000043,-0.007499687500000006,-0.001923410324000002
2020-04-09,0.0,0.0032000600000000015,0.0045001124999999986,0.001930538049499998
2020-04-10,0.0,0.0,0.0,0.0
2020-04-13,0.0,-0.0023999662499999993,-0.00599979999999999,-0.002087437140999995
2020-04-14,0.0,0.0,0.0,-4.698924850000037e-05
2020-04-15,0.0,0.010400633749999999,0.019502112499999984,0.007180757735499999
2020-04-16,0.0,0.001600015000000004,0.007500312500000007,0.002000114171500001
2020-04-17,0.0,-0.0031999400000000083,-0.010499387500000014,-0.002803349537000002
2020-04-20,0.0,0.001600015000000004,0.006000200000000015,0.0017435585315000001
2020-04-21,0.0,0.004000093750000004,0.009000449999999998,0.0027736377470000033
2020-04-22,0.0,-0.0039999062500000035,-0.007499687500000006,-0.002615898094500002
2020-04-23,0.0,0.001600015000000004,0.006000200000000015,0.0016150577305000004
2020-04-24,0.0,0.0008000037499999951,0.0015000124999999908,0.000463004005500001
2020-04-27,0.0,-0.00559981625,-0.011999200000000005,-0.004007248318500005
2020-04-28,0.0,0.004000093750000004,0.009000449999999998,0.002903117086500002
2020-04-29,0.0,-0.0007999962500000021,-0.0029999500000000077,-0.0010924582779999995
2020-04-30,0.0,-0.0007999962500000021,-0.004499887499999999,-0.0013654521280000024
2020-05-01,0.0,0.0,0.0015000125000000169,0.0003010035610000039
2020-05-04,0.0,0.0,-0.001499987500000017,-0.00044598943850000246
2020-05-05,0.0,-0.0015999849999999973,-0.0029999500000000077,-0.0011269730235000004
2020-05-06,0.0,-0.004799864999999999,-0.01349898749999997,-0.0038891991729999966
2020-05-07,0.0,0.007200303749999998,0.01650151249999998,0.005455430686499996
2020-05-08,0.0,-0.004799864999999999,-0.010499387500000014,-0.0036732752229999993
2020-05-11,0.0,-0.0031999400000000014,-0.005999799999999964,-0.0021544343684999994
2020-05-12,0.0,0.0032000600000000015,0.007500312499999981,0.0023975962255
2020-05-13,0.0,0.004000093749999997,0.006000199999999989,0.002007553006499995
2020-05-14,0.0,0.0008000037500000021,0.006000200000000015,0.001806577525500003
2020-05-15,0.0,-0.0007999962500000021,-0.0029999500000000077,-0.0008149853499999988
2020-05-18,0.0,-0.007199696249999998,-0.017998199999999968,-0.005922943729499996
2020-05-19,0.0,0.0024000337500000063,0.003000049999999982,0.0011425140049999972
2020-05-20,-6.465935371537968e-05,0.0016000149999999902,-0.00599979999999999,0.0003195421770000033
2020-05-21,0.002185397559756782,0.0,0.0045001124999999986,0.0003870114000000001
2020-05-22,0.0,0.001600015000000004,0.006000199999999963,0.0015095427859999927
2020-05-25,0.0,0.0,0.0,0.0
2020-05-26,0.0,-0.0023999662499999993,-0.010499387499999962,-0.0027138532714999957
2020-05-27,0.0,0.0008000037499999951,0.0,-4.2996994499999394e-05
2020-05-28,-6.971212308733308e-05,-0.0015999849999999904,-0.005999800000000016,-0.0014434572435000007
2020-05-29,-0.012064370166404883,0.00400009374999999,0.007500312500000007,0.0028796277005
2020-06-01,0.001999818750000009,-0.0007999962499999952,-0.00599979999999999,-0.0017159230999999994
2020-06-02,0.0004999800000000012,-0.0015999850000000043,-0.0029999500000000077,-0.0010854832495000022
2020-06-03,0.001999680000000002,-0.007199696249999998,-0.011999200000000005,-0.004429228198000001
2020-06-04,0.0004999437499999884,-0.00399990624999999,-0.008999549999999997,-0.0026303852729999957
2020-06-05,0.0009998487499999894,-0.007199696250000012,-0.011999200000000005,-0.00427525817
2020-06-08,-0.0007500449999999826,0.0024000337499999994,0.0045001124999999986,0.0014845362834999955
2020-06-09,-0.001545848815037528,0.0032000600000000085,0.009000449999999998,0.003032139627
2020-06-10,0.002112370510204081,0.007200303749999998,0.009000449999999998,0.0038426814069999994
2020-06-11,0.006567349429263264,0.007200303749999998,0.018001800000000023,0.005235040231500005
2020-06-12,0.00020487662240099172,-0.0039999062499999965,-0.007499687500000006,-0.0021689212194999988
2020-06-15,-4.466010789004581e-05,0.0,0.0,-4.999915000000163e-07
2020-06-16,0.003704837375901289,-0.0031999400000000014,-0.010499387500000014,-0.0034087493195000054
2020-06-17,0.0003381273241045438,0.0008000037499999951,0.0015000124999999908,0.0007235109564999998
2020-06-18,-0.0005577931903034183,0.0024000337500000063,0.009000450000000024,0.0022366049020000043
2020-06-19,-5.994504674711287e-05,0.0008000037500000021,0.0015000124999999908,0.00034900198049999954
2020-06-22,0.0,-0.0007999962500000021,0.0,1.5002981999998271e-05
2020-06-23,0.0,-0.0007999962500000021,-0.0029999500000000077,-0.0009214742185000007
2020-06-24,-5.980655647543206e-05,0.0024000337499999994,0.006000200000000015,0.001985080605500003
2020-06-25,-0.00205982905647542,0.0008000037499999951,0.0015000124999999908,0.0004465043254999971
2020-06-26,0.0,0.0032000600000000015,0.007500312500000007,0.002667122552000001
2020-06-29,-5.9890930617215787e-05,0.0,-0.001499987499999991,-0.00028648826849999643
2020-06-30,0.0039400762118270575,-0.0015999849999999973,-0.0029999500000000077,-0.0010339834730000014
2020-07-01,0.0,-0.0023999662499999993,-0.0029999500000000077,-0.0012509800215000015
2020-07-02,-5.318242966327188e-05,0.0008000037499999951,0.0,0.0003170018014999993
2020-07-03,-9.124702982099232e-05,0.0,0.0,0.0
2020-07-06,0.0039401809010061505,-0.0007999962499999952,-0.001499987499999991,-0.0007844886494999964
2020-07-07,0.0,0.0032000599999999946,0.009000449999999998,0.0029006637814999988
2020-07-08,0.0,-0.0015999849999999973,-0.001499987499999991,-0.0006169946499999978
2020-07-09,0.0,0.004000093750000004,0.010500612499999989,0.003163183453499998
2020-07-10,0.0,-0.0023999662500000063,-0.004499887500000025,-0.0011879805485000053
2020-07-13,0.0,0.0008000037500000021,0.0015000125000000169,0.00028000185550000205
2020-07-14,0.0,0.0008000037500000021,0.003000050000000008,0.0011610264570000007
2020-07-15,0.0,-0.0007999962500000021,-0.0029999500000000077,-0.0009774742030000008
2020-07-16,0.0,0.001600015000000004,0.003000050000000008,0.0009810157985000018
2020-07-17,0.0,-0.0015999850000000043,-0.0029999500000000077,-0.0009579840000000017
2020-07-20,0.0,0.001600015000000004,0.0015000124999999908,0.0004640051035000018
2020-07-21,0.0,0.0008000037500000021,0.0015000125000000169,0.0007025054314999998
2020-07-22,0.0,0.0008000037499999951,0.0015000124999999908,0.0006345106314999997
2020-07-23,0.0,0.0008000037500000021,0.007500312500000007,0.0018905882520000021
2020-07-24,0.0,0.0,0.0,0.00018750242199999873
2020-07-27,0.0,-0.0023999662499999993,-0.0029999500000000077,-0.0012249805050000013
2020-07-28,0.0,0.0024000337499999994,0.006000200000000015,0.0018260467560000046
2020-07-29,0.0,0.0008000037500000021,-0.0029999500000000077,-0.0004404851200000014
2020-07-30,0.0,0.0024000337499999924,0.007500312500000007,0.0021400732484999985
2020-07-31,0.0,0.0,0.0,0.00023800117649999995
2020-08-03,0.0,-0.0007999962500000021,-0.004499887499999999,-0.001307967568
2020-08-04,-5.2180125947401175e-05,0.0032000600000000085,0.007500312500000007,0.0023175784455000035
2020-08-05,-0.0008471736962996175,-0.0023999662500000063,-0.005999800000000016,-0.0018304527530000024
2020-08-06,-5.353417536070666e-05,0.0,0.003000050000000008,0.0007310141464999984
2020-08-07,-0.0016535269599413207,-0.0015999849999999904,-0.004499887499999999,-0.0014919654484999983
2020-08-10,0.0,-0.0015999850000000043,-0.004499887499999999,-0.0011599778180000013
2020-08-11,-5.339341336080474e-05,-0.0039999062500000035,-0.008999550000000023,-0.003213830078500001
2020-08-12,-0.0039999062499999965,-0.0039999062499999965,-0.00749968749999998,-0.0025408983299999984
2020-08-13,-0.0016534413868662917,-0.0015999849999999973,-0.007499687500000006,-0.0021309095944999972
2020-08-14,-5.214830892593416e-05,0.0,-0.001499987499999991,-0.00048047699499999903
2020-08-17,0.0007478554868427974,0.0016000149999999972,0.003000050000000008,0.0009840163999999985
2020-08-18,-5.3444310792619944e-05,0.0016000149999999972,0.0045001124999999986,0.001448534452000003
2020-08-19,-0.0009110242832065603,-0.0007999962500000021,-0.005999800000000016,-0.0012319698965000028
2020-08-20,-0.008057964823031019,0.0024000337499999994,0.007500312500000007,0.0021255728814999993
2020-08-21,0.0,0.0008000037500000021,0.003000050000000008,0.0008520260319999972
2020-08-24,0.0,-0.0007999962500000021,-0.001499987499999991,-0.00036949771799999907
2020-08-25,0.0,-0.0031999399999999944,-0.005999800000000016,-0.0019399365694999962
2020-08-26,-5.241595583258154e-05,0.0,-0.0029999500000000077,-0.0006804852450000022
2020-08-27,0.004320167066525198,-0.0039999062500000035,-0.011999200000000005,-0.0037522251685
2020-08-28,0.001172041292176837,0.0,-0.001499987499999991,-0.00016198716950000062
2020-08-31,0.0006918526259881764,0.001600015000000004,0.0045001124999999986,0.0012865332815000003
2020-09-01,-0.0044003750000000015,0.0032000599999999946,0.009000449999999998,0.0028006361754999995
2020-09-02,-0.004253798300698173,0.001600015000000004,0.006000200000000015,0.0017455782065000027
2020-09-03,0.0022907995712229483,0.0024000337499999994,0.0045001124999999986,0.0017610521054999989
2020-09-04,0.023941521842614524,-0.007199696249999998,-0.017998200000000023,-0.005731949620000001
2020-09-07,0.0,0.0,0.0,0.0
2020-09-08,-0.0007907188038543914,0.0024000337499999994,0.004500112500000025,0.0015590374780000027
2020-09-09,-0.0015745278090568957,-0.0015999849999999973,-0.004499887500000025,-0.0010599780194999998
2020-09-10,0.0005780087259212925,0.0024000337499999924,0.004500112500000025,0.0013045250359999994
2020-09-11,-0.0005534032346877566,0.0008000037500000021,0.0015000124999999908,0.0005585041955000012
2020-09-14,0.00016150667648149526,-0.0007999962500000021,0.0,-0.0002194992435
2020-09-15,0.0009465466058316548,0.0,0.0,-0.00018549774350000225
2020-09-16,0.0039999099999999755,-0.0007999962499999952,-0.0029999500000000077,-0.0008799852694999974
2020-09-17,-0.00405503681725843,0.0,0.0015000125000000169,0.0005805102809999993
2020-09-18,0.0004999799999999839,-0.0007999962499999952,-0.0029999500000000077,-0.0009219852429999977
2020-09-21,-0.0005405948499477144,0.0016000149999999902,0.003000050000000008,0.0010885169064999971
2020-09-22,0.0004163633723518889,0.0,0.0015000124999999908,0.00039500357500000144
2020-09-23,-0.00011008575969138147,0.0,0.0,-7.499984450000017e-05
2020-09-24,-5.347758880407589e-05,0.0008000037500000021,0.003000050000000008,0.0008100145555000021
2020-09-25,0.0,0.0008000037500000021,0.0,0.00025000087500000003
2020-09-28,0.0,-0.0007999962500000021,-0.001499987500000017,-0.0007574889995000027
2020-09-29,0.0,0.0008000037500000021,0.0015000125000000169,0.0007840059520000007
2020-09-30,0.0,-0.0023999662499999993,-0.005999800000000016,-0.002325415799500002
2020-10-01,0.0,0.0008000037499999951,0.0,0.00037650300200000144
2020-10-02,0.0,-0.0015999849999999904,-0.0029999500000000077,-0.001215972198500003
2020-10-05,0.0,-0.0063997600000000095,-0.013498987499999997,-0.004550177874500004
2020-10-06,0.0,0.001600015000000004,0.0015000124999999908,0.0007140062450000019
2020-10-07,-5.273763269420162e-05,-0.00399990625000001,-0.00599979999999999,-0.002260430568499999
2020-10-08,0.0023472789903798267,0.0024000337500000063,0.0045001124999999986,0.0016415369504999971
2020-10-09,0.0,-0.0007999962500000021,0.0,-0.0005164965794999994
2020-10-12,0.0,0.0,0.0,0.0
2020-10-13,0.0,0.004000093750000004,0.007500312500000007,0.0027416249955000047
2020-10-14,0.0,0.0008000037500000021,0.0015000124999999908,0.0007705110754999999
2020-10-15,0.0,-0.0007999962500000021,-0.001499987499999991,-0.0007699886445
2020-10-16,0.0,-0.0015999849999999973,-0.001499987500000017,-0.0003719970250000016
2020-10-19,0.0,-0.0015999850000000043,-0.0029999499999999817,-0.0012794723684999986
2020-10-20,0.0,-0.0023999662500000063,-0.007499687500000006,-0.0021424069980000016
2020-10-21,0.0,-0.0015999849999999904,-0.004499887499999973,-0.0011889774750000008
2020-10-22,0.0,-0.0031999399999999944,-0.004499887500000025,-0.002163422247999996
2020-10-23,0.0,0.0016000149999999902,0.003000050000000008,0.0011380272055000033
2020-10-26,0.0,0.0032000599999999946,0.006000199999999989,0.002305585326999993
2020-10-27,0.0,0.001600015000000004,0.0045001124999999986,0.001159522826999997
2020-10-28,0.0,0.0,0.0,0.00020000225000000224
2020-10-29,0.0,-0.004799864999999999,-0.00749968749999998,-0.002939366573
2020-10-30,0.0,-0.0023999662499999993,-0.005999800000000016,-0.0015774541934999984
2020-11-02,0.0,0.000800003750000009,0.003000050000000008,0.0007790147500000065
2020-11-03,0.0,-0.0023999662500000132,-0.004499887499999999,-0.001520964018000005
2020-11-04,0.0,0.009600540000000005,0.01650151249999998,0.005864505200999999
2020-11-05,0.0,-0.0007999962500000021,0.0015000125000000169,0.00020800410000000008
2020-11-06,0.0,-0.0031999399999999944,-0.007499687500000006,-0.002712878048499999
2020-11-09,0.0,-0.010399366249999993,-0.020997550000000004,-0.006909775324499998
2020-11-10,0.0,-0.0015999850000000043,-0.0029999500000000077,-0.001134482949500006
2020-11-11,0.0,0.0,0.0,0.0
2020-11-12,0.0,0.008000374999999994,0.016501512500000027,0.005528980456500009
2020-11-13,0.0,-0.0007999962499999952,-0.001499987500000017,-0.0005249957695000069
2020-11-16,0.0,-0.0015999850000000043,-0.001499987499999991,-0.0006449946189999979
2020-11-17,0.0,0.0032000600000000085,0.006000200000000015,0.002078064755999997
2020-11-18,0.0,-0.0007999962500000091,-0.0029999500000000077,-0.0004414941700000018
2020-11-19,0.0,0.001600015000000004,0.006000199999999989,0.0016360579520000016
2020-11-20,0.0,0.0024000337499999994,0.007500312499999981,0.002160091374999999
2020-11-23,0.0,-0.0023999662499999993,-0.004499887499999999,-0.0014689640385000002
2020-11-24,0.0,-0.0015999850000000043,-0.005999799999999964,-0.0016439422634999957
2020-11-25,0.0,0.0,-0.001499987500000017,-0.0005359896735000062
2020-11-26,0.0,0.0,0.0,0.0
2020-11-27,0.0,0.0032000600000000085,0.007500312499999981,0.0024480976765000003
2020-11-30,0.0,0.0,-0.001499987499999991,-0.0003324960979999979
2020-12-01,0.0,-0.006399760000000003,-0.013498987499999997,-0.004347717667999998
2020-12-02,0.0,-0.0023999662499999993,-0.00599979999999999,-0.0016744403700000008
2020-12-03,0.0,0.0024000337499999994,0.006000199999999989,0.001698045082000002
2020-12-04,0.0,-0.0039999062500000035,-0.010499387500000014,-0.002942845843000001
2020-12-07,0.0,0.0024000337500000133,0.006000200000000015,0.0019910620555000044
2020-12-08,0.0,0.0016000149999999902,0.0045001124999999986,0.001181522776999996
2020-12-09,0.0,-0.0023999662499999993,-0.0029999500000000077,-0.0012764799494999978
2020-12-10,-5.389737706959423e-05,0.0024000337499999994,0.006000200000000015,0.001979062049999996
2020-12-11,0.0015461064406543756,0.0016000149999999902,0.003000050000000008,0.0011870173265000048
2020-12-14,0.0,0.0,-0.001499987500000017,-0.00016149859950000172
2020-12-15,-5.390219408077915e-05,-0.0015999849999999904,-0.0029999499999999817,-0.0009009841195000018
2020-12-16,0.0,0.0,-0.001499987500000017,-0.00039349639800000043
2020-12-17,-0.0015999849999999904,-0.0015999849999999904,-0.001499987499999991,-0.0009034871744999954
2020-12-18,-0.0008538953662261086,-0.0007999962500000091,-0.0029999500000000077,-0.0008869852750000065
2020-12-21,-5.3899007551545096e-05,0.0,0.0015000124999999908,0.0006365105255000038
2020-12-22,0.0016000149999999902,0.0016000149999999902,0.004500112500000025,0.0014510344499999977
2020-12-23,-0.0024522688178056804,-0.0023999662499999855,-0.005999800000000016,-0.0020979181750000004
2020-12-24,0.0005750068750000024,0.001600015000000004,0.0045001124999999986,0.0015345491550000025
2020-12-25,0.0,0.0,0.0,0.0
2020-12-28,0.00017277612208771394,0.0,0.0,-0.0002074973869999991
2020-12-29,0.0,0.0,-0.001499987499999991,-0.0001514983729999988
2020-12-30,0.0007462811666068732,0.0008000037499999813,0.0015000124999999908,0.00044050389549999595
2020-12-31,0.0,0.0,0.0015000125000000169,0.00045550389550000017
2021-01-01,0.0,0.0,0.0,0.0
2021-01-04,0.0,0.0,-0.001499987500000017,-0.00022499612500000033
2021-01-05,0.0,-0.0023999662499999855,-0.004499887499999999,-0.0017669478250000002
2021-01-06,0.0,-0.006399760000000003,-0.016498487500000006,-0.005319034495000002
2021-01-07,0.0,-0.0031999400000000083,-0.005999799999999964,-0.002156933075
2021-01-08,-5.181020334719394e-05,-0.00399990624999999,-0.004499887500000025,-0.0016129670194999994
2021-01-11,-7.316360193577938e-05,-0.0015999850000000043,-0.001499987499999991,-0.0006919926484999905
2021-01-12,0.0002910859713600178,0.0,0.0,2.800028199999968e-05
2021-01-13,-5.126015911856634e-05,0.00400009374999999,0.007500312500000007,0.0026386242064999925
2021-01-14,0.0002564578021748398,-0.00399990624999999,-0.008999549999999997,-0.0027078634284999907
2021-01-15,-5.177036176838532e-05,0.0032000599999999946,0.0045001124999999725,0.001883042901499985
2021-01-18,0.0,0.0,0.0,0.0
2021-01-19,0.0,0.0008000037499999951,0.0015000124999999908,0.00042500407650000407
2021-01-20,0.0,0.0,0.0,7.950022700000002e-05
2021-01-21,0.0,-0.0015999850000000043,-0.004499887499999973,-0.0012694667730000012
2021-01-22,0.0,0.001600015000000004,0.003000049999999982,0.0010265165269999967
2021-01-25,0.0,0.004000093750000004,0.007500312500000007,0.002544601177000003
2021-01-26,0.0,0.0,0.0,-3.849961800000013e-05
2021-01-27,0.0,0.000800003750000009,0.0015000124999999908,0.0005785049255000061
2021-01-28,0.0,-0.0023999662500000132,-0.004499887499999973,-0.0013039742180000033
2021-01-29,-5.163457810287181e-05,-0.0031999399999999944,-0.007499687500000006,-0.0026733769280000005
2021-02-01,-5.1624320805474124e-05,0.001600015000000004,0.003000049999999982,0.0014465301220000025
2021-02-02,-5.158500506453891e-05,-0.0023999662500000132,-0.004499887499999973,-0.0016379619250000027
2021-02-03,-5.158500506453891e-05,-0.0023999662499999855,-0.005999800000000016,-0.002018419289499994
2021-02-04,0.0,0.0,-0.0029999500000000338,-0.00046349269500000213
2021-02-05,0.0,-0.0031999399999999944,-0.005999799999999964,-0.001862936817999997
2021-02-08,0.0,0.0,0.0015000124999999908,0.00022750378199999768
2021-02-09,0.0,0.0008000037499999951,0.0,0.00030450267699999833
2021-02-10,0.0,0.0024000337499999994,0.0045001124999999725,0.0015635374005000004
2021-02-11,0.0,-0.0007999962499999952,-0.0029999499999999817,-0.0008419854000000029
2021-02-12,0.0,-0.0031999400000000083,-0.008999549999999997,-0.0030578330929999916
2021-02-15,0.0,0.0,0.0,0.0
2021-02-16,0.0,-0.007999625000000007,-0.01349898749999997,-0.0045637260785000005
2021-02-17,-5.225775499714178e-05,0.000800003750000009,0.0,0.0005795096799999986
2021-02-18,0.00039773607830123435,0.0,0.0015000124999999908,-0.00018298961349999914
2021-02-19,-5.1343754638960065e-05,-0.0039999062500000035,-0.010499387499999988,-0.003081843588500006
2021-02-22,-0.0004703134235257991,-0.0023999662499999993,-0.005999800000000016,-0.0020319189634999957
2021-02-23,0.00039882244862408434,0.0,-0.001499987499999991,-0.00048648922799999686
2021-02-24,-5.1812158781549376e-05,-0.0007999962499999952,-0.005999800000000016,-0.0016084571245000116
2021-02-25,0.002060602748172851,-0.012799040000000006,-0.026995949999999994,-0.008313166767999997
2021-02-26,0.000870139564657641,0.008000375000000007,0.0255036125,0.007493494681500004
2021-03-01,0.000912626428571426,-0.0007999962499999952,-0.004499887499999973,-0.0012774028684999976
2021-03-02,0.0007803394101048078,0.0024000337499999994,0.003000049999999982,0.0014025230270000033
2021-03-03,0.00039324275098920374,-0.0039999062500000035,-0.004499887500000025,-0.002398430298000004
2021-03-04,-0.0009198143324432586,-0.005599816250000007,-0.008999549999999997,-0.0031523668995000016
2021-03-05,-0.0003745545880221258,-0.0015999850000000043,0.0,2.6011900000003562e-05
2021-03-08,-0.0011236440990368111,-0.0023999662499999993,-0.0029999500000000338,-0.0018799591930000067
2021-03-09,0.0007270606256139479,0.0032000600000000085,0.006000200000000015,0.0023235890565000035
2021-03-10,0.0006557208886785979,0.0016000149999999902,0.0015000125000000429,0.0011565153969999935
2021-03-11,-0.00015096858418367108,-0.0007999962499999952,-0.004499887500000025,-0.001371931473499996
2021-03-12,0.0006295496079724772,-0.007999624999999979,-0.019497887499999988,-0.005979949918499998
2021-03-15,0.0002441835969387812,0.0016000149999999625,0.006000199999999963,0.0015655428299999898
2021-03-16,0.00020384347963951844,0.0,-0.004499887499999973,-0.0006084863429999894
2021-03-17,0.000405982882454929,-0.0007999962499999674,-0.0029999499999999817,-0.0008339563734999963
2021-03-18,-0.0006447315471949039,-0.0063997600000000165,-0.005999800000000016,-0.0027649158135000075
2021-03-19,-0.0009126067698598122,-0.0023999662499999855,0.0,-0.000596492594999998
2021-03-22,0.0007545591292782256,0.004000093750000004,0.010500612499999989,0.003272685688000005
2021-03-23,-5.072621066479486e-05,0.004800134999999999,0.007500312499999955,0.0025380884484999975
2021-03-24,0.0001290807276900929,0.0008000037499999674,0.004500112500000077,0.0012790328055000012
2021-03-25,-0.00018437167710280285,-0.0007999962499999674,-0.004499887500000077,-0.0011819670500000008
2021-03-26,-0.0008025194796372301,-0.0031999400000000083,-0.004499887499999973,-0.0017084592950000089
2021-03-29,0.0009662190928201423,-0.004799864999999999,-0.007499687499999954,-0.002949366574499995
2021-03-30,-0.0006199415923491189,0.0,0.0045001124999999725,0.0012205686755000053
2021-03-31,2.0370725979849238e-05,-0.0007999962499999952,-0.0029999499999999817,-0.0012029734430000002
2021-04-01,9.281394360946449e-05,0.004000093750000004,0.010500612499999937,0.0031251834319999975
2021-04-02,0.00010161094002209938,-0.0023999662500000132,-0.004499887499999973,-0.0016684704700000036
2021-04-05,0.0007931150061091725,-0.0007999962499999952,-0.001499987499999939,-7.399379449999111e-05
2021-04-06,-0.00026782489635021687,0.004800134999999999,0.006000199999999911,0.0025965823254999907
2021-04-07,-2.9563287662619827e-05,-0.0007999962499999952,-0.0029999499999999297,-0.0009079741999999955
2021-04-08,-0.00047431748596564384,0.0032000600000000085,0.006000199999999963,0.0019330505054999995
2021-04-09,0.0003087815100931749,-0.0023999662500000132,-0.001499987499999991,-0.0011629835429999972
2021-04-12,0.00041525673247560233,-0.0015999849999999904,-0.001499987500000043,-0.0006459952985000039
2021-04-13,-0.0009849494127107544,0.004000093750000004,0.004500112500000077,0.0019115402770000065
2021-04-14,-0.00010647750665482612,0.0,-0.001499987500000043,-0.0003564973480000041
2021-04-15,-0.0017077536351291329,0.0064002399999999755,0.013501012500000022,0.004575323474999995
2021-04-16,0.00046319746916030874,-0.0023999662499999993,-0.0029999499999999817,-0.0014529691499999941
2021-04-19,-0.0007018748094711155,-0.0015999849999999904,-0.004499887500000025,-0.0013979659550000059
2021-04-20,0.0016874510542243418,0.0024000337499999855,0.003000049999999982,0.0014120218804999942
2021-04-21,0.0005620956115615625,0.0008000037499999951,0.0,0.0003150029000000058
2021-04-22,0.0,0.0,0.004500112500000025,0.0008415202799999931
2021-04-23,-5.212765312564392e-05,-0.0007999962499999952,-0.001499987500000043,-0.0007024945184999954
2021-04-26,-7.815984769972076e-05,0.0,0.0015000125000000429,0.00013950438149999645
2021-04-27,-0.0013184884002237628,-0.003999906249999976,-0.007499687500000006,-0.0025988962979999926
2021-04-28,0.00017552309490732882,0.0,-0.001499987499999991,3.8502030000000814e-05
2021-04-29,-0.00037701285534884115,-0.0015999850000000182,-0.001499987500000043,-0.0007539880000000034
2021-04-30,-4.390340808752516e-05,0.0,0.0015000125000000429,0.0003550035015000031
2021-05-03,1.8301742581291677e-11,0.001600015000000018,0.0015000124999999908,0.0006180054860000009
2021-05-04,-0.00016040814604636946,0.0016000149999999902,0.003000049999999982,0.0012170274769999934
2021-05-05,0.0018021065202444373,0.0016000149999999902,0.003000049999999982,0.001163018075000001
2021-05-06,-5.1839921393555545e-05,0.0008000037499999951,0.0,0.0002445027549999908
2021-05-07,-5.1822334753771204e-05,-0.0015999849999999904,-0.004499887499999973,-0.0010509484749999833
2021-05-10,0.0,-0.0023999662499999855,-0.004499887500000025,-0.0019279456750000035
2021-05-11,0.0,-0.0007999962499999952,-0.004499887499999973,-0.0011624678495000007
2021-05-12,-5.137992672888193e-05,-0.0039999062500000035,-0.008999549999999997,-0.0030973743495000005
2021-05-13,-5.1366728635930274e-05,0.0024000337499999855,0.0015000125000000429,0.0009700102265000016
2021-05-14,0.0,0.0024000337500000133,0.0045001124999999725,0.0016970520305000015
2021-05-17,0.0,-0.0007999962499999952,-0.0029999500000000338,-0.0007664915980000027
2021-05-18,0.0,0.0,0.0,-8.79973985000053e-05
2021-05-19,0.0,-0.0031999400000000083,-0.004499887499999973,-0.0014749728194999897
2021-05-20,0.0,0.004000093750000004,0.007500312500000007,0.0024850843250000024
2021-05-21,-5.1599434928465535e-05,0.0,0.0015000124999999388,0.00028350373149998596
2021-05-24,0.0,0.0016000149999999902,0.003000050000000034,0.0010945165270000068
2021-05-25,0.0,0.00400009374999999,0.009000449999999998,0.0027941175764999993
2021-05-26,-5.1599434928465535e-05,-0.0015999850000000043,-0.001499987499999991,-0.0006259945750000046
2021-05-27,-5.178438445814155e-05,-0.0023999662499999855,-0.004499887500000025,-0.0013829726499999997
2021-05-28,0.00017953692530780677,0.0024000337499999855,0.003000050000000034,0.001503032782000006
2021-05-31,0.0,0.0,0.0,0.0
2021-06-01,-5.159235461513416e-05,-0.0031999400000000083,-0.005999800000000016,-0.002118933743000005
2021-06-02,4.3462838467154416e-05,0.0024000337500000133,0.0015000125000000429,0.0010305149300000112
2021-06-03,-5.155647000294146e-05,-0.0031999399999999806,-0.001499987500000043,-0.0014504771200000073
2021-06-04,4.344347999705853e-05,0.00560018374999998,0.009000449999999998,0.0034446602049999914
2021-06-07,0.0,-0.0007999962500000091,-0.001499987499999991,-0.0005999956249999915
2021-06-08,0.0,0.0032000600000000085,0.006000200000000015,0.0021210662500000038
2021-06-09,0.0,0.0024000337500000133,0.0045001124999999725,0.001754553300499995
2021-06-10,-5.334647128427799e-05,0.004000093750000004,0.004500112500000025,0.001589032300000007
2021-06-11,0.0015999850000000043,-0.0015999850000000043,-0.001499987499999991,-0.0006319950749999997
2021-06-14,0.0031999400000000083,-0.0031999400000000083,-0.005999800000000016,-0.0022069321985000055
2021-06-15,0.0,0.0,0.0,-0.00027249730500000574
2021-06-16,0.004706358895032791,-0.0047998650000000125,-0.001499987499999991,-0.001862455273
2021-06-17,-0.0004760821842292659,0.0040000937500000175,0.012000800000000032,0.003389272950000015
2021-06-18,0.00040645162798768643,0.005600183750000008,0.01200079999999998,0.003941330155500002
2021-06-21,-1.1440656779661046e-05,-0.0039999062500000035,-0.011999199999999979,-0.003875683400000002
2021-06-22,5.292213395845377e-05,0.0016000149999999902,0.003000049999999982,0.0010655116754999898
2021-06-23,-6.000002249999997e-05,-0.0015999849999999904,-0.001499987500000043,-0.0008559924929999959
2021-06-24,-4.281663081428952e-06,0.0008000037499999951,0.0015000125000000429,0.00034100414999999593
2021-06-25,3.17782730708734e-05,-0.0039999062500000035,-0.008999549999999997,-0.0028288619929999993
2021-06-28,-3.9280899414998225e-05,0.004000093750000004,0.007500312499999955,0.0027811260054999946
2021-06-29,-3.585936699669499e-05,0.0,0.0015000125000000429,0.00022350170050000547
2021-06-30,4.0193511257668816e-05,0.0032000600000000085,0.0045001124999999725,0.0019160559305000005
2021-07-01,8.3559243220339e-05,-0.0023999662500000132,-0.001499987499999939,-0.000906990528499994
2021-07-02,-2.4618584322034006e-05,0.0032000600000000085,0.0045001124999999725,0.0016965332300000024
2021-07-05,0.0,0.0,0.0,0.0
2021-07-06,-6.044756470151398e-05,0.005600183749999994,0.009000449999999998,0.0031786314064999924
2021-07-07,0.00014915849918059932,0.0032000599999999946,0.007500312499999955,0.0026306224064999947
2021-07-08,0.0005066514439046194,0.0024000337499999994,0.004500112500000025,0.0018650410570000056
2021-07-09,-0.0005258594851431973,-0.0055998162499999934,-0.010499387499999988,-0.003991263943500004
2021-07-12,-0.0002869744261056352,-0.0007999962499999952,-0.0029999499999999817,-0.0007884914479999955
2021-07-13,-0.0005399959999999992,-0.0031999399999999944,-0.004499887500000025,-0.0020979417000000036
2021-07-14,0.0003716445889314008,0.00400009374999999,0.007500312500000007,0.0030226310520000054
2021-07-15,0.00011862093103448312,0.004800134999999999,0.009000449999999946,0.002957143655499994
2021-07-16,1.637930172413792e-05,0.0,-0.001499987499999991,-0.0005024960449999977
2021-07-19,0.0006416555579941109,0.009600540000000012,0.018001800000000047,0.006459097006499999
2021-07-20,0.00013069178175490517,-0.0031999400000000083,-0.007499687500000006,-0.002451352069999993
2021-07-21,-5.116476539670172e-05,-0.005599816250000007,-0.011999200000000031,-0.0036943061685000113
2021-07-22,-5.116476539670172e-05,0.0024000337500000133,0.007500312500000007,0.0022010740750000044
2021-07-23,-5.116476539670172e-05,-0.0023999662500000132,-0.004499887500000025,-0.001321975200000001
2021-07-26,-3.581452586715953e-06,0.000800003750000009,0.0,-0.00017949724349999803
2021-07-27,0.0,0.0032000599999999946,0.006000200000000015,0.002073564681499996
2021-07-28,0.0,-0.0007999962499999952,-0.0029999499999999817,-0.0006519921999999966
2021-07-29,-5.135713223733153e-05,-0.0015999850000000043,-0.001499987499999991,-0.0007259927944999984
2021-07-30,0.0,0.0032000600000000085,0.0045001124999999725,0.0016795320799999954
2021-08-02,-2.6391555518973607e-05,0.0032000599999999946,0.006000200000000015,0.001990551276999998
2021-08-03,0.0,0.000800003750000009,0.0015000124999999908,0.0005370042249999981
2021-08-04,0.0,0.0,0.003000050000000034,0.0005260147765000084
2021-08-05,0.0,-0.0031999400000000083,-0.004499887500000025,-0.0020994525435000066
2021-08-06,-5.132073853676109e-05,-0.006399760000000003,-0.011999200000000031,-0.004156739969500002
2021-08-09,-5.1053335288197245e-05,-0.0015999850000000043,-0.0029999499999999817,-0.0011274829449999958
2021-08-10,8.21939659600334e-06,-0.0023999662499999993,-0.004499887499999973,-0.0017294611480000003
2021-08-11,-2.4415011562688767e-05,0.0008000037499999951,0.0,0.0002540009514999988
2021-08-12,-0.00018175491055181739,-0.0007999962499999952,-0.0029999499999999817,-0.0014329571694999914
2021-08-13,-5.27282638281307e-06,0.005600183750000008,0.010500612499999937,0.003968769706499989
2021-08-16,-7.559827178387258e-05,0.0024000337499999994,0.004500112500000025,0.001608029525000008
2021-08-17,-0.00020848849286706612,0.0,0.0,-0.00021299911800000106
2021-08-18,-3.7673919454294755e-05,-0.0007999962499999952,-0.0029999499999999817,-0.0003269916484999988
2021-08-19,-4.155759730612608e-05,0.0024000337499999994,0.006000199999999963,0.0016120447305
2021-08-20,-3.587269987278573e-05,-0.0015999850000000043,0.0015000125000000429,-3.949357450000442e-05
2021-08-23,0.0001305959457110143,0.0008000037499999951,0.0,0.0002445011564999991
2021-08-24,-9.500005000000014e-05,-0.0031999399999999944,-0.005999800000000016,-0.0020264353934999957
2021-08-25,2.611604157406661e-05,-0.0047998650000000125,-0.007499687499999954,-0.002799890892999996
2021-08-26,5.79929497384902e-06,0.000800003750000009,0.0015000124999999388,0.0006235107754999922
2021-08-27,-0.00010307766189585086,0.0024000337499999994,0.004500112500000025,0.001957043076500005
2021-08-30,-5.139156051897359e-05,0.001600015000000004,0.003000049999999982,0.0009275103049999967
2021-08-31,0.0,-0.0007999962500000091,-0.004499887500000025,-0.0009849791430000007
2021-09-01,0.0,-0.0007999962499999952,0.0015000125000000429,-3.149804949999528e-05
2021-09-02,0.0,0.001600015000000004,0.0015000124999999908,0.0007720119749999967
2021-09-03,0.0,-0.0031999400000000083,-0.005999800000000016,-0.0018664370685000035
2021-09-06,0.0,0.0,0.0,0.0
2021-09-07,0.0,-0.00399990624999999,-0.005999799999999964,-0.0025939062734999948
2021-09-08,0.0,0.0024000337499999855,0.004500112500000025,0.0017750529750000007
2021-09-09,0.0,0.004000093750000004,0.007500312499999955,0.002425099431999997
2021-09-10,0.0,-0.0039999062500000035,-0.004499887500000025,-0.0021039384430000052
2021-09-13,-5.12969337136576e-05,0.001600015000000004,0.004500112500000025,0.0013870335055000062
2021-09-14,-2.6318780371924884e-05,0.004000093750000004,0.007500312500000007,0.0027251257784999938
2021-09-15,0.0,-0.0023999662499999993,-0.0029999500000000338,-0.001215980100000001
2021-09-16,0.0,-0.0023999662499999993,-0.004499887499999973,-0.001327979424999987
2021-09-17,-5.129567900731975e-05,-0.0023999662499999993,-0.0029999500000000338,-0.0015949657250000065
2021-09-20,-5.126593470720919e-05,0.004800134999999999,0.00900045000000005,0.0031691484499999957
2021-09-21,0.0,-0.0015999850000000043,-0.0029999500000000338,-0.0007684908230000008
2021-09-22,0.0,0.000800003750000009,0.004500112500000025,0.0007175215565000078
2021-09-23,-5.1424165926979914e-05,-0.007199696249999998,-0.013498987500000023,-0.004753696798499999
2021-09-24,-5.100773817634079e-05,-0.004799864999999999,-0.010499387499999988,-0.003469807948500005
2021-09-27,3.4999977499999965e-05,-0.0007999962500000091,-0.001499987499999991,-0.000535996069500001
2021-09-28,0.0,-0.004799864999999999,-0.010499387499999988,-0.003535775598499996
2021-09-29,-5.101004741608934e-05,-0.0007999962499999952,-0.0029999500000000338,-0.0007119854735
2021-09-30,-5.126368983712022e-05,0.0024000337499999994,0.003000050000000034,0.0010890129500000026
2021-10-01,-0.00014123077462775303,0.0032000599999999946,0.0045001124999999725,0.0022930652999999914
2021-10-04,0.0,-0.0007999962499999952,0.0,-0.0005179961984999904
2021-10-05,-5.1201362847898225e-05,-0.0039999062500000035,-0.007499687500000006,-0.0026668961500000087
2021-10-06,0.00012882402827296466,0.0008000037499999951,0.003000050000000034,0.0006625146550000077
2021-10-07,-5.136543281770323e-05,-0.0039999062500000035,-0.008999549999999997,-0.002775384349500002
2021-10-08,-0.00010271797802252026,-0.0023999662499999855,-0.004499887499999973,-0.0016604617684999982
2021-10-11,0.0,0.0,0.0,0.0
2021-10-12,4.337847655721056e-05,0.0016000149999999902,0.009000449999999998,0.0019291301069999985
2021-10-13,-0.0002796623868198967,0.0024000337499999994,0.007500312499999955,0.0019100915305000031
2021-10-14,0.0007294318708255599,0.0032000600000000085,0.004500112500000025,0.001933543929999999
2021-10-15,-0.0011829409234124283,-0.005599816250000007,-0.007499687500000006,-0.003090903879999996
2021-10-18,-6.0000022499999905e-05,0.0,0.0045001124999999725,0.0009520490304999983
2021-10-19,1.2500002499999992e-05,-0.004799864999999999,-0.011999199999999979,-0.003489258499500001
2021-10-20,-4.750002500000002e-05,0.0,-0.0029999499999999817,-0.0007384743200000021
2021-10-21,7.82148063329563e-05,-0.0023999662499999855,-0.001499987500000043,-0.0016044750545000023
2021-10-22,2.6854541953552955e-06,0.0016000149999999902,0.006000200000000015,0.001895580181500002
2021-10-25,-1.3126936126016273e-05,0.001600015000000018,-0.001499987499999991,0.0001635075065000045
2021-10-26,-0.00013499975000000035,0.0008000037499999951,0.006000200000000015,0.001470056775000002
2021-10-27,-1.637934974137933e-05,0.007200303749999984,0.015001250000000013,0.004670388246499995
2021-10-28,3.275853818965517e-05,-0.0023999662500000132,-0.007499687500000006,-0.001489460553500001
2021-10-29,0.00021670802792807812,0.001600015000000018,0.0,0.0008475220520000054
2021-11-01,4.209805586885948e-05,-0.0023999662500000132,-0.004499887499999973,-0.0020429268235000004
2021-11-02,0.0007344061444884797,0.001600015000000004,0.006000199999999963,0.0018620394264999955
2021-11-03,-5.211153983120671e-05,-0.0031999399999999944,-0.005999799999999964,-0.002292931554999998
2021-11-04,0.0010277813939213681,0.005600183749999994,0.007500312499999955,0.0034281181204999962
2021-11-05,0.0,0.006400240000000017,0.012000800000000032,0.0044588023255000015
2021-11-08,-5.2339330530825754e-05,-0.0047998650000000125,-0.004499887500000025,-0.0026034367545000004
2021-11-09,0.0005150039925000003,0.004000093750000004,0.007500312499999955,0.0031561340734999957
2021-11-10,-0.001597935312307112,-0.007999625000000007,-0.014998749999999962,-0.006120579352999992
2021-11-11,0.0,0.0,0.0,0.0
2021-11-12,-0.0002483788552008093,-0.0015999850000000043,-0.004499887500000025,-0.0014689656750000064
2021-11-15,-0.0009327426233051885,-0.003999906249999976,-0.008999549999999945,-0.0028963603184999852
2021-11-16,-0.00019217216894163808,0.0,-0.001499987500000043,-0.0004704961185000095
2021-11-17,-3.0667535386667084e-05,0.0024000337499999855,0.003000049999999982,0.0013465208314999942
2021-11-18,0.0004113501946091326,0.0008000037499999951,0.004500112500000077,0.0013710333250000113
2021-11-19,0.004453942318597205,0.004000093750000004,0.009000449999999946,0.002570136474999995
2021-11-22,-0.0019373633830834527,-0.0071996962499999845,-0.011999199999999979,-0.004899734653499996
2021-11-23,-0.0005731539221078489,-0.0031999400000000083,-0.007499687500000006,-0.0020139244945000046
2021-11-24,0.00041824495368644065,0.0024000337500000133,0.007500312500000007,0.001975616408500002
2021-11-25,0.0,0.0,0.0,0.0
2021-11-26,0.0033288183394408204,0.012800959999999978,0.021002449999999978,0.008628852429999997
2021-11-29,-0.005999799999999964,-0.0031999399999999944,-0.005999799999999964,-0.0020154363699999983
2021-11-30,0.012000799999999928,0.007200303749999998,0.012000799999999928,0.004282302995499995
2021-12-01,0.0013962354249356618,0.0,0.0015000125000000429,0.00017500505550000213
2021-12-02,-0.0009168619896594538,-0.0007999962499999952,-0.004499887500000025,-0.001058477103000002
2021-12-03,0.0007885746638223706,0.007200303749999984,0.015001250000000013,0.0047072928805000054
2021-12-06,-0.0011431687179132468,-0.006399759999999989,-0.010499387499999988,-0.004064305616000004
2021-12-07,-0.0006358913583840323,-0.0039999062500000035,-0.005999799999999964,-0.0028869017409999973
2021-12-08,-0.0003118031406776811,-0.0031999399999999944,-0.007499687500000006,-0.002514352023499998
2021-12-09,0.00012768063895267682,0.0024000337499999994,0.003000049999999982,0.0006900095069999983
2021-12-10,0.00020739423646911402,0.0008000037499999951,0.0,1.0503031500007061e-05
2021-12-13,0.0007533375536643025,0.004800135000000013,0.007500312499999955,0.0032316631064999877
2021-12-14,-0.000413759502193425,-0.0015999850000000043,-0.001499987499999991,-0.0008234931139999978
2021-12-15,0.00036144967548937886,-0.0023999662499999993,-0.005999799999999964,-0.002079437129999998
2021-12-16,-0.0006798146090915776,0.0024000337499999994,0.0,0.0010615237200000006
2021-12-17,-0.0003248659440731457,0.0024000337499999994,0.006000199999999963,0.0019365808049999968
2021-12-20,-0.0001607081473214276,-0.0015999850000000043,-0.004499887499999973,-0.0011129666345000005
2021-12-21,0.0012974649687499961,-0.0039999062500000035,-0.0029999499999999817,-0.002430933504999992
2021-12-22,7.07479757191238e-05,0.001600015000000004,0.0045001124999999725,0.001360033455499993
2021-12-23,0.0006929487566491051,-0.0031999399999999944,-0.007499687500000006,-0.0024629036484999944
2021-12-24,0.0,0.0,0.0,0.0
2021-12-27,-0.0006025196225144883,0.0016000149999999902,0.003000050000000034,0.0009285278090000057
2021-12-28,3.124999997921457e-09,-0.0007999962499999952,-0.0029999500000000338,-0.000867985168500007
2021-12-29,-0.000502399834040697,-0.004799864999999999,-0.008999549999999997,-0.003042851867999999
2021-12-30,0.0003657452834302336,0.0024000337499999994,0.004500112500000025,0.0016290375500000059
2021-12-31,0.0002530929568300096,0.0,0.0045001124999999725,0.0011100316804999932
2022-01-03,-0.0011810341840592122,-0.008799546249999988,-0.016498487499999954,-0.0062149856794999885
2022-01-04,0.00023788038878815441,-0.0023999662500000132,-0.007499687500000058,-0.0022228832300000153
2022-01-05,-0.0011349589143407036,-0.0039999062500000035,-0.0029999499999999817,-0.002034962354499996
2022-01-06,0.0007899851249999921,-0.0015999849999999904,0.0,-0.0008584909429999972
2022-01-07,0.0010199899999999954,-0.0023999662500000132,-0.004499887499999973,-0.0014329729784999944
2022-01-10,0.0001699986250000066,-0.0015999849999999904,0.0,-0.0006729949765000015
2022-01-11,-0.0005127495457261657,0.0024000337499999855,0.003000049999999982,0.0013680301769999949
2022-01-12,-6.601528069767398e-05,0.0008000037500000229,0.0,0.0002235015720000022
2022-01-13,0.00015886518792057526,0.0032000599999999807,0.0045001124999999725,0.0017945411314999997
2022-01-14,-0.0006329696180278697,-0.006399759999999989,-0.011999199999999979,-0.004506258463500003
2022-01-17,0.0,0.0,0.0,0.0
2022-01-18,-0.0007077910567054276,-0.007199696250000012,-0.008999550000000049,-0.004367803027000007
2022-01-19,0.0001799534882945741,0.0032000600000000085,0.006000200000000015,0.002205067031999997
2022-01-20,-0.00038955349656384826,0.0,0.0015000125000000429,8.450197000000382e-05
2022-01-21,0.001744989056122439,0.006400239999999989,0.009000449999999998,0.004046201321500005
2022-01-24,-0.0011857640852230905,0.0,-0.0029999499999999817,-0.0007009738239999999
2022-01-25,0.0007926712013072764,-0.0023999662499999855,-0.004499887500000025,-0.0016744707299999999
2022-01-26,-0.0004285555102040892,-0.005599816250000021,-0.005999800000000016,-0.0034533895235000058
2022-01-27,0.002365332515285514,0.0032000600000000085,0.007500312500000007,0.0023931510890000075
2022-01-28,0.00036084059894613186,0.0024000337500000133,0.0045001124999999725,0.0017545318254999973
2022-01-31,-0.0002709011930408952,-0.0007999962499999952,-0.004499887499999973,-0.001583951646499995
2022-02-01,-0.0002843802189842836,-0.0015999850000000182,-0.0029999499999999817,-0.0007544908940000036
2022-02-02,-0.0005560155670622503,0.0024000337500000133,0.003000049999999982,0.001096012833500006
2022-02-03,0.0014296734725865352,-0.0031999400000000083,-0.004499887500000025,-0.002086453341000014
2022-02-04,0.0029137174348554595,-0.008799546249999974,-0.01349898749999997,-0.006032607969499991
2022-02-07,6.10769821810862e-05,0.0008000037499999951,0.0015000125000000429,0.0006785053690000032
2022-02-08,-0.00011115084825850989,-0.0031999400000000083,-0.004499887500000025,-0.0021584518265000004
2022-02-09,0.00018009466810926062,0.0016000149999999902,0.0,0.00011250208149999938
2022-02-10,0.002194215553307527,-0.0071996962499999845,-0.008999550000000049,-0.005287275798500004
2022-02-11,-0.002680859063959432,0.008800453750000003,0.01050061250000004,0.004938742191499997
2022-02-14,0.001528968980231586,-0.004799864999999999,-0.007499687500000006,-0.0033583805079999947
2022-02-15,0.0019806053271543785,-0.0055998162499999934,-0.010499387499999988,-0.003653268701500004
2022-02-16,-0.001062383369586091,0.0016000149999999902,0.0045001124999999725,0.0018680392345000064
2022-02-17,-0.0011120460036945724,0.004800134999999999,0.006000200000000015,0.0025190665379999965
2022-02-18,-0.0015241352104791712,0.004000093750000004,0.007500312500000007,0.003044655920499995
2022-02-21,0.0,0.0,0.0,0.0
2022-02-22,-0.00011904189919070668,-0.0015999850000000182,-0.001499987499999991,-0.0011329891970000006
2022-02-23,0.0014235513870244287,-0.0039999062500000035,-0.007499687500000006,-0.002771894588999994
2022-02-24,0.00022368102611293708,0.0024000337500000133,0.0,0.0012460144435000062
2022-02-25,0.00028299218268185893,-0.0007999962499999952,-0.001499987500000043,-0.00082299407050001
2022-02-28,-0.003939809694634089,0.011200734999999988,0.018001800000000047,0.007620669803000002
2022-03-01,-0.0023305033577806188,0.008800453750000003,0.009000449999999998,0.005309759701000008
2022-03-02,0.003122087924107152,-0.011199265000000016,-0.019497887499999988,-0.008540706652000012
2022-03-03,-0.00024107042410714423,0.0,0.0,-7.999932050000035e-05
2022-03-04,-0.002212851452776844,0.009600540000000025,0.01350101249999997,0.005340844503000002
2022-03-07,-6.027164014834534e-05,-0.0031999400000000083,-0.008999549999999997,-0.0028349107179999953
2022-03-08,8.964495488669879e-05,-0.0063997600000000165,-0.007499687499999954,-0.003732357234500007
2022-03-09,0.0,-0.006399759999999989,-0.005999800000000016,-0.003262380664499991
2022-03-10,0.0,-0.0031999399999999806,-0.01049938750000004,-0.004014237544499996
2022-03-11,0.0,-0.0015999850000000182,0.0,-0.0003069847410000043
2022-03-14,-6.0621018141654236e-05,-0.011199265000000016,-0.016498487500000006,-0.007205915536500014
2022-03-15,-6.0621018141654236e-05,-0.0007999962499999674,-0.001499987499999939,-0.0005964892744999885
2022-03-16,0.0,-0.0031999400000000083,0.0015000124999999388,-0.0008134486530000026
2022-03-17,0.0,-0.0007999962500000229,-0.005999800000000016,-0.0013344433045000066
2022-03-18,0.0,0.004800134999999999,0.01050061250000004,0.0034887257880000092
2022-03-21,0.0,-0.014398784999999968,-0.020997549999999976,-0.009185600731999992
2022-03-22,0.0,-0.004799864999999999,-0.005999800000000016,-0.003079894639000009
2022-03-23,0.0,0.004800134999999999,0.009000449999999998,0.0038512139340000037
2022-03-24,0.0,-0.0015999849999999904,0.003000049999999982,-4.848871449999702e-05
2022-03-25,0.0,-0.011199265000000016,-0.016498487500000006,-0.007317966688000009
2022-03-28,0.0,0.0016000149999999902,0.003000049999999982,0.0009050286265000088
2022-03-29,0.0,0.004000093750000004,0.006000200000000015,0.002401074208999993
2022-03-30,0.0,0.004800134999999999,0.007500312500000007,0.003134616851000002
2022-03-31,-6.173234138077106e-05,0.0024000337500000133,0.006000200000000015,0.0020850629405000055
2022-04-01,-0.00014999986499999996,-0.005599816250000021,-0.001499987500000043,-0.0027379171310000063
2022-04-04,-0.00031177306697632336,-0.0023999662499999855,-0.005999799999999964,-0.0018484394529999983
2022-04-05,0.0,-0.009599459999999997,-0.014998750000000014,-0.006050574672999996
2022-04-06,0.0,-0.0055998162499999934,-0.010499387499999988,-0.0030648353970000068
2022-04-07,0.0,-0.003999906250000031,-0.008999549999999997,-0.0026598607445000046
2022-04-08,0.0,-0.004799864999999999,-0.010499387499999988,-0.003922298978999995
2022-04-11,0.0,-0.0055998162499999934,-0.011999200000000031,-0.0038262505214999992
2022-04-12,0.0,0.005600183749999994,0.0045001124999999725,0.003378601587999992
2022-04-13,0.0,0.0016000149999999902,0.003000050000000034,0.0008350098055000032
2022-04-14,0.0,-0.010399366249999993,-0.017998199999999943,-0.006972417499499994
2022-04-15,0.0,0.0,0.0,0.0
2022-04-18,0.0,-0.0015999849999999904,-0.004499887500000077,-0.001295966692000012
2022-04-19,0.0,-0.0063997600000000165,-0.010499387499999936,-0.004770778673499988
2022-04-20,0.0,0.006400240000000017,0.01650151249999995,0.0051784607569999985
2022-04-21,0.0,-0.003999906249999976,-0.005999800000000016,-0.003154404966000003
2022-04-22,0.0,0.0,-0.0029999500000000338,-0.000504491444000009
2022-04-25,0.0,0.007200303749999984,0.012000800000000032,0.004763761873000008
2022-04-26,-6.186997985868444e-05,0.0032000600000000085,0.004500112500000077,0.002124039593000007
2022-04-27,5.00000149999997e-05,-0.0039999062500000035,-0.007499687500000058,-0.0026143981530000067
2022-04-28,5.00000149999997e-05,-0.0023999662500000132,-0.0029999499999999817,-0.0014994805284999988
2022-04-29,-0.00021162772620956258,-0.0031999400000000083,-0.005999800000000068,-0.0027564215270000107
2022-05-02,-6.18320799845517e-05,-0.007999625000000007,-0.01799819999999989,-0.006092975491499984
2022-05-03,0.0001380269489452515,0.001600015000000018,0.007500312500000007,0.0015885700045000072
2022-05-04,0.0,0.0032000599999999807,0.0,0.0020335401084999915
2022-05-05,0.0,-0.00959945999999997,-0.02099755000000008,-0.007055726988500005
2022-05-06,0.0,-0.005599816250000021,-0.011999200000000031,-0.004075745901000014
2022-05-09,0.0,0.005600183750000022,0.007500312500000111,0.003770130885500023
2022-05-10,-6.080698664993982e-05,0.004800134999999971,0.010500612499999989,0.0033856926759999865
2022-05-11,-1.0628447657212013e-05,0.006400240000000017,0.009000449999999946,0.003287185798500003
2022-05-12,0.0,0.005600183750000022,0.004500112500000025,0.0032731140340000056
2022-05-13,0.0,-0.00719969625000004,-0.014998750000000014,-0.005498090617000009
2022-05-16,0.0,0.004000093750000031,0.003000049999999982,0.0016305303765000068
2022-05-17,0.0,-0.007999625000000007,-0.008999549999999945,-0.005276710705999998
2022-05-18,0.0,0.007200303749999984,0.01800179999999989,0.005594961205999988
2022-05-19,0.0,0.004000093750000031,0.0,0.0015875276760000038
2022-05-20,0.0,0.004800134999999999,0.010500612500000093,0.003457164933500001
2022-05-23,0.0,-0.0063997600000000165,-0.01349898749999997,-0.0049836669429999935
2022-05-24,0.0,0.008000375000000007,0.015001249999999909,0.006197443694499992
2022-05-25,0.0,0.0008000037499999951,0.003000049999999982,0.0011845149064999964
2022-05-26,0.0,0.0,-0.005999799999999964,-0.0008404705295000037
2022-05-27,0.0,0.0008000037499999951,0.003000049999999982,0.0005965148265000045
2022-05-30,0.0,0.0,0.0,0.0
2022-05-31,-5.9607749540038265e-05,-0.008799546250000002,-0.01799819999999989,-0.006245006122999984
2022-06-01,-9.631227319931592e-06,-0.0071996962499999845,-0.004499887500000025,-0.0034903880279999987
2022-06-02,0.0,0.0016000149999999902,0.0015000124999999388,0.0006305053584999909
2022-06-03,0.0,-0.0031999400000000083,-0.004499887500000025,-0.0017374681230000095
2022-06-06,0.0,-0.006399759999999989,-0.011999199999999927,-0.004700725733499984
2022-06-07,0.0,0.004800134999999999,0.009000449999999946,0.0030816477214999824
2022-06-08,0.0,-0.003999906249999976,-0.007499687500000006,-0.0027563967969999963
2022-06-09,0.0,-0.0007999962500000229,0.0,-0.0006909946440000038
2022-06-10,-6.0579712668624754e-05,-0.008799546250000002,-0.007499687500000006,-0.005165775731
2022-06-13,-0.0014130700095802329,-0.02239706000000003,-0.034493387499999945,-0.015352049773499996
2022-06-14,-5.905850003628872e-05,-0.004799864999999971,-0.005999800000000068,-0.0028989267590000126
2022-06-15,-0.0012435501877828851,0.012800959999999978,0.012000800000000032,0.007428971867000013
2022-06-16,-0.0003270729355172383,0.004000093750000059,0.007500312500000007,0.0025580812084999996
2022-06-17,0.00026692874647057116,0.0024000337499999577,0.0060002000000000675,0.0019050811045000053
2022-06-20,0.0,0.0,0.0,0.0
2022-06-21,-0.00021626805978101378,-0.004799864999999971,-0.011999200000000031,-0.004221215358999995
2022-06-22,-0.00011341797182926791,0.012000843749999955,0.021002449999999978,0.008601870814499984
2022-06-23,-0.00017104790934493785,0.00560018375000005,0.006000199999999963,0.0031016006370000104
2022-06-24,0.0,-0.003199940000000036,-0.008999549999999945,-0.002769388219499995
2022-06-27,0.0,-0.0055998162499999934,-0.007499687500000006,-0.0034608713895000025
2022-06-28,0.0,0.0,0.0015000125000000429,0.00028350373149999854
2022-06-29,0.0,0.008000375000000007,0.01350101249999997,0.005110821350500001
2022-06-30,0.0,0.009600539999999998,0.012000800000000032,0.005937355586999994
2022-07-01,-5.812376022701241e-05,0.008000375000000007,0.0045001124999999205,0.003703133932000003
2022-07-04,0.0,0.0,0.0,0.0
2022-07-05,-0.004858031529738033,0.004800134999999999,0.0060002000000000675,0.0029186254130000072
2022-07-06,-0.003881073674669926,-0.00879954625000003,-0.016498487500000058,-0.006495044011500023
2022-07-07,0.000453368754532395,-0.006399759999999961,-0.004499887500000025,-0.003530856381499986
2022-07-08,0.006399759999999989,-0.006399759999999989,-0.011999199999999927,-0.004675753016499996
2022-07-11,-0.00806650800536476,0.008000374999999952,0.015001249999999909,0.0051908775114999865
2022-07-12,-0.002909745120497441,0.0024000337500000133,0.00900045000000005,0.0026561133595000104
2022-07-13,-0.00039812832243562923,0.004000093750000004,0.003000049999999982,0.0010825775354999952
2022-07-14,-0.0006048403685426115,-0.0039999062500000035,-0.001499987499999939,-0.0016699610609999915
2022-07-15,0.0,0.0024000337499999855,0.003000049999999982,0.001039512035999998
2022-07-18,-6.768951725501946e-05,-0.0023999662499999855,-0.007499687500000006,-0.0021039280145000094
2022-07-19,-0.00019999976000000053,-0.003999906249999976,-0.004499887500000025,-0.0025874388239999907
2022-07-20,0.00010000006000000113,-0.0023999662500000132,-0.001499987500000043,-0.0009224892185000052
2022-07-21,0.00020000024000000051,0.010400633749999992,0.015001250000000013,0.006992490823499997
2022-07-22,9.071208447550153e-05,0.011200735000000015,0.015001250000000013,0.006374921639000006
2022-07-25,0.0013749706075000037,-0.0031999400000000083,-0.007499687499999902,-0.002513420913999994
2022-07-26,3.4498079400752894e-07,0.0,0.0015000124999999388,0.00034700434200000133
2022-07-27,0.0020947120598900602,0.0024000337500000133,0.0015000125000000429,0.0014635208115000038
2022-07-28,-5.857595636956815e-05,0.00800037499999998,0.0045001124999999205,0.0035116267104999834
2022-07-29,-0.0003016498906437191,0.0008000037500000229,0.004500112500000025,0.0006470217020000056
2022-08-01,-0.002696731237973194,0.0056001837499999665,0.01200079999999998,0.0038587526999999955
2022-08-02,0.003063090730633796,-0.011999156249999983,-0.014998749999999962,-0.007223001570999993
2022-08-03,-0.0007939465704225304,0.0016000149999999902,0.007500312500000007,0.0015635698329999948
2022-08-04,-0.0011823245739523438,0.004000093750000004,0.003000049999999982,0.0018585488529999996
2022-08-05,-0.0005999978399999998,-0.01199915625000001,-0.017998199999999995,-0.008110386007000005
2022-08-08,-0.0002499996250000002,0.0048001350000000265,0.007500312500000007,0.003182139442000011
2022-08-09,-4.999998500000143e-05,-0.0023999662499999855,-0.002999950000000086,-0.0015844782015000058
2022-08-10,0.00015000013500000083,0.0016000149999999902,-0.004499887499999921,-0.00015845963949999718
2022-08-11,0.0001815508714622093,-0.007199696250000012,-0.016498487499999954,-0.005329528102999996
2022-08-12,-6.842560242865232e-05,0.0024000337500000133,0.006000199999999963,0.0014820449929999942
2022-08-15,-6.841271974987864e-05,0.004000093749999976,0.004500112500000025,0.0020960437355000035
2022-08-16,0.0,-0.0023999662499999855,0.0,-0.0011114868514999943
2022-08-17,-6.827654275474204e-05,-0.005599816250000021,-0.008999550000000049,-0.0035123688295000113
2022-08-18,8.164601222130114e-05,0.0008000037500000229,0.003000049999999982,0.0010460107879999912
2022-08-19,-6.835802138446687e-05,-0.007999625000000007,-0.01349898749999997,-0.004948187376499985
2022-08-22,-0.0003499992649999996,-0.003999906249999976,-0.005999799999999964,-0.002495944314500006
2022-08-23,0.00010000006000000287,-0.0015999850000000182,-0.001499987500000043,-0.0007544868969999927
2022-08-24,-0.0003499992649999996,-0.004799864999999999,-0.008999549999999945,-0.003399849169499998
2022-08-25,1.5749841506594294e-05,0.006400240000000017,0.012000799999999928,0.004141236126499994
2022-08-26,-0.0008758365849297501,-0.0007999962500000229,0.004500112500000025,0.0006060533720000062
2022-08-29,0.0,-0.0063997600000000165,-0.008999550000000049,-0.0034303756440000116
2022-08-30,0.0,0.0008000037500000229,0.0015000125000000429,0.00039951157650000395
2022-08-31,0.0,-0.0031999400000000083,-0.005999799999999964,-0.002017434752999995
2022-09-01,0.0,-0.008799546249999974,-0.016498487500000058,-0.005962536913500002
2022-09-02,0.0,0.004800134999999971,0.004500112500000025,0.002687563010999995
2022-09-05,0.0,0.0,0.0,0.0
2022-09-06,-6.025464388853181e-05,-0.01039936625000002,-0.01949788750000004,-0.0077882211965000035
2022-09-07,-0.0009000062500000008,0.0048001350000000265,0.010500612500000093,0.003789199490500008
2022-09-08,0.0005399977499999905,-0.0015999849999999904,-0.002999950000000086,-0.0014434708185000079
2022-09-09,0.0013817269541153612,-0.003199940000000036,-0.0029999499999999817,-0.0020444654820000003
2022-09-12,2.1743583191900206e-05,-0.0031999399999999806,-0.007499687499999902,-0.002625878965499983
2022-09-13,0.003000157218958334,-0.0039999062500000035,0.0015000124999999388,-0.001883429353000002
2022-09-14,0.0,0.0008000037500000229,0.003000049999999982,0.0009665431794999887
2022-09-15,0.0,-0.003199940000000036,-0.0029999499999999817,-0.0019004672669999906
2022-09-16,0.0,0.0,-0.005999800000000068,-0.0008419389915000162
2022-09-19,0.0,-0.0031999399999999806,0.003000050000000086,-0.0013079675254999913
2022-09-20,0.0,-0.006399759999999961,-0.008999550000000049,-0.0037408043764999956
2022-09-21,0.0,0.004800134999999971,0.015001250000000013,0.0038198263079999946
2022-09-22,0.0,-0.015198646250000046,-0.025496387500000002,-0.009551867946499995
2022-09-23,0.0,0.0008000037500000229,0.004500112500000025,0.0005940573135000017
2022-09-26,0.0,-0.015198646249999991,-0.020997549999999976,-0.008640688717500006
2022-09-27,0.0,-0.0071996962499999845,-0.02099755000000008,-0.006653699012999993
2022-09-28,-6.507109865032557e-05,0.020002343749999964,0.0255036125,0.01249061838149998
2022-09-29,0.0037199190000000207,-0.003199939999999925,-0.0029999499999999817,-0.0017934696619999872
2022-09-30,0.004894844059635351,-0.005599816250000049,-0.011999200000000031,-0.004569732238000006
2022-10-03,-6.028596562853082e-05,0.012800960000000033,0.012000800000000032,0.00602787305200001
2022-10-04,-0.0013200365000000135,0.004000093749999948,0.007500312500000007,0.002400575356999988
2022-10-05,0.0030643968146057995,-0.011199264999999932,-0.014998750000000014,-0.005963590713499984
2022-10-06,0.0,-0.005599816250000049,-0.004499887500000025,-0.002911421401000015
2022-10-07,0.0,-0.004799865000000026,-0.007499687499999902,-0.003569869036999978
2022-10-10,0.0,0.0,0.0,0.0
2022-10-11,0.0,-0.0031999399999999806,-0.008999550000000153,-0.002684865357000017
2022-10-12,0.0,0.0016000149999999902,0.001500012500000147,0.0010735145810000057
2022-10-13,0.0,-0.004799864999999971,-0.010499387500000092,-0.004841268245500003
2022-10-14,0.0,-0.0023999662500000132,-0.001499987499999939,-0.0013649802165000076
2022-10-17,0.0,-0.001599984999999935,-0.004499887500000025,-0.0015319302484999835
2022-10-18,0.0,0.0008000037499999674,0.003000050000000086,0.0007685088510000099
2022-10-19,0.0,-0.01039936625000002,-0.016498487500000058,-0.007086931916500014
2022-10-20,0.0,-0.007999625000000007,-0.01349898749999997,-0.0054926375795
2022-10-21,0.0,0.0024000337500000133,-0.010499387500000092,-0.0009057092175000041
2022-10-24,0.0,-0.003199940000000036,-0.007499687499999902,-0.0028548497590000013
2022-10-25,0.0,0.012000843750000066,0.021002449999999874,0.007821333663
2022-10-26,0.0,0.004800134999999971,0.010500612500000093,0.003706694972999992
2022-10-27,-6.503012847266322e-05,0.006400240000000017,0.009000449999999946,0.004651230920500013
2022-10-28,0.00551512314567434,-0.004799864999999971,-0.008999549999999945,-0.0035238832389999975
2022-10-31,0.0,-0.0063997600000000165,-0.008999550000000049,-0.004309292732999989
2022-11-01,0.0,0.0024000337499999577,0.010500612499999989,0.002662209706999984
2022-11-02,0.0,-0.0023999662499999577,-0.005999799999999964,-0.0015889693180000009
2022-11-03,0.0,-0.003199940000000036,-0.001499987499999939,-0.0021614533254999866
2022-11-04,0.0,-0.0023999662500000132,-0.010499387500000092,-0.002690750091000005
2022-11-07,0.0,-0.003999906249999948,-0.008999549999999945,-0.0036158229145
2022-11-08,0.0,0.006400239999999962,0.012000800000000032,0.004305215101499994
2022-11-09,0.0,0.0016000149999999902,-0.004499887500000025,-0.0002944613779999981
2022-11-10,0.0,0.02400337500000002,0.03900844999999997,0.016804861503999992
2022-11-11,0.0,0.0,0.0,0.0
2022-11-14,0.0,-0.004799865000000026,-0.005999800000000068,-0.002841915813500004
2022-11-15,0.0,0.006400240000000017,0.012000800000000032,0.004673306126
2022-11-16,0.0,0.01040063375000002,0.0255036125,0.007445345520500012
2022-11-17,0.0,-0.007999625000000007,-0.010499387499999884,-0.004178824406499999
2022-11-18,0.0,-0.0039999062500000035,-0.004499887500000025,-0.002417945393999998
2022-11-21,0.0,-0.0007999962500000229,-0.001499987500000043,-0.0001649936465000116
2022-11-22,0.0,0.00560018375000005,0.01350101249999997,0.004288781394000011
2022-11-23,0.0,0.004000093749999948,0.012000800000000032,0.004104281281499986
2022-11-24,0.0,0.0,0.0,0.0
2022-11-25,0.0,0.0024000337500000133,0.0,0.0007020073805000048
2022-11-28,0.0,-0.0007999962500000229,0.0,-0.000489996962500001
2022-11-29,0.0,-0.004799864999999971,-0.007499687499999902,-0.003221337050499988
2022-11-30,0.0,0.005600183749999994,0.003000049999999878,0.0025955649864999987
2022-12-01,0.0,0.01200084375000001,0.02250281250000002,0.00889902606549999
2022-12-02,0.0,0.0016000149999999902,0.009000449999999946,0.0026551911704999994
2022-12-05,0.0,-0.00719969625000004,-0.007499687499999902,-0.004669794582
2022-12-06,0.0,0.007200303750000039,0.010500612499999989,0.004899840257000003
2022-12-07,0.0,0.007200303749999984,0.01650151249999995,0.005986451067999996
2022-12-08,0.0,-0.004799864999999971,-0.007499687500000006,-0.002902414742999994
2022-12-09,0.0,-0.0071996962499999845,-0.016498487499999954,-0.005460483713999993
2022-12-12,0.0,-0.003199940000000036,-0.0029999499999999817,-0.0015579785514999907
2022-12-13,0.0,0.008000375000000007,0.015001249999999909,0.005372278755499984
2022-12-14,0.0,0.0016000149999999902,0.0,0.0005630047079999902
2022-12-15,0.0,0.004000093750000004,0.007500312500000007,0.0021500793615000097
2022-12-16,0.0,-0.0031999399999999806,-0.005999799999999964,-0.0017004144844999936
2022-12-19,0.0,-0.0071996962499999845,-0.01349898749999997,-0.005251152898500007
2022-12-20,0.0,-0.009599460000000053,-0.017998199999999995,-0.006344403846500005
2022-12-21,0.0,0.0008000037500000229,0.0015000124999999388,0.0005480029205000003
2022-12-22,0.0,0.0008000037500000229,0.003000049999999982,0.00038900825850000687
2022-12-23,0.0,-0.0063997600000000165,-0.011999200000000031,-0.004663195828000002
2022-12-26,0.0,0.0,0.0,0.0
2022-12-27,0.0,-0.0071996962499999845,-0.01649848749999985,-0.005944011801499993
2022-12-28,0.0,-0.003199940000000036,-0.004499887500000025,-0.002118921618500005
2022-12-29,0.0,0.004000093750000004,0.006000199999999963,0.002719620031500001
2022-12-30,0.0,-0.0039999062500000035,-0.007499687500000006,-0.0029993913119999993
2023-01-02,0.0,0.0,0.0,0.0
2023-01-03,0.0,0.007200303749999984,0.012000800000000032,0.004482307666999995
2023-01-04,0.0,0.008000375000000007,0.01350101249999997,0.0048407844819999945
2023-01-05,0.0,-0.0015999849999999904,0.0015000125000000429,-0.0002859670454999874
2023-01-06,0.0,0.012800960000000033,0.018001799999999995,0.008449720076500009
2023-01-09,0.0,0.0016000149999999902,0.0015000124999999388,0.0009935092734999792
2023-01-10,0.0,-0.0063997600000000165,-0.011999200000000031,-0.004325735664500003
2023-01-11,0.0,0.005600183749999994,0.010500612500000093,0.0038492036820000192
2023-01-12,0.0,0.008800453749999975,0.01650151249999995,0.006684036033999988
2023-01-13,0.0,-0.004799864999999971,-0.008999550000000049,-0.003587861503000003
2023-01-16,0.0,0.0,0.0,0.0
2023-01-17,0.0,-0.0031999399999999806,-0.0029999499999999817,-0.0012339671844999976
2023-01-18,-6.552293728393254e-05,0.012800959999999978,0.02400320000000006,0.008151755645499999
2023-01-19,0.005934271240459095,-0.0015999849999999904,-0.005999800000000068,-0.0019569520529999916
2023-01-20,-6.559874687129711e-05,-0.0071996962499999845,-0.011999199999999927,-0.004890681853
2023-01-23,0.004499887500000025,-0.003199940000000036,-0.004499887500000025,-0.00219745124850001
2023-01-24,-0.010500612499999989,0.0048001350000000265,0.010500612499999989,0.003521691956500001
2023-01-25,0.001499987500000043,0.0,-0.001499987500000043,0.00021750378249999549
2023-01-26,0.0014345082994483111,-0.0023999662500000132,-0.001499987499999939,-0.0009789896444999952
2023-01-27,0.0,-0.0023999662500000132,-0.0029999499999999817,-0.001472976716999998
2023-01-30,0.0,-0.0023999662499999577,-0.002999950000000086,-0.0017589717780000023
2023-01-31,0.0,0.0024000337499999577,0.0015000125000000429,0.0012785142780000077
2023-02-01,0.0,0.01040063375000002,0.016501512500000055,0.007012540229500007
2023-02-02,0.0,-0.0007999962500000229,0.0,-0.00015299924150000043
2023-02-03,0.0,-0.010399366249999965,-0.014998750000000014,-0.007131027837999999
2023-02-06,0.0,-0.007999625000000007,-0.007499687500000006,-0.004448323395999999
2023-02-07,0.0,-0.0031999399999999806,-0.007499687500000006,-0.0026693985550000146
2023-02-08,0.0,0.0032000599999999807,0.0015000125000000429,0.0013200199570000005
2023-02-09,0.0,-0.0031999399999999806,-0.005999800000000068,-0.0026679083264999947
2023-02-10,0.0,-0.005599816250000049,-0.008999549999999945,-0.003917276191500001
2023-02-13,0.0,0.0016000149999999902,0.006000199999999963,0.0014930591219999927
2023-02-14,-6.33200074650901e-05,-0.003999906249999948,-0.0029999499999999817,-0.0022694554779999947
2023-02-15,0.004441070744745853,-0.003199940000000036,-0.004499887500000025,-0.0020789405529999965
2023-02-16,-0.0010587609501144,-0.003999906249999948,-0.011999200000000031,-0.0033837962159999992
2023-02-17,0.0,0.0032000599999999807,0.0060002000000000675,0.002116565456499998
2023-02-20,0.0,0.0,0.0,0.0
2023-02-21,0.0,-0.01039936625000002,-0.016498487500000058,-0.006614993607000011
2023-02-22,0.0,0.0016000149999999902,0.004500112500000025,0.0016520501785000133
2023-02-23,0.0,0.004000093750000004,0.007500312500000007,0.0029741297934999956
2023-02-24,0.0,-0.0055998162499999934,-0.010499387500000092,-0.004124826401500012
2023-02-27,-5.9562461919720386e-05,0.0024000337500000133,0.0,0.00048650546549999687
2023-02-28,-9.579762036039878e-06,0.0,0.001500012500000147,7.600203200002075e-05
2023-03-01,0.0,-0.0071996962499999845,-0.010499387500000092,-0.004066833054500004
2023-03-02,0.0,-0.005599816250000049,-0.010499387499999988,-0.0034963249985000126
2023-03-03,0.0,0.00880045375000003,0.018001799999999995,0.006253129030000007
2023-03-06,-5.949417504044888e-05,-0.0007999962500000229,-0.0029999499999999817,-0.0010119849539999923
2023-03-07,-0.0005595176352532645,0.0008000037500000229,0.0045001124999999205,0.0005160557804999844
2023-03-08,0.0,-0.0007999962500000229,0.0,-0.0006074956720000053
2023-03-09,0.0,0.004000093750000004,0.003000050000000086,0.00255206772650002
2023-03-10,0.0,0.018401983749999972,0.028504512499999985,0.012515650740499987
2023-03-13,-6.09512512731764e-05,0.012000843750000066,0.007500312500000007,0.007484506567000004
2023-03-14,-0.006345324357559169,-0.00719969625000004,-0.008999550000000049,-0.004997760633499998
2023-03-15,-0.0005764639426829288,0.01040063375000002,0.013501012500000074,0.0071589315144999985
2023-03-16,0.0008258213135054596,-0.0039999062500000035,-0.007499687500000006,-0.003752384512999995
2023-03-17,0.0003000027574999999,0.013601083750000001,0.016501512500000055,0.009654317730499998
2023-03-20,7.496604991417501e-05,-0.0063997600000000165,-0.010499387500000092,-0.004484310062999992
2023-03-21,-6.396403774996637e-05,-0.009599459999999997,-0.010499387499999988,-0.006593122756500006
2023-03-22,-4.485903535909555e-05,0.00880045375000003,0.010500612499999989,0.005803794572000007
2023-03-23,8.424771882643025e-05,0.008000375000000007,0.007500312500000007,0.004627180000499999
2023-03-24,-5.209368949129749e-06,0.0,0.0015000125000000429,0.00044551122949999973
2023-03-27,0.0,-0.01199915625000001,-0.01949788750000004,-0.008777186350499995
2023-03-28,0.0,-0.0015999849999999904,0.0,-0.0008354914605000003
2023-03-29,-6.222545968079646e-05,-0.0015999849999999904,-0.001499987500000043,-0.0010509906640000092
2023-03-30,0.0003878002497631297,0.0016000149999999902,0.004500112500000025,0.001400549424499998
2023-03-31,-6.185152675568334e-05,0.005600183749999994,0.010500612499999989,0.00389670475800001
2023-04-03,0.0035381811205009417,0.004000093749999948,0.004500112500000025,0.0026775652714999877
2023-04-04,0.0,0.006400240000000017,0.009000449999999946,0.004270161897999993
2023-04-05,0.0,0.004000093750000004,0.007500312500000111,0.0026195834780000206
2023-04-06,-6.767007748760823e-05,0.0,0.0015000124999999388,0.00019951191399998988
2023-04-07,0.0026321703939703317,-0.0071996962499999845,-0.010499387499999988,-0.005127738310999999
2023-04-10,0.0,-0.0015999849999999904,-0.001499987500000043,-0.0009894921220000084
2023-04-11,0.0,-0.001599985000000046,-0.001499987499999939,-0.0005569962204999936
2023-04-12,0.0,0.0016000150000000457,0.0,0.0008285289735000031
2023-04-13,0.0,-0.003199940000000036,-0.007499687500000006,-0.0027008974595000026
2023-04-14,0.0,-0.0055998162499999934,-0.007499687500000006,-0.003932356841000003
2023-04-17,0.0,-0.0063997600000000165,-0.010499387499999988,-0.004479773331499999
2023-04-18,0.0,0.0016000150000000457,0.0015000124999999388,0.0007370120114999965
2023-04-19,0.0,-0.001599985000000046,0.0015000125000000429,-0.0005344927954999996
2023-04-20,0.0,0.0048001350000000265,0.004500112500000025,0.0030705875520000156
2023-04-21,0.0,-0.0023999662499999577,-0.004499887500000025,-0.001738461541500006
2023-04-24,0.0,0.004000093749999948,0.007500312500000007,0.0030261113894999997
2023-04-25,0.0,0.009600539999999998,0.012000800000000032,0.006667400733000007
2023-04-26,0.0,-0.0023999662500000132,-0.005999800000000068,-0.002371916281000021
2023-04-27,0.0,-0.007999624999999951,-0.010499387499999988,-0.00535174065549997
2023-04-28,0.0,0.007200303749999984,0.012000800000000032,0.004860319878499997
2023-05-01,0.0,-0.01199915625000001,-0.02249718750000002,-0.008829417054500008
2023-05-02,0.0,0.01200084375000001,0.019502112500000036,0.008430257270499994
2023-05-03,0.0,0.0048001350000000265,0.0045001124999999205,0.0025790606379999903
2023-05-04,0.0,0.0008000037499999674,-0.001499987499999939,0.000673547079000015
2023-05-05,0.0,-0.0055998162499999934,-0.007499687500000006,-0.003923872773499988
2023-05-08,0.0,-0.0063997600000000165,-0.010499387499999988,-0.00461524028100001
2023-05-09,-6.224656933397994e-05,-0.0007999962499999674,-0.0029999499999999817,-0.0007029911289999947
2023-05-10,0.0062378734709256055,0.008000374999999952,0.009000449999999946,0.004676201354999987
2023-05-11,0.0,0.0032000600000000362,0.00900045000000005,0.002847163484500008
2023-05-12,0.0,-0.0055998162499999934,-0.007499687500000006,-0.0036858633815000036
2023-05-15,-6.784629129523414e-05,-0.003199940000000036,-0.007499687500000006,-0.0025838792509999924
2023-05-16,-1.7846311295232706e-05,-0.0031999399999999806,-0.005999799999999964,-0.0025724388169999996
2023-05-17,0.0,-0.0023999662499999577,0.0,-0.0013554814414999997
2023-05-18,0.0,-0.0063997600000000165,-0.008999549999999945,-0.0039343633915
2023-05-19,0.0,-0.003999906250000059,-0.00749968750000011,-0.002863905017000015
2023-05-22,0.0,-0.0015999849999999904,-0.0029999499999999817,-0.0010329840909999958
2023-05-23,0.0,0.0016000149999999902,0.0015000124999999388,0.0006885056720000017
2023-05-24,0.0,-0.0023999662499999577,-0.0029999499999998776,-0.0011854851519999866
2023-05-25,-7.332025460737767e-05,-0.007999625000000007,-0.008999550000000049,-0.004732306655500002
2023-05-26,-0.0001647171274233497,0.0024000337500000133,0.004500112500000025,0.0014845719940000033
2023-05-29,0.0,0.0,0.0,0.0
2023-05-30,-0.0001274197083775798,0.008800453749999975,0.010500612499999989,0.0047382403864999895
2023-05-31,0.0,0.004000093750000004,0.007500312500000007,0.0031826139384999973
2023-06-01,0.0,0.0024000337500000133,0.0045001124999999205,0.0016255241779999981
2023-06-02,0.0,-0.0063997600000000165,-0.007499687500000006,-0.004409332716000005
2023-06-05,0.0,0.0,0.0,0.00018250398199999536
2023-06-06,0.0,-0.0007999962500000229,0.001500012500000147,3.4513903000018374e-05
2023-06-07,0.0,-0.0071996962499999845,-0.014998750000000118,-0.005003667616500012
2023-06-08,0.0,0.0048001350000000265,0.010500612499999989,0.003744175961999996
2023-06-09,0.0,-0.0015999849999999904,0.0,-0.0009659886244999978
2023-06-12,0.0,0.0016000149999999902,0.0015000125000000429,0.0012180166360000124
2023-06-13,-5.9830455025382704e-05,-0.008799546249999974,-0.011999200000000031,-0.005413700240999995
2023-06-14,0.0,0.0008000037499999674,0.004500112500000025,0.00071855465499999
2023-06-15,-3.750004500000021e-05,0.008800453749999975,0.010500612500000093,0.005084742623000007
2023-06-16,3.749997250000021e-05,-0.003999906249999948,-0.004499887500000129,-0.0022099553235000024
2023-06-19,0.0,0.0,0.0,0.0
2023-06-20,2.8639067272303913e-05,0.0024000337499999577,0.0060002000000000675,0.0018355473914999983
2023-06-21,-6.359212134701071e-05,0.0016000149999999902,0.003000049999999878,0.0009550158554999845
2023-06-22,-5.8563030938268476e-05,-0.006399759999999961,-0.010499387499999884,-0.0043617767949999855
2023-06-23,-7.086418346896851e-05,0.004800134999999971,0.007500312500000007,0.0031366335805000007
2023-06-26,-0.00028335705225484534,0.0016000149999999902,0.0,0.00038150808449999936
2023-06-27,4.174176751896687e-05,-0.003999906249999948,-0.002999950000000086,-0.0019049678254999948
2023-06-28,-6.247347468115717e-05,0.004800134999999971,0.004500112500000025,0.0024095611814999853
2023-06-29,-5.804855628758781e-05,-0.011199264999999988,-0.016498487500000058,-0.007578888004500001
2023-06-30,-3.750004499999934e-05,0.0032000599999999807,0.007500312500000111,0.0026711485480000125
2023-07-03,7.956280804261174e-05,-0.003999906249999948,-0.002999950000000086,-0.0021179602505000056
2023-07-04,0.0,0.0,0.0,0.0
2023-07-05,0.0,-0.00719969625000004,-0.01349898749999997,-0.004483204978500006
2023-07-06,0.0,-0.007999625000000007,-0.008999550000000049,-0.004507786511999991
2023-07-07,0.0,-0.0007999962499999674,-0.00599979999999986,-0.0012204414284999973
2023-07-10,0.0,0.004000093750000004,0.0045001124999999205,0.002308558423499994
2023-07-11,0.0,0.0016000149999999347,0.003000050000000086,0.0009025164570000035
2023-07-12,0.0,0.010400633750000075,0.012000799999999928,0.00621786696300001
2023-07-13,0.0,0.008000375000000007,0.010500612499999989,0.005159252468999993
2023-07-14,0.0,-0.005599816250000049,-0.005999800000000068,-0.0035473923395000135
2023-07-17,0.0,0.0016000149999999902,0.001500012500000147,0.0004225075800000196
2023-07-18,0.0,0.0008000037500000229,0.003000049999999878,0.0011195264064999785
2023-07-19,0.0,0.004000093750000004,0.010500612500000093,0.0031531834500000216
2023-07-20,0.0,-0.007999625000000007,-0.01349898749999997,-0.005066206278500011
2023-07-21,0.0,0.0008000037500000229,0.0,2.6500877000005305e-05
2023-07-24,0.0,-0.0015999849999999904,-0.0014999875000001471,-0.0010069900985000063
2023-07-25,0.0,-0.003999906250000059,-0.004499887499999921,-0.002066951344000002
2023-07-26,0.0,0.004000093750000059,0.003000049999999982,0.001777531261000009
2023-07-27,0.0,-0.01199915625000001,-0.020997549999999976,-0.007734766278499996
2023-07-28,0.0,0.004000093750000004,0.0060002000000000675,0.0024500620014999966
2023-07-31,0.0,-0.0007999962500000229,0.0,0.00012650270600001668
2023-08-01,0.0,-0.0063997600000000165,-0.011999200000000031,-0.004589696018000031
2023-08-02,0.0,-0.0023999662500000132,-0.007499687500000006,-0.002129382598499993
2023-08-03,0.0,-0.009599459999999997,-0.02099755000000008,-0.007043171119500008
2023-08-04,0.0,0.01200084375000001,0.019502112500000036,0.007632665736000012
2023-08-07,0.0,-0.0031999399999999806,-0.008999549999999945,-0.002579365639499982
2023-08-08,0.0,0.00560018375000005,0.010500612499999989,0.003916208825499989
2023-08-09,0.0,0.0016000149999999347,0.003000049999999982,0.00048301810350000006
2023-08-10,0.0,-0.0071996962499999845,-0.011999200000000031,-0.004329273948500007
2023-08-11,0.0,-0.0055998162499999934,-0.005999800000000068,-0.0031654053299999944
2023-08-14,0.0,-0.0023999662500000687,-0.001499987499999939,-0.0015774767690000132
2023-08-15,0.0,-0.001599984999999935,-0.004499887500000025,-0.0012474656934999995
2023-08-16,0.0,-0.005599816250000049,-0.008999549999999945,-0.0035043415934999907
2023-08-17,0.0,-0.001599984999999935,-0.004499887500000025,-0.0011764664935000006
2023-08-18,0.0,0.0032000599999999807,0.004500112500000025,0.001959044007000002
2023-08-21,0.0,-0.0063997600000000165,-0.01349898749999997,-0.004578738949000008
2023-08-22,0.0,0.0,0.0045001124999999205,0.0005520354215000049
2023-08-23,0.0,0.012000843749999955,0.02250281250000002,0.008374944461000004
2023-08-24,0.0,-0.0031999399999999806,-0.004499887500000025,-0.002002456195500006
2023-08-25,0.0,-0.0015999849999999904,-0.001499987499999939,-0.0009569908894999969
2023-08-28,0.0,0.004000093750000004,0.003000049999999878,0.0016835278669999807
2023-08-29,0.0,0.006400240000000017,0.009000450000000155,0.004602706971000016
2023-08-30,0.0,0.0,0.0,-0.00020199935349999833
2023-08-31,0.0,0.0024000337500000133,0.004500112500000025,0.0018610400084999967
2023-09-01,0.0,-0.0071996962499999845,-0.013498987500000179,-0.004730666664000006
2023-09-04,0.0,0.0,0.0,0.0
2023-09-05,0.0,-0.0071996962499999845,-0.011999199999999823,-0.00499968034399998
2023-09-06,0.0,-0.0023999662500000132,0.0,-0.0009689802035000057
2023-09-07,0.0,0.0024000337500000133,0.0015000124999999388,0.0014760187379999992
2023-09-08,0.0,0.0008000037499999674,0.004500112500000025,0.0009400326235000075
2023-09-11,0.0,-0.0023999662500000132,-0.005999799999999964,-0.001673938749000014
2023-09-12,0.0,0.0016000150000000457,0.003000049999999878,0.0007735161015000047
2023-09-13,0.0,0.0016000149999999347,0.003000050000000086,0.0009765104564999986
2023-09-14,0.0,-0.0031999399999999806,-0.00749968750000011,-0.0026279005734999956
2023-09-15,0.0,-0.0031999399999999806,-0.0029999499999998776,-0.0016919646929999936
2023-09-18,0.0,0.0008000037499999674,0.003000049999999878,0.0006100149364999676
2023-09-19,0.0,-0.0039999062500000035,-0.004499887499999921,-0.002242946419499978
2023-09-20,-5.312995370085426e-05,0.0016000150000000457,0.0045001124999999205,0.0010500342219999842
2023-09-21,-7.809432186655214e-05,-0.011199265000000043,-0.025496387500000002,-0.008034951442999988
2023-09-22,0.0,0.004000093750000004,0.0060002000000000675,0.002201556575499998
2023-09-25,0.0,-0.008799546249999974,-0.020997549999999976,-0.006558750617999991
2023-09-26,0.0,-0.0007999962499999674,-0.002999950000000086,-0.000983973473500005
2023-09-27,0.0,-0.003999906250000059,-0.007499687500000006,-0.0026899227450000135
2023-09-28,0.0,0.0016000150000000457,0.0015000125000000429,0.0016105257220000075
2023-09-29,0.0,0.0,-0.0029999499999999817,-0.00038448412449999743
2023-10-02,0.0,-0.007999625000000062,-0.011999200000000031,-0.005332682767999998
2023-10-03,0.0,-0.009599459999999942,-0.019497887499999936,-0.0069942558500000005
2023-10-04,0.0,0.006400239999999962,0.012000800000000032,0.004882281972000007
2023-10-05,0.0,0.0008000037500000229,-0.001499987500000043,-1.5485878500000804e-05
2023-10-06,0.0,-0.004799865000000026,-0.010499387499999988,-0.0036998280545000066
2023-10-09,0.0,0.0,0.0,0.0
2023-10-10,0.0,0.009600539999999998,0.015001249999999909,0.006490475388000003
2023-10-11,0.0,0.006400240000000017,0.016501512500000055,0.005104006281499994
2023-10-12,0.0,-0.009599459999999997,-0.019497887499999936,-0.007134804192000001
2023-10-13,0.0,0.005600183749999994,0.012000800000000032,0.004090755722000004
2023-10-16,0.0,-0.0063997600000000165,-0.013498987500000075,-0.004891668893000004
2023-10-17,0.0,-0.009599459999999997,-0.011999199999999927,-0.005685174663500001
2023-10-18,0.0,-0.0063997600000000165,-0.008999550000000153,-0.003475834263500013
2023-10-19,0.0,-0.0055998162499999934,-0.01499874999999991,-0.0045195767484999955
2023-10-20,0.0,0.004000093750000059,0.004500112500000025,0.002474555253000022
2023-10-23,0.0,0.005600183749999939,0.012000799999999928,0.004081754510999992
2023-10-24,0.0,0.0024000337500000133,0.006000199999999963,0.0018615804064999928
2023-10-25,-6.1722476909384e-05,-0.009599459999999997,-0.01799819999999989,-0.0067368438544999935
2023-10-26,0.007321424698939839,0.007200303749999984,0.012000799999999928,0.005113304310999997
2023-10-27,0.0015433830494301468,0.0016000150000000457,0.0,0.00027001512499999416
2023-10-30,-5.663195056989887e-05,-0.0031999399999999806,-0.0029999499999999817,-0.001474478248499988
2023-10-31,-5.6544156836488945e-05,0.0,0.0,-0.0003359983780000013
2023-11-01,-5.666971187797836e-05,0.00880045375000003,0.012000800000000032,0.005903855260500012
2023-11-02,-0.010058880292491875,0.008000374999999952,0.021002449999999978,0.006119735460999988
2023-11-03,0.0,0.008000374999999952,0.00900045000000005,0.005041227643000015
2023-11-06,-5.699830487950052e-05,-0.007999624999999951,-0.010499387500000092,-0.0049322410595000156
2023-11-07,0.0070829431304391035,0.007200303749999984,0.01350101249999997,0.0049358377004999916
2023-11-08,0.00020977977414214898,0.007200303749999984,0.013501012500000074,0.00454340813200001
2023-11-09,0.0,-0.010399366249999965,-0.022497187499999915,-0.007938696699999973
2023-11-10,0.0,0.0008000037499999674,0.006000199999999963,0.0013930568554999722
2023-11-13,0.0,-0.0015999849999999904,-0.002999950000000086,-0.000936484037000008
2023-11-14,0.0,0.015201353749999992,0.02250281250000002,0.010349101048000001
2023-11-15,0.0,-0.0071996962499999845,-0.010499387499999988,-0.004836748654499975
2023-11-16,0.0,0.006400239999999962,0.007500312500000007,0.0037801452204999806
2023-11-17,-6.481410230552777e-05,0.0008000037500000229,0.003000049999999982,0.0008530437570000084
2023-11-20,0.008935554355469121,0.0016000150000000457,0.009000449999999946,0.0015635561119999816
2023-11-21,0.0,0.0008000037499999674,-0.001499987499999939,0.00031400408200000086
2023-11-22,0.0,-0.0007999962499999674,0.003000049999999982,0.00023151684550001443
2023-11-23,0.0,0.0,0.0,0.0
2023-11-24,0.0,-0.0039999062500000035,-0.008999549999999945,-0.003048379131499996
2023-11-27,-5.844178720333799e-05,0.006400240000000017,0.010500612499999989,0.004455229132500001
2023-11-28,-0.004108564697495121,0.004000093749999948,0.003000049999999982,0.0022825469104999965
2023-11-29,0.0,0.00560018375000005,0.012000800000000032,0.004686769405999998
2023-11-30,0.0,-0.007999625000000062,-0.014998750000000014,-0.005740574570000009
2023-12-01,-6.401408358068422e-05,0.012000843750000066,0.021002449999999978,0.008757386419500007
2023-12-04,0.0059357970964544595,-0.004799865000000082,-0.004499887500000025,-0.002912924599500006
2023-12-05,-5.794648413888127e-05,0.008000375000000063,0.019502112499999932,0.006751165404500004
2023-12-06,0.0047421560198462305,0.004800134999999971,0.012000800000000032,0.0035497418315000072
2023-12-07,-5.600965602743386e-05,-0.0015999849999999904,-0.0029999499999998776,-0.0008934727985000061
2023-12-08,-0.0007310577141773339,-0.00719969625000004,-0.010499387500000092,-0.0050017594915000105
2023-12-11,0.0,0.0,-0.0029999499999999817,-0.0004239919389999968
2023-12-12,0.0,0.0024000337500000133,0.0045001124999999205,0.0013275262520000015
2023-12-13,0.0,0.012800960000000033,0.0180018000000001,0.008924753497999994
2023-12-14,-5.8172763779567497e-05,0.009600539999999998,0.02250281250000002,0.00799845713650001
2023-12-15,0.0007418482866826013,0.0008000037499999674,0.003000049999999878,0.0005790281314999893
2023-12-18,-5.803171678884853e-05,-0.0031999399999999806,-0.005999799999999964,-0.002296914359499995
2023-12-19,0.0015419866075864516,0.0016000149999999902,0.0,0.000689510850999999
2023-12-20,0.0,0.00560018375000005,0.00900045000000005,0.00374014743150001
2023-12-21,0.0,-0.0023999662500000687,-0.002999950000000086,-0.0016999331120000176
2023-12-22,0.0,-0.0007999962499999674,-0.0029999499999998776,-0.0007379850779999803
2023-12-25,0.0,0.0,0.0,0.0
2023-12-26,0.0,0.0008000037499999674,0.0015000124999999388,0.0004680052939999901
2023-12-27,0.0,0.008000375000000007,0.015001250000000117,0.005589886561500011
2023-12-28,0.0,-0.003999906249999948,-0.005999800000000068,-0.002294943023499999
2023-12-29,0.0,-0.003199940000000036,-0.008999550000000049,-0.002380888686500012
2024-01-01,0.0,0.0,0.0,0.0
2024-01-02,0.0,-0.0055998162499999934,-0.007499687500000006,-0.0035593672460000024
2024-01-03,0.0,0.0032000599999999807,0.0060002000000000675,0.0018755496085000104
2024-01-04,0.0,-0.0063997600000000165,-0.01349898749999997,-0.004655710444999993
2024-01-05,0.0,-0.004799864999999971,-0.010499387500000092,-0.003764771943000006
2024-01-08,0.0,0.0032000600000000362,0.0060002000000000675,0.0025030729719999977
2024-01-09,0.0,-0.0007999962499999674,0.0,-0.0002829969479999844
2024-01-10,0.0,-0.001599985000000046,-0.0029999499999999817,-0.001049483698000014
2024-01-11,0.0,0.004800134999999971,0.0045001124999999205,0.0025925584465000024
2024-01-12,0.0,0.0016000150000000457,0.0,0.0008915277544999909
2024-01-15,0.0,0.0,0.0,0.0
2024-01-16,0.0,-0.00879954625000003,-0.016498487499999954,-0.0061160340189999815
2024-01-17,0.0,-0.0023999662499999577,0.0015000125000000429,-0.0015729697919999995
2024-01-18,0.0,-0.003199940000000036,-0.008999550000000153,-0.0027178654230000238
2024-01-19,0.0,-0.0007999962500000229,0.001500012500000147,-0.0003019912684999859
2024-01-22,0.0,0.0032000599999999807,0.0045001124999999205,0.0022510629069999837
2024-01-23,0.0,-0.0023999662499999577,-0.005999800000000068,-0.0023423897779999946
2024-01-24,0.0,-0.0031999399999999806,-0.00599979999999986,-0.001862451027999987
2024-01-25,0.0,0.0032000599999999807,0.0045001124999999205,0.002407555258499995
2024-01-26,0.0,-0.0007999962500000229,0.0,-0.0006089951050000001
2024-01-29,0.0,0.005600183749999994,0.010500612500000093,0.004070212297000011
2024-01-30,0.0,0.0016000150000000457,0.003000049999999878,0.0005910302049999735
2024-01-31,0.0,0.005600183749999939,0.00900045000000005,0.00403767522150002
2024-02-01,0.0,0.009600540000000053,0.019502112500000036,0.00698114218850001
2024-02-02,0.0,-0.012799040000000034,-0.017998199999999995,-0.008447250131
2024-02-05,-6.334543236361233e-05,-0.011199264999999988,-0.01949788750000004,-0.007767755256000007
2024-02-06,-0.010500612500000093,0.006400240000000017,0.010500612500000093,0.004427706782999999
2024-02-07,0.0029371656522254592,0.0,-0.002999950000000086,-0.0010559836695000035
2024-02-08,0.0,-0.004799865000000026,-0.008999549999999945,-0.0032813702230000004
2024-02-09,0.0,-0.0015999849999999904,-0.0014999875000001471,-0.0008794929990000215
2024-02-12,0.0,0.0,0.0,0.00013100045700000494
2024-02-13,0.0,-0.011199264999999988,-0.01649848749999985,-0.0074144605654999805
2024-02-14,0.0,0.0032000600000000362,0.003000049999999878,0.0018255293784999848
2024-02-15,0.0,0.0024000337499999577,0.004500112500000025,0.0016175371065000148
2024-02-16,0.0,-0.004799864999999971,-0.005999799999999964,-0.002754927848000012
2024-02-19,0.0,0.0,0.0,0.0
2024-02-20,0.0,0.0024000337500000133,0.003000050000000086,0.001335516531500012
2024-02-21,-6.281643542289167e-05,-0.003999906250000059,-0.004499887500000025,-0.0026194124950000034
2024-02-22,-0.0015000124999999388,-0.0007999962499999674,0.0015000124999999388,-8.148484449999266e-05
2024-02-23,-0.010562759016089277,0.005600183749999994,0.010500612499999989,0.0044298196954999786
2024-02-26,0.0,-0.001599985000000046,-0.0029999499999999817,-0.001510968923500004
2024-02-27,0.0,-0.0023999662499999577,-0.005999800000000068,-0.001960938371499995
2024-02-28,0.0,0.0032000600000000362,0.0060002000000000675,0.002670577351000005
2024-02-29,0.0,0.0016000149999999347,0.003000049999999982,0.0008825155565000041
2024-03-01,0.0,0.004800134999999971,0.007500312500000007,0.0036971343379999964
2024-03-04,-6.019050183669166e-05,-0.002399966249999902,-0.002999950000000086,-0.0019239634269999997
2024-03-05,-0.0003800007999999977,0.007200303749999984,0.013501012500000178,0.0050918400365000255
2024-03-06,9.499994999999613e-05,0.0016000149999999347,0.0045001124999999205,0.001413535179999975
2024-03-07,-0.00030939299966516984,0.0016000150000000457,0.0015000125000000429,0.0007430115965000046
2024-03-08,0.001499987500000043,0.0,-0.001499987500000043,-0.00011399559449999891
2024-03-11,0.0,-0.0007999962499999674,0.0,-0.000351498576499995
2024-03-12,0.008938906363137964,-0.004799865000000026,-0.008999549999999945,-0.0035013642939999965
2024-03-13,-6.0534634833417165e-05,-0.0023999662500000687,-0.004499887500000129,-0.0020894427450000213
2024-03-14,0.01349898749999997,-0.007999624999999951,-0.01349898749999997,-0.005422138678499994
2024-03-15,0.0014392369120512294,-0.0015999849999999904,-0.001499987499999939,-0.0006924893199999878
2024-03-18,-6.075584192860886e-05,-0.0023999662500000132,-0.002999950000000086,-0.0014584692685000126
2024-03-19,-0.004500112500000025,0.0032000600000000362,0.004500112500000025,0.0018680348500000042
2024-03-20,-0.0015000125000000429,0.0024000337500000133,0.0015000125000000429,0.0010350173639999936
2024-03-21,0.0,0.0,0.0,7.150265050000826e-05
2024-03-22,-0.00900045000000005,0.004000093750000004,0.00900045000000005,0.003201625303000024
2024-03-25,0.005999800000000068,-0.0023999662500000687,-0.005999800000000068,-0.001780952124000023
2024-03-26,-0.003000049999999982,0.0008000037500000229,0.003000049999999982,0.0009400155499999883
2024-03-27,-0.006000199999999963,0.0032000599999999807,0.006000199999999963,0.0023120699305000055
2024-03-28,-6.0188893920442674e-05,0.0,0.0,-0.00010748746350000725
2024-03-29,0.0,0.0,0.0,0.0
2024-04-01,0.0,-0.010399366249999965,-0.019497887499999936,-0.0075247756469999805
2024-04-02,-6.052819727461007e-05,-0.0023999662500000132,-0.004499887500000025,-0.0017224455370000134
2024-04-03,0.0,0.0,0.0,0.00024800092149999855
2024-04-04,-0.006060746373248648,0.004000093750000004,0.006000199999999963,0.002434073472000007
2024-04-05,0.0,-0.006399759999999961,-0.011999200000000031,-0.004518258417000007
2024-04-08,-6.072570174702343e-05,-0.0023999662500000132,0.0,-0.001188985203499996
2024-04-09,-0.007560773673844001,0.004800134999999971,0.007500312500000111,0.0031411148065000082
2024-04-10,0.0,-0.015198646249999991,-0.02399679999999996,-0.010376886588999988
2024-04-11,0.0,-0.0007999962499999674,-0.001499987499999939,-0.0003909954740000116
2024-04-12,0.0,0.004800134999999971,0.006000199999999859,0.002956089810999989
2024-04-15,0.0,-0.01039936625000002,-0.01799819999999989,-0.007022824974000003
2024-04-16,0.0,-0.0031999399999999806,-0.004499887500000025,-0.0020289552284999727
2024-04-17,-6.0390673784452856e-05,0.006400240000000017,0.010500612499999989,0.003959188996499986
2024-04-18,-0.006060170215186472,-0.0039999062500000035,-0.005999799999999964,-0.0025204353279999997
2024-04-19,0.0,0.0016000149999999902,0.003000049999999878,0.001158017130499993
2024-04-22,-5.8617417652965995e-05,0.0,-0.001499987499999939,-0.00013299874049999423
2024-04-23,-0.0002485995036112794,0.0008000037499999674,0.0,0.0005455100744999958
2024-04-24,-6.13657230749719e-05,-0.003199940000000036,-0.005999799999999964,-0.002356913553000003
2024-04-25,0.007438877586157236,-0.003999906249999948,-0.007499687500000006,-0.0028904094929999903
2024-04-26,0.0,0.0024000337500000133,0.006000199999999963,0.0019505619519999992
2024-04-29,0.0,0.0032000599999999807,0.0045001124999999205,0.001840043068999987
2024-04-30,0.0,-0.004799865000000026,-0.005999799999999964,-0.0029989095479999958
2024-05-01,0.0,0.0048001350000000265,0.007500312500000111,0.003427124906500007
2024-05-02,0.0,0.004000093750000004,0.0045001124999999205,0.002429552126499994
2024-05-03,0.0,0.006400240000000017,0.010500612499999989,0.004160694956999994
2024-05-06,-6.0166689821220246e-05,0.0008000037499999674,0.003000049999999982,0.0007920146765000045
2024-05-07,-0.004500112500000025,0.0016000150000000457,0.004500112500000025,0.0013755340315000021
2024-05-08,0.004440062822204529,-0.0007999962500000784,-0.004499887500000025,-0.001460966175
2024-05-09,0.0,0.0024000337500000133,0.004500112500000025,0.0019710546305
2024-05-10,0.0,-0.003999906249999948,-0.005999800000000068,-0.0026559232684999984
2024-05-13,0.0,0.0016000149999999347,0.003000050000000086,0.0008975103069999943
2024-05-14,0.0,0.0024000337500000133,0.0045001124999999205,0.0021005574255000005
2024-05-15,0.0,0.007200303750000039,0.012000800000000032,0.004945766094000011
2024-05-16,0.0,-0.0015999849999999904,-0.001499987499999939,-0.0010954874034999943
2024-05-17,0.0,-0.0031999399999999806,-0.005999800000000068,-0.0023039315695000014
2024-05-20,0.0,-0.001599985000000046,-0.0029999499999998776,-0.0010649835385000046
2024-05-21,0.0,0.0024000337500000133,0.004500112499999816,0.0015905369564999904
2024-05-22,-5.987492401458283e-05,-0.0015999849999999904,0.003000050000000086,-0.00034098972849999263
2024-05-23,0.005999799999999964,-0.0031999399999999806,-0.005999799999999964,-0.002441439367999998
2024-05-24,-0.0030565671504441294,0.0008000037499999674,0.003000049999999878,0.0005515080799999743
2024-05-27,0.0,0.0,0.0,0.0
2024-05-28,-0.0023060607763678493,-0.0063997600000000165,-0.01349898749999997,-0.0044796795234999884
2024-05-29,0.011999199999999927,-0.0055998162499999934,-0.011999199999999927,-0.0042622395700000005
2024-05-30,-0.009057098785496898,0.0048001350000000265,0.00900045000000005,0.003262629046500002
2024-05-31,0.0016934343614741006,0.0032000599999999807,0.0045001124999999205,0.002303563479999994
2024-06-03,0.0,0.008000375000000007,0.015001250000000013,0.0057854310115000186
2024-06-04,0.0,0.006400240000000017,0.010500612500000093,0.004213719146499996
2024-06-05,0.0,0.0032000599999999807,0.006000199999999963,0.0024090695220000007
2024-06-06,0.0,0.0008000037499999674,0.0015000124999999388,0.0006140046514999919
2024-06-07,0.0,-0.011999156249999955,-0.019497887499999936,-0.00817826037049999
2024-06-10,-5.7769150447876015e-05,-0.0031999399999999806,-0.005999799999999964,-0.0018434361449999853
2024-06-11,0.001022219061296177,0.006400240000000017,0.009000449999999946,0.0037276693064999867
2024-06-12,0.0,0.006400239999999962,0.00900045000000005,0.004099683382000008
2024-06-13,0.0,0.005600183749999994,0.009000449999999946,0.00407119923599998
2024-06-14,0.0,0.0032000599999999807,0.006000199999999963,0.0024411096000000027
2024-06-17,0.0,-0.0063997600000000165,-0.008999549999999945,-0.004038321856000006
2024-06-18,0.0,0.004800135000000082,0.007500312500000007,0.0030030967280000225
2024-06-19,0.0,0.0,0.0,0.0
2024-06-20,0.0,-0.0023999662500000687,-0.002999950000000086,-0.0014974686200000102
2024-06-21,0.0,0.0,0.0,7.500001999999695e-06
2024-06-24,0.0,0.0,0.0015000124999999388,0.00025250370199998847
2024-06-25,0.0,0.0016000149999999902,0.003000050000000086,0.001211517850499999
2024-06-26,0.0,-0.0071996962499999845,-0.01349898749999997,-0.005092657628000001
2024-06-27,-6.091400090057669e-05,0.0024000337500000133,0.003000049999999982,0.001547024997000016
2024-06-28,0.0036590680396091447,-0.0055998162499999934,-0.011999200000000031,-0.003988747038500008
2024-07-01,0.0,-0.009599460000000053,-0.022497187499999915,-0.007345234245499992
2024-07-02,0.0,0.004000093750000059,0.007500312499999903,0.002680586446499991
2024-07-03,0.0,0.005600183749999994,0.010500612500000093,0.003958707470000009
2024-07-04,0.0,0.0,0.0,0.0
2024-07-05,0.0,0.006400239999999962,0.010500612499999885,0.004515711136499993
2024-07-08,-5.9950482728869526e-05,0.0,0.0,8.750253149998517e-05
2024-07-09,0.0011800767591765241,-0.001599984999999935,-0.0029999499999998776,-0.0011814717284999807
2024-07-10,0.0,0.0016000149999999347,0.0015000124999999388,0.0007595120315000011
2024-07-11,0.0,0.006400240000000017,0.010500612499999989,0.004623210997999993
2024-07-12,0.0,0.0016000150000000457,0.0015000125000000429,0.001217515286500025
2024-07-15,0.0,-0.003999906250000059,-0.008999549999999945,-0.0030108321300000157
2024-07-16,0.0,0.0048001350000000265,0.012000799999999824,0.003842245349999986
2024-07-17,0.0,0.0008000037500000229,0.003000050000000086,0.000866009250000004
2024-07-18,0.0,-0.003199940000000036,-0.007499687500000006,-0.0025764174700000017
2024-07-19,0.0,-0.0039999062500000035,-0.005999799999999964,-0.002449426868500002
2024-07-22,0.0,-0.0007999962499999674,-0.002999950000000086,-0.0012034732700000113
2024-07-23,0.0,0.0008000037499999674,0.001500012500000147,0.0007485060280000141
2024-07-24,-5.832237980686521e-05,-0.0023999662500000132,-0.008999550000000049,-0.0021748681160000025
2024-07-25,-0.0005982093243424903,0.0008000037500000784,0.004500112500000025,0.0012760492555000255
2024-07-26,-5.6264067719626295e-05,0.005600183749999939,0.009000449999999946,0.0035686426569999765
2024-07-29,-0.0004850042499999803,0.0024000337500000133,0.003000049999999982,0.0013285297045000088
2024-07-30,-0.0002712615176172561,0.0016000149999999902,0.0015000125000000429,0.0010450136364999925
2024-07-31,-0.0037200809999999775,0.0048001350000000265,0.009000449999999946,0.003347130181500012
2024-08-01,-0.00688014517136456,0.008000374999999952,0.013501012500000074,0.005773845792000006
2024-08-02,-6.070896827963391e-05,0.015201353750000047,0.024003199999999853,0.011014749336999969
2024-08-05,-0.0012972889693017616,0.0016000149999999902,0.004500112500000129,0.0016495700115000261
2024-08-06,0.0032973558965459573,-0.009599459999999997,-0.0179982000000001,-0.006931884258000007
2024-08-07,-5.716886709091693e-05,-0.004799864999999971,-0.010499387499999884,-0.003910267368499991
2024-08-08,-0.0018571327670359819,-0.0023999662500000687,-0.004499887500000025,-0.0017634690740000205
2024-08-09,0.0,0.004000093750000059,0.007500312500000007,0.0024936016470000115
2024-08-12,0.0,0.0032000599999999807,0.004500112500000025,0.0023135632449999962
2024-08-13,0.0,0.004000093750000004,0.007500312499999903,0.0028640794330000033
2024-08-14,-6.109413823366647e-05,0.0016000149999999902,0.004500112500000129,0.0015000498835000097
2024-08-15,0.006758424783037856,-0.0071996962499999845,-0.008999550000000153,-0.00479178317400001
2024-08-16,0.0,0.0024000337499999577,0.003000050000000086,0.001512030626499997
2024-08-19,-6.130896349659119e-05,0.0024000337500000688,0.0045001124999999205,0.001817553212999995
2024-08-20,-0.003100056250000003,0.0032000599999999807,0.006000199999999963,0.0026105739154999993
2024-08-21,-0.0025410845026503526,0.0024000337499999577,0.0060002000000000675,0.001945037037000008
2024-08-22,0.0,-0.005599816249999938,-0.008999549999999945,-0.004149299278999984
2024-08-23,0.0,0.004000093749999948,0.004500112500000025,0.0026360614485000013
2024-08-26,0.0,-0.0007999962499999674,-0.0014999875000001471,-0.0005934956780000355
2024-08-27,0.0,-0.0007999962500000229,-0.0029999499999998776,-0.0005934835134999712
2024-08-28,-5.7214823096679815e-05,-0.0007999962499999674,-0.001499987499999939,-0.00016099699699999146
2024-08-29,0.0012937964782755685,-0.0023999662500000132,-0.002999950000000086,-0.0014104793735000138
2024-08-30,0.0006641612669534786,-0.003199940000000036,-0.005999800000000068,-0.002543410174500017
2024-09-02,0.0,0.0,0.0,0.0
2024-09-03,0.0,0.00560018375000005,0.010500612500000093,0.004008707593500029
2024-09-04,-5.6767527985036246e-05,0.005600183749999994,0.010500612499999989,0.004543723774499998
2024-09-05,-0.0009567010862166937,0.0032000599999999807,0.0045001124999999205,0.001887554900999997
2024-09-06,0.0,0.0008000037499999674,0.001500012500000147,0.0008765130059999874
2024-09-09,0.0,0.0016000149999999902,0.003000049999999878,0.001184027898499995
2024-09-10,0.0,0.004000093750000059,0.0060002000000000675,0.002741069126000014
2024-09-11,0.0,0.0,0.0015000124999999388,-2.9494893500001985e-05
2024-09-12,0.0,-0.0023999662500000132,-0.005999799999999964,-0.001947437723000002
2024-09-13,0.0,0.0016000149999999902,0.003000049999999982,0.0016970241164999931
2024-09-16,0.0,0.0024000337500000133,0.0060002000000000675,0.0019375609180000183
2024-09-17,0.0,-0.0015999849999999904,-0.001499987499999939,-0.0011299855044999921
2024-09-18,0.0,-0.003999906250000059,-0.008999550000000153,-0.003198327547000033
2024-09-19,0.0,-0.0023999662499999577,-0.004499887500000025,-0.0013649633729999916
2024-09-20,0.0,0.0,0.001500012500000147,0.000193004331000014
2024-09-23,0.0,-0.0015999849999999904,-0.002999950000000086,-0.0012119811770000082
2024-09-24,0.0,0.0008000037499999674,-0.001499987499999939,0.0005150066485000009
2024-09-25,0.0,-0.0039999062500000035,-0.007499687500000006,-0.0029013927199999976
2024-09-26,0.0,0.0,0.0015000124999999388,8.001410149999366e-05
2024-09-27,0.0,0.0032000600000000362,0.003000049999999982,0.0018520308185000077
2024-09-30,-5.627196704563e-05,-0.004799865000000026,-0.005999800000000068,-0.0032184040540000126
2024-10-01,5.00000199999997e-05,0.005600183749999994,0.007500312500000111,0.0035451502279999977
2024-10-02,-6.258420628147608e-06,-0.0039999062500000035,-0.00749968750000011,-0.002934370442999999
2024-10-03,0.0,-0.004799864999999971,-0.007499687499999902,-0.0031089004729999885
2024-10-04,-5.616166987606847e-05,-0.01039936625000002,-0.01349898749999997,-0.007130042071500002
2024-10-07,-4.999995999999883e-05,-0.0039999062500000035,-0.005999800000000068,-0.0025639256620000003
2024-10-08,-6.34107810128766e-06,-0.0007999962499999674,-0.001499987499999939,-0.0006164879514999983
2024-10-09,3.2683229260486706e-05,-0.0015999849999999904,-0.004499887500000025,-0.0015584725740000061
2024-10-10,-2.5000007499998982e-05,-0.0023999662500000132,-0.004499887500000025,-0.0015449483785000009
2024-10-11,2.4999991328131504e-12,0.0008000037499999674,0.0,0.00032200540850000985
2024-10-14,0.0,0.0,0.0,0.0
2024-10-15,-5.0000030000001434e-05,0.004000093750000004,0.010500612499999989,0.0031711850309999864
2024-10-16,1.2500002500000358e-05,0.0008000037500000784,0.0015000125000000429,0.0008840116555000239
2024-10-17,4.999994250000143e-05,-0.005599816250000049,-0.011999200000000031,-0.004510702279500011
2024-10-18,1.2500002500000358e-05,0.0008000037499999674,0.0,0.0006145045204999925
2024-10-21,-6.252080508532994e-06,-0.00879954625000003,-0.014998750000000014,-0.006076016969000011
2024-10-22,-6.105533079482703e-05,-0.0007999962499999674,-0.001499987499999939,-0.000602495374499989
2024-10-23,0.0,-0.0031999399999999806,-0.004499887500000025,-0.0018859653280000007
2024-10-24,0.0,0.0024000337500000133,0.006000199999999963,0.0019075608495000072
2024-10-25,0.0,-0.003199940000000036,-0.005999799999999964,-0.002299433027000012
2024-10-28,-5.5324520820142846e-05,-0.0023999662500000132,-0.004499887500000025,-0.001601969903000005
2024-10-29,-2.5000007499998982e-05,0.0,0.0,0.00030250255650001015
2024-10-30,1.2500014999999488e-05,-0.0007999962499999674,0.0015000125000000429,0.00019902611099999702
2024-10-31,-4.2594935774482e-05,0.0008000037499999674,0.003000049999999982,0.0007310149610000093
2024-11-01,0.0,-0.0071996962499999845,-0.01499874999999991,-0.005341592839000001
2024-11-04,-5.488111119498638e-05,0.0048001350000000265,0.012000799999999928,0.0039987186415000025
2024-11-05,-1.0975546585365408e-05,0.004000093750000004,0.007500312500000007,0.002439622820499996
2024-11-06,-4.59965786274883e-05,-0.012799039999999979,-0.023996800000000065,-0.008738936514000002
2024-11-07,-0.00010010461650308925,0.008800453749999975,0.013501012500000074,0.005357338922000006
2024-11-08,-4.877697682928927e-06,0.0008000037500000229,0.006000199999999963,0.0012720797109999993
2024-11-11,0.0,0.0,0.0,0.0
2024-11-12,-1.9107769151540112e-05,-0.01039936625000002,-0.017998199999999995,-0.006898420506500008
2024-11-13,-8.750016499999992e-05,-0.0007999962500000229,-0.004499887500000025,-0.0011069293130000026
2024-11-14,5.619666839310353e-05,0.0008000037500000229,0.006000199999999963,0.0012640797389999977
2024-11-15,1.4166058502599066e-05,0.0,-0.001499987499999939,-0.00018448765299998904
2024-11-18,-5.631774024536539e-05,0.0008000037500000229,0.0,0.00012400365949999246
2024-11-19,-8.711988149739448e-05,0.0024000337500000133,0.006000199999999963,0.002017062680499992
2024-11-20,0.0012392490065298023,-0.001599985000000046,0.0,-0.0009734868299999888
2024-11-21,-1.8053152465059483e-05,-0.0015999849999999904,-0.0029999499999998776,-0.0012624820529999927
2024-11-22,1.7346788059030223e-05,0.0016000149999999902,0.0015000124999999388,0.0004305056964999986
2024-11-25,-0.00010169825233700325,0.011200735000000043,0.021002449999999978,0.00830890255049999
2024-11-26,-0.00011452144772749056,-0.0023999662500000132,-0.004499887499999921,-0.001468463097999998
2024-11-27,-0.001262948511402482,0.004000093749999948,0.006000199999999963,0.0026890818514999962
2024-11-28,0.0,0.0,0.0,0.0
2024-11-29,-3.2785668900723594e-05,0.00560018375000005,0.010500612499999885,0.004259242583500007
2024-12-02,-0.0008553466552331606,-0.0007999962500000784,-0.001499987499999939,-0.0006374947490000073
2024-12-03,0.0,-0.0031999399999999806,-0.005999799999999964,-0.002108433014500005
2024-12-04,-5.53478967828484e-05,0.0032000599999999807,0.007500312499999903,0.002731100388000008
2024-12-05,0.0015446614278782492,0.0016000150000000457,0.003000050000000086,0.0008615158755000081
2024-12-06,0.0,0.0016000149999999902,0.0015000125000000429,0.000769011011999997
2024-12-09,0.0,-0.0039999062500000035,-0.007499687500000006,-0.0027493964949999844
2024-12-10,-5.53565261953393e-05,-0.001599984999999935,-0.002999950000000086,-0.001104482928000018
2024-12-11,-0.00325528525503721,-0.003199940000000036,-0.008999549999999945,-0.0031048310520000086
2024-12-12,0.0,-0.004799865000000026,-0.010499387499999988,-0.0036508047639999845
2024-12-13,0.0,-0.0063997600000000165,-0.010499387500000092,-0.004037309528000019
2024-12-16,0.0,0.0008000037500000784,0.001500012500000147,0.000467504160500027
2024-12-17,0.0,-0.0007999962500000784,0.0,1.0029805000020576e-06
2024-12-18,0.0,-0.007999624999999951,-0.008999550000000153,-0.004847268523000037
2024-12-19,0.0,-0.005599816250000049,-0.011999199999999927,-0.003986209902999991
2024-12-20,0.0,0.004000093750000059,0.004500112500000025,0.002021042780500017
2024-12-23,0.0,-0.0055998162499999934,-0.008999549999999945,-0.003517337666499995
2024-12-24,0.0,0.0,0.0015000124999999388,0.0006220104280000057
2024-12-25,0.0,0.0,0.0,0.0
2024-12-26,-5.54836943710242e-05,0.0008000037499999674,0.0015000124999999388,0.00048700386899998976
2024-12-27,-0.0032552150344738553,-0.0031999399999999806,-0.008999549999999945,-0.002799363141000003
2024-12-30,0.0,0.005600183749999994,0.007500312500000007,0.0034526286620000153
2024-12-31,-5.4515991830917136e-05,-0.0023999662500000132,-0.002999950000000086,-0.0008584881185000297
2025-01-01,0.0,0.0,0.0,0.0
2025-01-02,9.24274516561145e-05,0.0008000037499999674,0.0,-0.00012399694299999092
2025-01-03,0.0,-0.0023999662499999577,-0.0029999499999998776,-0.0016624659679999906
2025-01-06,-5.5530730788137075e-05,-0.0015999849999999904,-0.004499887500000129,-0.0012509664429999957
2025-01-07,-0.0003599989999999853,-0.0039999062500000035,-0.00899954999999984,-0.003125856430000011
2025-01-08,0.000304465844422289,0.0,0.0,0.0001920006515000023
2025-01-09,0.0,-0.0007999962499999674,-0.0014999875000001471,-0.0004854957035000048
2025-01-10,0.0,-0.0071996962499999845,-0.008999549999999945,-0.004552813580999986
2025-01-13,0.0,-0.001599985000000046,-0.001499987499999939,-0.000750993805999995
2025-01-14,0.0,0.0008000037499999674,-0.001499987500000043,4.350529699997828e-05
2025-01-15,0.0,0.009600539999999998,0.01650151249999995,0.006720515134000007
2025-01-16,-5.548238061202808e-05,0.004000093750000004,0.006000199999999963,0.0025990771554999957
2025-01-17,-5.546545390984848e-05,0.0,0.0,-0.00047749672399999813
2025-01-20,0.0,0.0,0.0,0.0
2025-01-21,0.0,0.0032000599999999807,0.0060002000000000675,0.001955064626999992
2025-01-22,0.0,-0.0023999662499999577,-0.0029999499999999817,-0.0012164805449999896
2025-01-23,-5.9763686130503755e-05,-0.003999906250000059,-0.004499887500000025,-0.002190918953500008
2025-01-24,0.003940567699877594,0.0016000150000000457,0.0015000124999999388,0.0010360134615000117
2025-01-27,0.0,0.008000375000000007,0.013501012500000074,0.005533865259500002
2025-01-28,-5.548493056262669e-05,-0.0015999849999999904,-0.0029999499999999817,-0.0009799842180000088
2025-01-29,-5.509267225869321e-05,0.0,-0.001499987499999939,-0.0006254954284999833
2025-01-30,-5.4894912613267535e-05,0.0024000337500000133,0.006000199999999963,0.0019530483305000002
2025-01-31,-0.004854810351066952,-0.004799865000000026,-0.010499387499999988,-0.0036968029180000105
2025-02-03,0.0,0.0032000599999999807,0.009000449999999946,0.0024541335245000058
2025-02-04,0.0,0.0016000150000000457,0.0015000125000000429,0.0012735168719999984
2025-02-05,-5.50559531684499e-05,0.007200303749999984,0.01800179999999989,0.005837009179999991
2025-02-06,-4.999875000005348e-05,-0.001599985000000046,-0.001499987499999939,-0.0010824897530000211
2025-02-07,0.0020947952506019593,-0.0031999399999999806,-0.007499687500000006,-0.002941409163499988
2025-02-10,-5.508091203014267e-05,-0.0015999849999999904,-0.001499987499999939,-0.0006604881684999903
2025-02-11,0.0017999168750000274,-0.0023999662500000132,-0.005999800000000068,-0.0019344372450000112
2025-02-12,0.004186640813164455,-0.006399759999999961,-0.014998750000000014,-0.005343159243999996
2025-02-13,-0.0016777062678983614,0.008000375000000007,0.016501512500000055,0.005958496095500016
2025-02-14,0.0,0.004000093750000004,0.006000199999999963,0.002448061706499984
2025-02-17,0.0,0.0,0.0,0.0
2025-02-18,0.0,-0.0063997600000000165,-0.011999200000000031,-0.004451232163999988
2025-02-19,-5.65071710209827e-05,0.0016000149999999902,0.0060002000000000675,0.0013370262700000022
2025-02-20,0.00044818303401488927,0.0024000337500000133,0.003000050000000086,0.0013685209969999952
2025-02-21,0.006419805834639566,0.006400240000000017,0.012000799999999824,0.004539242013999995
2025-02-24,0.0009481389190819801,0.0016000149999999347,0.0,0.0008455080004999831
2025-02-25,0.0034439705641750814,0.008000375000000063,0.015001250000000117,0.006069482101500027
2025-02-26,0.0,0.004000093749999948,0.006000199999999963,0.0025215764004999893
2025-02-27,-6.0150505818016234e-05,-0.0031999399999999806,-0.005999799999999964,-0.0023159144444999877
2025-02-28,-0.00606040529385163,0.004000093750000004,0.006000199999999963,0.002948599288499985
2025-03-03,0.0,0.006400240000000017,0.009000449999999946,0.003703671003499995
2025-03-04,0.0,-0.004799864999999971,-0.010499387499999884,-0.003610273540999979
2025-03-05,0.0,-0.004799865000000082,-0.00749968750000011,-0.0030533993985000273
2025-03-06,0.0,-0.0007999962499999674,-0.0029999499999999817,-0.0002994911059999837
2025-03-07,0.0,-0.0023999662500000132,-0.004499887500000025,-0.0019844454990000015
2025-03-10,0.0,0.008000375000000063,0.012000800000000032,0.005316311619499999
2025-03-11,0.0,-0.004799865000000082,-0.007499687500000006,-0.0029988869729999958
2025-03-12,0.0,-0.0031999399999999806,-0.005999799999999964,-0.002571426793000005
2025-03-13,0.0,0.004000093750000059,0.006000199999999963,0.002726579680500014
2025-03-14,0.0,-0.003199940000000036,-0.002999950000000086,-0.002242452763500017
2025-03-17,0.0,0.0,0.001500012500000147,0.00022351184550001039
2025-03-18,0.0,0.0016000149999999902,0.0045001124999999205,0.001447026094999994
2025-03-19,-6.003294009778036e-05,0.0032000599999999807,0.004500112500000025,0.0018810343205000076
2025-03-20,-0.0015000124999999388,0.0008000037500000229,0.0015000124999999388,0.0008180059609999904
2025-03-21,0.004499887499999921,-0.0007999962500000229,-0.004499887499999921,-0.0012159521534999905
2025-03-24,0.011939103068654273,-0.0071996962499999845,-0.011999199999999927,-0.004839239953499998
2025-03-25,-5.449415878677149e-05,0.0024000337500000133,0.0015000124999999388,0.0011150114714999783
2025-03-26,-9.94997725504342e-05,-0.0031999399999999806,-0.005999800000000068,-0.002077435294999993
2025-03-27,-5.413002139206942e-05,-0.0023999662500000132,-0.005999799999999964,-0.0017069401984999976
2025-03-28,0.00362599955699463,0.00880045375000003,0.015001249999999909,0.005868405981500001
2025-03-31,0.0,0.003200059999999925,0.004500112500000129,0.0020650751190000117
2025-04-01,0.0,0.0048001350000000265,0.00900045000000005,0.0035401808950000038
2025-04-02,0.0,-0.0023999662500000132,-0.002999950000000086,-0.001581475778500021
2025-04-03,0.0,0.011200735000000043,0.010500612499999989,0.006311855019500006
2025-04-04,0.0,0.004000093750000004,0.010500612499999989,0.0036357200135000043
2025-04-07,0.0,-0.011199265000000043,-0.025496387500000002,-0.008579362049500005
2025-04-08,0.0,-0.008799546249999974,-0.022497187499999915,-0.006408774027999997
2025-04-09,-5.723639869698285e-05,-0.0063997600000000165,-0.002999950000000086,-0.004024845495500002
2025-04-10,0.0009000049999999945,-0.004799865000000026,-0.017998199999999995,-0.004673861515500009
2025-04-11,-0.005007220319871684,-0.0063997600000000165,-0.001499987500000043,-0.0024204178309999913
2025-04-14,0.0,0.008000375000000063,0.010500612500000093,0.004742218300500007
2025-04-15,0.0,0.0024000337500000133,0.003000049999999982,0.001284018450000001
2025-04-16,0.0,0.004800134999999971,0.007500312500000111,0.0033546226214999954
2025-04-17,0.0,-0.0039999062500000035,-0.00749968750000011,-0.0030878690485
2025-04-18,0.0,0.0,0.0,0.0
2025-04-21,-5.4990589934120895e-05,-0.006399759999999961,-0.0179982000000001,-0.004815512918500018
2025-04-22,-4.435199152417474e-05,0.0008000037499999674,0.0060002000000000675,0.0010560420705000198
2025-04-23,0.00036508107402235363,0.0008000037499999674,0.006000199999999963,0.0012695792714999825
2025-04-24,0.00010018244365185065,0.006400240000000017,0.010500612500000093,0.00415469753050003
2025-04-25,0.0009300157500000114,0.0024000337500000133,0.006000199999999963,0.002066051419999979
2025-04-28,0.0016922374423982193,0.004800134999999971,0.006000199999999963,0.003102606819999995
2025-04-29,0.0014611106427006339,0.0032000599999999807,0.007500312500000007,0.0026911014765000152
2025-04-30,0.0002962646675972297,0.0016000150000000457,-0.0029999499999998776,0.00019302380649999793
2025-05-01,-0.003154155313137949,-0.0063997600000000165,-0.010499387500000092,-0.004811233591500009
2025-05-02,-0.006399759999999961,-0.006399759999999961,-0.008999549999999945,-0.004278828378999982
2025-05-05,-0.0024889259674602707,-0.0023999662500000132,-0.004499887500000025,-0.0017269454035000104
2025-05-06,0.001454233569558617,0.0048001350000000265,0.003000049999999982,0.0019260361860000141
2025-05-07,0.0007776274018691635,0.0032000599999999807,0.006000199999999963,0.0020985668015000023
2025-05-08,-0.001560533464688371,-0.00879954625000003,-0.011999200000000031,-0.005228227923500027
2025-05-09,-0.00011768478268813676,0.0,0.0,3.6000099999999784e-05
2025-05-12,-0.004750018805852651,-0.0063997600000000165,-0.008999549999999945,-0.004288811736499987
2025-05-13,0.0,-0.0031999399999999806,-0.007499687499999902,-0.0025414024995000033
2025-05-14,0.0,-0.0031999399999999806,-0.004499887500000129,-0.0021274522284999878
2025-05-15,0.0,0.006400239999999962,0.010500612500000093,0.004442708360999982
2025-05-16,0.0,0.0016000150000000457,0.0015000124999999388,0.000750012247000012
2025-05-19,0.0,-0.0023999662500000132,-0.004499887500000025,-0.0014464640620000077
2025-05-20,0.0,-0.001599985000000046,-0.005999799999999964,-0.0016194422744999937
2025-05-21,-6.167694692924388e-05,-0.007999624999999951,-0.01349898749999997,-0.005728005266499997
2025-05-22,0.0030383368029195785,0.0032000599999999807,0.004500112500000025,0.0018795451770000017
2025-05-23,0.0,0.0024000337500000133,0.003000049999999878,0.0011205142469999847
2025-05-26,0.0,0.0,0.0,0.0
2025-05-27,-5.385672520822978e-05,0.006400240000000017,0.012000800000000032,0.004691344080499997
2025-05-28,-0.0002378848943255188,-0.0031999399999999806,-0.005999799999999964,-0.002024947378499971
2025-05-29,0.0020333294074411945,0.0032000599999999807,0.007500312499999903,0.0029351088954999703
2025-05-30,0.0004448266364597122,0.0016000149999999902,0.001500012500000147,0.0007950066950000188
2025-06-02,-0.0015255843096260398,-0.0039999062500000035,-0.010499387500000092,-0.003525310900500006
2025-06-03,0.0,0.0,0.0,-8.44960995000144e-05
2025-06-04,0.0,0.007200303749999984,0.015001250000000013,0.005542877236500013
2025-06-05,0.0,-0.0023999662500000132,0.0,-0.000828983829999997
2025-06-06,0.0,-0.008799546249999974,-0.01349898749999997,-0.006070097613499986
2025-06-09,0.0,0.0016000149999999902,0.0015000124999999388,0.0012130164569999693
2025-06-10,0.0,0.0016000150000000457,0.003000050000000086,0.0010820166555000298
2025-06-11,0.0,0.004800134999999971,0.004500112500000025,0.0023030494564999842
2025-06-12,0.0,0.004000093750000004,0.010500612499999885,0.0036536933264999976
2025-06-13,0.0,-0.0039999062500000035,-0.010499387499999884,-0.0034588374279999915
2025-06-16,0.0,-0.0039999062500000035,-0.005999799999999964,-0.002589386611999994
2025-06-17,0.0,0.00560018375000005,0.012000799999999928,0.004099754277000002
2025-06-18,0.0,0.0008000037499999674,0.0,0.00014200055599999697
2025-06-19,0.0,0.0,0.0,0.0
2025-06-20,0.0,0.0,-0.001499987500000043,1.1005148499995589e-05
2025-06-23,0.0,0.0032000599999999807,0.004500112500000025,0.002111040421999997
2025-06-24,0.0,0.0032000600000000362,0.006000199999999963,0.002504572006499997
2025-06-25,0.0,0.0008000037499999674,0.0,0.00032700180149998975
2025-06-26,0.0,0.0024000337500000133,0.003000050000000086,0.001690027245500022
2025-06-27,0.0,-0.0023999662500000132,-0.005999799999999964,-0.0021774355699999935
2025-06-30,0.0,0.004000093750000004,0.009000449999999946,0.0033056730954999793
2025-07-01,0.0,-0.0015999849999999904,0.0,-0.0010084863794999964
2025-07-02,0.0,-0.0031999399999999806,-0.007499687500000006,-0.0022519233929999913
2025-07-03,0.0,-0.0039999062500000035,-0.004499887500000025,-0.002814423825500013
2025-07-04,0.0,0.0,0.0,0.0
2025-07-07,0.0,-0.003999906250000059,-0.008999549999999945,-0.002905360368499992
2025-07-08,0.0,-0.001599984999999935,-0.002999950000000086,-0.0011794823785000158
2025-07-09,0.0,0.006400239999999962,0.012000800000000032,0.00427623369350001
2025-07-10,0.0,-0.0007999962499999674,0.0,-4.099682500000334e-05
2025-07-11,0.0,-0.0063997600000000165,-0.01349898749999997,-0.004890133004499993
2025-07-14,0.0,0.0,-0.001499987499999939,-0.0002979963694999848
2025-07-15,0.0,-0.0055998162499999934,-0.007499687500000006,-0.0031858940640000057
2025-07-16,0.0,0.0032000599999999807,0.0015000124999999388,0.0014155211364999917
2025-07-17,0.0,-0.0007999962499999674,0.0,-0.0003859982049999924
2025-07-18,0.0,0.0024000337499999577,0.003000049999999982,0.0014285188469999864
2025-07-21,0.0,0.0048001350000000265,0.00900045000000005,0.0032666489454999973
2025-07-22,0.0,0.0024000337500000133,0.0045001124999999205,0.002026556255000002
2025-07-23,0.0,-0.003999906250000059,-0.004499887499999921,-0.002804407403499999
2025-07-24,0.0,-0.0023999662499999577,-0.002999950000000086,-0.001267484652999995
2025-07-25,0.0,0.0024000337499999577,0.004500112500000025,0.0018525538314999915
2025-07-28,0.0,-0.001599984999999935,-0.004499887500000025,-0.0016579490464999867
2025-07-29,0.0,0.006400239999999962,0.01350101249999997,0.005010371050999982
2025-07-30,0.0,-0.0031999399999999806,-0.005999799999999964,-0.0024979394359999885
2025-07-31,0.0,0.0008000037499999674,0.0015000125000000429,0.00031100187000000334
2025-08-01,0.0,0.011200734999999988,0.015001250000000013,0.007481995475500004
2025-08-04,-5.544776469623363e-05,0.0008000037500000784,0.0015000124999999388,0.000723505451499991
2025-08-05,0.0008436982396632111,0.0,0.001500012500000147,0.0002655128270000138
2025-08-06,0.0,0.0,-0.004499887500000129,-0.0009669682515000024
2025-08-07,0.0,-0.0007999962500000784,-0.001499987499999939,-0.0005979962800000086
2025-08-08,0.0,-0.003199939999999925,-0.004499887500000025,-0.0022324388199999857
2025-08-11,0.0,0.0,0.0015000124999999388,0.000363003676999985
2025-08-12,0.0,-0.001599985000000046,-0.005999799999999964,-0.001387941840999998
2025-08-13,0.0,0.004000093750000004,0.00900045000000005,0.0031681227264999967
2025-08-14,0.0,-0.0039999062500000035,-0.00749968750000011,-0.003037891211000002
2025-08-15,0.0,-0.0031999399999999806,-0.007499687500000006,-0.0023709215300000046
2025-08-18,0.0,-0.0007999962500000229,-0.001499987499999939,-0.0007234891440000054
2025-08-19,0.0,0.0032000600000000362,0.004500112500000025,0.0020895578555000125
2025-08-20,0.0,0.0008000037499999674,0.0045001124999999205,0.0009535149799999966
2025-08-21,0.0,-0.0031999399999999806,-0.004499887499999921,-0.0022244511844999944
2025-08-22,0.0,0.005600183749999994,0.007500312500000007,0.0037316258115000084
2025-08-25,0.0,-0.001599985000000046,-0.002999950000000086,-0.0012384857930000175
2025-08-26,-5.8633301703582764e-05,0.0016000150000000457,0.0,0.0007630138014999962
2025-08-27,0.001024936995833556,0.0016000149999999902,-0.001499987499999939,0.000444012452999998
2025-08-28,-0.00019000896441326428,0.0016000150000000457,0.006000199999999963,0.001446044070000018
2025-08-29,0.0005400020000000155,-0.0007999962500000784,-0.004499887500000025,-0.0011354517870000164
2025-09-01,0.0,0.0,0.0,0.0
2025-09-02,-0.0013499875000000014,-0.0039999062500000035,-0.008999549999999945,-0.0031758742844999856
2025-09-03,0.0012943939670291697,0.004800135000000082,0.010500612500000093,0.003819698240500005
2025-09-04,-0.0012549280274770595,0.004000093749999948,0.006000199999999963,0.002431573562999989
2025-09-05,0.00560018375000005,0.00560018375000005,0.01350101249999997,0.004719283967000004
2025-09-08,0.004000093749999948,0.004000093749999948,0.010500612499999885,0.0035962555609999813
2025-09-09,-0.002454281949816106,-0.0023999662500000132,-0.004499887499999817,-0.0018779587684999762
2025-09-10,0.0014107057865228839,0.0032000600000000362,0.004500112499999816,0.0017045401014999738
2025-09-11,0.0,0.0024000337500000133,0.0060002000000000675,0.001836060422000007
2025-09-12,0.0,-0.0039999062500000035,-0.005999800000000068,-0.002330441053499986
2025-09-15,0.0,0.0008000037499999674,0.003000050000000086,0.0011180161029999871
2025-09-16,-5.4295708014359544e-05,0.0008000037500000229,0.003000049999999982,0.0008910090469999943
2025-09-17,-0.0016542914463570217,-0.0015999849999999904,-0.001499987499999939,-0.0009279910014999863
2025-09-18,0.0,-0.003999906250000059,-0.008999549999999945,-0.0032498544429999847
2025-09-19,0.0,-0.0023999662499999577,-0.004499887500000129,-0.0014764640450000178
2025-09-22,-5.5682812960643756e-05,-0.0007999962500000229,-0.0029999499999999817,-0.001193982740499985
2025-09-23,0.0006643197930582491,0.0024000337500000133,0.004500112500000025,0.0020090555749999886
2025-09-24,-5.531663390174627e-05,-0.0031999399999999806,-0.004499887500000025,-0.0018899575264999969
2025-09-25,0.0022499687499999707,-0.0015999849999999904,0.0,-0.0007264879345000015
2025-09-26,0.00044999874999998167,-0.001599985000000046,-0.001499987500000043,-0.0008364871869999891
2025-09-29,-0.0009552690718058377,0.004000093750000004,0.007500312500000007,0.0027781261984999753
2025-09-30,0.0,-0.0007999962499999674,-0.0029999499999999817,-0.0007524849264999957
2025-10-01,0.0,0.0032000599999999807,0.003000049999999982,0.0016995254440000049
2025-10-02,0.0,0.0016000150000000457,0.004500112500000025,0.0013715340270000014
2025-10-03,0.0,-0.0023999662500000132,-0.004499887500000025,-0.0017244689530000082
2025-10-06,0.0,-0.0039999062500000035,-0.005999799999999964,-0.002600406702999982
2025-10-07,0.0,0.0032000599999999807,0.004500112500000025,0.0021150478054999906
2025-10-08,0.0,0.0008000037500000229,0.0015000124999999388,0.00023650445649999857
2025-10-09,0.0,-0.0007999962500000229,-0.001499987499999939,-0.00045499749649999526
2025-10-10,0.0,0.007200303749999984,0.015001250000000013,0.005385870211499996
2025-10-13,0.0,0.0,0.0,0.0
2025-10-14,0.0,0.0016000149999999902,0.0015000125000000429,0.0012140133965000063
2025-10-15,0.0,-0.0015999849999999904,-0.002999950000000086,-0.0013659803985000003
2025-10-16,0.0,0.004800134999999971,0.007500312500000111,0.003775154484
2025-10-17,0.0,-0.002399966249999902,-0.002999950000000086,-0.0016069751279999972
2025-10-20,0.0,0.0016000149999999347,0.003000050000000086,0.0009890158610000033
2025-10-21,0.0,0.0016000149999999902,0.0045001124999999205,0.0015240356054999904
2025-10-22,0.0,0.0008000037500000229,0.0015000125000000429,0.0004935040799999982
2025-10-23,0.0,-0.0031999399999999806,-0.004499887500000025,-0.0023294364444999957
2025-10-24,0.0,-0.0007999962499999674,-0.001499987499999939,-0.000405496111999982
2025-10-27,0.0,0.0008000037499999674,0.0015000124999999388,0.000618510701499973
2025-10-28,-5.624282639162204e-05,0.0016000149999999347,0.003000049999999982,0.001052016551500004
2025-10-29,-0.0010449939500000037,-0.0071996962499999845,-0.008999549999999945,-0.004525299338500001
2025-10-30,0.0,-0.0023999662500000132,-0.007499687500000006,-0.00212642669950001
2025-10-31,0.0,0.0,-0.0014999875000001471,-0.0003904893205000016
2025-11-03,0.0,-0.001599984999999935,-0.0029999499999998776,-0.0010214840579999902
2025-11-04,0.000228130306620391,0.0024000337500000133,0.003000049999999878,0.0013325197530000023
2025-11-05,-5.689509774269781e-05,-0.005599816250000049,-0.010499387499999884,-0.004053790468500002
2025-11-06,0.0005130895983917275,0.004800134999999971,0.007500312500000007,0.0034176250729999976
2025-11-07,0.0,0.0,-0.001499987499999939,-0.00017549582949998266
2025-11-10,-5.651654781922345e-05,-0.001599984999999935,-0.0014999875000001471,-0.0009989895120000203
2025-11-11,0.0,0.0,0.0,0.0
2025-11-12,-0.00032649278137977897,0.004000093749999948,0.006000199999999963,0.002305571131500006
2025-11-13,0.0,-0.0023999662500000132,-0.005999799999999964,-0.0018919528735000066
2025-11-14,0.0,-0.0023999662499999577,-0.005999799999999964,-0.002157436254500002
2025-11-17,0.0,0.0008000037500000229,0.003000049999999982,0.0008565091835000038
2025-11-18,0.0,0.0008000037499999674,-0.001499987499999939,8.504930499997126e-06
2025-11-19,0.0,-0.0007999962499999674,0.0015000124999999388,-0.00028099571799999125
2025-11-20,0.0,0.0024000337500000133,0.004500112500000129,0.0015820274970000144
2025-11-21,0.0,0.0032000599999999807,0.0015000124999999388,0.0017425286519999867
2025-11-24,-5.658675266990221e-05,0.0016000149999999902,0.004500112500000025,0.0014980347070000205
2025-11-25,9.500004999999613e-05,0.0024000337500000133,0.003000049999999982,0.001348017831999993
2025-11-26,-0.0001514819110619773,0.0008000037499999674,0.003000049999999982,0.0009765268084999962
2025-11-27,0.0,0.0,0.0,0.0
2025-11-28,0.0,-0.001599984999999935,-0.0029999499999999817,-0.0014509697859999965
2025-12-01,0.0,-0.005599816250000049,-0.013498987500000075,-0.004450744669000019
2025-12-02,0.0,0.0,0.0015000125000000429,0.00039150194149999916
2025-12-03,0.0,0.0024000337500000133,0.003000050000000086,0.0013015156065000152
2025-12-04,0.0,-0.003999906250000059,-0.005999800000000068,-0.0023999387280000005
2025-12-05,0.0,-0.0023999662499999577,-0.004499887500000025,-0.0018404598935000047
2025-12-08,0.0,-0.0023999662500000132,-0.004499887500000025,-0.001500971621499997
2025-12-09,-5.4431644999447727e-05,-0.0007999962499999674,0.001500012500000147,-0.00016599322849999155
2025-12-10,0.002588977787399457,0.004000093750000004,0.004500112499999816,0.0021335409069999775
2025-12-11,0.0005635241874352558,-0.0007999962500000229,-0.001499987499999939,-0.00025849570149999023
2025-12-12,0.0,-0.003999906250000059,-0.010499387499999988,-0.0030673431514999937
2025-12-15,0.0,0.0008000037500000784,0.003000049999999982,0.0008080086029999989
2025-12-16,0.0,0.0024000337499999577,0.004500112500000129,0.0016920302555000033
2025-12-17,0.0,-0.0007999962499999674,-0.0014999875000001471,-0.0005769956985000196
2025-12-18,0.0,0.0032000599999999807,0.006000199999999963,0.0021120525485000016
2025-12-19,0.0,-0.0031999399999999806,-0.004499887499999817,-0.0017439675739999807
2025-12-22,-5.3695454438953414e-05,-0.0007999962500000229,-0.0014999875000001471,-0.0008319874780000128
2025-12-23,0.0003538119362653317,-0.0007999962499999674,0.0,-0.00010099641800000304
2025-12-24,0.0,0.0024000337499999577,0.004500112500000025,0.001847053403000002
2025-12-25,0.0,0.0,0.0,0.0
2025-12-26,0.0,0.0008000037500000229,-0.001499987499999939,-0.00015698773099998665
2025-12-29,0.0,0.0016000149999999902,0.0015000124999999388,0.0007105058394999877
2025-12-30,0.0,-0.0015999849999999904,-0.001499987499999939,-0.0005729945904999892
2025-12-31,0.0,-0.0031999399999999806,-0.004499887500000025,-0.0020904523929999976
2026-01-01,0.0,0.0,0.0,0.0
2026-01-02,0.0,-0.0007999962500000784,-0.0029999499999999817,-0.0008674852665000208
2026-01-05,0.0,0.0016000150000000457,0.003000049999999982,0.0010605121270000244
2026-01-06,0.0,-0.0007999962499999674,-0.001499987500000043,-0.0005839956930000247
2026-01-07,0.0,0.0024000337499999577,0.0060002000000000675,0.0018835608255000108
2026-01-08,0.0,-0.003199940000000036,-0.004499887500000025,-0.0019149563499999932
2026-01-09,0.0,0.0008000037500000784,0.004500112500000025,0.0008710331565000009
2026-01-12,0.0,-0.0007999962500000784,-0.002999950000000086,-0.0008209909560000204
2026-01-13,0.0,0.0008000037500000784,0.001500012500000147,0.000530003271500023
2026-01-14,0.0,0.0024000337499999577,0.006000199999999859,0.002038562681499988
2026-01-15,0.0,-0.0015999849999999904,-0.001499987500000043,-0.0010854880135
2026-01-16,0.0,-0.0055998162499999934,-0.007499687499999902,-0.0029029016694999943
2026-01-19,0.0,0.0,0.0,0.0
2026-01-20,0.0,-0.004799864999999971,-0.011999200000000031,-0.003870252299000011
2026-01-21,0.0,0.0032000599999999807,0.007500312500000007,0.002302078176500008
2026-01-22,0.0,0.0,0.004500112500000025,0.0008285324520000057
2026-01-23,0.0,0.0016000149999999902,0.0015000124999999388,0.0009265128504999911
2026-01-26,0.0,0.0016000150000000457,0.004500112500000025,0.0012730229360000094
2026-01-27,0.0,-0.001599985000000046,-0.005999799999999964,-0.001271957603500011
2026-01-28,0.0,-0.0015999849999999904,-0.0029999499999999817,-0.0011864827984999805
2026-01-29,0.0,0.0016000149999999902,0.0015000124999999388,0.0008545081719999971
2026-01-30,0.0,-0.0015999849999999904,-0.0029999499999999817,-0.000691983878500012
2026-02-02,0.0,-0.0023999662500000132,-0.004499887499999921,-0.0019354580914999972
2026-02-03,0.0,0.0008000037499999674,0.0,0.0001420005999999985
2026-02-04,0.0,-0.0007999962499999674,-0.0014999875000001471,-0.000491995900000019
2026-02-05,0.0,0.006400240000000017,0.010500612500000093,0.004286697476000033
2026-02-06,0.0,-0.0007999962499999674,-0.001499987500000043,-0.0005069972179999997
2026-02-09,0.0,0.0,0.0015000125000000429,0.000336501770500004
2026-02-10,0.0,0.004800134999999971,0.009000449999999946,0.003564679571499972
2026-02-11,0.0,-0.0015999849999999904,-0.004499887499999921,-0.0022229417984999805
2026-02-12,0.0,0.007200303749999984,0.012000800000000032,0.005119364051000002
2026-02-13,0.0,0.004000093750000004,0.006000199999999963,0.0025585652984999813
2026-02-16,0.0,0.0,0.0,0.0
2026-02-17,0.0,-0.0007999962500000229,0.0015000124999999388,-0.00010349419449998511
2026-02-18,-5.668204441126547e-05,-0.0031999399999999806,-0.002999950000000086,-0.0017729631680000236
2026-02-19,-0.001500012500000147,0.0008000037499999674,0.001500012500000147,0.0005300042305000157
2026-02-20,0.00294326212413283,0.0,-0.002999950000000086,-0.0007324859685000048
2026-02-23,0.0,0.004000093750000004,0.004500112500000025,0.002121544106499995
2026-02-24,-5.6304065588003726e-05,-0.0007999962499999674,0.0,-0.000366998004999995
2026-02-25,0.0,-0.0007999962500000229,0.0,-0.00024149909499999886
2026-02-26,-0.004500112500000025,0.0024000337500000688,0.004500112500000025,0.0018700411570000137
2026-02-27,-0.004556332206244006,0.004000093749999948,0.0045001124999999205,0.002398556406999987
2026-03-02,0.0,-0.0063997600000000165,-0.010499387499999884,-0.004546288811499996
2026-03-03,0.0,-0.0007999962499999674,-0.0014999875000001471,-0.0004429975695000112
2026-03-04,0.0,-0.0023999662500000132,-0.0029999499999998776,-0.0015854755049999828
2026-03-05,0.0,-0.0031999399999999806,-0.005999800000000068,-0.0020239552195000206
2026-03-06,0.0,-0.001599985000000046,-0.004499887500000025,-0.0012034666634999848
2026-03-09,0.0,0.0024000337500000133,0.0060002000000000675,0.002073581837999998
2026-03-10,0.0,-0.0023999662500000132,-0.005999800000000068,-0.0023338930750000145
2026-03-11,0.0,-0.004799864999999971,-0.011999199999999927,-0.004185749269999999
2026-03-12,-5.341847497485309e-05,-0.004799864999999971,-0.005999800000000068,-0.002963423138499981
2026-03-13,0.00015986228734996474,-0.0007999962500000784,-0.004499887499999921,-0.0008659787500000139
2026-03-16,0.00894354835031588,0.004000093750000004,0.009000449999999946,0.0030831094259999893
2026-03-17,-5.489193964050335e-05,0.0024000337500000133,0.003000050000000086,0.0009505117065000282
2026-03-18,0.0004749987500000004,-0.004799864999999971,-0.004499887500000025,-0.002748931035999998
2026-03-19,0.00041984232676630707,0.0008000037499999674,0.003000049999999982,0.0010805627809999797
2026-03-20,-5.7930417733242565e-05,-0.011199264999999932,-0.022497187499999915,-0.007965191440999978
2026-03-23,0.005944873524177221,0.004000093749999948,0.006000199999999963,0.002853097710999978
2026-03-24,0.001444583546642616,-0.003999906249999948,-0.002999950000000086,-0.0024264447235000067
2026-03-25,0.007500312500000007,0.004800134999999971,0.007500312500000007,0.003210617461500015
2026-03-26,-0.008999549999999945,-0.0071996962499999845,-0.008999549999999945,-0.004181837143499992
2026-03-27,-0.004558140285867614,-0.001599985000000046,-0.004499887500000025,-0.0011469269140000188
2026-03-30,-5.8445973198917667e-05,0.007200303750000039,0.010500612499999989,0.004556235363000004
2026-03-31,0.0058852491831058035,0.004000093750000004,0.0060002000000000675,0.0023330594470000188
2026-04-01,-1.099250912585378e-05,-0.0023999662500000132,-0.004499887500000129,-0.0018799578500000285
2026-04-02,-0.00018082591526819028,0.0016000149999999902,0.004500112500000129,0.0016210364500000303
2026-04-03,0.0002690623850595136,-0.0031999399999999806,-0.004499887500000129,-0.0022024512430000314
2026-04-06,-0.0009109407305879102,0.0008000037499999674,0.003000050000000086,0.0008795147270000195
2026-04-07,-0.00038000080000000425,0.0008000037500000229,-0.001499987500000043,0.00031250913199999463
2026-04-08,3.850101484167939e-05,0.0032000599999999807,0.004500112500000025,0.0014305235570000068
2026-04-09,-5.4509124459341355e-05,0.0,-0.001499987499999939,-0.00023799628849999988
2026-04-10,0.001545558226041043,-0.0015999849999999904,-0.001499987500000043,-0.0009304922780000119
2026-04-13,0.0,0.0008000037500000229,0.0015000125000000429,0.0007100055580000146
2026-04-14,0.0,0.0032000599999999807,0.006000199999999963,0.0021055535315000007
2026-04-15,0.0,-0.0023999662500000132,-0.004499887500000025,-0.0014154738935000083
2026-04-16,0.0,-0.0023999662500000132,-0.004499887500000025,-0.001704948192999995
2026-04-17,0.0,0.0048001350000000265,0.007500312500000111,0.0033166197810000136
2026-04-20,0.0,0.0,0.0,-0.00016199940599999845
2026-04-21,0.0,-0.0031999399999999806,-0.002999950000000086,-0.0016899745665000156
2026-04-22,0.0,0.0,0.0,-0.0003019974485000047
2026-04-23,-5.658366408380335e-05,-0.003199940000000036,-0.004499887500000025,-0.0017434677450000001
2026-04-24,-0.00028500045000000817,0.0024000337500000133,0.003000050000000086,0.001337516121500002
2026-04-27,0.00013337507316414887,-0.0031999399999999806,-0.005999800000000068,-0.0019604491780000114
2026-04-28,0.0,-0.0007999962500000229,0.0,-0.0005469962300000001
2026-04-29,-5.670306448173732e-05,-0.004799864999999971,-0.007499687499999902,-0.003226895343499988
2026-04-30,-0.00028500044999999494,0.0016000149999999347,0.0,0.000672505550999996
2026-05-01,-1.606597957211517e-05,0.0008000037500000784,0.0015000124999999388,0.00042050388000002166
2026-05-04,0.004688668978550708,-0.004799865000000082,-0.007499687500000006,-0.0032643825605000116
2026-05-05,-0.00015162912480485763,0.0016000150000000457,0.0045001124999999205,0.001552049131999976
2026-05-06,-5.651846573054017e-05,0.005600183749999994,0.00900045000000005,0.0035281280814999988
2026-05-07,0.00028499954999999496,-0.0039999062500000035,-0.005999799999999964,-0.002388439704999963
2026-05-08,-9.500004999999613e-05,0.0024000337500000133,0.004500112500000025,0.0014655264549999817
2026-05-11,0.0003234731981179196,-0.0031999399999999806,-0.005999799999999964,-0.0023084434809999966
2026-05-12,-5.415171704346306e-05,-0.003199940000000036,-0.007499687500000006,-0.0028393958700000054
2026-05-13,8.338859758102479e-05,0.0,-0.0014999875000001471,-1.2998369500018866e-05
2026-05-14,8.491580307262225e-05,-0.0007999962499999674,0.003000050000000086,0.00017400887650003685
2026-05-15,0.0012197113772652256,-0.009599459999999997,-0.019497887499999936,-0.006827937453500009
2026-05-18,0.00014921770680466855,-0.001599985000000046,0.0,-0.0005569892694999869
2026-05-19,0.0006253286877541645,-0.004799864999999971,-0.00749968750000011,-0.00297540237950002
2026-05-20,0.000565386098259826,0.008000374999999952,0.013501012500000074,0.005140294887999991
2026-05-21,0.0003689911045221892,0.0,0.0015000124999999388,-9.549377699999252e-05
2026-05-22,0.0001157476645218788,0.0008000037500000784,0.004500112500000025,0.0007815342965000048
2026-05-25,0.0,0.0,0.0,0.0
2026-05-26,0.0008414597930031217,0.004800134999999971,0.0045001124999999205,0.0030510900314999804
2026-05-27,-3.4833037709498715e-05,0.0016000149999999347,0.003000050000000086,0.0010810163215000117
2026-05-28,0.00014262490712290272,0.0024000337500000133,0.0045001124999999205,0.0016355376254999822
2026-05-29,9.254212709497767e-05,0.0,0.0,7.350373150001536e-05
2026-06-01,-0.00020424979295330826,-0.001599984999999935,-0.001499987499999939,-0.0011174867029999924
2026-06-02,-7.394081053481316e-05,0.0008000037499999674,0.003000050000000086,0.0009040147320000174
2026-06-03,0.0001621069457690274,-0.0023999662500000132,-0.004499887500000129,-0.001666470854500026
2026-06-04,-0.00012407023686204096,0.0016000150000000457,0.003000049999999982,0.0013000185700000155
2026-06-05,0.0004508345103485272,-0.0063997600000000165,-0.007499687500000006,-0.0038548644065000124
2026-06-08,-0.00013133005916431928,-0.0007999962499999674,-0.0029999499999998776,-0.0007654851969999944
2026-06-09,0.00039352789029334465,0.0024000337499999577,0.004500112500000025,0.0015420282520000126
2026-06-10,0.0007460281258864617,-0.0015999849999999904,-0.002999950000000086,-0.0009939841000000242
2026-06-11,-5.482460735792998e-05,0.008000374999999952,0.012000800000000032,0.0049782947770000046
2026-06-12,0.002296949076796574,-0.0023999662500000132,-0.002999950000000086,-0.0014284786184999947
2026-06-15,5.262590991619642e-05,0.0008000037500000784,0.001500012500000147,0.0006005039720000235
2026-06-16,-4.4316878353559564e-05,0.0032000599999999807,0.007500312499999903,0.002298077649999979
2026-06-17,0.0007948741917344659,-0.004799865000000026,-0.004499887500000025,-0.002850923887000004
2026-06-18,-0.00014078183260193188,0.0024000337500000133,0.006000199999999963,0.001908048496499983
2026-06-19,0.0,0.0,0.0,0.0
2026-06-22,0.0,-0.0039999062500000035,-0.00899954999999984,-0.0032048766889999775
2026-06-23,0.0,0.0008000037500000229,0.0015000124999999388,0.0008455067009999912
2026-06-24,0.0,0.007200303749999984,0.01350101249999997,0.005043313721499989
2026-06-25,-5.794841241299202e-05,0.0008000037499999674,0.0,0.0004150021205000032
2026-06-26,0.0010220898541375895,0.0016000150000000457,0.0,0.0004515078220000093
2026-06-29,-5.4274016655493136e-05,0.0,0.0015000124999999388,4.850460699999054e-05
2026-06-30,2.2499982500002375e-05,-0.004799865000000026,-0.010499387499999884,-0.0033483561184999957
2026-07-01,6.575817395838003e-05,-0.003199940000000036,-0.005999799999999964,-0.002825883201499978
2026-07-02,4.572498108336625e-05,-0.0007999962499999674,-0.002999950000000086,-0.0003444914845000237
2026-07-03,0.0,0.0,0.0,0.0
2026-07-06,-0.00010176568913033378,0.0008000037499999674,0.0,0.00016300426750000653
2026-07-07,0.000987946491829375,-0.005599816249999938,-0.008999549999999945,-0.0036868377929999835
2026-07-08,-5.553299680754621e-05,-0.0007999962499999674,-0.002999950000000086,-0.0010654877995000087
2026-07-09,0.0017444461506469996,0.0016000149999999347,0.0015000125000000429,0.0011100102015000036
2026-07-10,0.0,-0.001599984999999935,-0.0029999499999999817,-0.0011749877044999932
2026-07-13,0.0,-0.004799865000000026,-0.004499887500000129,-0.0028099209880000212
2026-07-14,0.0,0.0032000599999999807,0.003000050000000086,0.0020185327585000084
2026-07-15,0.0,0.0024000337500000133,0.003000049999999982,0.0013600191315000054
2026-07-16,0.0,-0.001599985000000046,-0.0029999499999999817,-0.0010084894030000168
2026-07-17,0.0,0.0016000150000000457,0.003000049999999982,0.0010275271515000056
2026-07-20,0.0,-0.0039999062500000035,-0.007499687500000006,-0.002888393305500015
2026-07-21,0.0,-0.0023999662500000132,-0.0029999499999998776,-0.0017419724434999697
2026-07-22,0.0,-0.0031999399999999806,-0.004499887500000025,-0.001755468589500013
2026-07-23,0.0,-0.003199940000000036,-0.004499887500000129,-0.0020479621780000014
2026-07-24,0.0,0.0016000149999999902,0.003000050000000086,0.0011730131070000036
2026-07-27,-5.788361670994843e-05,0.0032000599999999807,0.0045001124999999205,0.0019440565559999848
2026-07-28,0.00588570647363676,0.0032000600000000362,0.006000199999999963,0.0023305565815000063
2026-07-29,0.00044255919207373835,-0.004799864999999971,-0.01499874999999991,-0.0042765842505
2026-07-30,0.0,-0.0007999962499999674,-0.001499987499999939,-0.0005844956979999789
2026-07-31,0.0,-0.005599816250000049,-0.008999550000000049,-0.0036473369695000065
2026-08-03,0.0,0.004000093750000004,0.007500312499999903,0.0025625858609999684
2026-08-04,0.0,0.005600183749999994,0.007500312500000111,0.0033816261530000315
2026-08-05,0.0,0.0,0.0,0.0002825024110000071
2026-08-06,0.0,-0.004799865000000026,-0.005999799999999964,-0.0031178923030000054
2026-08-07,0.0,0.0032000599999999807,0.003000049999999878,0.0020330408179999758
2026-08-10,0.0,-0.005599816249999938,-0.007499687499999902,-0.003537351078999973
2026-08-11,0.0,0.0016000149999999902,0.0,0.0007505061814999907
2026-08-12,-5.3279697912362555e-05,0.0016000150000000457,0.0015000124999999388,0.000612504127999997
2026-08-13,-0.0007033451642812307,0.004000093749999948,0.006000199999999963,0.0024485616834999937
2026-08-14,0.003945732888147371,-0.003999906249999948,-0.007499687499999902,-0.0025339168679999816
2026-08-17,0.0,-0.003199940000000036,-0.007499687500000006,-0.002630379054499999
2026-08-18,0.0,0.0008000037499999674,0.003000049999999982,0.0010770260319999854
2026-08-19,-5.691596041592031e-05,0.004800134999999971,0.016501512500000055,0.004347853179999996
2026-08-20,-0.00799964000000009,-0.0031999399999999806,-0.004499887500000129,-0.002079939069500014
2026-08-21,-0.007999639999999813,-0.0039999062500000035,-0.007499687499999902,-0.002648415817999976
2026-08-24,0.008000359999999812,0.0032000600000000362,0.006000199999999963,0.0019220634069999846
2026-08-25,0.01194361877286946,0.0048001350000000265,0.007500312500000007,0.0034581443470000197
2026-08-26,-5.7521860795741205e-05,-0.001599985000000046,-0.001499987499999939,-0.0009319915680000035
2026-08-27,-0.00032747072540413445,-0.0007999962499999674,-0.001499987500000043,-0.000598495679500001
2026-08-28,-5.713727384693217e-05,-0.004799865000000026,-0.004499887500000025,-0.0031224198059999985
2026-08-31,-0.006056951706748487,-0.0015999849999999904,-0.004499887500000025,-0.0014109647810000053
