DATE,Gross Return,Turnover,Transaction Cost,Net Return,Equity Curve,Avg Cost Bps
2010-01-04,0.0,0.0,0.0,0.0,1.0,
2010-01-05,0.0,0.0,0.0,0.0,1.0,
2010-01-06,0.0,0.0,0.0,0.0,1.0,
2010-01-07,0.0,0.0,0.0,0.0,1.0,
2010-01-08,0.0,0.0,0.0,0.0,1.0,
2010-01-11,0.0,0.0,0.0,0.0,1.0,
2010-01-12,0.0,0.0,0.0,0.0,1.0,
2010-01-13,0.0,0.0,0.0,0.0,1.0,
2010-01-14,0.0,0.0,0.0,0.0,1.0,
2010-01-15,0.0,0.0,0.0,0.0,1.0,
2010-01-18,0.0,0.0,0.0,0.0,1.0,
2010-01-19,0.0,0.0,0.0,0.0,1.0,
2010-01-20,0.0,0.0,0.0,0.0,1.0,
2010-01-21,0.0,0.0,0.0,0.0,1.0,
2010-01-22,0.0,0.0,0.0,0.0,1.0,
2010-01-25,0.0,0.0,0.0,0.0,1.0,
2010-01-26,0.0,0.0,0.0,0.0,1.0,
2010-01-27,0.0,0.0,0.0,0.0,1.0,
2010-01-28,0.0,0.0,0.0,0.0,1.0,
2010-01-29,0.0,0.0,0.0,0.0,1.0,
2010-02-01,0.0,0.0,0.0,0.0,1.0,
2010-02-02,0.0,0.0,0.0,0.0,1.0,
2010-02-03,0.0,0.0,0.0,0.0,1.0,
2010-02-04,0.0,0.0,0.0,0.0,1.0,
2010-02-05,0.0,0.0,0.0,0.0,1.0,
2010-02-08,0.0,0.0,0.0,0.0,1.0,
2010-02-09,0.0,0.0,0.0,0.0,1.0,
2010-02-10,0.0,0.0,0.0,0.0,1.0,
2010-02-11,0.0,0.0,0.0,0.0,1.0,
2010-02-12,0.0,0.0,0.0,0.0,1.0,
2010-02-15,0.0,0.0,0.0,0.0,1.0,
2010-02-16,0.0,0.0,0.0,0.0,1.0,
2010-02-17,0.0,0.0,0.0,0.0,1.0,
2010-02-18,0.0,0.0,0.0,0.0,1.0,
2010-02-19,0.0,0.0,0.0,0.0,1.0,
2010-02-22,0.0,0.0,0.0,0.0,1.0,
2010-02-23,0.0,0.0,0.0,0.0,1.0,
2010-02-24,0.0,0.0,0.0,0.0,1.0,
2010-02-25,0.0,0.0,0.0,0.0,1.0,
2010-02-26,0.0,0.0,0.0,0.0,1.0,
2010-03-01,0.0,0.0,0.0,0.0,1.0,
2010-03-02,0.0,0.0,0.0,0.0,1.0,
2010-03-03,0.0,0.0,0.0,0.0,1.0,
2010-03-04,0.0,0.0,0.0,0.0,1.0,
2010-03-05,0.0,0.0,0.0,0.0,1.0,
2010-03-08,0.0,0.0,0.0,0.0,1.0,
2010-03-09,0.0,0.0,0.0,0.0,1.0,
2010-03-10,0.0,0.0,0.0,0.0,1.0,
2010-03-11,0.0,0.0,0.0,0.0,1.0,
2010-03-12,0.0,0.0,0.0,0.0,1.0,
2010-03-15,0.0,0.0,0.0,0.0,1.0,
2010-03-16,0.0,0.0,0.0,0.0,1.0,
2010-03-17,0.0,0.0,0.0,0.0,1.0,
2010-03-18,0.0,0.0,0.0,0.0,1.0,
2010-03-19,0.0,0.0,0.0,0.0,1.0,
2010-03-22,0.0,0.0,0.0,0.0,1.0,
2010-03-23,0.0,0.0,0.0,0.0,1.0,
2010-03-24,0.0,0.0,0.0,0.0,1.0,
2010-03-25,0.0,0.0,0.0,0.0,1.0,
2010-03-26,0.0,0.0,0.0,0.0,1.0,
2010-03-29,0.0,0.0,0.0,0.0,1.0,
2010-03-30,0.0,0.0,0.0,0.0,1.0,
2010-03-31,0.0,0.0,0.0,0.0,1.0,
2010-04-01,0.0,0.0,0.0,0.0,1.0,
2010-04-02,0.0,0.0,0.0,0.0,1.0,
2010-04-05,0.0,0.0,0.0,0.0,1.0,
2010-04-06,0.0,0.0,0.0,0.0,1.0,
2010-04-07,0.0,0.0,0.0,0.0,1.0,
2010-04-08,0.0,0.0,0.0,0.0,1.0,
2010-04-09,0.0,0.0,0.0,0.0,1.0,
2010-04-12,0.0,0.0,0.0,0.0,1.0,
2010-04-13,0.0,0.0,0.0,0.0,1.0,
2010-04-14,0.0,0.0,0.0,0.0,1.0,
2010-04-15,0.0,0.0,0.0,0.0,1.0,
2010-04-16,0.0,0.0,0.0,0.0,1.0,
2010-04-19,0.0,0.0,0.0,0.0,1.0,
2010-04-20,0.0,0.0,0.0,0.0,1.0,
2010-04-21,0.0,0.0,0.0,0.0,1.0,
2010-04-22,0.0,0.0,0.0,0.0,1.0,
2010-04-23,0.0,0.0,0.0,0.0,1.0,
2010-04-26,0.0,0.0,0.0,0.0,1.0,
2010-04-27,0.0,0.0,0.0,0.0,1.0,
2010-04-28,0.0,0.0,0.0,0.0,1.0,
2010-04-29,0.0,0.0,0.0,0.0,1.0,
2010-04-30,0.0,0.0,0.0,0.0,1.0,
2010-05-03,0.0,0.0,0.0,0.0,1.0,
2010-05-04,0.0,0.0,0.0,0.0,1.0,
2010-05-05,0.0,0.0,0.0,0.0,1.0,
2010-05-06,0.0,0.0,0.0,0.0,1.0,
2010-05-07,0.0,0.0,0.0,0.0,1.0,
2010-05-10,0.0,0.0,0.0,0.0,1.0,
2010-05-11,0.0,0.0,0.0,0.0,1.0,
2010-05-12,0.0,0.0,0.0,0.0,1.0,
2010-05-13,0.0,0.0,0.0,0.0,1.0,
2010-05-14,0.0,0.0,0.0,0.0,1.0,
2010-05-17,0.0,0.0,0.0,0.0,1.0,
2010-05-18,0.0,0.0,0.0,0.0,1.0,
2010-05-19,0.0,0.0,0.0,0.0,1.0,
2010-05-20,0.0,0.0,0.0,0.0,1.0,
2010-05-21,0.0,0.0,0.0,0.0,1.0,
2010-05-24,0.0,0.0,0.0,0.0,1.0,
2010-05-25,0.0,0.0,0.0,0.0,1.0,
2010-05-26,0.0,0.0,0.0,0.0,1.0,
2010-05-27,0.0,0.0,0.0,0.0,1.0,
2010-05-28,0.0,0.0,0.0,0.0,1.0,
2010-05-31,0.0,0.0,0.0,0.0,1.0,
2010-06-01,0.0,0.0,0.0,0.0,1.0,
2010-06-02,0.0,0.0,0.0,0.0,1.0,
2010-06-03,0.0,0.0,0.0,0.0,1.0,
2010-06-04,0.0,0.0,0.0,0.0,1.0,
2010-06-07,0.0,0.0,0.0,0.0,1.0,
2010-06-08,0.0,0.0,0.0,0.0,1.0,
2010-06-09,0.0,0.0,0.0,0.0,1.0,
2010-06-10,0.0,0.0,0.0,0.0,1.0,
2010-06-11,0.0,0.0,0.0,0.0,1.0,
2010-06-14,0.0,0.0,0.0,0.0,1.0,
2010-06-15,0.0,0.0,0.0,0.0,1.0,
2010-06-16,0.0,0.0,0.0,0.0,1.0,
2010-06-17,0.0,0.0,0.0,0.0,1.0,
2010-06-18,0.0,0.0,0.0,0.0,1.0,
2010-06-21,0.0,0.0,0.0,0.0,1.0,
2010-06-22,0.0,0.0,0.0,0.0,1.0,
2010-06-23,0.0,0.0,0.0,0.0,1.0,
2010-06-24,0.0,0.0,0.0,0.0,1.0,
2010-06-25,0.0,0.0,0.0,0.0,1.0,
2010-06-28,0.0,1.0,5.268365001464981e-05,-5.268365001464981e-05,0.9999473163499853,0.5268365001464981
2010-06-29,-5.0000020000000024e-05,1.0847457627118642,5.639584125898949e-05,-0.00010639586125898951,0.9998409260940487,0.5198991616063096
2010-06-30,2.9383368360607912e-05,2.0,0.00010640759066005538,-7.702422229944747e-05,0.9997639141242931,0.5320379533002769
2010-07-01,-4.4999875000005984e-05,0.1836734693877551,9.722752212822134e-06,-5.472262721282812e-05,0.9997092044163196,0.5293498426980939
2010-07-02,-0.0014693113265306036,0.1836734693877551,9.726487288452114e-06,-0.0014790378138190557,0.9982305967001649,0.5295531968157262
2010-07-05,0.0,0.0,0.0,0.0,0.9982305967001649,
2010-07-06,0.0012600223749999996,1.0,5.445566642188863e-05,0.0012055667085781108,0.9994340302750307,0.5445566642188864
2010-07-07,0.00017999975000000047,1.0,5.539861180454715e-05,0.00012460113819545333,0.9995585608927543,0.5539861180454715
2010-07-08,0.0,0.0,0.0,0.0,0.9995585608927543,
2010-07-09,0.0,1.0,5.4102064212668844e-05,-5.4102064212668844e-05,0.9995044827113085,0.5410206421266884
2010-07-12,-3.6719030612293244e-06,1.0,5.408156521517614e-05,-5.7753468276405466e-05,0.9994467578608741,0.5408156521517614
2010-07-13,0.0,0.0,0.0,0.0,0.9994467578608741,
2010-07-14,0.0,0.0,0.0,0.0,0.9994467578608741,
2010-07-15,0.0,0.0,0.0,0.0,0.9994467578608741,
2010-07-16,0.0,0.0,0.0,0.0,0.9994467578608741,
2010-07-19,0.0,0.0,0.0,0.0,0.9994467578608741,
2010-07-20,0.0,1.0,5.513270228713507e-05,-5.513270228713507e-05,0.9993916556603211,0.5513270228713507
2010-07-21,0.0005400022499999999,1.0,5.5145482358396045e-05,0.00048485676764160385,0.9998762174680925,0.5514548235839605
2010-07-22,0.0,1.0,5.781513091294323e-05,-5.781513091294323e-05,0.9998184094936828,0.5781513091294322
2010-07-23,0.0005399979999999967,0.0,0.0,0.0005399979999999967,1.0003583094351727,
2010-07-26,0.0008099955000000045,1.0,5.768826789835241e-05,0.000752307232101652,1.0011108862260538,0.5768826789835241
2010-07-27,0.0,0.0,0.0,0.0,1.0011108862260538,
2010-07-28,0.0,1.0,5.7711976158624104e-05,-5.7711976158624104e-05,1.0010531101384557,0.577119761586241
2010-07-29,-0.0008100044999999999,0.0,0.0,-0.0008100044999999999,1.0002422526145045,
2010-07-30,-0.0021600320000000014,1.9152542372881354,0.00010423956846503033,-0.0022642715684650315,0.9979774325203321,0.5442596937554681
2010-08-02,-0.00014694607187198358,1.9152542372881358,0.00010117336163000055,-0.00024811943350198413,0.9977298149251274,0.528250295236286
2010-08-03,-0.00040500512499999994,1.0989277066758907,5.8142159904298936e-05,-0.00046314728490429885,0.9972677190702768,0.5290808444549204
2010-08-04,-0.00044563598062954127,1.183673469387755,6.212339257883339e-05,-0.0005077593732083747,0.9967613470383208,0.5248355579935925
2010-08-05,0.0005400022500000014,1.0,5.234736958273968e-05,0.00048765488041726174,0.9972474225738154,0.5234736958273969
2010-08-06,0.00023567890042372868,2.0,0.00010824402667373306,0.00012743487374999561,0.9973745066732085,0.5412201333686653
2010-08-09,0.0,2.0,0.00010984838851257313,-0.00010984838851257313,0.9972649466909069,0.5492419425628656
2010-08-10,-0.0002250017500000006,1.183673469387755,6.415070521324067e-05,-0.0002891524552132413,0.9969765850830732,0.5419628543877228
2010-08-11,-8.263827806122666e-05,1.0,5.350505706170251e-05,-0.00013614333512292916,0.9968408533657406,0.5350505706170251
2010-08-12,-0.0004408133673469374,0.36734693877551017,1.9141252767497483e-05,-0.0004599546201144349,0.9963823518097162,0.5210674364485426
2010-08-13,0.00018000025000000048,1.0,5.4019491118440755e-05,0.00012598075888155973,0.9965078768145335,0.5401949111844075
2010-08-16,0.0,0.0,0.0,0.0,0.9965078768145335,
2010-08-17,0.0,0.0,0.0,0.0,0.9965078768145335,
2010-08-18,0.0,0.0,0.0,0.0,0.9965078768145335,
2010-08-19,0.0,0.0,0.0,0.0,0.9965078768145335,
2010-08-20,0.0,1.0,5.785052043294278e-05,-5.785052043294278e-05,0.9964502283152442,0.5785052043294278
2010-08-23,0.0012500387500000187,1.0,5.7849501432964345e-05,0.0011921892485670543,0.9976381855641739,0.5784950143296435
2010-08-24,-0.013501012500000074,2.0,0.0001182053365091517,-0.013619217836509226,0.9840511337929556,0.5910266825457585
2010-08-25,0.0013499875000000014,1.0,5.6311757032408505e-05,0.001293675742967593,0.9853241768745833,0.563117570324085
2010-08-26,0.0,0.0,0.0,0.0,0.9853241768745833,
2010-08-27,0.0,0.0,0.0,0.0,0.9853241768745833,
2010-08-30,0.0,1.0,6.225395128250061e-05,-6.225395128250061e-05,0.9852628365512787,0.6225395128250061
2010-08-31,-0.010500612499999989,1.0,6.234984388839781e-05,-0.010562962343888387,0.9748555423099549,0.623498438883978
2010-09-01,0.0,1.0,6.278501064431082e-05,-6.278501064431082e-05,0.9747943359943543,0.6278501064431082
2010-09-02,0.008999549999999945,0.0,0.0,0.008999549999999945,0.9835670463608522,
2010-09-03,0.011999200000000031,1.0,5.831001499606117e-05,0.01194088998500397,0.9953117122543225,0.5831001499606117
2010-09-06,0.0,0.0,0.0,0.0,0.9953117122543225,
2010-09-07,0.0030007200000000695,0.0,0.0,0.0030007200000000695,0.9982983640155184,
2010-09-08,-0.0012498750000000704,1.0,5.8467195029275825e-05,-0.0013083421950293463,0.9969922481426481,0.5846719502927582
2010-09-09,0.017998199999999995,1.0,5.872651591993563e-05,0.017939473484080058,1.0148777641420366,0.5872651591993563
2010-09-10,-0.0009999200000000634,0.0,0.0,-0.0009999200000000634,1.0138629675681157,
2010-09-13,0.0005000562500000316,0.0,0.0,0.0005000562500000316,1.0143699560816917,
2010-09-14,0.0010000799999999419,1.0,5.873096909928455e-05,0.0009413490309006573,1.015324832256824,0.5873096909928455
2010-09-15,0.0,0.0,0.0,0.0,1.015324832256824,
2010-09-16,0.0,0.0,0.0,0.0,1.015324832256824,
2010-09-17,0.0,0.0,0.0,0.0,1.015324832256824,
2010-09-20,0.0,0.0,0.0,0.0,1.015324832256824,
2010-09-21,0.0,1.0,5.199292534040525e-05,-5.199292534040525e-05,1.0152720425486241,0.5199292534040525
2010-09-22,9.500004999999983e-05,1.0,5.1986109958779115e-05,4.301394004122072e-05,1.0153157133993878,0.5198610995877911
2010-09-23,0.0,1.0,5.5889999184675686e-05,-5.5889999184675686e-05,1.0152589674049937,0.5588999918467569
2010-09-24,0.0005399979999999991,1.0,5.58678358169892e-05,0.0004841301641830099,1.0157504848955716,0.558678358169892
2010-09-27,0.0,1.0,5.199292534040525e-05,-5.199292534040525e-05,1.015697673056446,0.5199292534040525
2010-09-28,0.0,1.0,5.124791725584133e-05,-5.124791725584133e-05,1.0156456206661402,0.5124791725584132
2010-09-29,2.459147848837154e-05,0.05263157894736847,2.687580824931854e-06,2.1903897663439685e-05,1.0156678672638775,0.5106403567370519
2010-09-30,-1.184213815789487e-05,0.052631578947368446,2.664776575015729e-06,-1.4506914732910599e-05,1.0156531330567302,0.5063075492529883
2010-10-01,4.7500025000000126e-05,0.15877683034401652,8.074162002009542e-06,3.9425862997990584e-05,1.0156931760580077,0.5085226846080452
2010-10-04,9.878263764480933e-05,0.0,0.0,9.878263764480933e-05,1.0157935089089765,
2010-10-05,6.931673168185689e-06,0.05263157894736847,2.6866658783156656e-06,4.245007289870024e-06,1.0157978209598268,0.5104665168799761
2010-10-06,0.0003645180571926299,0.0,0.0,0.0003645180571926299,1.0161680976080236,
2010-10-07,3.0442575424407773e-05,0.34545454545454546,1.768168997759292e-05,1.2760885446814854e-05,1.0161810648127119,0.511838394088216
2010-10-08,6.924178214940115e-05,0.39808612440191393,2.0369081003781917e-05,4.8872701145619234e-05,1.0162307283262022,0.511675231945964
2010-10-11,0.0,0.0,0.0,0.0,1.0162307283262022,
2010-10-12,-8.000438784328082e-05,1.8412231696559835,9.684427662428119e-05,-0.000176848664467562,1.0160510092791069,0.5259779380376562
2010-10-13,-0.0009303666939252419,0.8163265306122449,4.3364670957682304e-05,-0.0009737313648829241,1.0150616485430508,0.5312172192316081
2010-10-14,0.0009198128487983986,0.8163265306122449,4.336079601698734e-05,0.0008764520527814113,1.015951301408616,0.531169751208095
2010-10-15,-0.001887304579439252,1.8412231696559835,9.683078681735811e-05,-0.0019841353662566103,1.0139355165010966,0.5259046725739939
2010-10-18,0.00019554666489855885,0.8938547486033519,4.621414104589331e-05,0.00014933252385266552,1.0140869300507995,0.5170207029509314
2010-10-19,0.00017304092338345787,0.0,0.0,0.00017304092338345787,1.0142624085895666,
2010-10-20,7.347014030612585e-05,0.0,0.0,7.347014030612585e-05,1.0143369265910331,
2010-10-21,-0.0005522165088131045,0.6545454545454545,3.3643001494372784e-05,-0.0005858595103074773,1.0137426676559338,0.5139903006084732
2010-10-22,0.0001169569953110049,0.0,0.0,0.0001169569953110049,1.0138612319523614,
2010-10-25,-7.699527555023919e-05,0.08474576271186438,4.310788546782393e-06,-8.130606409702159e-05,1.0137787988860507,0.5086730485203226
2010-10-26,-4.750996575500776e-05,0.0,0.0,-4.750996575500776e-05,1.0137306342900325,
2010-10-27,5.720286016949158e-05,1.0,5.118129379207165e-05,6.021566377419935e-06,1.0137367385363358,0.5118129379207165
2010-10-28,0.0,0.9999999999999999,5.1186924796120285e-05,-5.1186924796120285e-05,1.0136848484701373,0.5118692479612029
2010-10-29,4.146811794258345e-05,0.0,0.0,4.146811794258345e-05,1.0137268840729903,
2010-11-01,1.1842102894736847e-05,2.0,0.00010701580725190747,-9.517370435717062e-05,1.0136304039302266,0.5350790362595373
2010-11-02,0.007199811313559271,0.847457627118644,4.742539356684449e-05,0.007152385919992427,1.0208802797593735,0.5596196440887651
2010-11-03,-0.006248176249999952,0.7142857142857142,3.96480936215068e-05,-0.006287824343621459,1.0144611638843795,0.5550733107010951
2010-11-04,-0.0013215919642857023,0.816326530612245,4.321315417945053e-05,-0.0013648051184651528,1.013076622095426,0.529361138698269
2010-11-05,0.004515011033163259,0.7075471698113207,4.036729707305035e-05,0.004474643736090208,1.0176097790566647,0.5705244652991117
2010-11-08,7.133197860512494e-05,0.9253731343283582,4.932551641299887e-05,2.200646219212607e-05,1.0176321730477937,0.5330338063985361
2010-11-09,-0.0009481953687557115,1.0,5.169358278718211e-05,-0.0009998889515428935,1.0166146538812286,0.516935827871821
2010-11-10,-0.00032388882462686537,0.0,0.0,-0.00032388882462686537,1.0162853837558845,
2010-11-11,0.0,0.0,0.0,0.0,1.0162853837558845,
2010-11-12,0.0006939969264179099,0.0,0.0,0.0006939969264179099,1.0169906826885746,
2010-11-15,0.000925318675820897,1.0,5.187555315831801e-05,0.000873443122662579,1.017878966206181,0.5187555315831801
2010-11-16,0.0,0.0,0.0,0.0,1.017878966206181,
2010-11-17,0.0,1.0,5.918568530668128e-05,-5.918568530668128e-05,1.0178187223420068,0.5918568530668128
2010-11-18,0.002000044999999988,1.0,5.910807626346708e-05,0.001940936923736521,1.0197942442818706,0.5910807626346708
2010-11-19,0.0,1.0,5.39642040859526e-05,-5.39642040859526e-05,1.0197392118971464,0.5396420408595259
2010-11-22,0.0013822814143030072,1.816326530612245,0.00010446958943288982,0.0012778118248701173,1.0210422467203923,0.5751696496866967
2010-11-23,0.004000090000000115,1.0,5.8515043631743703e-05,0.003941574956368371,1.0250667612694595,0.585150436317437
2010-11-24,-0.0004998637500000496,0.0,0.0,-0.0004998637500000496,1.024554367554171,
2010-11-25,0.0,1.0,5.846813012164204e-05,-5.846813012164204e-05,1.0244944637760922,0.5846813012164205
2010-11-26,0.01600144000000004,1.7633587786259541,0.00010470558307527743,0.01589673441692476,1.0407805801783505,0.593784908348976
2010-11-29,-0.0020935977099236693,0.0,0.0,-0.0020935977099236693,1.0386016043391562,
2010-11-30,-0.0005935173759542209,0.8928571428571429,4.9516748526966624e-05,-0.0006430341244811875,1.0379337480658253,0.5545875835020261
2010-12-01,-0.005013907400831515,0.5794392523364486,3.13401376387083e-05,-0.005045247538470223,1.032697115378301,0.5408701173131917
2010-12-02,-0.000721551843291058,0.5794392523364486,3.1288334389882973e-05,-0.000752840177680941,1.031919659498469,0.5399760935028192
2010-12-03,-0.001107226489231202,0.0,0.0,-0.001107226489231202,1.0307770907167138,
2010-12-06,0.0028980788084446577,0.0,0.0,0.0028980788084446577,1.0337643639595502,
2010-12-07,-0.006897801558410549,0.0,0.0,-0.006897801558410549,1.0266336625188006,
2010-12-08,-0.002737028578414706,0.8928571428571429,4.825278884958491e-05,-0.002785281367264291,1.0237741989075806,0.540431235115351
2010-12-09,0.0008321912732889272,0.5794392523364486,3.153203227288699e-05,0.0008006592410160402,1.0245938931806498,0.5441818472901465
2010-12-10,-0.0011706922572469456,0.8928571428571429,4.825619674218688e-05,-0.0012189484539891324,1.0233449660385905,0.5404694035124931
2010-12-13,0.0011323828723714944,0.42056074766355145,2.2894457265093718e-05,0.0011094884151064007,1.0244803554230677,0.5443793171922284
2010-12-14,-0.004109277822066342,0.0,0.0,-0.004109277822066342,1.020270481019385,
2010-12-15,-0.000906848692602025,0.0,0.0,-0.000906848692602025,1.0193452500675722,
2010-12-16,0.0007232181186224278,0.0,0.0,0.0007232181186224278,1.020082459021553,
2010-12-17,0.0031458625095663406,0.0,0.0,0.0031458625095663406,1.023291498186055,
2010-12-20,-0.0006772780707908299,0.0,0.0,-0.0006772780707908299,1.0225984452943069,
2010-12-21,8.035703125000022e-05,0.0,0.0,8.035703125000022e-05,1.0226806182695316,
2010-12-22,-0.00041326177295918066,0.42056074766355145,2.2964046959224262e-05,-0.0004362258199184049,1.0222344985783123,0.546034005474888
2010-12-23,-0.0012930457939752996,0.0,0.0,-0.0012930457939752996,1.020912702559469,
2010-12-24,0.0,0.0,0.0,0.0,1.020912702559469,
2010-12-27,0.0004911369125500653,0.9473684210526316,5.048065261250788e-05,0.00044065625993755747,1.0213625741327017,0.5328513331320276
2010-12-28,0.0012712229300563876,0.6545454545454545,3.400253087667442e-05,0.0012372203991797132,1.0226262247443774,0.5194831106158591
2010-12-29,-0.0001717729501913872,1.6019138755980862,8.467559155903776e-05,-0.00025644854175042495,1.0223639737402859,0.5285901623607793
2010-12-30,-0.00020006614819760514,0.9000000000000001,4.794739077885949e-05,-0.00024801353897646464,1.0221104136330366,0.532748786431772
2010-12-31,-0.0009096869352142869,0.9000000000000001,4.795692109294655e-05,-0.0009576438563072334,1.0211315958749532,0.5328546788105172
2011-01-03,-0.00011972173356142085,0.42056074766355145,2.3060250976895638e-05,-0.0001427819845383165,1.0209857966792193,0.5483215232284073
2011-01-04,-0.0003328624681122515,0.0,0.0,-0.0003328624681122515,1.0206459488270292,
2011-01-05,-0.002720447327806127,0.0,0.0,-0.002720447327806127,1.0178693352829067,
2011-01-06,0.0008035854177295965,0.9473684210526316,5.060303142668304e-05,0.0007529823863029134,1.0186357729639326,0.5341431095038767
2011-01-07,-0.0009592362147368397,1.0545112781954888,5.6279708808792735e-05,-0.0010155159235456324,1.0176013321161945,0.533704190486234
2011-01-10,0.0006447004107143065,0.0,0.0,0.0006447004107143065,1.0182573801129533,
2011-01-11,-0.0011956933903061336,0.9473684210526316,5.064752357812893e-05,-0.0012463409138842626,1.016988284279254,0.5346127488802498
2011-01-12,7.815780263157807e-05,1.0545112781954888,5.6257782745685726e-05,2.190001988589234e-05,1.0170105563429035,0.5334962641836862
2011-01-13,0.00098726036989796,0.0,0.0,0.00098726036989796,1.0180146105609487,
2011-01-14,-0.0006772813073979707,0.10714285714285712,5.610894231244017e-06,-0.0006828922016292148,1.017319416322252,0.5236834615827751
2011-01-17,0.0,0.0,0.0,0.0,1.017319416322252,
2011-01-18,-0.0008283468341836615,1.0,5.4605358527218584e-05,-0.00088295219271088,1.016421171912923,0.546053585272186
2011-01-19,0.0018367759693877315,1.0,5.787154184245262e-05,0.001778904427545279,1.0182292880358899,0.5787154184245263
2011-01-20,0.0034435342857143244,1.9404388714733543,0.00010609713106542317,0.0033374371546489013,1.0216275642937325,0.5467687368315022
2011-01-21,-8.595317632013865e-05,0.9930704504207227,5.217899644649778e-05,-0.00013813217276663643,1.0214864446585183,0.5254309643831583
2011-01-24,1.1839013157896464e-05,1.8402255639097744,0.00010129518571889165,-8.945617256099519e-05,1.0213950663908562,0.5504498345500547
2011-01-25,-0.0034288451785714083,0.0,0.0,-0.0034288451785714083,1.0178928608420452,
2011-01-26,0.004943396326530609,1.8402255639097744,0.00010128251321951942,0.00484211381331109,1.0228216139239992,0.5503809707128123
2011-01-27,-0.0004110964320770689,1.8928571428571428,0.00010529125701196722,-0.0005163876890890361,1.0222934414344347,0.5562556974217137
2011-01-28,-0.0006737082156488525,1.8805114638447973,0.0001046973412465655,-0.0007784055568954179,1.0214976825388444,0.5567492847531313
2011-01-31,0.0008221690503747783,1.0,5.2724639492255976e-05,0.0007694444108825223,1.0222836682214034,0.5272463949225599
2011-02-01,0.0,1.0,5.60351542689137e-05,-5.60351542689137e-05,1.0222263843983481,0.560351542689137
2011-02-02,-0.0013571045535714222,1.9753086419753088,0.0001071395545638111,-0.0014642441081352334,1.0207295954378124,0.5423939949792936
2011-02-03,-2.4688838271605374e-05,1.0,5.1768504868500484e-05,-7.645734314010586e-05,1.0206515531648808,0.5176850486850049
2011-02-04,0.00016231090210998863,0.34545454545454546,1.784768188061927e-05,0.00014446322022936936,1.0207989997749831,0.5166434228600315
2011-02-07,1.2346237037036887e-05,0.0,0.0,1.2346237037036887e-05,1.0208116028014014,
2011-02-08,-4.937924135802388e-05,0.01234567901234565,6.240370189173709e-07,-5.000327837694125e-05,1.0207605588746562,0.5054699853230716
2011-02-09,-3.5000022499999934e-05,0.15877683034401652,8.10972231939937e-06,-4.31097448193993e-05,1.0207165541474414,0.5107623260792081
2011-02-10,0.00015307662223464012,0.0,0.0,0.00015307662223464012,1.0208728019898092,
2011-02-11,-0.0002310714260511626,0.34545454545454546,1.788148666832512e-05,-0.0002489529127194877,1.0206186527322376,0.5176219825041483
2011-02-14,6.21816807177025e-05,0.34545454545454546,1.7877886918541558e-05,4.430379379916094e-05,1.020663870010576,0.5175177792209399
2011-02-15,-1.877395747574338e-05,0.3980861244019139,2.055495849124753e-05,-3.932891596699091e-05,1.0206237284070017,0.5163445101767709
2011-02-16,4.3590722500000075e-05,0.3980861244019139,2.053977139646521e-05,2.3050951103534866e-05,1.0206472547546601,0.5159630074352439
2011-02-17,-0.00013632919130549985,0.3980861244019139,2.0551026818330394e-05,-0.00015688021812383023,1.0204871353907066,0.5162457457970013
2011-02-18,-4.3591095681818e-05,0.052631578947368446,2.678457204028258e-06,-4.626955288584626e-05,1.0204399179072263,0.5089068687653687
2011-02-21,0.0,0.0,0.0,0.0,1.0204399179072263,
2011-02-22,1.77473927272725e-05,1.0526315789473686,5.455524134486906e-05,-3.680784861759656e-05,1.0204023577092047,0.518274792776256
2011-02-23,0.0,1.0,5.1794281101145384e-05,-5.1794281101145384e-05,1.0203495067026533,0.5179428110114539
2011-02-24,-7.46818752272729e-05,0.0,0.0,-7.46818752272729e-05,1.0202733050881054,
2011-02-25,-5.954545455208416e-11,0.0,0.0,-5.954545455208416e-11,1.0202733050273527,
2011-02-28,-0.00018045498954545456,0.0,0.0,-0.00018045498954545456,1.0200891916187604,
2011-03-01,-8.077311340909091e-05,0.6545454545454545,3.405699843405755e-05,-0.00011483011184314847,1.0199720546627968,0.5203152538536571
2011-03-02,0.00028249887749999997,1.0,5.2662449672205035e-05,0.00022983642782779492,1.0202064813963245,0.5266244967220504
2011-03-03,0.0,1.0,5.1757335727820455e-05,-5.1757335727820455e-05,1.0201536782269551,0.5175733572782046
2011-03-04,-0.00013000022249999997,2.0,0.00010718152709773514,-0.0002371817495977351,1.0199117163926947,0.5359076354886757
2011-03-07,0.00035999899999999784,1.309090909090909,6.954316846726174e-05,0.0002904558315327361,1.0202079556983694,0.5312325369026939
2011-03-08,0.00024872646272727306,0.0,0.0,0.00024872646272727306,1.0204617084144365,
2011-03-09,-0.00018654623181818233,1.0,5.233106418805376e-05,-0.0002388772960062361,1.0202179432808525,0.5233106418805376
2011-03-10,0.0,0.0,0.0,0.0,1.0202179432808525,
2011-03-11,0.0,0.0,0.0,0.0,1.0202179432808525,
2011-03-14,0.0,0.0,0.0,0.0,1.0202179432808525,
2011-03-15,0.0,0.0,0.0,0.0,1.0202179432808525,
2011-03-16,0.0,0.0,0.0,0.0,1.0202179432808525,
2011-03-17,0.0,0.0,0.0,0.0,1.0202179432808525,
2011-03-18,0.0,1.0,5.234299854557305e-05,-5.234299854557305e-05,1.020164542014531,0.5234299854557305
2011-03-21,-9.999993999999993e-05,1.0,5.2214487480718707e-05,-0.00015221442748071865,1.0200092582528322,0.5221448748071871
2011-03-22,0.0,0.0,0.0,0.0,1.0200092582528322,
2011-03-23,0.0,0.0,0.0,0.0,1.0200092582528322,
2011-03-24,0.0,1.0,5.230082274648319e-05,-5.230082274648319e-05,1.0199559109294165,0.5230082274648319
2011-03-25,-4.999998499999991e-05,0.0,0.0,-4.999998499999991e-05,1.0199049131491693,
2011-03-28,0.0,1.0,5.230409444773982e-05,-5.230409444773982e-05,1.0198515679462643,0.5230409444773982
2011-03-29,0.0,0.0,0.0,0.0,1.0198515679462643,
2011-03-30,0.0,0.0,0.0,0.0,1.0198515679462643,
2011-03-31,0.0,0.0,0.0,0.0,1.0198515679462643,
2011-04-01,0.0,1.0,5.28276280211493e-05,-5.28276280211493e-05,1.019797691606996,0.528276280211493
2011-04-04,-0.0002850004500000003,0.0,0.0,-0.0002850004500000003,1.019507048805979,
2011-04-05,0.0005699982000000002,1.0,5.33133866471401e-05,0.0005166848133528601,1.0200338126152033,0.533133866471401
2011-04-06,0.0,0.0,0.0,0.0,1.0200338126152033,
2011-04-07,0.0,0.0,0.0,0.0,1.0200338126152033,
2011-04-08,0.0,0.0,0.0,0.0,1.0200338126152033,
2011-04-11,0.0,1.0,5.332411153755772e-05,-5.332411153755772e-05,1.0199794202184074,0.5332411153755772
2011-04-12,-0.00019000020000000005,1.0,5.335405985547729e-05,-0.00024335425985547735,1.0197312038815323,0.5335405985547729
2011-04-13,0.0,0.0,0.0,0.0,1.0197312038815323,
2011-04-14,0.0,0.0,0.0,0.0,1.0197312038815323,
2011-04-15,0.0,0.0,0.0,0.0,1.0197312038815323,
2011-04-18,0.0,0.0,0.0,0.0,1.0197312038815323,
2011-04-19,0.0,0.0,0.0,0.0,1.0197312038815323,
2011-04-20,0.0,0.0,0.0,0.0,1.0197312038815323,
2011-04-21,0.0,0.0,0.0,0.0,1.0197312038815323,
2011-04-22,0.0,0.0,0.0,0.0,1.0197312038815323,
2011-04-25,0.0,0.0,0.0,0.0,1.0197312038815323,
2011-04-26,0.0,0.0,0.0,0.0,1.0197312038815323,
2011-04-27,0.0,0.0,0.0,0.0,1.0197312038815323,
2011-04-28,0.0,0.0,0.0,0.0,1.0197312038815323,
2011-04-29,0.0,0.0,0.0,0.0,1.0197312038815323,
2011-05-02,0.0,0.0,0.0,0.0,1.0197312038815323,
2011-05-03,0.0,0.0,0.0,0.0,1.0197312038815323,
2011-05-04,0.0,0.0,0.0,0.0,1.0197312038815323,
2011-05-05,0.0,0.0,0.0,0.0,1.0197312038815323,
2011-05-06,0.0,0.0,0.0,0.0,1.0197312038815323,
2011-05-09,0.0,0.0,0.0,0.0,1.0197312038815323,
2011-05-10,0.0,0.0,0.0,0.0,1.0197312038815323,
2011-05-11,0.0,0.0,0.0,0.0,1.0197312038815323,
2011-05-12,0.0,0.0,0.0,0.0,1.0197312038815323,
2011-05-13,0.0,0.0,0.0,0.0,1.0197312038815323,
2011-05-16,0.0,0.0,0.0,0.0,1.0197312038815323,
2011-05-17,0.0,0.0,0.0,0.0,1.0197312038815323,
2011-05-18,0.0,0.0,0.0,0.0,1.0197312038815323,
2011-05-19,0.0,0.0,0.0,0.0,1.0197312038815323,
2011-05-20,0.0,0.0,0.0,0.0,1.0197312038815323,
2011-05-23,0.0,0.0,0.0,0.0,1.0197312038815323,
2011-05-24,0.0,0.0,0.0,0.0,1.0197312038815323,
2011-05-25,0.0,0.0,0.0,0.0,1.0197312038815323,
2011-05-26,0.0,0.0,0.0,0.0,1.0197312038815323,
2011-05-27,0.0,1.0,5.257285555120809e-05,-5.257285555120809e-05,1.0196775937002496,0.5257285555120809
2011-05-30,0.0,0.0,0.0,0.0,1.0196775937002496,
2011-05-31,-4.999998499999991e-05,0.0,0.0,-4.999998499999991e-05,1.0196266098358597,
2011-06-01,5.0000014999999915e-05,1.0,5.259798560238642e-05,-2.597970602386504e-06,1.019623960875902,0.5259798560238642
2011-06-02,0.0,1.0,5.257870461940182e-05,-5.257870461940182e-05,1.0195703503688403,0.5257870461940182
2011-06-03,5.0000015000000024e-05,1.0,5.257870461940182e-05,-2.5786896194017936e-06,1.0195677212133616,0.5257870461940182
2011-06-06,0.0,0.0,0.0,0.0,1.0195677212133616,
2011-06-07,0.0,0.0,0.0,0.0,1.0195677212133616,
2011-06-08,0.0,1.0,5.257870461940182e-05,-5.257870461940182e-05,1.0195141136633084,0.5257870461940182
2011-06-09,5.0000015000000024e-05,1.0,5.259798560238642e-05,-2.5979706023863955e-06,1.0195114649956123,0.5259798560238642
2011-06-10,0.0,1.0,5.6286700157479794e-05,-5.6286700157479794e-05,1.019454080059475,0.562867001574798
2011-06-13,0.0002699995000000007,1.0,5.6097142055335257e-05,0.00021390235794466544,1.0196721436910159,0.5609714205533526
2011-06-14,0.0,0.0,0.0,0.0,1.0196721436910159,
2011-06-15,0.0,1.0,5.6623180914313664e-05,-5.6623180914313664e-05,1.0196144066107504,0.5662318091431366
2011-06-16,0.0,1.0,5.6475671550804464e-05,-5.6475671550804464e-05,1.0195568232024141,0.5647567155080446
2011-06-17,0.0,0.0,0.0,0.0,1.0195568232024141,
2011-06-20,0.0,1.0,5.304719928789426e-05,-5.304719928789426e-05,1.0195027385684283,0.5304719928789425
2011-06-21,0.00013499974999999918,1.0,5.303484121059906e-05,8.196490878940013e-05,1.0195863020174056,0.5303484121059906
2011-06-22,-0.0002700004999999984,1.0,5.30363538428722e-05,-0.0003230368538428706,1.0192569380661807,0.530363538428722
2011-06-23,-0.0007600089700000011,1.0,5.308849855921385e-05,-0.0008130974685592149,1.0184281828300277,0.5308849855921385
2011-06-24,0.0,1.0,5.627320550792279e-05,-5.627320550792279e-05,1.0183708726116003,0.5627320550792279
2011-06-27,0.0018899755000000029,0.0,0.0,0.0018899755000000029,1.0202955686107498,
2011-06-28,0.002969939499999999,0.0,0.0,0.002969939499999999,1.0233257847216417,
2011-06-29,0.001079992000000003,2.0,0.00010899485195706252,0.0009709971480429405,1.0243194311401251,0.5449742597853127
2011-06-30,5.0000015000000024e-05,0.0,0.0,5.0000015000000024e-05,1.024370647127047,
2011-07-01,0.0,1.0,5.237532830519042e-05,-5.237532830519042e-05,1.0243169953780977,0.5237532830519042
2011-07-04,0.0,0.0,0.0,0.0,1.0243169953780977,
2011-07-05,0.0,1.0,5.658596993615974e-05,-5.658596993615974e-05,1.0242590334073922,0.5658596993615974
2011-07-06,-0.0005400020000000014,1.0,5.658596993615974e-05,-0.0005965879699361612,1.023647972789963,0.5658596993615974
2011-07-07,0.0,0.0,0.0,0.0,1.023647972789963,
2011-07-08,0.0,0.0,0.0,0.0,1.023647972789963,
2011-07-11,0.0,0.0,0.0,0.0,1.023647972789963,
2011-07-12,0.0,0.0,0.0,0.0,1.023647972789963,
2011-07-13,0.0,0.0,0.0,0.0,1.023647972789963,
2011-07-14,0.0,0.0,0.0,0.0,1.023647972789963,
2011-07-15,0.0,0.0,0.0,0.0,1.023647972789963,
2011-07-18,0.0,0.0,0.0,0.0,1.023647972789963,
2011-07-19,0.0,0.0,0.0,0.0,1.023647972789963,
2011-07-20,0.0,1.0,5.715817063080093e-05,-5.715817063080093e-05,1.0235894629444684,0.5715817063080093
2011-07-21,0.001349987499999999,1.0,5.7168473034734625e-05,0.0012928190269652644,1.0249127788779642,0.5716847303473462
2011-07-22,0.0,1.0,5.7179842703216964e-05,-5.7179842703216964e-05,1.0248541745264834,0.5717984270321697
2011-07-25,0.0008099954999999998,1.0,5.721619334051434e-05,0.0007527793066594855,1.0256256635414105,0.5721619334051434
2011-07-26,0.0,0.0,0.0,0.0,1.0256256635414105,
2011-07-27,0.0,0.0,0.0,0.0,1.0256256635414105,
2011-07-28,0.0,0.0,0.0,0.0,1.0256256635414105,
2011-07-29,0.0,1.0,5.775412228620226e-05,-5.775412228620226e-05,1.0255664294314184,0.5775412228620226
2011-08-01,0.0,0.0,0.0,0.0,1.0255664294314184,
2011-08-02,-0.0013500125000000013,1.0,5.753574345227669e-05,-0.001407548243452278,1.0241228952051287,0.5753574345227669
2011-08-03,0.0,0.0,0.0,0.0,1.0241228952051287,
2011-08-04,0.0,0.0,0.0,0.0,1.0241228952051287,
2011-08-05,0.0,0.0,0.0,0.0,1.0241228952051287,
2011-08-08,0.0,0.0,0.0,0.0,1.0241228952051287,
2011-08-09,0.0,0.0,0.0,0.0,1.0241228952051287,
2011-08-10,0.0,0.0,0.0,0.0,1.0241228952051287,
2011-08-11,0.0,0.0,0.0,0.0,1.0241228952051287,
2011-08-12,0.0,0.0,0.0,0.0,1.0241228952051287,
2011-08-15,0.0,0.0,0.0,0.0,1.0241228952051287,
2011-08-16,0.0,0.0,0.0,0.0,1.0241228952051287,
2011-08-17,0.0,0.0,0.0,0.0,1.0241228952051287,
2011-08-18,0.0,0.0,0.0,0.0,1.0241228952051287,
2011-08-19,0.0,0.0,0.0,0.0,1.0241228952051287,
2011-08-22,0.0,0.0,0.0,0.0,1.0241228952051287,
2011-08-23,0.0,0.0,0.0,0.0,1.0241228952051287,
2011-08-24,0.0,0.0,0.0,0.0,1.0241228952051287,
2011-08-25,0.0,0.0,0.0,0.0,1.0241228952051287,
2011-08-26,0.0,1.0,5.350839724434184e-05,-5.350839724434184e-05,1.024068096030425,0.5350839724434184
2011-08-29,0.000149999865,1.0,5.3660498149751136e-05,9.633936685024888e-05,1.024166754102408,0.5366049814975113
2011-08-30,0.0,0.0,0.0,0.0,1.024166754102408,
2011-08-31,0.0,0.0,0.0,0.0,1.024166754102408,
2011-09-01,0.0,0.0,0.0,0.0,1.024166754102408,
2011-09-02,0.0,0.0,0.0,0.0,1.024166754102408,
2011-09-05,0.0,0.0,0.0,0.0,1.024166754102408,
2011-09-06,0.0,0.0,0.0,0.0,1.024166754102408,
2011-09-07,0.0,0.0,0.0,0.0,1.024166754102408,
2011-09-08,0.0,0.0,0.0,0.0,1.024166754102408,
2011-09-09,0.0,0.0,0.0,0.0,1.024166754102408,
2011-09-12,0.0,0.0,0.0,0.0,1.024166754102408,
2011-09-13,0.0,0.0,0.0,0.0,1.024166754102408,
2011-09-14,0.0,0.0,0.0,0.0,1.024166754102408,
2011-09-15,0.0,0.0,0.0,0.0,1.024166754102408,
2011-09-16,0.0,0.0,0.0,0.0,1.024166754102408,
2011-09-19,0.0,0.0,0.0,0.0,1.024166754102408,
2011-09-20,0.0,0.0,0.0,0.0,1.024166754102408,
2011-09-21,0.0,0.0,0.0,0.0,1.024166754102408,
2011-09-22,0.0,0.0,0.0,0.0,1.024166754102408,
2011-09-23,0.0,1.0,5.369659078442492e-05,-5.369659078442492e-05,1.024111759839318,0.5369659078442492
2011-09-26,4.999998499999998e-05,0.0,0.0,4.999998499999998e-05,1.0241629654119484,
2011-09-27,4.999998500000002e-05,1.0,5.367820475329423e-05,-3.67821975329421e-06,1.0241591983154983,0.5367820475329423
2011-09-28,0.0,0.0,0.0,0.0,1.0241591983154983,
2011-09-29,0.0,0.0,0.0,0.0,1.0241591983154983,
2011-09-30,0.0,0.0,0.0,0.0,1.0241591983154983,
2011-10-03,0.0,0.0,0.0,0.0,1.0241591983154983,
2011-10-04,0.0,0.0,0.0,0.0,1.0241591983154983,
2011-10-05,0.0,0.0,0.0,0.0,1.0241591983154983,
2011-10-06,0.0,0.0,0.0,0.0,1.0241591983154983,
2011-10-07,0.0,0.0,0.0,0.0,1.0241591983154983,
2011-10-10,0.0,0.0,0.0,0.0,1.0241591983154983,
2011-10-11,0.0,0.0,0.0,0.0,1.0241591983154983,
2011-10-12,0.0,0.0,0.0,0.0,1.0241591983154983,
2011-10-13,0.0,0.0,0.0,0.0,1.0241591983154983,
2011-10-14,0.0,0.0,0.0,0.0,1.0241591983154983,
2011-10-17,0.0,0.0,0.0,0.0,1.0241591983154983,
2011-10-18,0.0,0.0,0.0,0.0,1.0241591983154983,
2011-10-19,0.0,0.0,0.0,0.0,1.0241591983154983,
2011-10-20,0.0,0.0,0.0,0.0,1.0241591983154983,
2011-10-21,0.0,0.0,0.0,0.0,1.0241591983154983,
2011-10-24,0.0,0.0,0.0,0.0,1.0241591983154983,
2011-10-25,0.0,0.0,0.0,0.0,1.0241591983154983,
2011-10-26,0.0,0.0,0.0,0.0,1.0241591983154983,
2011-10-27,0.0,0.0,0.0,0.0,1.0241591983154983,
2011-10-28,0.0,0.0,0.0,0.0,1.0241591983154983,
2011-10-31,0.0,0.0,0.0,0.0,1.0241591983154983,
2011-11-01,0.0,1.0,5.61667907301614e-05,-5.61667907301614e-05,1.0241016745801321,0.561667907301614
2011-11-02,-0.0004500012500000051,0.0,0.0,-0.0004500012500000051,1.023640827546444,
2011-11-03,0.0008999950000000024,1.183673469387755,6.528305936390415e-05,0.0008347119406360982,1.0244952727681194,0.5515292946260868
2011-11-04,0.000465316339285702,0.9,4.7572545687380886e-05,0.0004177437935983211,1.0249232493098892,0.5285838409708987
2011-11-07,0.0008225074932499951,1.9000000000000001,0.00010124555259849143,0.0007212619406515037,1.0256624874417053,0.5328713294657443
2011-11-08,0.0013037154906542048,0.9000000000000001,4.759448909834126e-05,0.0012561210015558635,1.0269508436326888,0.5288276566482362
2011-11-09,2.2499118250000397e-05,2.0,0.00011317159788653055,-9.067247963653015e-05,1.0268577274532318,0.5658579894326528
2011-11-10,0.0024799639999999955,2.0,0.00011410103323260038,0.002365862966767395,1.0292871321227521,0.5705051661630018
2011-11-11,0.0,0.0,0.0,0.0,1.0292871321227521,
2011-11-14,4.999998500000002e-05,1.0,5.2646818791967845e-05,-2.6468337919678233e-06,1.0292844077707892,0.5264681879196784
2011-11-15,0.0,0.0,0.0,0.0,1.0292844077707892,
2011-11-16,0.0,0.0,0.0,0.0,1.0292844077707892,
2011-11-17,0.0,1.0,5.1772091234118416e-05,-5.1772091234118416e-05,1.0292311195645243,0.5177209123411841
2011-11-18,-0.00017999949999999968,1.0,5.1762205900831436e-05,-0.00023176170590083112,1.028992583204488,0.5176220590083144
2011-11-21,0.0,0.0,0.0,0.0,1.028992583204488,
2011-11-22,0.0,0.0,0.0,0.0,1.028992583204488,
2011-11-23,0.0,0.0,0.0,0.0,1.028992583204488,
2011-11-24,0.0,0.0,0.0,0.0,1.028992583204488,
2011-11-25,0.0,0.0,0.0,0.0,1.028992583204488,
2011-11-28,0.0,0.0,0.0,0.0,1.028992583204488,
2011-11-29,0.0,0.0,0.0,0.0,1.028992583204488,
2011-11-30,0.0,0.0,0.0,0.0,1.028992583204488,
2011-12-01,0.0,0.0,0.0,0.0,1.028992583204488,
2011-12-02,0.0,0.0,0.0,0.0,1.028992583204488,
2011-12-05,0.0,0.0,0.0,0.0,1.028992583204488,
2011-12-06,0.0,1.0,6.720189189437496e-05,-6.720189189437496e-05,1.0289234329561514,0.6720189189437495
2011-12-07,0.0,1.0,6.720189189437496e-05,-6.720189189437496e-05,1.0288542873548423,0.6720189189437495
2011-12-08,0.0,0.0,0.0,0.0,1.0288542873548423,
2011-12-09,0.0,0.0,0.0,0.0,1.0288542873548423,
2011-12-12,0.0,0.0,0.0,0.0,1.0288542873548423,
2011-12-13,0.0,0.0,0.0,0.0,1.0288542873548423,
2011-12-14,0.0,0.0,0.0,0.0,1.0288542873548423,
2011-12-15,0.0,0.0,0.0,0.0,1.0288542873548423,
2011-12-16,0.0,0.0,0.0,0.0,1.0288542873548423,
2011-12-19,0.0,0.0,0.0,0.0,1.0288542873548423,
2011-12-20,0.0,0.0,0.0,0.0,1.0288542873548423,
2011-12-21,0.0,0.0,0.0,0.0,1.0288542873548423,
2011-12-22,0.0,1.0,5.227820261528883e-05,-5.227820261528883e-05,1.0288005007019463,0.5227820261528883
2011-12-23,4.999998500000002e-05,1.0,5.227820261528883e-05,-2.2782176152888066e-06,1.028798156870523,0.5227820261528883
2011-12-26,0.0,0.0,0.0,0.0,1.028798156870523,
2011-12-27,0.0,0.0,0.0,0.0,1.028798156870523,
2011-12-28,0.0,0.0,0.0,0.0,1.028798156870523,
2011-12-29,0.0,0.0,0.0,0.0,1.028798156870523,
2011-12-30,0.0,0.0,0.0,0.0,1.028798156870523,
2012-01-02,0.0,0.0,0.0,0.0,1.028798156870523,
2012-01-03,0.0,0.0,0.0,0.0,1.028798156870523,
2012-01-04,0.0,0.0,0.0,0.0,1.028798156870523,
2012-01-05,0.0,0.0,0.0,0.0,1.028798156870523,
2012-01-06,0.0,0.0,0.0,0.0,1.028798156870523,
2012-01-09,0.0,1.0,5.930706553788861e-05,-5.930706553788861e-05,1.028737141870808,0.5930706553788861
2012-01-10,0.0012399910000000032,1.0,5.932123336499595e-05,0.0011806697666350073,1.0299517407120293,0.5932123336499595
2012-01-11,0.0,1.0,5.942649229894913e-05,-5.942649229894913e-05,1.0298905342928417,0.5942649229894913
2012-01-12,0.0018599797499999995,1.0,5.944167773493479e-05,0.0018005380722650648,1.0317448914101013,0.594416777349348
2012-01-13,0.0,0.0,0.0,0.0,1.0317448914101013,
2012-01-16,0.0,0.0,0.0,0.0,1.0317448914101013,
2012-01-17,0.0,0.0,0.0,0.0,1.0317448914101013,
2012-01-18,0.0,0.0,0.0,0.0,1.0317448914101013,
2012-01-19,0.0,0.0,0.0,0.0,1.0317448914101013,
2012-01-20,0.0,0.0,0.0,0.0,1.0317448914101013,
2012-01-23,0.0,0.0,0.0,0.0,1.0317448914101013,
2012-01-24,0.0,0.0,0.0,0.0,1.0317448914101013,
2012-01-25,0.0,0.0,0.0,0.0,1.0317448914101013,
2012-01-26,0.0,0.0,0.0,0.0,1.0317448914101013,
2012-01-27,0.0,0.0,0.0,0.0,1.0317448914101013,
2012-01-30,0.0,0.0,0.0,0.0,1.0317448914101013,
2012-01-31,0.0,0.0,0.0,0.0,1.0317448914101013,
2012-02-01,0.0,0.0,0.0,0.0,1.0317448914101013,
2012-02-02,0.0,1.0,5.725640181023892e-05,-5.725640181023892e-05,1.0316858174100332,0.5725640181023892
2012-02-03,0.0061997750000000055,1.0,5.759869153172772e-05,0.006142176308468278,1.038022613595512,0.5759869153172772
2012-02-06,0.0,0.0,0.0,0.0,1.038022613595512,
2012-02-07,0.0,0.0,0.0,0.0,1.038022613595512,
2012-02-08,0.0,0.0,0.0,0.0,1.038022613595512,
2012-02-09,0.0,0.0,0.0,0.0,1.038022613595512,
2012-02-10,0.0,0.0,0.0,0.0,1.038022613595512,
2012-02-13,0.0,0.0,0.0,0.0,1.038022613595512,
2012-02-14,0.0,0.0,0.0,0.0,1.038022613595512,
2012-02-15,0.0,0.0,0.0,0.0,1.038022613595512,
2012-02-16,0.0,0.0,0.0,0.0,1.038022613595512,
2012-02-17,0.0,0.0,0.0,0.0,1.038022613595512,
2012-02-20,0.0,0.0,0.0,0.0,1.038022613595512,
2012-02-21,0.0,0.0,0.0,0.0,1.038022613595512,
2012-02-22,0.0,0.0,0.0,0.0,1.038022613595512,
2012-02-23,0.0,0.0,0.0,0.0,1.038022613595512,
2012-02-24,0.0,0.0,0.0,0.0,1.038022613595512,
2012-02-27,0.0,0.0,0.0,0.0,1.038022613595512,
2012-02-28,0.0,0.0,0.0,0.0,1.038022613595512,
2012-02-29,0.0,0.0,0.0,0.0,1.038022613595512,
2012-03-01,0.0,0.0,0.0,0.0,1.038022613595512,
2012-03-02,0.0,1.0,5.768109320979105e-05,-5.768109320979105e-05,1.0379627393163833,0.5768109320979105
2012-03-05,0.0012399909999999926,1.0,5.7669262991614264e-05,0.0011823217370083784,1.0391899452252817,0.5766926299161427
2012-03-06,0.0,1.0,5.766926299161426e-05,-5.766926299161426e-05,1.0391300159070322,0.5766926299161426
2012-03-07,0.0012399909999999926,0.0,0.0,0.0012399909999999926,1.0404185277745868,
2012-03-08,0.0024799639999999955,0.0,0.0,0.0024799639999999955,1.0429987282684008,
2012-03-09,0.0012399910000000032,0.0,0.0,0.0012399910000000032,1.044292037304465,
2012-03-12,0.0,0.0,0.0,0.0,1.044292037304465,
2012-03-13,0.005579817749999999,0.0,0.0,0.005579817749999999,1.0501189965504,
2012-03-14,0.010539349749999991,1.0,5.837551872798774e-05,0.010480974231272004,1.061125266693014,0.5837551872798774
2012-03-15,0.0,0.0,0.0,0.0,1.061125266693014,
2012-03-16,0.0,0.0,0.0,0.0,1.061125266693014,
2012-03-19,0.0,0.0,0.0,0.0,1.061125266693014,
2012-03-20,0.0,0.0,0.0,0.0,1.061125266693014,
2012-03-21,0.0,0.0,0.0,0.0,1.061125266693014,
2012-03-22,0.0,0.0,0.0,0.0,1.061125266693014,
2012-03-23,0.0,0.0,0.0,0.0,1.061125266693014,
2012-03-26,0.0,0.0,0.0,0.0,1.061125266693014,
2012-03-27,0.0,0.0,0.0,0.0,1.061125266693014,
2012-03-28,0.0,0.0,0.0,0.0,1.061125266693014,
2012-03-29,0.0,0.0,0.0,0.0,1.061125266693014,
2012-03-30,0.0,1.0,5.191140890247666e-05,-5.191140890247666e-05,1.0610701821853978,0.5191140890247666
2012-04-02,5.0000014999999915e-05,1.0,5.194993843159359e-05,-1.949923431593674e-06,1.061068113179787,0.5194993843159359
2012-04-03,0.0,0.0,0.0,0.0,1.061068113179787,
2012-04-04,0.0,0.0,0.0,0.0,1.061068113179787,
2012-04-05,0.0,0.0,0.0,0.0,1.061068113179787,
2012-04-06,0.0,1.0,5.913268703933925e-05,-5.913268703933925e-05,1.0610053693711228,0.5913268703933925
2012-04-09,0.0,0.0,0.0,0.0,1.0610053693711228,
2012-04-10,-0.003100056249999992,0.0,0.0,-0.003100056249999992,1.0577161930445202,
2012-04-11,0.0024799639999999955,0.0,0.0,0.0024799639999999955,1.0603392911254876,
2012-04-12,0.0018599797499999995,1.0,5.9027757393242865e-05,0.0018009519926067566,1.0622489112846794,0.5902775739324286
2012-04-13,0.0,0.0,0.0,0.0,1.0622489112846794,
2012-04-16,0.0,1.0,5.468595040467127e-05,-5.468595040467127e-05,1.0621908211933995,0.5468595040467127
2012-04-17,0.0009299898749999944,1.0,5.4692514617385324e-05,0.0008752973603826091,1.0631205540154125,0.5469251461738532
2012-04-18,0.0,0.0,0.0,0.0,1.0631205540154125,
2012-04-19,0.0,0.0,0.0,0.0,1.0631205540154125,
2012-04-20,0.0,0.0,0.0,0.0,1.0631205540154125,
2012-04-23,0.0,0.0,0.0,0.0,1.0631205540154125,
2012-04-24,0.0,0.0,0.0,0.0,1.0631205540154125,
2012-04-25,0.0,0.0,0.0,0.0,1.0631205540154125,
2012-04-26,0.0,0.0,0.0,0.0,1.0631205540154125,
2012-04-27,0.0,0.0,0.0,0.0,1.0631205540154125,
2012-04-30,0.0,0.0,0.0,0.0,1.0631205540154125,
2012-05-01,0.0,0.0,0.0,0.0,1.0631205540154125,
2012-05-02,0.0,0.0,0.0,0.0,1.0631205540154125,
2012-05-03,0.0,0.0,0.0,0.0,1.0631205540154125,
2012-05-04,0.0,1.0,5.239208596245245e-05,-5.239208596245245e-05,1.0630648549119581,0.5239208596245244
2012-05-07,-0.00035193617472867983,1.0,5.2418579302571474e-05,-0.0004043547540312513,1.062634999584031,0.5241857930257148
2012-05-08,0.0,0.0,0.0,0.0,1.062634999584031,
2012-05-09,0.0,0.0,0.0,0.0,1.062634999584031,
2012-05-10,0.0,0.0,0.0,0.0,1.062634999584031,
2012-05-11,0.0,0.0,0.0,0.0,1.062634999584031,
2012-05-14,0.0,0.0,0.0,0.0,1.062634999584031,
2012-05-15,0.0,0.0,0.0,0.0,1.062634999584031,
2012-05-16,0.0,1.0,5.782970482478495e-05,-5.782970482478495e-05,1.0625735477156686,0.5782970482478496
2012-05-17,-0.0018600202499999994,1.0,5.7849677280885104e-05,-0.0019178699272808845,1.0605356698629804,0.578496772808851
2012-05-18,0.0,1.0,5.4128966008533806e-05,-5.4128966008533806e-05,1.0604782641637556,0.5412896600853381
2012-05-21,0.0007549957500000019,1.0,5.4084283995886e-05,0.000700911466004116,1.0612215655385562,0.54084283995886
2012-05-22,0.0012399910000000032,0.0,0.0,0.0012399910000000032,1.06253747072883,
2012-05-23,-0.003100056250000003,1.0,5.4091724271279576e-05,-0.0031541479742712825,1.0591860703179434,0.5409172427127957
2012-05-24,0.001279972875000002,0.0,0.0,0.001279972875000002,1.0605417997575282,
2012-05-25,-0.0007950098750000048,1.0,5.406673308928762e-05,-0.0008490766080892924,1.059641318523453,0.5406673308928762
2012-05-28,0.0,0.0,0.0,0.0,1.059641318523453,
2012-05-29,0.0,1.0,5.401243392127052e-05,-5.401243392127052e-05,1.0595840847167561,0.5401243392127053
2012-05-30,-0.0028701321249999957,0.0,0.0,-0.0028701321249999957,1.0565429383960718,
2012-05-31,-0.0005250078749999992,1.0,5.414425325526802e-05,-0.0005791521282552672,1.0559310393047066,0.5414425325526802
2012-06-01,-0.006200224999999995,1.0,5.4219646892729844e-05,-0.006254444646892725,1.0493267770684394,0.5421964689272984
2012-06-04,0.002344928249999997,1.0,5.429854068946538e-05,0.0022906297093105315,1.0517303961587674,0.5429854068946538
2012-06-05,0.0018599797499999995,1.0,5.814992684053381e-05,0.0018018298231594657,1.0536254353524896,0.581499268405338
2012-06-06,0.0,1.0,5.7344624076483354e-05,-5.7344624076483354e-05,1.0535650155979819,0.5734462407648335
2012-06-07,-0.0006200022499999963,0.0,0.0,-0.0006200022499999963,1.0529118029177897,
2012-06-08,-0.0006200022500000071,1.0,5.368683587345516e-05,-0.0006736890858734622,1.0522024677277766,0.5368683587345516
2012-06-11,-0.0009700169999999977,1.0,5.359826514616735e-05,-0.001023615265146165,1.051125417219786,0.5359826514616735
2012-06-12,0.004339889750000006,0.0,0.0,0.004339889750000006,1.0556871856439425,
2012-06-13,-0.0037200810000000096,1.0,5.366005313742569e-05,-0.003773741053137435,1.0517032955722068,0.536600531374257
2012-06-14,0.001104982250000004,0.0,0.0,0.001104982250000004,1.0528654090460805,
2012-06-15,-0.0007000140000000042,1.0,5.3723232535835626e-05,-0.0007537372325358399,1.0520718251864334,0.5372323253583563
2012-06-18,0.0,1.0,5.736782920426448e-05,-5.736782920426448e-05,1.0520114701096555,0.5736782920426448
2012-06-19,0.0,1.0,5.73327463262016e-05,-5.73327463262016e-05,1.0519511554029073,0.573327463262016
2012-06-20,0.0018599797500000103,1.0,5.7369855492191626e-05,0.0018026098945078187,1.0538474129641755,0.5736985549219162
2012-06-21,0.0,1.0,5.73586217434295e-05,-5.73586217434295e-05,1.05378696572904,0.573586217434295
2012-06-22,0.003099943749999992,1.0,5.739325434748803e-05,0.003042550495652504,1.056993165783931,0.5739325434748803
2012-06-25,0.0,0.0,0.0,0.0,1.056993165783931,
2012-06-26,0.0,1.0,5.721759128035345e-05,-5.721759128035345e-05,1.0569326871809852,0.5721759128035345
2012-06-27,-0.0012400090000000033,0.0,0.0,-0.0012400090000000033,1.0556220811364867,
2012-06-28,-0.0024800360000000066,0.47328244274809167,2.5552108558048742e-05,-0.0025055881085580553,1.0529771270028598,0.5398913259845782
2012-06-29,0.00662547998091604,1.0,5.54439375498989e-05,0.006570036043366142,1.0598952246801085,0.554439375498989
2012-07-02,0.002687250372137394,1.0,5.5129923165082085e-05,0.0026321204489723115,1.0626849965747571,0.5512992316508208
2012-07-03,0.0005297206965648847,1.0,5.516517184506077e-05,0.0004745555247198239,1.0631892996109187,0.5516517184506077
2012-07-04,0.0,1.0,5.551576500684087e-05,-5.551576500684087e-05,1.0631302758436036,0.5551576500684087
2012-07-05,-0.0023664489694656425,1.0,5.286307165868004e-05,-0.0024193120411243225,1.0605582319659714,0.5286307165868004
2012-07-06,-0.0014512323871134708,0.0,0.0,-0.0014512323871134708,1.0590191155113227,
2012-07-09,-0.0010844895096390305,0.0,0.0,-0.0010844895096390305,1.0578706203900434,
2012-07-10,-0.00035888228651830256,0.0,0.0,-0.00035888228651830256,1.0574909693629573,
2012-07-11,0.00035104735412084246,1.0,5.283789528099833e-05,0.0002982094588398441,1.0578063231726589,0.5283789528099833
2012-07-12,-0.001893179408396968,1.0,5.543408878111015e-05,-0.001948613497178078,1.0557450674939244,0.5543408878111015
2012-07-13,0.0,0.0,0.0,0.0,1.0557450674939244,
2012-07-16,0.0,0.0,0.0,0.0,1.0557450674939244,
2012-07-17,0.0,0.0,0.0,0.0,1.0557450674939244,
2012-07-18,0.0,0.0,0.0,0.0,1.0557450674939244,
2012-07-19,0.0,1.0,5.9153225893427994e-05,-5.9153225893427994e-05,1.0556826167674611,0.59153225893428
2012-07-20,-0.012000809999999997,1.0,5.9232863191440924e-05,-0.012060042863191438,1.0429510391593195,0.5923286319144092
2012-07-23,0.0,0.0,0.0,0.0,1.0429510391593195,
2012-07-24,0.0,0.0,0.0,0.0,1.0429510391593195,
2012-07-25,0.0,1.0,5.678761285055582e-05,-5.678761285055582e-05,1.0428918124594857,0.5678761285055582
2012-07-26,0.0014999237499999996,1.0,5.681049627608848e-05,0.0014431132537239112,1.044396823456246,0.5681049627608848
2012-07-27,0.0,0.0,0.0,0.0,1.044396823456246,
2012-07-30,0.0,0.0,0.0,0.0,1.044396823456246,
2012-07-31,0.0,0.0,0.0,0.0,1.044396823456246,
2012-08-01,0.0,0.0,0.0,0.0,1.044396823456246,
2012-08-02,0.0,1.0,6.086038777387209e-05,-6.086038777387209e-05,1.0443332610605807,0.6086038777387209
2012-08-03,-0.014998749999999962,1.0,6.114764802535384e-05,-0.015059897648025315,1.0286057090385798,0.6114764802535384
2012-08-06,0.0,0.0,0.0,0.0,1.0286057090385798,
2012-08-07,0.0,0.0,0.0,0.0,1.0286057090385798,
2012-08-08,0.0,0.0,0.0,0.0,1.0286057090385798,
2012-08-09,0.0,0.0,0.0,0.0,1.0286057090385798,
2012-08-10,0.0,0.0,0.0,0.0,1.0286057090385798,
2012-08-13,0.0,0.0,0.0,0.0,1.0286057090385798,
2012-08-14,0.0,0.0,0.0,0.0,1.0286057090385798,
2012-08-15,0.0,0.0,0.0,0.0,1.0286057090385798,
2012-08-16,0.0,0.0,0.0,0.0,1.0286057090385798,
2012-08-17,0.0,0.0,0.0,0.0,1.0286057090385798,
2012-08-20,0.0,0.0,0.0,0.0,1.0286057090385798,
2012-08-21,0.0,0.0,0.0,0.0,1.0286057090385798,
2012-08-22,0.0,1.0,5.2016877936358444e-05,-5.2016877936358444e-05,1.0285522041809683,0.5201687793635844
2012-08-23,0.0,0.0,0.0,0.0,1.0285522041809683,
2012-08-24,0.0,1.0,5.1871080334882943e-05,-5.1871080334882943e-05,1.0284988520669565,0.5187108033488295
2012-08-27,0.0,0.0,0.0,0.0,1.0284988520669565,
2012-08-28,0.0,0.0,0.0,0.0,1.0284988520669565,
2012-08-29,0.0,0.0,0.0,0.0,1.0284988520669565,
2012-08-30,0.0,0.0,0.0,0.0,1.0284988520669565,
2012-08-31,0.0,0.0,0.0,0.0,1.0284988520669565,
2012-09-03,0.0,0.0,0.0,0.0,1.0284988520669565,
2012-09-04,0.0,0.0,0.0,0.0,1.0284988520669565,
2012-09-05,0.0,0.0,0.0,0.0,1.0284988520669565,
2012-09-06,0.0,0.0,0.0,0.0,1.0284988520669565,
2012-09-07,0.0,0.0,0.0,0.0,1.0284988520669565,
2012-09-10,0.0,0.0,0.0,0.0,1.0284988520669565,
2012-09-11,0.0,0.0,0.0,0.0,1.0284988520669565,
2012-09-12,0.0,0.0,0.0,0.0,1.0284988520669565,
2012-09-13,0.0,0.0,0.0,0.0,1.0284988520669565,
2012-09-14,0.0,1.0,5.125557145128493e-05,-5.125557145128493e-05,1.0284461357705568,0.5125557145128493
2012-09-17,0.00020250043750000017,1.0,5.1252704606185684e-05,0.00015124773289381448,1.0286016859169955,0.5125270460618568
2012-09-18,0.0,0.0,0.0,0.0,1.0286016859169955,
2012-09-19,0.0,0.0,0.0,0.0,1.0286016859169955,
2012-09-20,0.0,0.0,0.0,0.0,1.0286016859169955,
2012-09-21,0.0,1.0,5.208031231715206e-05,-5.208031231715206e-05,1.028548116019943,0.5208031231715207
2012-09-24,0.0006428785714285675,1.7857142857142858,9.651131068601164e-05,0.0005463672607425559,1.029110081036635,0.5404633398416652
2012-09-25,-0.0005000562500000316,2.0,0.0001085955038078841,-0.0006086517538079156,1.0284837113809506,0.5429775190394206
2012-09-26,0.00018000025000000048,2.0,0.00010872015433712587,7.12800956628746e-05,1.0285570217982856,0.5436007716856294
2012-09-27,0.0017498762499999982,1.0,5.673535527909308e-05,0.001693140894720905,1.0302985137544447,0.5673535527909308
2012-09-28,0.0,0.0,0.0,0.0,1.0302985137544447,
2012-10-01,0.0,0.0,0.0,0.0,1.0302985137544447,
2012-10-02,0.0,1.0,5.893052278918405e-05,-5.893052278918405e-05,1.0302377977244002,0.5893052278918405
2012-10-03,0.001999977499999988,0.0,0.0,0.001999977499999988,1.0322982501394984,
2012-10-04,0.013998897500000053,1.0,5.902893444712447e-05,0.013939868565552928,1.0466883520668933,0.5902893444712447
2012-10-05,0.0,1.0,5.213878188398662e-05,-5.213878188398662e-05,1.0466337790112044,0.5213878188398662
2012-10-08,0.0,0.0,0.0,0.0,1.0466337790112044,
2012-10-09,0.0003600010000000002,1.0,5.2152386666373383e-05,0.00030784861333362683,1.0469559837687412,0.5215238666637338
2012-10-10,0.0,1.0,5.211654321451459e-05,-5.211654321451459e-05,1.0469014200419695,0.5211654321451459
2012-10-11,-0.00017999975000000047,0.0,0.0,-0.00017999975000000047,1.0467129780480873,
2012-10-12,0.00018000025000000048,1.0,5.212984796500807e-05,0.0001278704020349924,1.0468468216574056,0.5212984796500807
2012-10-15,0.0,0.0,0.0,0.0,1.0468468216574056,
2012-10-16,0.0,0.0,0.0,0.0,1.0468468216574056,
2012-10-17,0.0,0.0,0.0,0.0,1.0468468216574056,
2012-10-18,0.0,0.0,0.0,0.0,1.0468468216574056,
2012-10-19,0.0,0.0,0.0,0.0,1.0468468216574056,
2012-10-22,0.0,0.0,0.0,0.0,1.0468468216574056,
2012-10-23,0.0,0.0,0.0,0.0,1.0468468216574056,
2012-10-24,0.0,0.0,0.0,0.0,1.0468468216574056,
2012-10-25,0.0,0.0,0.0,0.0,1.0468468216574056,
2012-10-26,0.0,0.0,0.0,0.0,1.0468468216574056,
2012-10-29,0.0,1.0,5.164540105529575e-05,-5.164540105529575e-05,1.0467927568334576,0.5164540105529575
2012-10-30,0.0,0.0,0.0,0.0,1.0467927568334576,
2012-10-31,0.0,1.0,5.144933259528357e-05,-5.144933259528357e-05,1.046738900044753,0.5144933259528357
2012-11-01,0.0,0.0,0.0,0.0,1.046738900044753,
2012-11-02,0.0,0.0,0.0,0.0,1.046738900044753,
2012-11-05,0.0,0.0,0.0,0.0,1.046738900044753,
2012-11-06,0.0,0.0,0.0,0.0,1.046738900044753,
2012-11-07,0.0,0.0,0.0,0.0,1.046738900044753,
2012-11-08,0.0,0.0,0.0,0.0,1.046738900044753,
2012-11-09,0.0,0.0,0.0,0.0,1.046738900044753,
2012-11-12,0.0,0.0,0.0,0.0,1.046738900044753,
2012-11-13,0.0,0.0,0.0,0.0,1.046738900044753,
2012-11-14,0.0,0.0,0.0,0.0,1.046738900044753,
2012-11-15,0.0,0.0,0.0,0.0,1.046738900044753,
2012-11-16,0.0,0.0,0.0,0.0,1.046738900044753,
2012-11-19,0.0,0.0,0.0,0.0,1.046738900044753,
2012-11-20,0.0,0.0,0.0,0.0,1.046738900044753,
2012-11-21,0.0,0.0,0.0,0.0,1.046738900044753,
2012-11-22,0.0,0.0,0.0,0.0,1.046738900044753,
2012-11-23,0.0,0.0,0.0,0.0,1.046738900044753,
2012-11-26,0.0,0.0,0.0,0.0,1.046738900044753,
2012-11-27,0.0,0.0,0.0,0.0,1.046738900044753,
2012-11-28,0.0,0.0,0.0,0.0,1.046738900044753,
2012-11-29,0.0,0.0,0.0,0.0,1.046738900044753,
2012-11-30,0.0,1.0,5.308375321618075e-05,-5.308375321618075e-05,1.046683335215301,0.5308375321618075
2012-12-03,0.0008999950000000024,1.0,5.308375321618075e-05,0.0008469112467838217,1.0475697831037163,0.5308375321618075
2012-12-04,0.0,0.0,0.0,0.0,1.0475697831037163,
2012-12-05,0.0,0.0,0.0,0.0,1.0475697831037163,
2012-12-06,0.0,0.0,0.0,0.0,1.0475697831037163,
2012-12-07,0.0,0.0,0.0,0.0,1.0475697831037163,
2012-12-10,0.0,0.0,0.0,0.0,1.0475697831037163,
2012-12-11,0.0,0.0,0.0,0.0,1.0475697831037163,
2012-12-12,0.0,0.0,0.0,0.0,1.0475697831037163,
2012-12-13,0.0,0.0,0.0,0.0,1.0475697831037163,
2012-12-14,0.0,0.0,0.0,0.0,1.0475697831037163,
2012-12-17,0.0,0.0,0.0,0.0,1.0475697831037163,
2012-12-18,0.0,0.0,0.0,0.0,1.0475697831037163,
2012-12-19,0.0,0.0,0.0,0.0,1.0475697831037163,
2012-12-20,0.0,0.0,0.0,0.0,1.0475697831037163,
2012-12-21,0.0,0.0,0.0,0.0,1.0475697831037163,
2012-12-24,0.0,0.0,0.0,0.0,1.0475697831037163,
2012-12-25,0.0,0.0,0.0,0.0,1.0475697831037163,
2012-12-26,0.0,0.0,0.0,0.0,1.0475697831037163,
2012-12-27,0.0,0.0,0.0,0.0,1.0475697831037163,
2012-12-28,0.0,1.0,5.21355740132247e-05,-5.21355740132247e-05,1.0475151674517553,0.5213557401322471
2012-12-31,2.499996749999999e-05,1.0,5.221681510739746e-05,-2.7216847607397472e-05,1.0474866573910764,0.5221681510739746
2013-01-01,0.0,0.0,0.0,0.0,1.0474866573910764,
2013-01-02,0.0,0.0,0.0,0.0,1.0474866573910764,
2013-01-03,0.0,0.0,0.0,0.0,1.0474866573910764,
2013-01-04,0.0,0.0,0.0,0.0,1.0474866573910764,
2013-01-07,0.0,0.0,0.0,0.0,1.0474866573910764,
2013-01-08,0.0,0.0,0.0,0.0,1.0474866573910764,
2013-01-09,0.0,0.0,0.0,0.0,1.0474866573910764,
2013-01-10,0.0,0.0,0.0,0.0,1.0474866573910764,
2013-01-11,0.0,0.0,0.0,0.0,1.0474866573910764,
2013-01-14,0.0,0.0,0.0,0.0,1.0474866573910764,
2013-01-15,0.0,0.0,0.0,0.0,1.0474866573910764,
2013-01-16,0.0,0.0,0.0,0.0,1.0474866573910764,
2013-01-17,0.0,0.0,0.0,0.0,1.0474866573910764,
2013-01-18,0.0,1.0,5.367922860989118e-05,-5.367922860989118e-05,1.0474304291153285,0.5367922860989118
2013-01-21,0.0,0.0,0.0,0.0,1.0474304291153285,
2013-01-22,0.0,1.0,5.362897940548354e-05,-5.362897940548354e-05,1.0473742564904167,0.5362897940548355
2013-01-23,0.0,1.0,5.267653541129379e-05,-5.267653541129379e-05,1.0473190844433058,0.5267653541129379
2013-01-24,0.0,1.0,5.2659241073786325e-05,-5.2659241073786325e-05,1.047263933415157,0.5265924107378632
2013-01-25,0.0,1.0,5.348098141885561e-05,-5.348098141885561e-05,1.0472079247121933,0.5348098141885561
2013-01-28,2.5000004999999985e-05,1.0,5.344119280331755e-05,-2.8441187803317562e-05,1.0471781408749374,0.5344119280331755
2013-01-29,0.0,0.0,0.0,0.0,1.0471781408749374,
2013-01-30,0.0,0.0,0.0,0.0,1.0471781408749374,
2013-01-31,0.0,0.0,0.0,0.0,1.0471781408749374,
2013-02-01,0.0,0.0,0.0,0.0,1.0471781408749374,
2013-02-04,0.0,0.0,0.0,0.0,1.0471781408749374,
2013-02-05,0.0,0.0,0.0,0.0,1.0471781408749374,
2013-02-06,0.0,0.0,0.0,0.0,1.0471781408749374,
2013-02-07,0.0,0.0,0.0,0.0,1.0471781408749374,
2013-02-08,0.0,0.0,0.0,0.0,1.0471781408749374,
2013-02-11,0.0,0.0,0.0,0.0,1.0471781408749374,
2013-02-12,0.0,1.0,5.168610137687725e-05,-5.168610137687725e-05,1.0471240163193885,0.5168610137687725
2013-02-13,9.499994999999983e-05,1.0,5.171416084742883e-05,4.3285789152571e-05,1.0471693419087755,0.5171416084742884
2013-02-14,3.4999977500000006e-05,1.0,5.172622694523316e-05,-1.6726249445233155e-05,1.0471518266931514,0.5172622694523317
2013-02-15,0.0,0.0,0.0,0.0,1.0471518266931514,
2013-02-18,0.0,0.0,0.0,0.0,1.0471518266931514,
2013-02-19,0.0,1.0,5.3240806205060256e-05,-5.3240806205060256e-05,1.0470960754856793,0.5324080620506025
2013-02-20,0.0,0.0,0.0,0.0,1.0470960754856793,
2013-02-21,-2.499999500000001e-05,0.0,0.0,-2.499999500000001e-05,1.0470698980890276,
2013-02-22,0.0,1.0,5.322310689849033e-05,-5.322310689849033e-05,1.0470141697759114,0.5322310689849034
2013-02-25,0.0,0.0,0.0,0.0,1.0470141697759114,
2013-02-26,0.0,1.0,5.204200708030356e-05,-5.204200708030356e-05,1.0469596810570747,0.5204200708030355
2013-02-27,1.2500014999999949e-05,1.0,5.2084029806174975e-05,-3.958401480617502e-05,1.0469182381895583,0.5208402980617497
2013-02-28,0.0,0.0,0.0,0.0,1.0469182381895583,
2013-03-01,0.0,1.0,5.2558542428747014e-05,-5.2558542428747014e-05,1.046863213692917,0.5255854242874701
2013-03-04,0.0,1.0,5.2558542428747014e-05,-5.2558542428747014e-05,1.046808192088283,0.5255854242874701
2013-03-05,0.0,0.0,0.0,0.0,1.046808192088283,
2013-03-06,0.0,0.0,0.0,0.0,1.046808192088283,
2013-03-07,0.0,1.0,5.346573216435261e-05,-5.346573216435261e-05,1.0467522237218574,0.5346573216435261
2013-03-08,0.0,1.0,5.243699953029199e-05,-5.243699953029199e-05,1.0466973351759938,0.52436999530292
2013-03-11,0.0003999981249999976,1.0,5.24075263514787e-05,0.0003475905986485189,1.0470611573293316,0.524075263514787
2013-03-12,0.0,1.0,5.337735061477799e-05,-5.337735061477799e-05,1.0470052679788218,0.5337735061477799
2013-03-13,0.0007999962500000229,0.0,0.0,0.0007999962500000229,1.0478428682669352,
2013-03-14,0.0,1.0,5.336024447590546e-05,-5.336024447590546e-05,1.047786955115312,0.5336024447590546
2013-03-15,0.0,0.0,0.0,0.0,1.047786955115312,
2013-03-18,0.0,0.0,0.0,0.0,1.047786955115312,
2013-03-19,0.0,0.0,0.0,0.0,1.047786955115312,
2013-03-20,0.0,0.0,0.0,0.0,1.047786955115312,
2013-03-21,0.0,0.0,0.0,0.0,1.047786955115312,
2013-03-22,0.0,0.0,0.0,0.0,1.047786955115312,
2013-03-25,0.0,0.0,0.0,0.0,1.047786955115312,
2013-03-26,0.0,0.0,0.0,0.0,1.047786955115312,
2013-03-27,0.0,0.0,0.0,0.0,1.047786955115312,
2013-03-28,0.0,0.0,0.0,0.0,1.047786955115312,
2013-03-29,0.0,0.0,0.0,0.0,1.047786955115312,
2013-04-01,0.0,0.0,0.0,0.0,1.047786955115312,
2013-04-02,0.0,0.0,0.0,0.0,1.047786955115312,
2013-04-03,0.0,0.0,0.0,0.0,1.047786955115312,
2013-04-04,0.0,0.0,0.0,0.0,1.047786955115312,
2013-04-05,0.0,0.0,0.0,0.0,1.047786955115312,
2013-04-08,0.0,0.0,0.0,0.0,1.047786955115312,
2013-04-09,0.0,1.0,5.690914947848197e-05,-5.690914947848197e-05,1.0477273264508618,0.5690914947848197
2013-04-10,0.013998897499999984,1.0,5.710693144586827e-05,0.013941790568554116,1.0623345214091908,0.5710693144586827
2013-04-11,0.0,0.0,0.0,0.0,1.0623345214091908,
2013-04-12,0.0,0.0,0.0,0.0,1.0623345214091908,
2013-04-15,0.0,0.0,0.0,0.0,1.0623345214091908,
2013-04-16,0.0,0.0,0.0,0.0,1.0623345214091908,
2013-04-17,0.0,0.0,0.0,0.0,1.0623345214091908,
2013-04-18,0.0,0.0,0.0,0.0,1.0623345214091908,
2013-04-19,0.0,0.0,0.0,0.0,1.0623345214091908,
2013-04-22,0.0,0.0,0.0,0.0,1.0623345214091908,
2013-04-23,0.0,0.0,0.0,0.0,1.0623345214091908,
2013-04-24,0.0,0.0,0.0,0.0,1.0623345214091908,
2013-04-25,0.0,0.0,0.0,0.0,1.0623345214091908,
2013-04-26,0.0,0.0,0.0,0.0,1.0623345214091908,
2013-04-29,0.0,0.0,0.0,0.0,1.0623345214091908,
2013-04-30,0.0,0.0,0.0,0.0,1.0623345214091908,
2013-05-01,0.0,0.0,0.0,0.0,1.0623345214091908,
2013-05-02,0.0,0.0,0.0,0.0,1.0623345214091908,
2013-05-03,0.0,0.0,0.0,0.0,1.0623345214091908,
2013-05-06,0.0,0.0,0.0,0.0,1.0623345214091908,
2013-05-07,0.0,0.0,0.0,0.0,1.0623345214091908,
2013-05-08,0.0,0.0,0.0,0.0,1.0623345214091908,
2013-05-09,0.0,0.0,0.0,0.0,1.0623345214091908,
2013-05-10,0.0,1.0,5.108612200831636e-05,-5.108612200831636e-05,1.0622802508582165,0.5108612200831636
2013-05-13,0.0001899997999999999,2.0,0.00010294902992153142,8.705077007846847e-05,1.062372723172093,0.5147451496076572
2013-05-14,0.00035999900000000017,1.0,5.1769563768899964e-05,0.0003082294362311002,1.0627001777176237,0.5176956376889996
2013-05-15,0.0,0.0,0.0,0.0,1.0627001777176237,
2013-05-16,0.0,0.0,0.0,0.0,1.0627001777176237,
2013-05-17,0.0,0.0,0.0,0.0,1.0627001777176237,
2013-05-20,0.0,0.0,0.0,0.0,1.0627001777176237,
2013-05-21,0.0,0.0,0.0,0.0,1.0627001777176237,
2013-05-22,0.0,1.0,5.1522588750311564e-05,-5.1522588750311564e-05,1.0626454246534023,0.5152258875031156
2013-05-23,4.749997499999991e-05,1.0,5.185182565955481e-05,-4.351850659554894e-06,1.0626408001792103,0.5185182565955481
2013-05-24,-0.0001750012500000128,0.0,0.0,-0.0001750012500000128,1.062454836710878,
2013-05-27,0.0,1.0,5.249546407174458e-05,-5.249546407174458e-05,1.0623990626511695,0.5249546407174458
2013-05-28,-0.005399819999999999,1.9473684210526316,0.00010196756472957729,-0.005501787564729576,1.056553968699495,0.5236172242870185
2013-05-29,-7.347086734693767e-05,0.9473684210526316,4.902103112542402e-05,-0.00012249189847236169,1.0564245493980304,0.5174442174350313
2013-05-30,7.347186224490734e-05,1.8412231696559833,9.460143855811173e-05,-2.1129576313204387e-05,1.0564022275948948,0.5137966983968988
2013-05-31,0.00012246269395030943,0.8938547486033519,4.558758796553659e-05,7.687510598477284e-05,1.0564834386281037,0.5100111403644406
2013-06-03,-0.00020856902354457685,0.0,0.0,-0.00020856902354457685,1.056263088908918,
2013-06-04,0.00020856543939849835,1.7636949516648766,9.105747555314479e-05,0.00011750796384535356,1.0563872082337806,0.5162881226551631
2013-06-05,0.00037850462032710153,1.7636949516648766,9.107480648555736e-05,0.00028742981384154414,1.0566908454123878,0.5163863875642746
2013-06-06,-0.00013509801490333125,0.0,0.0,-0.00013509801490333125,1.0565480885768062,
2013-06-07,0.0007134007864715371,0.0,0.0,0.0007134007864715371,1.0573018308141418,
2013-06-10,0.00031997020645005414,0.0,0.0,0.00031997020645005414,1.0576401358992273,
2013-06-11,1.1840352443609747e-05,0.8938547486033519,4.5583602551777496e-05,-3.374325010816775e-05,1.0576044476835973,0.5099665535480107
2013-06-12,0.0001767595074977937,0.0,0.0,0.0001767595074977937,1.0577913893248974,
2013-06-13,-0.00020738682078800353,0.8938547486033519,4.557673135461032e-05,-0.00025296355214261384,1.0575238066576278,0.509889682029703
2013-06-14,-0.0005048682814178282,0.0,0.0,-0.0005048682814178282,1.0569898964308022,
2013-06-17,0.00019671506646079274,0.0,0.0,0.00019671506646079274,1.057197822268527,
2013-06-18,6.162697099892785e-05,0.39999999999999997,2.048278698482244e-05,4.114418401410541e-05,1.0572413198102657,0.5120696746205611
2013-06-19,0.0005546825171052631,1.3473684210526315,6.975128813753551e-05,0.00048493122896772767,1.0577540091427966,0.5176853416457713
2013-06-20,-0.0020202733673469458,0.42056074766355145,2.225354297306822e-05,-0.002042526910320014,1.0555935181146234,0.5291397995818443
2013-06-21,-0.0016926572479973284,1.6019138755980862,8.26893831327864e-05,-0.0017753466311301149,1.053719473718396,0.5161911910021613
2013-06-24,0.00013474197519138735,0.0,0.0,0.00013474197519138735,1.0538614539615823,
2013-06-25,5.033968626794274e-05,0.0,0.0,5.033968626794274e-05,1.0539145050165446,
2013-06-26,-0.00010808630535885148,1.6019138755980862,8.274826667482217e-05,-0.00019083457203367365,1.0537133816930195,0.516558773447964
2013-06-27,0.00169646464948979,0.39999999999999997,2.0650244228194364e-05,0.0016758144052615956,1.0554792097570775,0.5162561057048591
2013-06-28,-0.0001836606122449,0.8163265306122449,4.413345819377022e-05,-0.00022779407043867022,1.0552387778516235,0.5406348628736852
2013-07-01,0.001254746686545815,0.8163265306122449,4.414834056175275e-05,0.0012105983459840622,1.0565162481707089,0.5408171718814712
2013-07-02,0.0002869917028061172,0.1836734693877551,9.464043226127284e-06,0.00027752765957998987,1.056809460652372,0.5152645756447076
2013-07-03,-0.0006612139795918329,1.0,5.20885629982575e-05,-0.0007133025425900904,1.0560556357770554,0.5208856299825749
2013-07-04,0.0,0.0,0.0,0.0,1.0560556357770554,
2013-07-05,0.0015842767118834054,1.1449137794652746,6.055366349976807e-05,0.0015237230483836374,1.0576647720896644,0.5288927828962745
2013-07-08,0.002353217997716748,0.892857142857143,4.6880173818064886e-05,0.002306337823898683,1.06010410435854,0.5250579467623266
2013-07-09,0.0007341602252737918,0.8163265306122449,4.4628163330243367e-05,0.0006895320619435485,1.060835080127493,0.5466950007954812
2013-07-10,0.0008784142030834319,0.9404388714733543,4.914870402125984e-05,0.000829265499062172,1.0617147940596376,0.5226145527593963
2013-07-11,0.0029935413448435796,1.7567654020855992,9.31911906157343e-05,0.0029003501542278452,1.0647941387263344,0.5304703206535117
2013-07-12,8.478653472600685e-05,1.7567654020855992,9.321248673047362e-05,-8.42595200446677e-06,1.064785166822027,0.5305915440946953
2013-07-15,0.0008787037935033022,0.9876543209876543,5.178201311319827e-05,0.000826921780390104,1.0656656608679083,0.5242928827711325
2013-07-16,-8.463008320562179e-05,0.9876543209876544,5.0602211659088776e-05,-0.00013523229486471055,1.0655215484550307,0.5123473930482739
2013-07-17,-1.1406070545729569e-10,0.33490083827438155,1.7197986778265133e-05,-1.719810083897059e-05,1.0655032235079942,0.5135247456196262
2013-07-18,-3.4264713617870026e-05,0.7397260273972603,3.8423592870261715e-05,-7.268830648813174e-05,1.0654257738831199,0.5194300517646491
2013-07-19,-0.0009140348398368315,0.9253731343283582,4.9341741325702804e-05,-0.0009633765811625343,1.0643993676435939,0.5332091401325948
2013-07-22,0.00023664388358779302,1.7009663374747797,8.970647382966463e-05,0.0001469374097581284,1.0645557677296236,0.5273853565076487
2013-07-23,0.00010541100389402165,1.7009663374747797,8.975283993027662e-05,1.5658163963745025e-05,1.064572436718383,0.52765794332839
2013-07-24,-0.002291008439966364,0.0,0.0,-0.002291008439966364,1.0621334922809058,
2013-07-25,-0.00022881440677966164,0.0,0.0,-0.00022881440677966164,1.0618904608359487,
2013-07-26,0.0007334421935243865,0.0,0.0,0.0007334421935243865,1.0626692961048267,
2013-07-29,-0.0009699939828891203,0.0,0.0,-0.0009699939828891203,1.061638513281804,
2013-07-30,-0.00048110517272608843,0.0,0.0,-0.00048110517272608843,1.061127753501499,
2013-07-31,0.000840009137501603,0.0,0.0,0.000840009137501603,1.0620191105104968,
2013-08-01,-0.004566179279499273,0.0,0.0,-0.004566179279499273,1.0571697408536516,
2013-08-02,0.0034902590259089086,0.0,0.0,0.0034902590259089086,1.0608595370835838,
2013-08-05,-0.0010844137548518616,0.0,0.0,-0.0010844137548518616,1.0597091264096046,
2013-08-06,0.00011440656779661047,0.8928571428571429,4.705396952201513e-05,6.735259827459534e-05,1.0597805005726837,0.5270044586465694
2013-08-07,0.0017280488328107993,0.8928571428571429,4.70543012895944e-05,0.001680994531521205,1.0615619857987593,0.5270081744434574
2013-08-08,0.0011832335019084062,1.2366412213740459,6.533347339770445e-05,0.0011179000285107018,1.0627487059729495,0.5283138898209434
2013-08-09,7.346863520407962e-05,1.7775668406897642,9.543594109249408e-05,-2.1967305888414453e-05,1.0627253602470428,0.5368908718811455
2013-08-12,0.0015519083793410896,0.8163265306122449,4.31226175093269e-05,0.0015087857618317627,1.064328785139321,0.5282520644892545
2013-08-13,0.0007374180386805888,0.0,0.0,0.0007374180386805888,1.0651136403845698,
2013-08-14,2.4031053759689843e-05,0.0,0.0,2.4031053759689843e-05,1.0651392361877219,
2013-08-15,0.0005156508424299948,0.9612403100775195,5.060890025852586e-05,0.0004650419421714689,1.0656345706068016,0.526495817205632
2013-08-16,-0.001180554753004005,0.0,0.0,-0.001180554753004005,1.0643765306495063,
2013-08-19,-0.000618733952174326,0.9612403100775195,5.061914730221366e-05,-0.0006693530994765397,1.063664086919706,0.5266024195149646
2013-08-20,-0.0003326870433657649,0.0,0.0,-0.0003326870433657649,1.0633102196594943,
2013-08-21,0.00041815545611849445,0.0,0.0,0.00041815545611849445,1.0637548486293915,
2013-08-22,0.00047823517059246835,0.05263157894736847,2.691044911816114e-06,0.00047554412568065225,1.0642607109988216,0.5112985332450612
2013-08-23,-0.0006755049778464004,0.0,0.0,-0.0006755049778464004,1.0635417975908155,
2013-08-26,-9.957273125134168e-05,0.9464863275507204,4.8688966562324575e-05,-0.00014826169781366626,1.0633841150782088,0.51441806548141
2013-08-27,-0.00025556325867805586,0.39808612440191393,2.0320671432081617e-05,-0.0002758839301101375,1.0630907444893243,0.5104591741953194
2013-08-28,7.699617081339708e-05,0.6545454545454545,3.356820178360793e-05,4.342796902978915e-05,1.0631369123612517,0.5128475272495656
2013-08-29,-0.0002583543028141766,0.0,0.0,-0.0002583543028141766,1.0628622463654627,
2013-08-30,0.00018487888193340332,0.05263157894736847,2.69195615553066e-06,0.00018218692577787266,1.0630558859706534,0.5114716695508249
2013-09-02,0.0,0.0,0.0,0.0,1.0630558859706534,
2013-09-03,0.0008095180953670324,0.8550862205347255,4.505501032916354e-05,0.0007644630850378688,1.0638685529528102,0.5269060504914759
2013-09-04,0.0015528435903113167,1.0,5.250000144919138e-05,0.0015003435888621252,1.065464721315625,0.5250000144919138
2013-09-05,0.00014996910951739584,0.052631578947368474,2.671169798903016e-06,0.00014729793971849284,1.0656216620739176,0.5075222617915726
2013-09-06,-0.00015398994535885136,0.0,0.0,-0.00015398994535885136,1.0654575670524016,
2013-09-09,-2.2219020119617152e-05,0.39808612440191393,2.0356779858306164e-05,-4.257579997792332e-05,1.0654122043441419,0.5113662248060081
2013-09-10,0.00022510806327140546,0.0387596899224806,1.974349478358173e-06,0.0002231337137930473,1.0656499337260175,0.5093821654164089
2013-09-11,-0.00016983421578212215,0.10614525139664807,5.4060254162869225e-06,-0.00017524024119840907,1.0654631889745982,0.5093044997449258
2013-09-12,5.999997750000002e-05,0.0,0.0,5.999997750000002e-05,1.0655271167419638,
2013-09-13,0.0,0.01234567901234565,6.226836483190487e-07,-6.226836483190487e-07,1.0655264532556514,0.5043737551384306
2013-09-16,-4.938146358024712e-05,1.0123456790123457,5.198428613437291e-05,-0.00010136574971462003,1.0654184453678763,0.5135033142541713
2013-09-17,2.5000005e-05,2.0,0.00010891151043838115,-8.391150543838115e-05,1.0653290445022037,0.5445575521919057
2013-09-18,0.0007501550000000041,1.0,5.717908610351568e-05,0.0006929759138964884,1.0660672918704182,0.5717908610351567
2013-09-19,0.0,0.0,0.0,0.0,1.0660672918704182,
2013-09-20,0.0,0.0,0.0,0.0,1.0660672918704182,
2013-09-23,0.0,0.0,0.0,0.0,1.0660672918704182,
2013-09-24,0.0,0.0,0.0,0.0,1.0660672918704182,
2013-09-25,0.0,0.0,0.0,0.0,1.0660672918704182,
2013-09-26,0.0,0.0,0.0,0.0,1.0660672918704182,
2013-09-27,0.0,0.0,0.0,0.0,1.0660672918704182,
2013-09-30,0.0,0.0,0.0,0.0,1.0660672918704182,
2013-10-01,0.0,0.0,0.0,0.0,1.0660672918704182,
2013-10-02,0.0,0.0,0.0,0.0,1.0660672918704182,
2013-10-03,0.0,0.0,0.0,0.0,1.0660672918704182,
2013-10-04,0.0,0.0,0.0,0.0,1.0660672918704182,
2013-10-07,0.0,0.0,0.0,0.0,1.0660672918704182,
2013-10-08,0.0,0.0,0.0,0.0,1.0660672918704182,
2013-10-09,0.0,0.0,0.0,0.0,1.0660672918704182,
2013-10-10,0.0,0.0,0.0,0.0,1.0660672918704182,
2013-10-11,0.0,0.0,0.0,0.0,1.0660672918704182,
2013-10-14,0.0,0.0,0.0,0.0,1.0660672918704182,
2013-10-15,0.0,1.0,5.3943814437366975e-05,-5.3943814437366975e-05,1.0660097841342477,0.5394381443736698
2013-10-16,0.000250000375,1.0,5.430127209318193e-05,0.0001956991029068181,1.0662184012926927,0.5430127209318193
2013-10-17,0.0,0.0,0.0,0.0,1.0662184012926927,
2013-10-18,0.0,0.0,0.0,0.0,1.0662184012926927,
2013-10-21,0.0,0.0,0.0,0.0,1.0662184012926927,
2013-10-22,0.0,0.0,0.0,0.0,1.0662184012926927,
2013-10-23,0.0,0.0,0.0,0.0,1.0662184012926927,
2013-10-24,0.0,0.0,0.0,0.0,1.0662184012926927,
2013-10-25,0.0,0.0,0.0,0.0,1.0662184012926927,
2013-10-28,0.0,0.0,0.0,0.0,1.0662184012926927,
2013-10-29,0.0,0.0,0.0,0.0,1.0662184012926927,
2013-10-30,0.0,1.0,5.439546933320365e-05,-5.439546933320365e-05,1.0661604038423427,0.5439546933320365
2013-10-31,5.000001499999997e-05,1.0,5.439546933320365e-05,-4.3954543332036826e-06,1.0661557175829757,0.5439546933320365
2013-11-01,0.0,1.0,5.439546933320365e-05,-5.439546933320365e-05,1.0660977235423355,0.5439546933320365
2013-11-04,-4.999998499999997e-05,0.0,0.0,-4.999998499999997e-05,1.0660444186721498,
2013-11-05,5.000001499999997e-05,1.0,5.4408517692897195e-05,-4.408502692897226e-06,1.0660397190124593,0.544085176928972
2013-11-06,0.0,0.0,0.0,0.0,1.0660397190124593,
2013-11-07,0.0,0.0,0.0,0.0,1.0660397190124593,
2013-11-08,0.0,0.0,0.0,0.0,1.0660397190124593,
2013-11-11,0.0,0.0,0.0,0.0,1.0660397190124593,
2013-11-12,0.0,0.0,0.0,0.0,1.0660397190124593,
2013-11-13,0.0,0.0,0.0,0.0,1.0660397190124593,
2013-11-14,0.0,0.0,0.0,0.0,1.0660397190124593,
2013-11-15,0.0,0.0,0.0,0.0,1.0660397190124593,
2013-11-18,0.0,1.0,5.530503172298912e-05,-5.530503172298912e-05,1.0659807616519814,0.5530503172298912
2013-11-19,0.0005399979999999967,1.0,5.5316202182923205e-05,0.0004846817978170735,1.0664974231239772,0.553162021829232
2013-11-20,0.0,1.0,5.4379372982663224e-05,-5.4379372982663224e-05,1.0664394276628202,0.5437937298266322
2013-11-21,5.0000015000000024e-05,2.0,0.00010968526992595956,-5.9685254925959535e-05,1.066375776953717,0.5484263496297977
2013-11-22,0.0005399979999999967,0.0,0.0,0.0005399979999999967,1.0669516177405205,
2013-11-25,0.0,0.0,0.0,0.0,1.0669516177405205,
2013-11-26,-0.0005400019999999968,0.0,0.0,-0.0005400019999999968,1.0663754617330374,
2013-11-27,0.0,1.0,5.334538058244494e-05,-5.334538058244494e-05,1.0663185755281874,0.5334538058244493
2013-11-28,0.0,0.0,0.0,0.0,1.0663185755281874,
2013-11-29,0.00013499975000000035,0.0,0.0,0.00013499975000000035,1.066462528269304,
2013-12-02,0.00042999775749999876,0.0,0.0,0.00042999775749999876,1.0669211047649176,
2013-12-03,-0.00013500025000000036,0.0,0.0,-0.00013500025000000036,1.066777070149044,
2013-12-04,0.0002699990000000007,1.0,5.311995177266926e-05,0.00021687904822733143,1.0670084317446886,0.5311995177266926
2013-12-05,0.00026999949999999837,2.0,0.00010637211503884448,0.0001636273849611539,1.0671830235441067,0.5318605751942225
2013-12-06,0.0,1.0,5.18776111761527e-05,-5.18776111761527e-05,1.0671276606381574,0.518776111761527
2013-12-09,0.0,0.0,0.0,0.0,1.0671276606381574,
2013-12-10,0.0,0.0,0.0,0.0,1.0671276606381574,
2013-12-11,0.0,0.0,0.0,0.0,1.0671276606381574,
2013-12-12,0.0,0.0,0.0,0.0,1.0671276606381574,
2013-12-13,0.0,0.0,0.0,0.0,1.0671276606381574,
2013-12-16,0.0,0.0,0.0,0.0,1.0671276606381574,
2013-12-17,0.0,0.0,0.0,0.0,1.0671276606381574,
2013-12-18,0.0,0.0,0.0,0.0,1.0671276606381574,
2013-12-19,0.0,0.0,0.0,0.0,1.0671276606381574,
2013-12-20,0.0,0.0,0.0,0.0,1.0671276606381574,
2013-12-23,0.0,0.0,0.0,0.0,1.0671276606381574,
2013-12-24,0.0,0.0,0.0,0.0,1.0671276606381574,
2013-12-25,0.0,0.0,0.0,0.0,1.0671276606381574,
2013-12-26,0.0,0.0,0.0,0.0,1.0671276606381574,
2013-12-27,0.0,0.0,0.0,0.0,1.0671276606381574,
2013-12-30,0.0,0.0,0.0,0.0,1.0671276606381574,
2013-12-31,0.0,0.0,0.0,0.0,1.0671276606381574,
2014-01-01,0.0,0.0,0.0,0.0,1.0671276606381574,
2014-01-02,0.0,0.0,0.0,0.0,1.0671276606381574,
2014-01-03,0.0,0.0,0.0,0.0,1.0671276606381574,
2014-01-06,0.0,0.0,0.0,0.0,1.0671276606381574,
2014-01-07,0.0,0.0,0.0,0.0,1.0671276606381574,
2014-01-08,0.0,0.0,0.0,0.0,1.0671276606381574,
2014-01-09,0.0,0.0,0.0,0.0,1.0671276606381574,
2014-01-10,0.0,0.0,0.0,0.0,1.0671276606381574,
2014-01-13,0.0,0.0,0.0,0.0,1.0671276606381574,
2014-01-14,0.0,0.0,0.0,0.0,1.0671276606381574,
2014-01-15,0.0,0.0,0.0,0.0,1.0671276606381574,
2014-01-16,0.0,0.0,0.0,0.0,1.0671276606381574,
2014-01-17,0.0,0.0,0.0,0.0,1.0671276606381574,
2014-01-20,0.0,0.0,0.0,0.0,1.0671276606381574,
2014-01-21,0.0,0.0,0.0,0.0,1.0671276606381574,
2014-01-22,0.0,0.0,0.0,0.0,1.0671276606381574,
2014-01-23,0.0,0.0,0.0,0.0,1.0671276606381574,
2014-01-24,0.0,0.0,0.0,0.0,1.0671276606381574,
2014-01-27,0.0,0.0,0.0,0.0,1.0671276606381574,
2014-01-28,0.0,0.0,0.0,0.0,1.0671276606381574,
2014-01-29,0.0,0.0,0.0,0.0,1.0671276606381574,
2014-01-30,0.0,0.0,0.0,0.0,1.0671276606381574,
2014-01-31,0.0,0.0,0.0,0.0,1.0671276606381574,
2014-02-03,0.0,0.0,0.0,0.0,1.0671276606381574,
2014-02-04,0.0,0.0,0.0,0.0,1.0671276606381574,
2014-02-05,0.0,0.0,0.0,0.0,1.0671276606381574,
2014-02-06,0.0,0.0,0.0,0.0,1.0671276606381574,
2014-02-07,0.0,0.0,0.0,0.0,1.0671276606381574,
2014-02-10,0.0,0.0,0.0,0.0,1.0671276606381574,
2014-02-11,0.0,1.0,5.184114923579665e-05,-5.184114923579665e-05,1.0670723395138486,0.5184114923579665
2014-02-12,5.0000015000000024e-05,1.0,5.183910237664712e-05,-1.8390873766470966e-06,1.067070377074579,0.5183910237664712
2014-02-13,0.0,0.0,0.0,0.0,1.067070377074579,
2014-02-14,0.0,0.0,0.0,0.0,1.067070377074579,
2014-02-17,0.0,0.0,0.0,0.0,1.067070377074579,
2014-02-18,0.0,0.0,0.0,0.0,1.067070377074579,
2014-02-19,0.0,0.0,0.0,0.0,1.067070377074579,
2014-02-20,0.0,0.0,0.0,0.0,1.067070377074579,
2014-02-21,0.0,0.0,0.0,0.0,1.067070377074579,
2014-02-24,0.0,0.0,0.0,0.0,1.067070377074579,
2014-02-25,0.0,0.0,0.0,0.0,1.067070377074579,
2014-02-26,0.0,0.0,0.0,0.0,1.067070377074579,
2014-02-27,0.0,0.0,0.0,0.0,1.067070377074579,
2014-02-28,0.0,0.0,0.0,0.0,1.067070377074579,
2014-03-03,0.0,0.0,0.0,0.0,1.067070377074579,
2014-03-04,0.0,0.0,0.0,0.0,1.067070377074579,
2014-03-05,0.0,0.0,0.0,0.0,1.067070377074579,
2014-03-06,0.0,0.0,0.0,0.0,1.067070377074579,
2014-03-07,0.0,0.0,0.0,0.0,1.067070377074579,
2014-03-10,0.0,0.0,0.0,0.0,1.067070377074579,
2014-03-11,0.0,0.0,0.0,0.0,1.067070377074579,
2014-03-12,0.0,0.0,0.0,0.0,1.067070377074579,
2014-03-13,0.0,0.0,0.0,0.0,1.067070377074579,
2014-03-14,0.0,0.0,0.0,0.0,1.067070377074579,
2014-03-17,0.0,0.0,0.0,0.0,1.067070377074579,
2014-03-18,0.0,0.0,0.0,0.0,1.067070377074579,
2014-03-19,0.0,0.0,0.0,0.0,1.067070377074579,
2014-03-20,0.0,1.0,5.587889791355199e-05,-5.587889791355199e-05,1.0670107503579118,0.55878897913552
2014-03-21,-0.00026999949999999837,0.0,0.0,-0.00026999949999999837,1.0667226579888207,
2014-03-24,-0.0005399980000000014,1.0,5.259686923833188e-05,-0.0005925948692383332,1.0660905236147962,0.5259686923833189
2014-03-25,0.0001350000286312861,1.106145251396648,5.8091823648246e-05,7.69082049830401e-05,1.0661725147233168,0.5251735572240421
2014-03-26,-9.500005000000004e-05,1.0,5.266006444035098e-05,-0.000147660114440351,1.0660150835677795,0.5266006444035098
2014-03-27,-0.00013499975000000154,0.0,0.0,-0.00013499975000000154,1.0658711717980016,
2014-03-28,-0.0003574977749999999,0.0,0.0,-0.0003574977749999999,1.0654901252256472,
2014-03-31,0.00040500224999999993,1.0,5.2653216392213846e-05,0.0003523490336077861,1.065865549641589,0.5265321639221385
2014-04-01,-0.00026999949999999837,0.0,0.0,-0.00026999949999999837,1.0655777664761186,
2014-04-02,-0.0008099954999999952,2.0,0.00010735322216624822,-0.0009173487221662434,1.064600260073673,0.5367661108312411
2014-04-03,-9.500004999999983e-05,1.106145251396648,5.8060926944384615e-05,-0.00015306097694438444,1.064437311317811,0.5248942385376185
2014-04-04,0.0005552532318435768,1.0,5.2500395752979563e-05,0.0005027528360905972,1.0649724601949166,0.5250039575297956
2014-04-07,0.0005400020000000014,0.0,0.0,0.0005400020000000014,1.0655475474533667,
2014-04-08,-0.0002699995000000031,0.0,0.0,-0.0002699995000000031,1.0652598501483281,
2014-04-09,0.0008100044999999999,0.0,0.0,0.0008100044999999999,1.0661227154206174,
2014-04-10,0.0010800079999999982,0.0,0.0,0.0010800079999999982,1.0672741364822533,
2014-04-11,0.0002700005000000031,0.0,0.0,0.0002700005000000031,1.0675623010327406,
2014-04-14,-0.0005399979999999967,0.0,0.0,-0.0005399979999999967,1.0669858195253075,
2014-04-15,-0.0005399980000000014,0.0,0.0,-0.0005399980000000014,1.0664096493167354,
2014-04-16,-0.0008099954999999998,2.0,0.00011337222351327847,-0.0009233677235132783,1.0654249610665132,0.5668611175663923
2014-04-17,-0.010499387499999988,1.0,5.782946773233989e-05,-0.010557216967732328,1.0541770385896962,0.5782946773233989
2014-04-18,0.0,0.0,0.0,0.0,1.0541770385896962,
2014-04-21,0.0,0.0,0.0,0.0,1.0541770385896962,
2014-04-22,0.0,0.0,0.0,0.0,1.0541770385896962,
2014-04-23,0.0,0.0,0.0,0.0,1.0541770385896962,
2014-04-24,0.0,0.0,0.0,0.0,1.0541770385896962,
2014-04-25,0.0,0.0,0.0,0.0,1.0541770385896962,
2014-04-28,0.0,0.0,0.0,0.0,1.0541770385896962,
2014-04-29,0.0,1.0,5.7229568912920514e-05,-5.7229568912920514e-05,1.0541167084922198,0.5722956891292051
2014-04-30,0.004500112500000025,0.0,0.0,0.004500112500000025,1.0588603522685645,
2014-05-01,0.009000449999999946,1.0,5.7143722304344e-05,0.008943306277695602,1.0683300647042109,0.57143722304344
2014-05-02,0.0,0.0,0.0,0.0,1.0683300647042109,
2014-05-05,0.0,0.0,0.0,0.0,1.0683300647042109,
2014-05-06,0.0,1.0,5.506587954783967e-05,-5.506587954783967e-05,1.0682712361695506,0.5506587954783967
2014-05-07,0.0008100044999999999,0.0,0.0,0.0008100044999999999,1.0691365406780684,
2014-05-08,0.0008100044999999999,1.0,5.504947275873857e-05,0.0007549550272412613,1.0699436906842605,0.5504947275873857
2014-05-09,0.0,0.0,0.0,0.0,1.0699436906842605,
2014-05-12,0.0,0.0,0.0,0.0,1.0699436906842605,
2014-05-13,0.0,0.0,0.0,0.0,1.0699436906842605,
2014-05-14,0.0,0.0,0.0,0.0,1.0699436906842605,
2014-05-15,0.0,1.0,5.7242763776255876e-05,-5.7242763776255876e-05,1.0698824441503207,0.5724276377625588
2014-05-16,0.0018599797500000103,2.0,0.00011376983178918479,0.0017462099182108256,1.0717506834856156,0.5688491589459239
2014-05-19,0.009999437500000008,1.0,5.66169758284943e-05,0.009942820524171513,1.0824069081781713,0.566169758284943
2014-05-20,0.0,1.0,5.499062352594358e-05,-5.499062352594358e-05,1.0823473859473818,0.5499062352594358
2014-05-21,0.0017498762500000329,0.0,0.0,0.0017498762500000329,1.0842413599323009,
2014-05-22,-0.0004999862499999621,0.0,0.0,-0.0004999862499999621,1.0836992541606536,
2014-05-23,-0.0007500450000000303,0.0,0.0,-0.0007500450000000303,1.0828864309535666,
2014-05-26,0.0,0.0,0.0,0.0,1.0828864309535666,
2014-05-27,-0.0007500449999999783,1.0,5.472857766168824e-05,-0.0008047735776616665,1.082014952566327,0.5472857766168824
2014-05-28,-0.01600144000000004,1.0,5.490802883679932e-05,-0.01605634802883684,1.0646417439155167,0.5490802883679933
2014-05-29,0.0004999799999999969,0.0,0.0,0.0004999799999999969,1.0651740434946397,
2014-05-30,0.0004999800000000402,1.0,5.47986861731206e-05,0.00044518131382691964,1.065648239074777,0.547986861731206
2014-06-02,0.0,0.0,0.0,0.0,1.065648239074777,
2014-06-03,0.0,1.0,5.763015131170726e-05,-5.763015131170726e-05,1.065586825605514,0.5763015131170726
2014-06-04,-0.001499987500000043,1.0,5.754347100493267e-05,-0.0015575309710049758,1.0639271411223385,0.5754347100493267
2014-06-05,0.0,0.0,0.0,0.0,1.0639271411223385,
2014-06-06,0.0,0.0,0.0,0.0,1.0639271411223385,
2014-06-09,0.0,0.0,0.0,0.0,1.0639271411223385,
2014-06-10,0.0,1.0,5.4934314301614614e-05,-5.4934314301614614e-05,1.063868695014374,0.5493431430161462
2014-06-11,0.0005400020000000014,1.0,5.372804306369249e-05,0.00048627395693630896,1.0643860266543592,0.5372804306369249
2014-06-12,0.0,0.0,0.0,0.0,1.0643860266543592,
2014-06-13,0.0,1.0,5.390530567681692e-05,-5.390530567681692e-05,1.0643286506002343,0.5390530567681692
2014-06-16,-0.0005399979999999967,1.0,5.390530567681692e-05,-0.0005939033056768136,1.0636965422963163,0.5390530567681692
2014-06-17,0.0,1.0,5.3981862125777394e-05,-5.3981862125777394e-05,1.0636391219762265,0.5398186212577739
2014-06-18,0.0010800079999999982,0.0,0.0,0.0010800079999999982,1.0647878607370738,
2014-06-19,0.0002700005000000031,2.0,0.00011029925073640575,0.00015970124926359733,1.064957908688634,0.5514962536820287
2014-06-20,0.0,1.0,5.617599037749068e-05,-5.617599037749068e-05,1.0648980836234032,0.5617599037749068
2014-06-23,0.0,1.0,5.394560472046674e-05,-5.394560472046674e-05,1.0648406370523165,0.5394560472046674
2014-06-24,0.0002700004999999984,1.0,5.394739419160979e-05,0.0002160531058083886,1.0650706991791425,0.5394739419160979
2014-06-25,0.0,0.0,0.0,0.0,1.0650706991791425,
2014-06-26,0.0,0.0,0.0,0.0,1.0650706991791425,
2014-06-27,0.0,0.0,0.0,0.0,1.0650706991791425,
2014-06-30,0.0,0.0,0.0,0.0,1.0650706991791425,
2014-07-01,0.0,0.0,0.0,0.0,1.0650706991791425,
2014-07-02,0.0,0.0,0.0,0.0,1.0650706991791425,
2014-07-03,0.0,0.0,0.0,0.0,1.0650706991791425,
2014-07-04,0.0,0.0,0.0,0.0,1.0650706991791425,
2014-07-07,0.0,1.0,5.3798973991728615e-05,-5.3798973991728615e-05,1.065013399468298,0.5379897399172862
2014-07-08,0.0002700005000000031,0.0,0.0,0.0002700005000000031,1.065300953618661,
2014-07-09,0.0005400019999999968,0.0,0.0,0.0005400019999999968,1.065876218264217,
2014-07-10,0.0010800079999999982,0.0,0.0,0.0010800079999999982,1.067027373106952,
2014-07-11,0.0002700005000000031,1.0,5.378994730371962e-05,0.00021621055269628348,1.0672580756850336,0.5378994730371962
2014-07-14,0.0,1.0,5.383854963193601e-05,-5.383854963193601e-05,1.0672006160581557,0.5383854963193601
2014-07-15,-0.0005399980000000014,0.0,0.0,-0.0005399980000000014,1.0666243298598854,
2014-07-16,-0.00026999949999999837,0.0,0.0,-0.00026999949999999837,1.0663363418241354,
2014-07-17,0.0010800080000000027,0.0,0.0,0.0010800080000000027,1.0674879936039963,
2014-07-18,-0.0008099955000000045,0.0,0.0,-0.0008099955000000045,1.066623333132873,
2014-07-21,-0.0005399979999999967,0.0,0.0,-0.0005399979999999967,1.0660473586662278,
2014-07-22,0.0005400019999999968,0.0,0.0,0.0005400019999999968,1.0666230263720022,
2014-07-23,0.0002700005000000031,0.0,0.0,0.0002700005000000031,1.0669110151224341,
2014-07-24,-0.001079992000000003,1.0,5.190067264681572e-05,-0.0011318926726468187,1.0657033863620509,0.5190067264681572
2014-07-25,0.0002700010000000007,1.0,5.189484904979755e-05,0.00021810615095020316,1.065935822825705,0.5189484904979755
2014-07-28,0.0,1.0,5.1900180599691385e-05,-5.1900180599691385e-05,1.0658805005639926,0.5190018059969138
2014-07-29,0.0001825002249999991,1.0,5.189575306995139e-05,0.0001306044719300477,1.0660197093239092,0.518957530699514
2014-07-30,0.0,1.0,5.400872988042812e-05,-5.400872988042812e-05,1.0659621349533812,0.5400872988042812
2014-07-31,0.0005400019999999968,1.0,5.39794670738794e-05,0.00048602253292611737,1.0664802165702147,0.5397946707387941
2014-08-01,0.0,0.0,0.0,0.0,1.0664802165702147,
2014-08-04,0.0,0.0,0.0,0.0,1.0664802165702147,
2014-08-05,0.0,0.0,0.0,0.0,1.0664802165702147,
2014-08-06,0.0,0.0,0.0,0.0,1.0664802165702147,
2014-08-07,0.0,0.0,0.0,0.0,1.0664802165702147,
2014-08-08,0.0,0.0,0.0,0.0,1.0664802165702147,
2014-08-11,0.0,0.0,0.0,0.0,1.0664802165702147,
2014-08-12,0.0,0.0,0.0,0.0,1.0664802165702147,
2014-08-13,0.0,0.0,0.0,0.0,1.0664802165702147,
2014-08-14,0.0,0.0,0.0,0.0,1.0664802165702147,
2014-08-15,0.0,0.0,0.0,0.0,1.0664802165702147,
2014-08-18,0.0,0.0,0.0,0.0,1.0664802165702147,
2014-08-19,0.0,0.0,0.0,0.0,1.0664802165702147,
2014-08-20,0.0,0.0,0.0,0.0,1.0664802165702147,
2014-08-21,0.0,0.0,0.0,0.0,1.0664802165702147,
2014-08-22,0.0,1.0,5.144279876488052e-05,-5.144279876488052e-05,1.066425353843047,0.5144279876488053
2014-08-25,-4.427374296307263e-10,1.0,5.1457551384323696e-05,-5.145799412175333e-05,1.0663704777334577,0.514575513843237
2014-08-26,0.0,0.0,0.0,0.0,1.0663704777334577,
2014-08-27,0.0,0.0,0.0,0.0,1.0663704777334577,
2014-08-28,0.0,0.0,0.0,0.0,1.0663704777334577,
2014-08-29,0.0,1.0,5.1871080334882943e-05,-5.1871080334882943e-05,1.0663151639447404,0.5187108033488295
2014-09-01,0.0,0.0,0.0,0.0,1.0663151639447404,
2014-09-02,0.0,1.0,5.1871080334882943e-05,-5.1871080334882943e-05,1.066259853025209,0.5187108033488295
2014-09-03,0.0,0.0,0.0,0.0,1.066259853025209,
2014-09-04,0.0,0.0,0.0,0.0,1.066259853025209,
2014-09-05,0.0,1.0,5.3650468199984225e-05,-5.3650468199984225e-05,1.0662026476848714,0.5365046819998422
2014-09-08,0.0013499887500000075,2.0,0.00010551271226400857,0.001244476037735999,1.0675295113312857,0.5275635613200429
2014-09-09,0.0,1.0,5.183910237664712e-05,-5.183910237664712e-05,1.0674741715596578,0.5183910237664712
2014-09-10,0.0,0.0,0.0,0.0,1.0674741715596578,
2014-09-11,0.0,0.0,0.0,0.0,1.0674741715596578,
2014-09-12,0.0,1.0,5.174612835108298e-05,-5.174612835108298e-05,1.0674189339041649,0.5174612835108298
2014-09-15,0.0,1.0,5.161151693051169e-05,-5.161151693051169e-05,1.0673638427937857,0.5161151693051169
2014-09-16,0.0,1.0,5.3190555202345196e-05,-5.3190555202345196e-05,1.0673070691183846,0.5319055520234519
2014-09-17,0.001836714234693892,1.0,5.320921559664033e-05,0.0017835050190972517,1.0692106166330753,0.5320921559664034
2014-09-18,0.0,0.0,0.0,0.0,1.0692106166330753,
2014-09-19,0.0,0.0,0.0,0.0,1.0692106166330753,
2014-09-22,0.0,0.0,0.0,0.0,1.0692106166330753,
2014-09-23,0.0,0.0,0.0,0.0,1.0692106166330753,
2014-09-24,0.0,0.0,0.0,0.0,1.0692106166330753,
2014-09-25,0.0,0.0,0.0,0.0,1.0692106166330753,
2014-09-26,0.0,0.0,0.0,0.0,1.0692106166330753,
2014-09-29,0.0,0.0,0.0,0.0,1.0692106166330753,
2014-09-30,0.0,0.0,0.0,0.0,1.0692106166330753,
2014-10-01,0.0,0.0,0.0,0.0,1.0692106166330753,
2014-10-02,0.0,0.0,0.0,0.0,1.0692106166330753,
2014-10-03,0.0,0.0,0.0,0.0,1.0692106166330753,
2014-10-06,0.0,0.0,0.0,0.0,1.0692106166330753,
2014-10-07,0.0,0.0,0.0,0.0,1.0692106166330753,
2014-10-08,0.0,0.0,0.0,0.0,1.0692106166330753,
2014-10-09,0.0,0.0,0.0,0.0,1.0692106166330753,
2014-10-10,0.0,0.0,0.0,0.0,1.0692106166330753,
2014-10-13,0.0,0.0,0.0,0.0,1.0692106166330753,
2014-10-14,0.0,0.0,0.0,0.0,1.0692106166330753,
2014-10-15,0.0,0.0,0.0,0.0,1.0692106166330753,
2014-10-16,0.0,0.0,0.0,0.0,1.0692106166330753,
2014-10-17,0.0,0.0,0.0,0.0,1.0692106166330753,
2014-10-20,0.0,1.0,5.190153075416611e-05,-5.190153075416611e-05,1.0691551229653733,0.5190153075416611
2014-10-21,0.0,0.0,0.0,0.0,1.0691551229653733,
2014-10-22,0.0,1.0,5.190153075416611e-05,-5.190153075416611e-05,1.0690996321778776,0.5190153075416611
2014-10-23,0.0,1.0,5.1871080334882943e-05,-5.1871080334882943e-05,1.069044176824971,0.5187108033488295
2014-10-24,0.0,0.0,0.0,0.0,1.069044176824971,
2014-10-27,0.0,1.0,5.184114923579665e-05,-5.184114923579665e-05,1.0689887563462606,0.5184114923579665
2014-10-28,0.0,0.0,0.0,0.0,1.0689887563462606,
2014-10-29,0.0,0.0,0.0,0.0,1.0689887563462606,
2014-10-30,0.0,0.0,0.0,0.0,1.0689887563462606,
2014-10-31,0.0,0.0,0.0,0.0,1.0689887563462606,
2014-11-03,0.0,0.0,0.0,0.0,1.0689887563462606,
2014-11-04,0.0,0.0,0.0,0.0,1.0689887563462606,
2014-11-05,0.0,0.0,0.0,0.0,1.0689887563462606,
2014-11-06,0.0,0.0,0.0,0.0,1.0689887563462606,
2014-11-07,0.0,0.0,0.0,0.0,1.0689887563462606,
2014-11-10,0.0,0.0,0.0,0.0,1.0689887563462606,
2014-11-11,0.0,0.0,0.0,0.0,1.0689887563462606,
2014-11-12,0.0,0.0,0.0,0.0,1.0689887563462606,
2014-11-13,0.0,0.0,0.0,0.0,1.0689887563462606,
2014-11-14,0.0,0.0,0.0,0.0,1.0689887563462606,
2014-11-17,0.0,0.0,0.0,0.0,1.0689887563462606,
2014-11-18,0.0,0.0,0.0,0.0,1.0689887563462606,
2014-11-19,0.0,0.0,0.0,0.0,1.0689887563462606,
2014-11-20,0.0,0.0,0.0,0.0,1.0689887563462606,
2014-11-21,0.0,0.0,0.0,0.0,1.0689887563462606,
2014-11-24,0.0,0.0,0.0,0.0,1.0689887563462606,
2014-11-25,0.0,0.0,0.0,0.0,1.0689887563462606,
2014-11-26,0.0,0.0,0.0,0.0,1.0689887563462606,
2014-11-27,0.0,0.0,0.0,0.0,1.0689887563462606,
2014-11-28,0.0,0.0,0.0,0.0,1.0689887563462606,
2014-12-01,0.0,0.0,0.0,0.0,1.0689887563462606,
2014-12-02,0.0,0.0,0.0,0.0,1.0689887563462606,
2014-12-03,0.0,0.0,0.0,0.0,1.0689887563462606,
2014-12-04,0.0,0.0,0.0,0.0,1.0689887563462606,
2014-12-05,0.0,1.0,5.1986109958779115e-05,-5.1986109958779115e-05,1.0689331837792284,0.5198610995877911
2014-12-08,0.0,1.0,5.284850400022234e-05,-5.284850400022234e-05,1.0688766922595896,0.5284850400022234
2014-12-09,0.000642501625,1.0,5.296737710752695e-05,0.000589534247892473,1.0695068316764507,0.5296737710752695
2014-12-10,0.0,0.0,0.0,0.0,1.0695068316764507,
2014-12-11,0.0,1.0,5.490204368389832e-05,-5.490204368389832e-05,1.0694481135656577,0.5490204368389832
2014-12-12,0.0022504049999999944,1.0,5.499073661992176e-05,0.0021954142633800727,1.0717959952081246,0.5499073661992175
2014-12-15,0.0,1.0,5.7613473041353225e-05,-5.7613473041353225e-05,1.0717342453184489,0.5761347304135322
2014-12-16,-0.007500312500000007,1.0,5.766671579448765e-05,-0.0075579792157944945,1.0636341001674767,0.5766671579448764
2014-12-17,0.0,0.0,0.0,0.0,1.0636341001674767,
2014-12-18,0.0,1.0,5.803270152472446e-05,-5.803270152472446e-05,1.06357237460721,0.5803270152472446
2014-12-19,-0.009000449999999998,1.967741935483871,0.00010959628160156441,-0.009110046281601563,1.0538831810507054,0.556964709778442
2014-12-22,0.00209681881048386,0.967741935483871,5.2076978834048464e-05,0.0020447418316498116,1.056038100076672,0.5381287812851675
2014-12-23,-0.0024995000000000546,0.9404388714733543,5.061304350148633e-05,-0.002550113043501541,1.053345083543232,0.5381853625658047
2014-12-24,0.0019553737813479523,1.9160486275709152,0.000102570429646931,0.0018528033517010213,1.0552967248445189,0.5353226852961733
2014-12-25,0.0,0.0,0.0,0.0,1.0552967248445189,
2014-12-26,-0.001353682321951236,0.9756097560975611,5.17774959675902e-05,-0.0014054598179188262,1.0538135477017685,0.5307193336677994
2014-12-29,-0.0012984968502202739,0.8810572687224669,4.7962946724954636e-05,-0.0013464597969452285,1.0523946301263118,0.5443794453282351
2014-12-30,0.0005000200000000231,0.0,0.0,0.0005000200000000231,1.0529208484892676,
2014-12-31,-0.0005000137499999971,1.0,5.5212263915586677e-05,-0.0005552260139155838,1.0523362394435922,0.5521226391558668
2015-01-01,0.0,0.0,0.0,0.0,1.0523362394435922,
2015-01-02,-0.00900045000000005,1.0,5.79506955244201e-05,-0.00905840069552447,1.0428037561202907,0.579506955244201
2015-01-05,0.0,1.0,5.3142563637333265e-05,-5.3142563637333265e-05,1.0427483388553198,0.5314256363733326
2015-01-06,0.0,0.0,0.0,0.0,1.0427483388553198,
2015-01-07,-5.0000015000000024e-05,0.0,0.0,-5.0000015000000024e-05,1.042696201422736,
2015-01-08,-5.000001499999997e-05,0.0,0.0,-5.000001499999997e-05,1.0426440665970242,
2015-01-09,0.0,0.0,0.0,0.0,1.0426440665970242,
2015-01-12,4.999998499999997e-05,1.0,5.3168524581346796e-05,-3.1685395813468284e-06,1.0426407629380299,0.531685245813468
2015-01-13,0.0,1.0,5.31877827041281e-05,-5.31877827041281e-05,1.0425853071876923,0.531877827041281
2015-01-14,4.999998499999997e-05,1.0,5.320398762843489e-05,-3.2040026284349234e-06,1.0425819667416276,0.5320398762843489
2015-01-15,0.0,0.0,0.0,0.0,1.0425819667416276,
2015-01-16,0.0,1.0,5.324138725503446e-05,-5.324138725503446e-05,1.0425264582313911,0.5324138725503446
2015-01-19,0.0,0.0,0.0,0.0,1.0425264582313911,
2015-01-20,4.999998499999997e-05,1.0,5.3239062429736236e-05,-3.2390774297362684e-06,1.0425230814074704,0.5323906242973624
2015-01-21,0.0,0.0,0.0,0.0,1.0425230814074704,
2015-01-22,0.0,0.0,0.0,0.0,1.0425230814074704,
2015-01-23,0.0,0.0,0.0,0.0,1.0425230814074704,
2015-01-26,0.0,0.0,0.0,0.0,1.0425230814074704,
2015-01-27,0.0,0.0,0.0,0.0,1.0425230814074704,
2015-01-28,0.0,0.0,0.0,0.0,1.0425230814074704,
2015-01-29,0.0,1.0,5.306213125686587e-05,-5.306213125686587e-05,1.0424677629108865,0.5306213125686587
2015-01-30,0.0,0.0,0.0,0.0,1.0424677629108865,
2015-02-02,0.0,2.0,0.00010916596120688629,-0.00010916596120688629,1.042353960915521,0.5458298060344314
2015-02-03,0.005248886250000019,2.0,0.00010950359056146453,0.005139382659438555,1.0477110167872474,0.5475179528073226
2015-02-04,-5.000001500000008e-05,0.0,0.0,-5.000001500000008e-05,1.0476586312206924,
2015-02-05,0.0,0.0,0.0,0.0,1.0476586312206924,
2015-02-06,4.9999985000000076e-05,0.0,0.0,4.9999985000000076e-05,1.0477110141365387,
2015-02-09,4.999998499999997e-05,1.0,5.3575129771247514e-05,-3.575144771247547e-06,1.0477072684179847,0.5357512977124752
2015-02-10,-0.00013499975000000154,1.0,5.357589111927442e-05,-0.00018857564111927596,1.0475096963481374,0.5357589111927442
2015-02-11,-5.000001499999997e-05,0.0,0.0,-5.000001499999997e-05,1.0474573208476075,
2015-02-12,0.0,1.0,5.358773742024748e-05,-5.358773742024748e-05,1.0474011899797389,0.5358773742024748
2015-02-13,-0.00013499974999999918,1.0,5.358731340086758e-05,-0.00018858706340086677,1.047203663665118,0.5358731340086759
2015-02-16,0.0,0.0,0.0,0.0,1.047203663665118,
2015-02-17,0.0,0.0,0.0,0.0,1.047203663665118,
2015-02-18,0.0,0.0,0.0,0.0,1.047203663665118,
2015-02-19,0.0,0.0,0.0,0.0,1.047203663665118,
2015-02-20,0.0,0.0,0.0,0.0,1.047203663665118,
2015-02-23,4.999998499999997e-05,1.0,5.304393441505625e-05,-3.043949415056282e-06,1.0472004760301385,0.5304393441505625
2015-02-24,0.0,0.0,0.0,0.0,1.0472004760301385,
2015-02-25,0.0,1.0,5.304393441505625e-05,-5.304393441505625e-05,1.0471449283967686,0.5304393441505625
2015-02-26,0.0,0.0,0.0,0.0,1.0471449283967686,
2015-02-27,0.0,0.0,0.0,0.0,1.0471449283967686,
2015-03-02,4.999998499999997e-05,1.0,5.296749496467111e-05,-2.967509964671146e-06,1.0471418209837593,0.5296749496467111
2015-03-03,0.0,1.0,5.294679755314291e-05,-5.294679755314291e-05,1.0470863781777542,0.5294679755314291
2015-03-04,0.0,1.0,5.292917013244083e-05,-5.292917013244083e-05,1.0470309567647003,0.5292917013244083
2015-03-05,0.0,1.0,5.291078907377623e-05,-5.291078907377623e-05,1.0469755575305932,0.5291078907377623
2015-03-06,0.0,0.0,0.0,0.0,1.0469755575305932,
2015-03-09,9.999993999999999e-05,1.0,5.291078907377623e-05,4.708915092622376e-05,1.0470248587206379,0.5291078907377623
2015-03-10,0.0,0.0,0.0,0.0,1.0470248587206379,
2015-03-11,0.0,0.0,0.0,0.0,1.0470248587206379,
2015-03-12,0.0,0.0,0.0,0.0,1.0470248587206379,
2015-03-13,0.0,0.0,0.0,0.0,1.0470248587206379,
2015-03-16,0.0,0.0,0.0,0.0,1.0470248587206379,
2015-03-17,0.0,0.0,0.0,0.0,1.0470248587206379,
2015-03-18,0.0,0.0,0.0,0.0,1.0470248587206379,
2015-03-19,0.0,0.0,0.0,0.0,1.0470248587206379,
2015-03-20,0.0,0.0,0.0,0.0,1.0470248587206379,
2015-03-23,0.0,0.0,0.0,0.0,1.0470248587206379,
2015-03-24,0.0,0.0,0.0,0.0,1.0470248587206379,
2015-03-25,0.0,0.0,0.0,0.0,1.0470248587206379,
2015-03-26,0.0,0.0,0.0,0.0,1.0470248587206379,
2015-03-27,0.0,0.0,0.0,0.0,1.0470248587206379,
2015-03-30,0.0,0.0,0.0,0.0,1.0470248587206379,
2015-03-31,0.0,0.0,0.0,0.0,1.0470248587206379,
2015-04-01,0.0,1.0,5.66753562718354e-05,-5.66753562718354e-05,1.0469655182137445,0.566753562718354
2015-04-02,0.0013499887500000075,1.0,5.6675356271835406e-05,0.0012933133937281722,1.0483195727412218,0.5667535627183541
2015-04-03,0.0,1.0,5.676008871502648e-05,-5.676008871502648e-05,1.0482600700292712,0.5676008871502648
2015-04-06,0.002249968750000002,0.0,0.0,0.002249968750000002,1.05061862242871,
2015-04-07,0.0004499987499999973,1.0,5.674691287429543e-05,0.0003932518371257018,1.0510317801320985,0.5674691287429543
2015-04-08,0.0,0.0,0.0,0.0,1.0510317801320985,
2015-04-09,0.0,0.0,0.0,0.0,1.0510317801320985,
2015-04-10,0.0,0.0,0.0,0.0,1.0510317801320985,
2015-04-13,0.0,0.0,0.0,0.0,1.0510317801320985,
2015-04-14,0.0,0.0,0.0,0.0,1.0510317801320985,
2015-04-15,0.0,0.0,0.0,0.0,1.0510317801320985,
2015-04-16,0.0,0.0,0.0,0.0,1.0510317801320985,
2015-04-17,0.0,0.0,0.0,0.0,1.0510317801320985,
2015-04-20,0.0,0.0,0.0,0.0,1.0510317801320985,
2015-04-21,0.0,0.0,0.0,0.0,1.0510317801320985,
2015-04-22,0.0,0.0,0.0,0.0,1.0510317801320985,
2015-04-23,0.0,0.0,0.0,0.0,1.0510317801320985,
2015-04-24,0.0,0.0,0.0,0.0,1.0510317801320985,
2015-04-27,0.0,0.0,0.0,0.0,1.0510317801320985,
2015-04-28,0.0,1.0,5.609073924247082e-05,-5.609073924247082e-05,1.0509728269825835,0.5609073924247082
2015-04-29,0.0017999800000000046,2.0,0.00010941415322332973,0.0016905658467766748,1.0527495657497707,0.5470707661166486
2015-04-30,9.500005000000025e-05,2.0,0.00010628010381094592,-1.1280053810945663e-05,1.0527376906780197,0.5314005190547295
2015-05-01,-5.000001499999997e-05,0.0,0.0,-5.000001499999997e-05,1.0526850537776948,
2015-05-04,0.000149999865,1.0,5.3117292755628475e-05,9.688257224437153e-05,1.0527870406134678,0.5311729275562848
2015-05-05,0.0,0.0,0.0,0.0,1.0527870406134678,
2015-05-06,0.0,0.0,0.0,0.0,1.0527870406134678,
2015-05-07,0.0,0.0,0.0,0.0,1.0527870406134678,
2015-05-08,0.0,0.0,0.0,0.0,1.0527870406134678,
2015-05-11,0.0,0.0,0.0,0.0,1.0527870406134678,
2015-05-12,0.0,1.0,5.923354064271371e-05,-5.923354064271371e-05,1.0527246803095096,0.5923354064271371
2015-05-13,0.0,0.0,0.0,0.0,1.0527246803095096,
2015-05-14,0.0037200809999999988,1.867132867132867,0.00010392850015566478,0.003616152499844334,1.0565314932938588,0.5566208060771559
2015-05-15,-0.0002179270130026225,1.867132867132867,0.00010403447630186206,-0.0003219614893044846,1.0561913308407807,0.5571883936766395
2015-05-18,-0.004959855999999992,1.0,5.921148702108563e-05,-0.005019067487021077,1.0508902352720841,0.5921148702108563
2015-05-19,0.0,1.0,5.9073104584198474e-05,-5.9073104584198474e-05,1.0508281559233095,0.5907310458419848
2015-05-20,0.0018600202499999888,1.0,5.9098155450801085e-05,0.0018009220945491876,1.0527206155668862,0.5909815545080108
2015-05-21,0.0,1.0,5.4010579230324694e-05,-5.4010579230324694e-05,1.0526637575166717,0.540105792303247
2015-05-22,-0.0007199960000000004,0.0,0.0,-0.0007199960000000004,1.0519058438219149,
2015-05-25,0.0,0.0,0.0,0.0,1.0519058438219149,
2015-05-26,0.0,0.0,0.0,0.0,1.0519058438219149,
2015-05-27,0.0,1.0,5.39771001747978e-05,-5.39771001747978e-05,1.0518490649948085,0.539771001747978
2015-05-28,0.0,0.0,0.0,0.0,1.0518490649948085,
2015-05-29,0.0,1.0,5.2938593630745045e-05,-5.2938593630745045e-05,1.051793381584596,0.5293859363074505
2015-06-01,0.0002531230342187503,0.3125,1.6216245090517192e-05,0.0002369067891282331,1.0520425585774533,0.5189198428965502
2015-06-02,0.0,1.0,5.3239062429736236e-05,-5.3239062429736236e-05,1.0519865488179985,0.5323906242973624
2015-06-03,0.0,1.0,5.3574825425355385e-05,-5.3574825425355385e-05,1.0519301888222958,0.5357482542535539
2015-06-04,0.0013950265500000038,1.0,5.35896717581011e-05,0.0013414368782419027,1.053341286770918,0.535896717581011
2015-06-05,0.0,1.0,5.443705951784068e-05,-5.443705951784068e-05,1.0532839459685974,0.5443705951784068
2015-06-08,0.0009550101175000051,1.0,5.433744978956709e-05,0.0009006726677104381,1.0542326100300696,0.5433744978956709
2015-06-09,0.0,1.0,5.3720204341349614e-05,-5.3720204341349614e-05,1.0541759764388354,0.5372020434134961
2015-06-10,-0.0012554800312499998,0.44999999999999996,2.3798179052637447e-05,-0.0012792782103026373,1.0528273920823528,0.5288484233919433
2015-06-11,0.0003600009999999994,2.0,0.00011217272617025843,0.00024782827382974096,1.0530883124775732,0.5608636308512921
2015-06-12,-0.0006199977499999747,1.55,8.569438367286508e-05,-0.0007056921336728398,1.0523451563393948,0.5528669914378392
2015-06-15,0.0008370088750000022,1.55,8.573655046148232e-05,0.0007512723245385199,1.0531357541312147,0.5531390352353698
2015-06-16,0.0024800359999999854,1.0,5.8872652982299615e-05,0.002421163347017686,1.055685567818551,0.5887265298229961
2015-06-17,0.0,1.0,5.520825763291999e-05,-5.520825763291999e-05,1.0556272852577435,0.5520825763291999
2015-06-18,-0.0009299898750000052,0.0,0.0,-0.0009299898750000052,1.05464556257068,
2015-06-19,0.0022500871249999926,1.84375,9.885414022272009e-05,0.0021512329847772726,1.056914350892131,0.5361580486656005
2015-06-22,-5.906334601562472e-05,2.0,0.00011123679287859697,-0.0001703001388942217,1.0567343582313748,0.5561839643929849
2015-06-23,-0.0024799640000000064,1.0,5.528644885076075e-05,-0.002535250448850767,1.0540552719753529,0.5528644885076075
2015-06-24,0.00048500425000000554,0.8671328671328671,4.6613781265732097e-05,0.00043839046873427344,1.0545173597601059,0.5375621549193299
2015-06-25,-4.1188191608392434e-05,0.0,0.0,-4.1188191608392434e-05,1.0544739260970377,
2015-06-26,0.000157870263986014,0.8671328671328671,4.4814432519097565e-05,0.00011305583146691643,1.0545931405235127,0.5168116008250768
2015-06-29,0.00038929290312500356,0.775,4.183183314751192e-05,0.00034746106997749166,1.0549595705845098,0.5397655890001538
2015-06-30,-0.00048499575000000785,0.8671328671328671,4.6647903665829235e-05,-0.0005316436536658371,1.0543987080239345,0.5379556632430308
2015-07-01,0.0006566733959790213,1.0,5.294591507920594e-05,0.0006037274808998153,1.055035277499794,0.5294591507920594
2015-07-02,0.0,1.0,5.625584472476251e-05,-5.625584472476251e-05,1.0549759255990439,0.5625584472476252
2015-07-03,0.0,0.0,0.0,0.0,1.0549759255990439,
2015-07-06,-0.0016200179999999998,1.0,5.3022043502459544e-05,-0.0016730400435024592,1.0532109086305856,0.5302204350245954
2015-07-07,0.0001824997749999991,2.0,0.00011264848156009872,6.985129343990038e-05,1.0532844767748184,0.5632424078004936
2015-07-08,0.0037200809999999988,2.0,0.00011196371254476222,0.0036081172874552364,1.0570848507040778,0.559818562723811
2015-07-09,-9.499995000000025e-05,2.0,0.00010860274588236863,-0.00020360269588236887,1.056869625378698,0.5430137294118431
2015-07-10,0.0024299594999999995,1.0,5.6604227374117244e-05,0.002373355272625882,1.0593779524765687,0.5660422737411724
2015-07-13,0.0,1.0,5.6604227374117244e-05,-5.6604227374117244e-05,1.0593179872060716,0.5660422737411724
2015-07-14,-0.0008100044999999999,0.0,0.0,-0.0008100044999999999,1.0584599348695038,
2015-07-15,-0.0008100044999999999,1.0,5.455207215944468e-05,-0.0008645565721594445,1.057544836376445,0.5455207215944469
2015-07-16,0.0006749937500000007,1.0,5.455154148348086e-05,0.0006204422085165198,1.0582009818303317,0.5455154148348087
2015-07-17,0.0,0.0,0.0,0.0,1.0582009818303317,
2015-07-20,0.0,0.0,0.0,0.0,1.0582009818303317,
2015-07-21,0.0,1.0,5.659411439336385e-05,-5.659411439336385e-05,1.0581410938829148,0.5659411439336385
2015-07-22,0.00026999949999999837,1.0,5.3731259679942145e-05,0.0002162682403200562,1.058369936195299,0.5373125967994214
2015-07-23,9.000099999999944e-05,2.0,0.00011380291231701881,-2.3801912317019373e-05,1.0583447449668788,0.5690145615850941
2015-07-24,0.0006200022499999963,1.0,5.990817404131206e-05,0.0005600940759586842,1.0589375175888567,0.5990817404131206
2015-07-27,0.0,1.0,5.656690899779422e-05,-5.656690899779422e-05,1.058877616766665,0.5656690899779422
2015-07-28,0.0008099954999999998,1.0,5.6544664018774684e-05,0.0007534508359812251,1.0596754289922197,0.5654466401877468
2015-07-29,0.0,0.0,0.0,0.0,1.0596754289922197,
2015-07-30,0.0,1.0,5.991403730037469e-05,-5.991403730037469e-05,1.0596119395590409,0.5991403730037469
2015-07-31,0.00558018225000001,1.0,6.007414001360518e-05,0.005520108109986405,1.0654611120200392,0.6007414001360518
2015-08-03,0.0,1.0,5.599378208886623e-05,-5.599378208886623e-05,1.0654014528227087,0.5599378208886623
2015-08-04,-0.0055998162499999934,0.0,0.0,-0.0055998162499999934,1.0594354004544186,
2015-08-05,-0.003999906249999976,1.0,5.6099435002082796e-05,-0.004056005685002058,1.055138324447283,0.560994350020828
2015-08-06,0.0,1.0,5.190240686042981e-05,-5.190240686042981e-05,1.0550835602286734,0.5190240686042982
2015-08-07,-4.999994249999999e-05,0.0,0.0,-4.999994249999999e-05,1.0550308061113294,
2015-08-10,4.999991750000003e-05,1.0,5.2178732790207306e-05,-2.1788152902072787e-06,1.0550285073940775,0.521787327902073
2015-08-11,0.0,1.0,5.605847214615721e-05,-5.605847214615721e-05,1.0549693641078823,0.5605847214615721
2015-08-12,0.0008000037499999674,1.0,5.605847214615721e-05,0.0007439452778538101,1.0557542035845908,0.5605847214615721
2015-08-13,0.0,0.0,0.0,0.0,1.0557542035845908,
2015-08-14,0.0,1.0,5.222491303756028e-05,-5.222491303756028e-05,1.0556990669131197,0.5222491303756028
2015-08-17,3.750000500000007e-05,1.0,5.223771284044726e-05,-1.473770784044719e-05,1.0556835083287042,0.5223771284044727
2015-08-18,0.0,1.0,5.2288477442972864e-05,-5.2288477442972864e-05,1.0556283082453919,0.5228847744297287
2015-08-19,5.000005749999997e-05,0.14356929212362912,7.312183426594497e-06,4.268787407340547e-05,1.0556733707736825,0.5093138872829361
2015-08-20,5.914844463609217e-05,0.0847457627118644,4.322536336242024e-06,5.4825908299850146e-05,1.055731249025103,0.5100592876765588
2015-08-21,0.00013014882808823558,0.0,0.0,0.00013014882808823558,1.0558686512099398,
2015-08-24,0.00015514880808823549,0.05882352941176471,2.9902178783826315e-06,0.00015215859020985286,1.0560293106953547,0.5083370393250473
2015-08-25,3.750000500000003e-05,2.0,0.00010842841595486128,-7.092841095486126e-05,1.0559544082144252,0.5421420797743064
2015-08-26,0.0004499987499999973,1.9473684210526316,0.0001061914594165483,0.00034380729058344897,1.0563174530384931,0.545307494301194
2015-08-27,0.0,0.5633802816901408,3.0529978856353766e-05,-3.0529978856353766e-05,1.0562852036889863,0.5419071247002795
2015-08-28,-0.0003137683024462544,0.9411764705882353,5.0196342055934336e-05,-0.00036396464450218875,1.0559007532203326,0.5333361343443024
2015-08-31,-4.67488976470585e-05,0.0,0.0,-4.67488976470585e-05,1.0558513910240948,
2015-09-01,-7.731036222915751e-07,0.0,0.0,-7.731036222915751e-07,1.0558505747415596,
2015-09-02,-1.1531804086687752e-05,0.0,0.0,-1.1531804086687752e-05,1.055838398879587,
2015-09-03,2.3219964055728164e-05,0.0,0.0,2.3219964055728164e-05,1.0558629154092576,
2015-09-04,0.00011749489289473685,0.0,0.0,0.00011749489289473685,1.0559869739094152,
2015-09-07,0.0,0.0,0.0,0.0,1.0559869739094152,
2015-09-08,-0.00014039818153250826,0.0,0.0,-0.00014039818153250826,1.0558387152585562,
2015-09-09,-3.552621975232095e-05,0.0,0.0,-3.552621975232095e-05,1.055801205300335,
2015-09-10,-1.1686992213623003e-05,0.0,0.0,-1.1686992213623003e-05,1.0557888661598693,
2015-09-11,5.8746817151702365e-05,0.052631578947368446,2.671784699992526e-06,5.607503245170984e-05,1.0558480695548014,0.5076390929985797
2015-09-14,6.1029837500000585e-05,0.0,0.0,6.1029837500000585e-05,1.0559125077909108,
2015-09-15,-0.0002588124929411759,0.9938080495356036,5.2717590891495486e-05,-0.0003115300838326714,1.0555835592788387,0.5304604940172287
2015-09-16,-0.0007999925352631667,0.9473684210526316,5.047807543711627e-05,-0.000850470610700283,1.0546858164845336,0.5328241296140049
2015-09-17,0.0009000618749999988,0.8938547486033519,4.764860254041253e-05,0.0008524132724595864,1.05558484467278,0.5330687409208652
2015-09-18,-0.0006155053233240237,0.8938547486033519,4.736520800443565e-05,-0.0006628705313284594,1.0548851285859295,0.5298982645496237
2015-09-21,0.0006153014158163282,0.0,0.0,0.0006153014158163282,1.055534200899072,
2015-09-22,-0.0009137928188775533,0.0,0.0,-0.0009137928188775533,1.0545696613262108,
2015-09-23,0.0004545876913265317,0.0,0.0,0.0004545876913265317,1.055049055713896,
2015-09-24,-0.00023418528061224414,0.8163265306122449,4.339352270919313e-05,-0.00027757880332143726,1.0547561964595655,0.5315706531876159
2015-09-25,-0.0006999800000000018,0.9,4.8195836305742325e-05,-0.0007481758363057442,1.0539670533601808,0.5355092922860258
2015-09-28,0.002732589564249997,0.9,4.820765481279132e-05,0.0026843819094372057,1.0567963034513639,0.5356406090310145
2015-09-29,0.0008750312500000186,0.0,0.0,0.0008750312500000186,1.0577210332417684,
2015-09-30,-0.00039999812500001147,0.0,0.0,-0.00039999812500001147,1.0572979468116985,
2015-10-01,0.00040000187500001145,0.0,0.0,0.00040000187500001145,1.057720867972857,
2015-10-02,0.0006000274999999847,0.8163265306122449,4.328046632602989e-05,0.0005567470336739548,1.058309750928556,0.5301857124938661
2015-10-05,0.0005418371938775556,0.0,0.0,0.0005418371938775556,1.0588831825142522,
2015-10-06,-7.806047193877641e-05,0.0,0.0,-7.806047193877641e-05,1.058800525593297,
2015-10-07,0.00016071339285714074,0.0,0.0,0.00016071339285714074,1.058970689018124,
2015-10-08,0.0003811223341836687,0.0,0.0,0.0003811223341836687,1.0593742863989548,
2015-10-09,0.00022499937500000255,0.0,0.0,0.00022499937500000255,1.0596126449512857,
2015-10-12,0.0,0.0,0.0,0.0,1.0596126449512857,
2015-10-13,-0.0006107174107142828,0.0,0.0,-0.0006107174107142828,1.058965521060401,
2015-10-14,-0.0005464373214285734,1.0,5.5593160123359106e-05,-0.0006020304815519325,1.05832799153781,0.5559316012335911
2015-10-15,0.002338685752551028,0.0,0.0,0.002338685752551028,1.0608030881331454,
2015-10-16,0.0,0.18367346938775508,9.453637751791092e-06,-9.453637751791092e-06,1.0607930596850241,0.5146980553752928
2015-10-19,0.0014999749999999909,1.0,5.5341776120229714e-05,0.0014446332238797612,1.0623255165827061,0.5534177612022971
2015-10-20,-0.0008999937500000009,0.0,0.0,-0.0008999937500000009,1.0613694302573162,
2015-10-21,0.0003600009999999994,0.0,0.0,0.0003600009999999994,1.0617515243135782,
2015-10-22,0.0005400022500000014,0.0,0.0,0.0005400022500000014,1.0623248725256484,
2015-10-23,-0.0008999937500000009,0.0,0.0,-0.0008999937500000009,1.0613687867799058,
2015-10-26,0.0,0.0,0.0,0.0,1.0613687867799058,
2015-10-27,0.00018000024999999893,1.0,5.4680920523695374e-05,0.00012531932947630356,1.0615017968045921,0.5468092052369538
2015-10-28,0.0,1.0,5.487122300447454e-05,-5.487122300447454e-05,1.06144355090278,0.5487122300447455
2015-10-29,-0.00035999899999999936,0.0,0.0,-0.00035999899999999936,1.0610614322858987,
2015-10-30,0.0,1.0,5.485941724591212e-05,-5.485941724591212e-05,1.0610032230740614,0.5485941724591212
2015-11-02,0.0,1.0,5.5532135191226916e-05,-5.5532135191226916e-05,1.0609443032996393,0.5553213519122692
2015-11-03,5.000001500000013e-05,0.0,0.0,5.000001500000013e-05,1.0609973505307186,
2015-11-04,-4.999998500000013e-05,0.0,0.0,-4.999998500000013e-05,1.060944300679107,
2015-11-05,0.0,0.0,0.0,0.0,1.060944300679107,
2015-11-06,-0.000249999625,0.0,0.0,-0.000249999625,1.0606790650017914,
2015-11-09,-9.999994000000004e-05,0.0,0.0,-9.999994000000004e-05,1.060572997158932,
2015-11-10,0.0,0.0,0.0,0.0,1.060572997158932,
2015-11-11,0.0,1.0,5.564085180088505e-05,-5.564085180088505e-05,1.060513985973973,0.5564085180088505
2015-11-12,0.0,1.0,5.519705433734941e-05,-5.519705433734941e-05,1.0604554487258637,0.5519705433734942
2015-11-13,0.0003701521623880601,1.8507462686567164,0.00010512564378638849,0.0002650265186016716,1.0607364975415718,0.5680175914264539
2015-11-16,0.0018600202499999888,1.0,5.831245164197918e-05,0.0018017077983580095,1.0626476347611955,0.5831245164197918
2015-11-17,0.0,1.0,5.7976154939508626e-05,-5.7976154939508626e-05,1.0625860265372764,0.5797615493950863
2015-11-18,-0.001239991000000014,1.0,5.794269223674921e-05,-0.0012979336922367632,1.0612068603325338,0.579426922367492
2015-11-19,0.0,0.0,0.0,0.0,1.0612068603325338,
2015-11-20,0.0,0.0,0.0,0.0,1.0612068603325338,
2015-11-23,0.0,0.0,0.0,0.0,1.0612068603325338,
2015-11-24,0.0,0.0,0.0,0.0,1.0612068603325338,
2015-11-25,0.0,0.0,0.0,0.0,1.0612068603325338,
2015-11-26,0.0,0.0,0.0,0.0,1.0612068603325338,
2015-11-27,0.0,0.0,0.0,0.0,1.0612068603325338,
2015-11-30,0.0,1.0,5.6078426548310135e-05,-5.6078426548310135e-05,1.061147349521564,0.5607842654831013
2015-12-01,0.0,0.0,0.0,0.0,1.061147349521564,
2015-12-02,0.0,0.0,0.0,0.0,1.061147349521564,
2015-12-03,-0.0001499998650000004,0.14925373134328357,7.753589445718225e-06,-0.0001577534544457186,1.0609799498615011,0.5194904928631212
2015-12-04,2.9086567172561303e-09,1.0,5.327224463826136e-05,-5.32693359815441e-05,1.0609234321640821,0.5327224463826136
2015-12-07,-1.7535615970148898e-05,0.12195121951219512,6.222072359522456e-06,-2.3757688329671354e-05,1.0608982270758391,0.5102099334808413
2015-12-08,-4.50855497105934e-05,0.3448275862068965,1.8010635285372558e-05,-6.309618499596595e-05,1.0608312884450417,0.5223084232758043
2015-12-09,0.00012546281692809105,0.6551724137931034,3.4893371670433857e-05,9.05694452576572e-05,1.0609273673463482,0.5325830412855694
2015-12-10,-0.00012356409003581688,0.9253731343283582,4.970135748914045e-05,-0.00017326544752495733,1.0607435452912535,0.5370953148020016
2015-12-11,0.000259221450192938,0.0,0.0,0.000259221450192938,1.0610185127713465,
2015-12-14,-0.00016903001975245748,0.12195121951219512,6.214939884681949e-06,-0.00017524495963713944,1.0608325746249017,0.5096250705439198
2015-12-15,-0.00010503597264925396,0.12195121951219512,6.214318951716208e-06,-0.00011125029160097017,1.0607145566916347,0.509574154040729
2015-12-16,1.9586910480524984e-05,1.803421914816163,9.678641353773695e-05,-7.719950305721197e-05,1.0606326700549726,0.536682030658384
2015-12-17,0.00105642576785714,0.23664122137404583,1.2512845603218115e-05,0.0010439129222539218,1.0617398782050076,0.5287686367811525
2015-12-18,0.0016476851688590481,1.803421914816163,9.639092706212221e-05,0.001551294241796926,1.0633869491643533,0.534489052562878
2015-12-21,-4.863483348562107e-05,1.0746268656716418,5.752839632564189e-05,-0.00010616322981126296,1.0632740565712908,0.5353336880302787
2015-12-22,0.00020000024000000051,1.0,5.625208063296169e-05,0.00014374815936703882,1.0634269002598258,0.5625208063296169
2015-12-23,0.0,0.0,0.0,0.0,1.0634269002598258,
2015-12-24,0.0,1.0,5.5722326453479225e-05,-5.5722326453479225e-05,1.06336764363893,0.5572232645347923
2015-12-25,0.0,0.0,0.0,0.0,1.06336764363893,
2015-12-28,-4.6268433283580996e-05,0.14925373134328357,7.746436728106385e-06,-5.401487001168738e-05,1.0633102059738844,0.5190112607831278
2015-12-29,5.000001500000013e-05,1.0,5.621810127189123e-05,-6.2180862718911e-06,1.0633035942192899,0.5621810127189123
2015-12-30,0.0,1.0,5.782264051331036e-05,-5.782264051331036e-05,1.0632421111978048,0.5782264051331036
2015-12-31,0.003100056250000024,1.9253731343283582,0.00010726581047657794,0.0029927904395234462,1.0664241720230963,0.5571170001496685
2016-01-01,0.0,0.0,0.0,0.0,1.0664241720230963,
2016-01-04,0.0001380477260953702,1.0,5.369245463492324e-05,8.435527146044695e-05,1.0665141305236192,0.5369245463492324
2016-01-05,0.0,1.8507462686567164,0.00010510901491493681,-0.00010510901491493681,1.066402030273967,0.5679277418790941
2016-01-06,0.004960144000000013,1.0,5.778939905844392e-05,0.0049023546009415685,1.071629911173534,0.5778939905844392
2016-01-07,0.0,0.0,0.0,0.0,1.071629911173534,
2016-01-08,0.0,0.0,0.0,0.0,1.071629911173534,
2016-01-11,0.0,0.0,0.0,0.0,1.071629911173534,
2016-01-12,0.0,0.0,0.0,0.0,1.071629911173534,
2016-01-13,0.0,0.0,0.0,0.0,1.071629911173534,
2016-01-14,0.0,0.0,0.0,0.0,1.071629911173534,
2016-01-15,0.0,0.0,0.0,0.0,1.071629911173534,
2016-01-18,0.0,0.0,0.0,0.0,1.071629911173534,
2016-01-19,0.0,1.0,5.375891908572558e-05,-5.375891908572558e-05,1.0715723015078493,0.5375891908572558
2016-01-20,0.0005400022499999999,1.0,5.324220152363928e-05,0.00048676004847636066,1.0720939000932772,0.5324220152363928
2016-01-21,0.00013750010000000115,0.0,0.0,0.00013750010000000115,1.0722413131117494,
2016-01-22,-0.00021749822500000143,0.0,0.0,-0.00021749822500000143,1.072008102529376,
2016-01-25,0.0,0.0,0.0,0.0,1.072008102529376,
2016-01-26,0.00027000112499999995,0.0,0.0,0.00027000112499999995,1.0722975459230681,
2016-01-27,9.000012500000102e-05,0.0,0.0,9.000012500000102e-05,1.0723940528362383,
2016-01-28,9.000012499999947e-05,0.0,0.0,9.000012499999947e-05,1.0724905684350428,
2016-01-29,0.0006300061250000002,1.0,5.319546342546595e-05,0.0005768106615745342,1.073109192429354,0.5319546342546595
2016-02-01,0.0,1.0,5.3739139955696536e-05,-5.3739139955696536e-05,1.0730515244642744,0.5373913995569654
2016-02-02,0.0010800090000000029,1.0,5.385323988704553e-05,0.0010261557601129573,1.0741526424670014,0.5385323988704553
2016-02-03,0.0,0.0,0.0,0.0,1.0741526424670014,
2016-02-04,0.0,0.0,0.0,0.0,1.0741526424670014,
2016-02-05,0.0,1.0,5.444285753213487e-05,-5.444285753213487e-05,1.0740941625277198,0.5444285753213487
2016-02-08,0.008800453750000003,1.0,5.463760117224071e-05,0.008745816148827763,1.0834879925997165,0.5463760117224071
2016-02-09,0.0,1.0,5.3394287489167066e-05,-5.3394287489167066e-05,1.0834301405303486,0.5339428748916706
2016-02-10,0.0012000168749999927,1.0,5.338097195559966e-05,0.0011466359030443932,1.084672440427921,0.5338097195559965
2016-02-11,0.0,0.0,0.0,0.0,1.084672440427921,
2016-02-12,0.0,1.0,6.037658163017493e-05,-6.037658163017493e-05,1.0846069516137795,0.6037658163017493
2016-02-15,0.0,0.0,0.0,0.0,1.0846069516137795,
2016-02-16,0.005999800000000016,0.0,0.0,0.005999800000000016,1.091114376402072,
2016-02-17,0.007499687500000058,1.0,6.055520863737573e-05,0.0074391322913626825,1.0992313205931348,0.6055520863737573
2016-02-18,0.0,0.0,0.0,0.0,1.0992313205931348,
2016-02-19,0.0,0.0,0.0,0.0,1.0992313205931348,
2016-02-22,0.0,0.0,0.0,0.0,1.0992313205931348,
2016-02-23,0.0,0.0,0.0,0.0,1.0992313205931348,
2016-02-24,0.0,0.0,0.0,0.0,1.0992313205931348,
2016-02-25,0.0,1.0,5.605273435897685e-05,-5.605273435897685e-05,1.0991697056719225,0.5605273435897685
2016-02-26,0.0021599680000000013,1.0,5.5157088271699135e-05,0.002104810911728302,1.101483250062262,0.5515708827169914
2016-02-29,0.000660009124999999,1.0,5.515386738140584e-05,0.0006048552576185932,1.1021494879972409,0.5515386738140584
2016-03-01,0.0018899754999999981,1.0,5.39655405890778e-05,0.0018360099594109203,1.1041730454339636,0.5396554058907781
2016-03-02,0.00018762274458042114,0.8671328671328671,4.7316667810984604e-05,0.00014030607676943655,1.104327967622043,0.5456680239492581
2016-03-03,0.00048500425000000554,1.0,5.4891306967846175e-05,0.0004301129430321594,1.1048029533742696,0.5489130696784617
2016-03-04,0.0005799938500000009,1.0,5.479053383873094e-05,0.00052520331616127,1.1053831995490866,0.5479053383873094
2016-03-07,-0.0003899938750000037,1.0,5.4954683921519925e-05,-0.0004449485589215236,1.1048913608873911,0.5495468392151992
2016-03-08,-0.0010800080000000027,1.0,5.498367418963665e-05,-0.0011349916741896394,1.1036373183919,0.5498367418963666
2016-03-09,-0.0011449741249999993,1.0,5.494657305034829e-05,-0.0011999206980503475,1.1023130411304207,0.5494657305034829
2016-03-10,0.0,1.0,5.8100458839722845e-05,-5.8100458839722845e-05,1.1022489962369462,0.5810045883972285
2016-03-11,-0.002479963999999985,1.0,5.80964225501996e-05,-0.002538060422550185,1.0994514216838014,0.580964225501996
2016-03-14,0.0,0.0,0.0,0.0,1.0994514216838014,
2016-03-15,0.0,0.0,0.0,0.0,1.0994514216838014,
2016-03-16,0.0,1.0,5.632740206950312e-05,-5.632740206950312e-05,1.0993894924415164,0.5632740206950312
2016-03-17,-0.0002700005000000031,0.0,0.0,-0.0002700005000000031,1.0990926567288624,
2016-03-18,-0.0010800079999999982,0.0,0.0,-0.0010800079999999982,1.097905627866854,
2016-03-21,0.0013499875000000014,1.0,5.646022161205295e-05,0.0012935272783879486,1.0993257987455956,0.5646022161205295
2016-03-22,0.0,0.0,0.0,0.0,1.0993257987455956,
2016-03-23,0.0,1.0,5.6459948312749077e-05,-5.6459948312749077e-05,1.0992637308678195,0.5645994831274908
2016-03-24,0.0005399980000000014,1.0,5.641348332511918e-05,0.0004835845166748822,1.0997953177878095,0.5641348332511918
2016-03-25,0.0,0.0,0.0,0.0,1.0997953177878095,
2016-03-28,0.0,1.0,5.6413868712751037e-05,-5.6413868712751037e-05,1.0997332740791408,0.5641386871275104
2016-03-29,-0.002700050000000003,1.9152542372881356,0.00010518808083741709,-0.00280523808083742,1.09664826041993,0.5492121034873989
2016-03-30,2.635582093220385e-05,1.0481213701552685,5.6130500004834004e-05,-2.9774679072630155e-05,1.0966156080699203,0.5355343532068126
2016-03-31,-0.00021048804265734429,0.1328671328671329,6.86895866565433e-06,-0.00021735700132299862,1.0963772509897463,0.5169795206255626
2016-04-01,0.0002624979750000023,0.0,0.0,0.0002624979750000023,1.0966650477979671,
2016-04-04,-0.00012750077500000076,0.10614525139664807,5.423425342521206e-06,-0.00013292420034252195,1.096519274473445,0.5109437559533134
2016-04-05,-6.533226885474877e-05,0.10614525139664807,5.424056747634794e-06,-7.075632560238357e-05,1.0964416887986312,0.511003240961383
2016-04-06,0.00045249777500000005,1.0,5.414764507181575e-05,0.0003983501299281843,1.096878456487823,0.5414764507181575
2016-04-07,0.0,0.0,0.0,0.0,1.096878456487823,
2016-04-08,0.0,0.0,0.0,0.0,1.096878456487823,
2016-04-11,0.0,0.0,0.0,0.0,1.096878456487823,
2016-04-12,0.0,0.0,0.0,0.0,1.096878456487823,
2016-04-13,0.0,0.0,0.0,0.0,1.096878456487823,
2016-04-14,0.0,0.0,0.0,0.0,1.096878456487823,
2016-04-15,0.0,1.0,5.665238583428047e-05,-5.665238583428047e-05,1.0968163157062927,0.5665238583428047
2016-04-18,0.0008099955000000045,1.0,5.6687115530951574e-05,0.0007533083844690529,1.0976425566331367,0.5668711553095157
2016-04-19,0.0,0.0,0.0,0.0,1.0976425566331367,
2016-04-20,0.0,0.0,0.0,0.0,1.0976425566331367,
2016-04-21,0.0,0.0,0.0,0.0,1.0976425566331367,
2016-04-22,0.0,0.0,0.0,0.0,1.0976425566331367,
2016-04-25,0.0,0.0,0.0,0.0,1.0976425566331367,
2016-04-26,0.0,0.0,0.0,0.0,1.0976425566331367,
2016-04-27,0.0,0.0,0.0,0.0,1.0976425566331367,
2016-04-28,0.0,0.0,0.0,0.0,1.0976425566331367,
2016-04-29,0.0,1.0,5.653861843767063e-05,-5.653861843767063e-05,1.0975804974394463,0.5653861843767063
2016-05-02,0.0010799919999999984,1.0,5.637189051228635e-05,0.0010236201094877121,1.098704002908407,0.5637189051228635
2016-05-03,0.0,0.0,0.0,0.0,1.098704002908407,
2016-05-04,0.0,0.0,0.0,0.0,1.098704002908407,
2016-05-05,0.0,0.0,0.0,0.0,1.098704002908407,
2016-05-06,0.0,0.0,0.0,0.0,1.098704002908407,
2016-05-09,0.0,0.0,0.0,0.0,1.098704002908407,
2016-05-10,0.0,0.0,0.0,0.0,1.098704002908407,
2016-05-11,0.0,0.0,0.0,0.0,1.098704002908407,
2016-05-12,0.0,0.0,0.0,0.0,1.098704002908407,
2016-05-13,0.0,0.0,0.0,0.0,1.098704002908407,
2016-05-16,0.0,0.0,0.0,0.0,1.098704002908407,
2016-05-17,0.0,0.0,0.0,0.0,1.098704002908407,
2016-05-18,0.0,0.0,0.0,0.0,1.098704002908407,
2016-05-19,0.0,0.0,0.0,0.0,1.098704002908407,
2016-05-20,0.0,0.0,0.0,0.0,1.098704002908407,
2016-05-23,0.0,0.0,0.0,0.0,1.098704002908407,
2016-05-24,0.0,0.0,0.0,0.0,1.098704002908407,
2016-05-25,0.0,0.0,0.0,0.0,1.098704002908407,
2016-05-26,0.0,0.0,0.0,0.0,1.098704002908407,
2016-05-27,0.0,0.0,0.0,0.0,1.098704002908407,
2016-05-30,0.0,0.0,0.0,0.0,1.098704002908407,
2016-05-31,0.0,0.0,0.0,0.0,1.098704002908407,
2016-06-01,0.0,0.0,0.0,0.0,1.098704002908407,
2016-06-02,0.0,0.0,0.0,0.0,1.098704002908407,
2016-06-03,0.0,0.0,0.0,0.0,1.098704002908407,
2016-06-06,0.0,0.0,0.0,0.0,1.098704002908407,
2016-06-07,0.0,0.0,0.0,0.0,1.098704002908407,
2016-06-08,0.0,0.0,0.0,0.0,1.098704002908407,
2016-06-09,0.0,0.0,0.0,0.0,1.098704002908407,
2016-06-10,0.0,0.0,0.0,0.0,1.098704002908407,
2016-06-13,0.0,0.0,0.0,0.0,1.098704002908407,
2016-06-14,0.0,0.0,0.0,0.0,1.098704002908407,
2016-06-15,0.0,0.0,0.0,0.0,1.098704002908407,
2016-06-16,0.0,0.0,0.0,0.0,1.098704002908407,
2016-06-17,0.0,0.0,0.0,0.0,1.098704002908407,
2016-06-20,0.0,0.0,0.0,0.0,1.098704002908407,
2016-06-21,0.0,0.0,0.0,0.0,1.098704002908407,
2016-06-22,0.0,1.0,5.620392622175441e-05,-5.620392622175441e-05,1.098642251429688,0.5620392622175441
2016-06-23,-0.009999437499999939,1.0,5.625900481250318e-05,-0.010055696504812443,1.0875946383819473,0.5625900481250318
2016-06-24,0.0,1.0,5.5378154011223e-05,-5.5378154011223e-05,1.087534409398561,0.5537815401122301
2016-06-27,0.004251148750000027,0.0,0.0,0.004251148750000027,1.0921576799436579,
2016-06-28,0.0010000112499999592,1.0,5.576521649900582e-05,0.0009442460335009534,1.0931889455009023,0.5576521649900581
2016-06-29,0.0,1.0,5.574373058579547e-05,-5.574373058579547e-05,1.093128007070845,0.5574373058579547
2016-06-30,0.0,1.0,5.5643191253185525e-05,-5.5643191253185525e-05,1.0930671819400832,0.5564319125318553
2016-07-01,0.0,1.0,5.746738041382794e-05,-5.746738041382794e-05,1.0930043662325208,0.5746738041382794
2016-07-04,0.0,0.0,0.0,0.0,1.0930043662325208,
2016-07-05,0.020002250000000017,1.0,5.766599112720171e-05,0.019944584008872814,1.11480388363691,0.5766599112720171
2016-07-06,0.0,0.0,0.0,0.0,1.11480388363691,
2016-07-07,0.0,0.0,0.0,0.0,1.11480388363691,
2016-07-08,0.0,0.0,0.0,0.0,1.11480388363691,
2016-07-11,0.0,1.0,5.57752214432248e-05,-5.57752214432248e-05,1.1147417052034345,0.557752214432248
2016-07-12,-0.003249381249999998,0.0,0.0,-0.003249381249999998,1.1111194844079535,
2016-07-13,0.00225024875000003,0.0,0.0,0.00225024875000003,1.1136197796388432,
2016-07-14,-0.0017497549999999978,1.0,5.607956151156981e-05,-0.0018058345615115676,1.1116087665523884,0.5607956151156981
2016-07-15,-0.009999437500000008,1.0,5.8169577481946165e-05,-0.010057607077481955,1.1004286423545202,0.5816957748194617
2016-07-18,0.0,0.0,0.0,0.0,1.1004286423545202,
2016-07-19,0.0,0.0,0.0,0.0,1.1004286423545202,
2016-07-20,0.0,0.0,0.0,0.0,1.1004286423545202,
2016-07-21,0.0,0.0,0.0,0.0,1.1004286423545202,
2016-07-22,0.0,0.0,0.0,0.0,1.1004286423545202,
2016-07-25,0.0,0.0,0.0,0.0,1.1004286423545202,
2016-07-26,0.0,0.0,0.0,0.0,1.1004286423545202,
2016-07-27,0.0,0.0,0.0,0.0,1.1004286423545202,
2016-07-28,0.0,0.0,0.0,0.0,1.1004286423545202,
2016-07-29,0.0,0.0,0.0,0.0,1.1004286423545202,
2016-08-01,0.0,0.0,0.0,0.0,1.1004286423545202,
2016-08-02,0.0,0.0,0.0,0.0,1.1004286423545202,
2016-08-03,0.0,0.0,0.0,0.0,1.1004286423545202,
2016-08-04,0.0,0.0,0.0,0.0,1.1004286423545202,
2016-08-05,0.0,0.0,0.0,0.0,1.1004286423545202,
2016-08-08,0.0,0.0,0.0,0.0,1.1004286423545202,
2016-08-09,0.0,0.0,0.0,0.0,1.1004286423545202,
2016-08-10,0.0,0.0,0.0,0.0,1.1004286423545202,
2016-08-11,0.0,0.0,0.0,0.0,1.1004286423545202,
2016-08-12,0.0,0.0,0.0,0.0,1.1004286423545202,
2016-08-15,0.0,0.0,0.0,0.0,1.1004286423545202,
2016-08-16,0.0,0.0,0.0,0.0,1.1004286423545202,
2016-08-17,0.0,0.0,0.0,0.0,1.1004286423545202,
2016-08-18,0.0,0.0,0.0,0.0,1.1004286423545202,
2016-08-19,0.0,0.0,0.0,0.0,1.1004286423545202,
2016-08-22,0.0,0.0,0.0,0.0,1.1004286423545202,
2016-08-23,0.0,0.0,0.0,0.0,1.1004286423545202,
2016-08-24,0.0,0.0,0.0,0.0,1.1004286423545202,
2016-08-25,0.0,0.0,0.0,0.0,1.1004286423545202,
2016-08-26,0.0,0.0,0.0,0.0,1.1004286423545202,
2016-08-29,0.0,0.0,0.0,0.0,1.1004286423545202,
2016-08-30,0.0,0.0,0.0,0.0,1.1004286423545202,
2016-08-31,0.0,0.0,0.0,0.0,1.1004286423545202,
2016-09-01,0.0,0.0,0.0,0.0,1.1004286423545202,
2016-09-02,0.0,0.0,0.0,0.0,1.1004286423545202,
2016-09-05,0.0,0.0,0.0,0.0,1.1004286423545202,
2016-09-06,0.0,0.0,0.0,0.0,1.1004286423545202,
2016-09-07,0.0,0.0,0.0,0.0,1.1004286423545202,
2016-09-08,0.0,0.0,0.0,0.0,1.1004286423545202,
2016-09-09,0.0,0.0,0.0,0.0,1.1004286423545202,
2016-09-12,0.0,0.0,0.0,0.0,1.1004286423545202,
2016-09-13,0.0,0.0,0.0,0.0,1.1004286423545202,
2016-09-14,0.0,1.0,5.6629775534163394e-05,-5.6629775534163394e-05,1.1003663253275124,0.566297755341634
2016-09-15,0.0017498762500000242,0.9876543209876543,5.3860610567591795e-05,0.0016960156394324323,1.1022325638243726,0.545338681996867
2016-09-16,0.0022130169882715912,0.9876543209876543,5.3631237141147257e-05,0.002159385751130444,1.104612709117127,0.5430162760541161
2016-09-19,0.0009999887500000287,1.0,5.5588550750892995e-05,0.0009444001992491357,1.1056559055797104,0.55588550750893
2016-09-20,-0.004000089999999976,1.816326530612245,0.00010148024333483344,-0.0041015702433348095,1.1011209802180173,0.5587114520681841
2016-09-21,0.0015153293112244739,0.8163265306122449,4.396636143655956e-05,0.0014713629497879143,1.1027411288315443,0.5385879275978547
2016-09-22,-0.0020001812500000317,0.0,0.0,-0.0020001812500000317,1.1005354467020516,
2016-09-23,0.0,0.8163265306122449,4.395773002982594e-05,-4.395773002982594e-05,1.1004870696619973,0.5384821928653677
2016-09-26,0.0005816447959183606,0.8163265306122449,4.396870275431383e-05,0.0005376760931640467,1.1010787752501907,0.5386166087403443
2016-09-27,-0.0010000800000000026,0.0,0.0,-0.0010000800000000026,1.0999776083886386,
2016-09-28,0.0009999887500000287,0.0,0.0,0.0009999887500000287,1.101077573622279,
2016-09-29,-0.00025000500000003315,0.0,0.0,-0.00025000500000003315,1.1008022987234856,
2016-09-30,0.0009999200000000027,0.0,0.0,0.0009999200000000027,1.1019030129580252,
2016-10-03,0.0004999800000000229,0.0,0.0,0.0004999800000000229,1.102453942426444,
2016-10-04,0.0007499012500000127,0.0,0.0,0.0007499012500000127,1.103280674015937,
2016-10-05,0.0017498762499999895,0.0,0.0,0.0017498762499999895,1.1052112786644814,
2016-10-06,-0.0002499887500000161,0.0,0.0,-0.0002499887500000161,1.104934988278442,
2016-10-07,0.0,0.0,0.0,0.0,1.104934988278442,
2016-10-10,0.0,0.0,0.0,0.0,1.104934988278442,
2016-10-11,0.0017498762500000242,0.0,0.0,0.0017498762500000242,1.1068684877722246,
2016-10-12,-0.0004999862500000315,0.0,0.0,-0.0004999862500000315,1.10631506874778,
2016-10-13,-1.2499999741885648e-09,0.0,0.0,-1.2499999741885648e-09,1.1063150673648863,
2016-10-14,0.0017497549999999718,0.8163265306122449,4.3688552538678445e-05,0.0017060664474612933,1.1082025143816383,0.535184768598811
2016-10-17,0.001331668265306137,0.8163265306122449,4.370183834908702e-05,0.00128796642695705,1.109629842014431,0.535347519776316
2016-10-18,-0.00025000500000003315,0.0,0.0,-0.00025000500000003315,1.1093524290057781,
2016-10-19,0.0,0.0,0.0,0.0,1.1093524290057781,
2016-10-20,-0.00025000499999996376,0.0,0.0,-0.00025000499999996376,1.1090750853517646,
2016-10-21,-0.0005000200000000057,0.0,0.0,-0.0005000200000000057,1.108520525627587,
2016-10-24,0.0017498762499999982,1.0,5.493831115057192e-05,0.0016949379388494262,1.1103993991224663,0.5493831115057193
2016-10-25,-0.004000089999999976,0.0,0.0,-0.004000089999999976,1.1059577015900306,
2016-10-26,0.005999797499999964,1.0,5.4919284121075266e-05,0.005944878215878888,1.1125324854378966,0.5491928412107527
2016-10-27,0.0024996737500000542,1.6326530612244898,8.827303661044806e-05,0.0024114007133896062,1.1152152470669505,0.5406723492389944
2016-10-28,0.0007346773469387711,1.0,5.3190551546098477e-05,0.0006814867953926727,1.115975251531847,0.5319055154609847
2016-10-31,0.0,1.0,5.665082864440595e-05,-5.665082864440595e-05,1.1159120306091013,0.5665082864440595
2016-11-01,0.0,1.0,5.652180176830643e-05,-5.652180176830643e-05,1.1158489572505164,0.5652180176830643
2016-11-02,0.0,1.0,5.3116541832206324e-05,-5.3116541832206324e-05,1.1157896872127002,0.5311654183220633
2016-11-03,0.0002607467172897181,0.8411214953271029,4.4419847675054305e-05,0.00021632686961466378,1.1160310625028833,0.52810263347009
2016-11-04,-0.0022041518367347,1.6326530612244898,8.877287362792007e-05,-0.00229292471036262,1.1134720873021382,0.5437338509710105
2016-11-07,0.007999640000000021,1.0,5.644336473843772e-05,0.007943196635261584,1.1223166150394543,0.5644336473843772
2016-11-08,0.0,0.0,0.0,0.0,1.1223166150394543,
2016-11-09,0.0,0.0,0.0,0.0,1.1223166150394543,
2016-11-10,0.0,0.0,0.0,0.0,1.1223166150394543,
2016-11-11,0.0,0.0,0.0,0.0,1.1223166150394543,
2016-11-14,0.0,1.0,5.4805467107815184e-05,-5.4805467107815184e-05,1.1222551059531243,0.5480546710781519
2016-11-15,-0.0002699995000000031,2.0,0.00010877172746411303,-0.0003787712274641161,1.1218300280091145,0.5438586373205652
2016-11-16,-0.0008000037499999951,0.0,0.0,-0.0008000037499999951,1.1209325597798445,
2016-11-17,0.0055998162499999934,1.0,5.40484006746614e-05,0.005545767849325332,1.1271489915311335,0.540484006746614
2016-11-18,0.0,1.0,5.4062227826606266e-05,-5.4062227826606266e-05,1.127088055345559,0.5406222782660627
2016-11-21,-0.0008000037499999674,1.0,5.3990950214650544e-05,-0.0008539947002146179,1.1261255281196185,0.5399095021465055
2016-11-22,0.0,1.0,5.4010015709283524e-05,-5.4010015709283524e-05,1.1260647060621543,0.5401001570928352
2016-11-23,0.0039999062500000035,0.0,0.0,0.0039999062500000035,1.1305688593178367,
2016-11-24,0.0,0.0,0.0,0.0,1.1305688593178367,
2016-11-25,0.0,0.0,0.0,0.0,1.1305688593178367,
2016-11-28,-0.0032000600000000085,0.0,0.0,-0.0032000600000000085,1.1269509711338879,
2016-11-29,-0.0016000149999999902,0.0,0.0,-0.0016000149999999902,1.125147832675809,
2016-11-30,0.005599816250000021,0.0,0.0,0.005599816250000021,1.1314484537928793,
2016-12-01,0.006399759999999989,0.0,0.0,0.006399759999999989,1.1386894523495248,
2016-12-02,-0.004000093750000004,0.0,0.0,-0.004000093750000004,1.1341345877879905,
2016-12-05,-0.0008000037499999951,1.0,5.41517473008021e-05,-0.0008541554973007972,1.1331658604951524,0.541517473008021
2016-12-06,0.0,0.0,0.0,0.0,1.1331658604951524,
2016-12-07,0.0,1.0,5.302928269930629e-05,-5.302928269930629e-05,1.133105769522391,0.5302928269930629
2016-12-08,0.00035999900000000093,1.0,5.297794782660875e-05,0.00030702105217339217,1.1334536568479734,0.5297794782660875
2016-12-09,0.0,0.0,0.0,0.0,1.1334536568479734,
2016-12-12,0.0,0.0,0.0,0.0,1.1334536568479734,
2016-12-13,0.0,0.0,0.0,0.0,1.1334536568479734,
2016-12-14,0.0,0.9999999999999999,5.3429027801896323e-05,-5.3429027801896323e-05,1.1333930975210296,0.5342902780189633
2016-12-15,-7.236628539473691e-05,1.9473684210526314,0.00010360713291248862,-0.00017597341830722553,1.133193650463373,0.5320366284695363
2016-12-16,0.0006750056250000037,0.0,0.0,0.0006750056250000037,1.1339585625516502,
2016-12-19,-0.001500057500000011,0.0,0.0,-0.001500057500000011,1.1322575595052053,
2016-12-20,0.000524988749999989,0.0,0.0,0.000524988749999989,1.132851981986048,
2016-12-21,-0.00035000499999999785,0.8163265306122449,4.2857091143511656e-05,-0.0003928620911435095,1.1324069273874489,0.5249993665080178
2016-12-22,7.346928571428528e-05,0.8163265306122449,4.2846716759753014e-05,3.062256895453226e-05,1.1324416045966674,0.5248722803069744
2016-12-23,0.0,0.0,0.0,0.0,1.1324416045966674,
2016-12-26,0.0,0.0,0.0,0.0,1.1324416045966674,
2016-12-27,0.00012499812499999925,0.5633802816901408,2.9894726571012606e-05,9.510339842898665e-05,1.1325493036417869,0.5306313966354739
2016-12-28,-0.0007961564524647943,1.888544891640867,0.00010040307410124941,-0.0008965595265660437,1.131533905774301,0.5316425071262878
2016-12-29,9.504726792569777e-05,1.0,5.315837717573927e-05,4.1888890749958496e-05,1.1315813044744598,0.5315837717573927
2016-12-30,0.0,0.0,0.0,0.0,1.1315813044744598,
2017-01-02,0.0,0.0,0.0,0.0,1.1315813044744598,
2017-01-03,0.0,0.0,0.0,0.0,1.1315813044744598,
2017-01-04,0.0,1.0,5.346664404048386e-05,-5.346664404048386e-05,1.1315208026196506,0.5346664404048386
2017-01-05,-1.2500005000000033e-05,1.0,5.324028171876789e-05,-6.574028671876793e-05,1.131446416117658,0.5324028171876789
2017-01-06,-2.4999995000000065e-05,1.0847457627118642,5.775215939830265e-05,-8.275215439830272e-05,1.131352786489138,0.5324027194531027
2017-01-09,4.364427156779675e-05,0.1593726283835062,8.147424076310503e-06,3.549684749148625e-05,1.131392945946459,0.5112185297405623
2017-01-10,-2.4999989999999956e-05,0.0847457627118644,4.329690385422078e-06,-2.9329680385422034e-05,1.131359762552964,0.5109034654798051
2017-01-11,0.0,0.0,0.0,0.0,1.131359762552964,
2017-01-12,-2.3387306933974064e-05,0.3448275862068965,1.780197851421694e-05,-4.1189285448191005e-05,1.1313131626527597,0.5162573769122912
2017-01-13,3.3753838603149406e-06,0.6551724137931034,3.423670966571113e-05,-3.0861325805396186e-05,1.131278248828659,0.5225603054240118
2017-01-16,0.0,0.0,0.0,0.0,1.131278248828659,
2017-01-17,-0.0002837524736138431,0.7399181765049679,3.855432572939966e-05,-0.00032230679934324276,1.1309136301571125,0.5210620167693746
2017-01-18,7.413790163793095e-05,0.7399181765049679,3.852777175923526e-05,3.5610129878695695e-05,1.1309539021383639,0.5207031396528556
2017-01-19,0.00024330301451472606,0.10614525139664807,5.416875207159724e-06,0.00023788613930756633,1.1312229403958785,0.5103266642534686
2017-01-20,9.703564661016568e-06,1.9152542372881356,0.00010441536345134986,-9.47117987903333e-05,1.1311158002363608,0.5451775613831542
2017-01-23,0.001890024499999998,2.0,0.00011088472019010135,0.0017791397798098967,1.1331282133521328,0.5544236009505067
2017-01-24,0.0024799280000000067,2.0,0.00010901295736682496,0.0023709150426331816,1.1358147640784013,0.5450647868341247
2017-01-25,9.499994999999777e-05,0.0,0.0,9.499994999999777e-05,1.135922666424198,
2017-01-26,0.0,1.0,5.425142050039589e-05,-5.425142050039589e-05,1.1358610410059657,0.5425142050039589
2017-01-27,0.0,1.0,5.296851566583788e-05,-5.296851566583788e-05,1.135800876132621,0.5296851566583788
2017-01-30,-4.7500024999998886e-05,0.0,0.0,-4.7500024999998886e-05,1.1357469255626098,
2017-01-31,0.0004125008999999991,1.0,5.280578184922476e-05,0.00035969511815077437,1.1361554481871894,0.5280578184922475
2017-02-01,0.0,0.0,0.0,0.0,1.1361554481871894,
2017-02-02,0.0,0.0,0.0,0.0,1.1361554481871894,
2017-02-03,0.0,0.0,0.0,0.0,1.1361554481871894,
2017-02-06,0.0,1.0,5.334383181956522e-05,-5.334383181956522e-05,1.1360948413020404,0.5334383181956522
2017-02-07,-8.237886153846106e-05,1.7342657342657342,9.338549969219558e-05,-0.00017576436123065663,1.1358951563179616,0.5384728409670956
2017-02-08,-0.0005250078749999921,2.0,0.00010834642106440963,-0.0006333542960644018,1.135175732240829,0.5417321053220481
2017-02-09,9.499994999999942e-05,1.0,5.27362880003933e-05,4.226366199960612e-05,1.1352237089242865,0.527362880003933
2017-02-10,4.749997500000053e-05,1.0,5.269887017656027e-05,-5.198895176559744e-06,1.135217807015222,0.5269887017656028
2017-02-13,7.038137271186325e-05,1.0,5.259225270044608e-05,1.7789120011417167e-05,1.1352380015410302,0.5259225270044608
2017-02-14,0.0,1.0,5.328585961236789e-05,-5.328585961236789e-05,1.1351775094082535,0.5328585961236789
2017-02-15,0.0005094906592178725,1.0,5.3146686178035814e-05,0.00045634397303983664,1.1356955408230023,0.5314668617803582
2017-02-16,0.0007550118500000031,1.0,5.325120341365608e-05,0.000701760646586347,1.1364925272600557,0.5325120341365608
2017-02-17,-0.00025475218575419134,0.21229050279329614,1.0898135759071461e-05,-0.0002656503215132628,1.1361906176547916,0.5133595528615239
2017-02-20,0.0,0.0,0.0,0.0,1.1361906176547916,
2017-02-21,9.499995000000106e-05,0.0,0.0,9.499995000000106e-05,1.1362985557066592,
2017-02-22,-9.500005000000107e-05,0.0,0.0,-9.500005000000107e-05,1.1361906072870522,
2017-02-23,-9.500004999999777e-05,1.0,5.3764088413138155e-05,-0.00014876413841313592,1.136021582870286,0.5376408841313816
2017-02-24,0.0,0.0,0.0,0.0,1.136021582870286,
2017-02-27,0.0,1.0,5.370966062071773e-05,-5.370966062071773e-05,1.1359605675366122,0.5370966062071774
2017-02-28,0.0006649975499999993,1.0,5.412173514008017e-05,0.0006108758148599191,1.136654498373955,0.5412173514008017
2017-03-01,0.0,1.0,5.371370731247051e-05,-5.371370731247051e-05,1.1365934444469141,0.537137073124705
2017-03-02,0.000764240618715085,1.7877094972067038,9.60030039915098e-05,0.0006682376147235752,1.1373529589391418,0.5370168035775079
2017-03-03,0.00022500062499999863,1.0,5.3241381652999095e-05,0.00017175924334699954,1.1375483098227877,0.532413816529991
2017-03-06,0.0,1.893854748603352,0.00010144323326521565,-0.00010144323326521565,1.1374329132442438,0.5356442110464189
2017-03-07,-8.220981101606244e-05,1.0,5.303207421752071e-05,-0.00013524188523358313,1.1372790846727299,0.5303207421752071
2017-03-08,-0.0001462484843749989,1.0,5.297503004828408e-05,-0.000199223514423283,1.1370525119366013,0.5297503004828408
2017-03-09,0.0,1.0,5.312118506911466e-05,-5.312118506911466e-05,1.1369921103596814,0.5312118506911465
2017-03-10,-0.0003500050000000039,0.0,0.0,-0.0003500050000000039,1.136594157436095,
2017-03-13,0.0009249756249999926,1.0,5.4006549471755663e-05,0.000870969075528237,1.1375840957986478,0.5400654947175566
2017-03-14,-8.500050000000245e-05,1.0,5.4183538917661425e-05,-0.0001391840389176639,1.137425762249586,0.5418353891766143
2017-03-15,0.0049501512500000015,2.0,0.00011246194454919497,0.004837689305450806,1.142928274695365,0.5623097227459748
2017-03-16,0.0018599797499999889,0.0,0.0,0.0018599797499999889,1.145054098142001,
2017-03-17,-0.0018600202499999888,1.0,5.443395992608553e-05,-0.0019144542099260742,1.14286194450322,0.5443395992608553
2017-03-20,-0.00025500450000000925,0.0,0.0,-0.00025500450000000925,1.142570509564493,
2017-03-21,-0.00034000799999997944,1.0,5.446523291543724e-05,-0.00039447323291541667,1.1421197960817513,0.5446523291543723
2017-03-22,0.00045000124999999727,0.0,0.0,0.00045000124999999727,1.1426337514176377,
2017-03-23,0.0,0.0,0.0,0.0,1.1426337514176377,
2017-03-24,0.0009000050000000101,1.0,5.4818748694739204e-05,0.0008451862513052709,1.1435994897546131,0.548187486947392
2017-03-27,0.0,1.0,5.4818748694739204e-05,-5.4818748694739204e-05,1.1435367990615768,0.548187486947392
2017-03-28,-0.0017999800000000046,1.0,5.485128412145883e-05,-0.0018548312841214635,1.1414157312321334,0.5485128412145883
2017-03-29,0.0,1.0,5.4337242912595805e-05,-5.4337242912595805e-05,1.141353709848281,0.5433724291259581
2017-03-30,0.00035999900000000093,0.0,0.0,0.00035999900000000093,1.141764596042473,
2017-03-31,-0.00018000025000000205,1.0,5.41051962845691e-05,-0.00023410544628457114,1.1414973027321644,0.541051962845691
2017-04-03,0.0,0.0,0.0,0.0,1.1414973027321644,
2017-04-04,0.0,0.0,0.0,0.0,1.1414973027321644,
2017-04-05,0.0,0.0,0.0,0.0,1.1414973027321644,
2017-04-06,0.0,0.0,0.0,0.0,1.1414973027321644,
2017-04-07,0.0,0.0,0.0,0.0,1.1414973027321644,
2017-04-10,0.0,0.0,0.0,0.0,1.1414973027321644,
2017-04-11,0.0,1.0,5.761942846102248e-05,-5.761942846102248e-05,1.1414315303099911,0.5761942846102248
2017-04-12,-0.0012400089999999927,1.0,5.72960568474061e-05,-0.0012973050568473986,1.1399507454136748,0.572960568474061
2017-04-13,0.0,0.0,0.0,0.0,1.1399507454136748,
2017-04-14,0.0,0.0,0.0,0.0,1.1399507454136748,
2017-04-17,0.0,0.0,0.0,0.0,1.1399507454136748,
2017-04-18,0.0,0.0,0.0,0.0,1.1399507454136748,
2017-04-19,0.0,0.0,0.0,0.0,1.1399507454136748,
2017-04-20,0.0,0.0,0.0,0.0,1.1399507454136748,
2017-04-21,0.0,0.0,0.0,0.0,1.1399507454136748,
2017-04-24,0.0,0.0,0.0,0.0,1.1399507454136748,
2017-04-25,0.0,0.0,0.0,0.0,1.1399507454136748,
2017-04-26,0.0,0.0,0.0,0.0,1.1399507454136748,
2017-04-27,0.0,1.0,5.5469311748119385e-05,-5.5469311748119385e-05,1.1398875131303998,0.5546931174811939
2017-04-28,-4.9999984999999696e-05,0.0,0.0,-4.9999984999999696e-05,1.1398305187718416,
2017-05-01,5.00000149999997e-05,1.0,5.544515541689347e-05,-5.4451404168937695e-06,1.1398243122346154,0.5544515541689347
2017-05-02,0.0,0.0,0.0,0.0,1.1398243122346154,
2017-05-03,0.0,0.0,0.0,0.0,1.1398243122346154,
2017-05-04,0.0,0.0,0.0,0.0,1.1398243122346154,
2017-05-05,0.0,0.0,0.0,0.0,1.1398243122346154,
2017-05-08,0.0,0.0,0.0,0.0,1.1398243122346154,
2017-05-09,0.0,0.0,0.0,0.0,1.1398243122346154,
2017-05-10,0.0,0.0,0.0,0.0,1.1398243122346154,
2017-05-11,0.0,0.0,0.0,0.0,1.1398243122346154,
2017-05-12,0.0,1.0,5.4572360228819164e-05,-5.4572360228819164e-05,1.1397621093316506,0.5457236022881917
2017-05-15,0.0004999799999999969,0.0,0.0,0.0004999799999999969,1.1403319675910744,
2017-05-16,0.0005000137500000318,1.0,5.4592821836950566e-05,0.00044542092816308125,1.1408398953144927,0.5459282183695057
2017-05-17,0.0,1.0,5.632537412454337e-05,-5.632537412454337e-05,1.1407756370805728,0.5632537412454337
2017-05-18,-0.002000022500000057,1.0,5.6313826635223774e-05,-0.002056336326635281,1.1384298186975035,0.5631382663522377
2017-05-19,0.0,0.0,0.0,0.0,1.1384298186975035,
2017-05-22,0.0,0.0,0.0,0.0,1.1384298186975035,
2017-05-23,0.0,0.0,0.0,0.0,1.1384298186975035,
2017-05-24,0.0,0.0,0.0,0.0,1.1384298186975035,
2017-05-25,0.0,0.0,0.0,0.0,1.1384298186975035,
2017-05-26,0.0,0.0,0.0,0.0,1.1384298186975035,
2017-05-29,0.0,0.0,0.0,0.0,1.1384298186975035,
2017-05-30,0.0,0.0,0.0,0.0,1.1384298186975035,
2017-05-31,0.0,0.0,0.0,0.0,1.1384298186975035,
2017-06-01,0.0,0.0,0.0,0.0,1.1384298186975035,
2017-06-02,0.0,0.0,0.0,0.0,1.1384298186975035,
2017-06-05,0.0,0.0,0.0,0.0,1.1384298186975035,
2017-06-06,0.0,0.0,0.0,0.0,1.1384298186975035,
2017-06-07,0.0,0.0,0.0,0.0,1.1384298186975035,
2017-06-08,0.0,0.0,0.0,0.0,1.1384298186975035,
2017-06-09,0.0,0.0,0.0,0.0,1.1384298186975035,
2017-06-12,0.0,0.0,0.0,0.0,1.1384298186975035,
2017-06-13,0.0,1.0,5.600215188745377e-05,-5.600215188745377e-05,1.1383660641778834,0.5600215188745377
2017-06-14,-0.0037200809999999988,0.0,0.0,-0.0037200809999999988,1.1341312502114906,
2017-06-15,0.0012399909999999926,0.0,0.0,0.0012399909999999926,1.1355375627545716,
2017-06-16,-0.0006200022499999963,0.0,0.0,-0.0006200022499999963,1.1348335269107042,
2017-06-19,0.003099943750000003,1.0,5.6234326594522243e-05,0.0030437094234054807,1.1382876304105587,0.5623432659452224
2017-06-20,0.0,0.0,0.0,0.0,1.1382876304105587,
2017-06-21,0.0,0.0,0.0,0.0,1.1382876304105587,
2017-06-22,0.0,0.0,0.0,0.0,1.1382876304105587,
2017-06-23,0.0,1.0,5.601209434809231e-05,-5.601209434809231e-05,1.1382238725364089,0.5601209434809231
2017-06-26,-0.0006200022499999963,0.0,0.0,-0.0006200022499999963,1.1375181711744327,
2017-06-27,0.0043398897500000165,0.0,0.0,0.0043398897500000165,1.1424548746259513,
2017-06-28,0.0006199977499999747,1.0,5.608912816749607e-05,0.0005639086218324786,1.1430991147798075,0.5608912816749607
2017-06-29,0.0,0.0,0.0,0.0,1.1430991147798075,
2017-06-30,0.0,0.0,0.0,0.0,1.1430991147798075,
2017-07-03,0.0,0.0,0.0,0.0,1.1430991147798075,
2017-07-04,0.0,0.0,0.0,0.0,1.1430991147798075,
2017-07-05,0.0,0.0,0.0,0.0,1.1430991147798075,
2017-07-06,0.0,0.0,0.0,0.0,1.1430991147798075,
2017-07-07,0.0,0.0,0.0,0.0,1.1430991147798075,
2017-07-10,0.0,0.0,0.0,0.0,1.1430991147798075,
2017-07-11,0.0,0.0,0.0,0.0,1.1430991147798075,
2017-07-12,0.0,0.0,0.0,0.0,1.1430991147798075,
2017-07-13,0.0,0.0,0.0,0.0,1.1430991147798075,
2017-07-14,0.0,0.0,0.0,0.0,1.1430991147798075,
2017-07-17,0.0,0.0,0.0,0.0,1.1430991147798075,
2017-07-18,0.0,0.0,0.0,0.0,1.1430991147798075,
2017-07-19,0.0,1.0,5.392274741339576e-05,-5.392274741339576e-05,1.1430374757349726,0.5392274741339576
2017-07-20,0.0,1.0,5.277080418509531e-05,-5.277080418509531e-05,1.1429771567281644,0.5277080418509531
2017-07-21,-6.250002750000005e-05,0.07462686567164178,3.799925452450052e-06,-6.62999529524501e-05,1.1429013773964476,0.509190010628307
2017-07-24,8.0036952350747e-05,0.0,0.0,8.0036952350747e-05,1.142992851739532,
2017-07-25,0.0002419721788432827,0.07462686567164178,3.802134799104318e-06,0.00023817004404417838,1.143265078397373,0.5094860630799786
2017-07-26,3.750005499999977e-05,1.0,5.2893751464275046e-05,-1.5393696464275276e-05,1.143247479321778,0.5289375146427504
2017-07-27,0.0,0.0,0.0,0.0,1.143247479321778,
2017-07-28,0.0,0.0,0.0,0.0,1.143247479321778,
2017-07-31,0.0,0.0,0.0,0.0,1.143247479321778,
2017-08-01,0.0,0.0,0.0,0.0,1.143247479321778,
2017-08-02,0.0,0.0,0.0,0.0,1.143247479321778,
2017-08-03,0.0,0.0,0.0,0.0,1.143247479321778,
2017-08-04,0.0,0.0,0.0,0.0,1.143247479321778,
2017-08-07,0.0,0.0,0.0,0.0,1.143247479321778,
2017-08-08,0.0,0.0,0.0,0.0,1.143247479321778,
2017-08-09,0.0,0.0,0.0,0.0,1.143247479321778,
2017-08-10,0.0,0.0,0.0,0.0,1.143247479321778,
2017-08-11,0.0,0.0,0.0,0.0,1.143247479321778,
2017-08-14,0.0,0.0,0.0,0.0,1.143247479321778,
2017-08-15,0.0,0.0,0.0,0.0,1.143247479321778,
2017-08-16,0.0,0.0,0.0,0.0,1.143247479321778,
2017-08-17,0.0,1.0,5.281561425195627e-05,-5.281561425195627e-05,1.1431870980039156,0.5281561425195627
2017-08-18,0.0,1.0,5.2806570176958364e-05,-5.2806570176958364e-05,1.1431267302141994,0.5280657017695837
2017-08-21,0.0,0.0,0.0,0.0,1.1431267302141994,
2017-08-22,0.0,0.0,0.0,0.0,1.1431267302141994,
2017-08-23,0.0,0.0,0.0,0.0,1.1431267302141994,
2017-08-24,0.0,0.0,0.0,0.0,1.1431267302141994,
2017-08-25,0.0,0.0,0.0,0.0,1.1431267302141994,
2017-08-28,0.0,0.0,0.0,0.0,1.1431267302141994,
2017-08-29,0.0,0.0,0.0,0.0,1.1431267302141994,
2017-08-30,0.0,0.0,0.0,0.0,1.1431267302141994,
2017-08-31,0.0,0.0,0.0,0.0,1.1431267302141994,
2017-09-01,0.0,0.0,0.0,0.0,1.1431267302141994,
2017-09-04,0.0,0.0,0.0,0.0,1.1431267302141994,
2017-09-05,0.0,0.0,0.0,0.0,1.1431267302141994,
2017-09-06,0.0,0.0,0.0,0.0,1.1431267302141994,
2017-09-07,0.0,0.0,0.0,0.0,1.1431267302141994,
2017-09-08,0.0,0.0,0.0,0.0,1.1431267302141994,
2017-09-11,0.0,0.0,0.0,0.0,1.1431267302141994,
2017-09-12,0.0,1.0,5.292949157772382e-05,-5.292949157772382e-05,1.1430662250975603,0.5292949157772382
2017-09-13,0.0,1.0,5.292949157772382e-05,-5.292949157772382e-05,1.143005723183426,0.5292949157772382
2017-09-14,0.0,0.0,0.0,0.0,1.143005723183426,
2017-09-15,0.0,0.0,0.0,0.0,1.143005723183426,
2017-09-18,0.0,0.0,0.0,0.0,1.143005723183426,
2017-09-19,0.0,0.0,0.0,0.0,1.143005723183426,
2017-09-20,0.0,0.0,0.0,0.0,1.143005723183426,
2017-09-21,0.0,0.0,0.0,0.0,1.143005723183426,
2017-09-22,0.0,0.0,0.0,0.0,1.143005723183426,
2017-09-25,0.0,0.0,0.0,0.0,1.143005723183426,
2017-09-26,0.0,0.0,0.0,0.0,1.143005723183426,
2017-09-27,0.0,0.0,0.0,0.0,1.143005723183426,
2017-09-28,0.0,0.0,0.0,0.0,1.143005723183426,
2017-09-29,0.0,0.0,0.0,0.0,1.143005723183426,
2017-10-02,0.0,1.0,5.322589263288115e-05,-5.322589263288115e-05,1.1429448856835251,0.5322589263288116
2017-10-03,9.999991750000004e-05,1.0,5.333195661150607e-05,4.666796088849397e-05,1.142998224590748,0.5333195661150607
2017-10-04,0.0,0.0,0.0,0.0,1.142998224590748,
2017-10-05,0.0,0.0,0.0,0.0,1.142998224590748,
2017-10-06,0.0,1.0,5.398939271535005e-05,-5.398939271535005e-05,1.1429365148107276,0.5398939271535005
2017-10-09,0.0,0.0,0.0,0.0,1.1429365148107276,
2017-10-10,-0.0005400020000000062,1.9152542372881356,0.00010224628102192647,-0.0006422482810219327,1.1422024657987733,0.5338522637428018
2017-10-11,0.00014076271796610227,1.0,5.2709112176360147e-05,8.805360578974212e-05,1.1423030408444288,0.5270911217636014
2017-10-12,0.0,1.0,5.268250943592432e-05,-5.268250943592432e-05,1.1422428614537008,0.5268250943592432
2017-10-13,0.0,1.0,5.26746877952875e-05,-5.26746877952875e-05,1.1421826941675874,0.526746877952875
2017-10-16,0.0,0.0,0.0,0.0,1.1421826941675874,
2017-10-17,0.0,0.0,0.0,0.0,1.1421826941675874,
2017-10-18,0.0,1.0,5.381418701676648e-05,-5.381418701676648e-05,1.1421212285344762,0.5381418701676648
2017-10-19,-0.00027000050000000776,0.0,0.0,-0.00027000050000000776,1.1418128552317113,
2017-10-20,0.0008099955000000045,0.0,0.0,0.0008099955000000045,1.1427377185062912,
2017-10-23,-0.0005400019999999968,0.0,0.0,-0.0005400019999999968,1.1421206378528224,
2017-10-24,0.0008099954999999952,0.0,0.0,0.0008099954999999952,1.1430457504299403,
2017-10-25,0.00026999949999999837,1.0,5.388354488888113e-05,0.00021611595511111724,1.14329278085403,0.5388354488888113
2017-10-26,0.0,0.0,0.0,0.0,1.14329278085403,
2017-10-27,0.0,0.0,0.0,0.0,1.14329278085403,
2017-10-30,0.0,0.0,0.0,0.0,1.14329278085403,
2017-10-31,0.0,0.0,0.0,0.0,1.14329278085403,
2017-11-01,0.0,0.0,0.0,0.0,1.14329278085403,
2017-11-02,0.0,0.0,0.0,0.0,1.14329278085403,
2017-11-03,0.0,0.0,0.0,0.0,1.14329278085403,
2017-11-06,0.0,0.0,0.0,0.0,1.14329278085403,
2017-11-07,0.0,1.0,5.5202594497716285e-05,-5.5202594497716285e-05,1.1432296681262564,0.5520259449771628
2017-11-08,0.0012399909999999926,1.0,5.50911783363285e-05,0.001184899821663664,1.1445842807561397,0.550911783363285
2017-11-09,0.0,0.0,0.0,0.0,1.1445842807561397,
2017-11-10,0.0,0.0,0.0,0.0,1.1445842807561397,
2017-11-13,0.0,0.0,0.0,0.0,1.1445842807561397,
2017-11-14,0.0,0.0,0.0,0.0,1.1445842807561397,
2017-11-15,0.0,0.0,0.0,0.0,1.1445842807561397,
2017-11-16,0.0,0.0,0.0,0.0,1.1445842807561397,
2017-11-17,0.0,0.0,0.0,0.0,1.1445842807561397,
2017-11-20,0.0,0.0,0.0,0.0,1.1445842807561397,
2017-11-21,0.0,0.0,0.0,0.0,1.1445842807561397,
2017-11-22,0.0,0.0,0.0,0.0,1.1445842807561397,
2017-11-23,0.0,0.0,0.0,0.0,1.1445842807561397,
2017-11-24,0.0,0.0,0.0,0.0,1.1445842807561397,
2017-11-27,0.0,0.0,0.0,0.0,1.1445842807561397,
2017-11-28,0.0,0.0,0.0,0.0,1.1445842807561397,
2017-11-29,0.0,0.0,0.0,0.0,1.1445842807561397,
2017-11-30,0.0,0.0,0.0,0.0,1.1445842807561397,
2017-12-01,0.0,0.0,0.0,0.0,1.1445842807561397,
2017-12-04,0.0,0.0,0.0,0.0,1.1445842807561397,
2017-12-05,0.0,0.0,0.0,0.0,1.1445842807561397,
2017-12-06,0.0,1.0,5.2823345639952104e-05,-5.2823345639952104e-05,1.1445238199850634,0.528233456399521
2017-12-07,0.00035999900000000407,1.0,5.2823345639952104e-05,0.00030717565436005196,1.1448753898383979,0.528233456399521
2017-12-08,0.0,0.0,0.0,0.0,1.1448753898383979,
2017-12-11,0.0,0.0,0.0,0.0,1.1448753898383979,
2017-12-12,0.0,0.0,0.0,0.0,1.1448753898383979,
2017-12-13,0.0,0.0,0.0,0.0,1.1448753898383979,
2017-12-14,0.0,0.0,0.0,0.0,1.1448753898383979,
2017-12-15,0.0,0.0,0.0,0.0,1.1448753898383979,
2017-12-18,0.0,0.0,0.0,0.0,1.1448753898383979,
2017-12-19,0.0,1.0,5.29198328254908e-05,-5.29198328254908e-05,1.1448148032241616,0.529198328254908
2017-12-20,-0.0004499987500000129,1.0,5.2877624078816256e-05,-0.0005028763740788292,1.1442391029069245,0.5287762407881625
2017-12-21,0.0,1.0,5.2860393378975335e-05,-5.2860393378975335e-05,1.1441786179778253,0.5286039337897533
2017-12-22,0.0,1.0,5.284013805664285e-05,-5.284013805664285e-05,1.1441181594216898,0.5284013805664285
2017-12-25,0.0,0.0,0.0,0.0,1.1441181594216898,
2017-12-26,0.0,1.0,5.361350805211585e-05,-5.361350805211585e-05,1.1440568192335372,0.5361350805211585
2017-12-27,-3.190431279850747e-05,1.0746268656716418,5.686917625092459e-05,-8.877348904943205e-05,1.143955257318023,0.5291992790016594
2017-12-28,-0.0001999993824999988,1.0,5.275983021458137e-05,-0.0002527592127145802,1.1436661120878024,0.5275983021458137
2017-12-29,0.0,0.0,0.0,0.0,1.1436661120878024,
2018-01-01,0.0,0.0,0.0,0.0,1.1436661120878024,
2018-01-02,0.0,1.0,5.3345774804069744e-05,-5.3345774804069744e-05,1.1436051023329359,0.5334577480406975
2018-01-03,0.00026999950000000775,0.0,0.0,0.00026999950000000775,1.1439138751387632,
2018-01-04,0.0008099954999999952,1.0,5.33676552220967e-05,0.0007566278447778985,1.144779392228721,0.533676552220967
2018-01-05,0.0,1.0,5.286686702755331e-05,-5.286686702755331e-05,1.1447188713288161,0.5286686702755331
2018-01-08,0.0,1.0,5.282517936033787e-05,-5.282517936033787e-05,1.144658401349121,0.5282517936033787
2018-01-09,0.0,0.0,0.0,0.0,1.144658401349121,
2018-01-10,0.0,0.0,0.0,0.0,1.144658401349121,
2018-01-11,0.0,0.0,0.0,0.0,1.144658401349121,
2018-01-12,0.0,0.0,0.0,0.0,1.144658401349121,
2018-01-15,0.0,0.0,0.0,0.0,1.144658401349121,
2018-01-16,0.0,1.0,5.273467739449782e-05,-5.273467739449782e-05,1.1445980381575989,0.5273467739449782
2018-01-17,-0.0013499887500000075,0.0,0.0,-0.0013499887500000075,1.143052843682814,
2018-01-18,-0.0017999800000000046,1.0,5.267819016228224e-05,-0.0018526581901622868,1.1409351574701767,0.5267819016228223
2018-01-19,0.000169997999999999,0.0,0.0,0.000169997999999999,1.1411291141650763,
2018-01-22,0.0003949961250000084,2.0,0.00010606063191772732,0.0002889354930822811,1.141458826868348,0.5303031595886365
2018-01-23,-9.500004999999943e-05,2.0,0.00010608040904504853,-0.00020108045904504795,1.1412293018034603,0.5304020452252426
2018-01-24,0.0004399959999999974,1.0,5.2564288656686316e-05,0.0003874317113433111,1.141671450224893,0.5256428865668632
2018-01-25,0.0,1.0,5.256102542433797e-05,-5.256102542433797e-05,1.1416114428027715,0.5256102542433797
2018-01-26,0.0,1.0,5.214016929162631e-05,-5.214016929162631e-05,1.1415519189888785,0.521401692916263
2018-01-29,0.00018000050000000205,1.0,5.21402279581396e-05,0.00012786027204186244,1.1416978781277902,0.521402279581396
2018-01-30,0.0007599967999999954,1.0,5.3893932699008387e-05,0.000706102867300987,1.1425040342731276,0.5389393269900838
2018-01-31,0.0,0.0,0.0,0.0,1.1425040342731276,
2018-02-01,0.0,0.0,0.0,0.0,1.1425040342731276,
2018-02-02,0.0,0.0,0.0,0.0,1.1425040342731276,
2018-02-05,0.0,0.0,0.0,0.0,1.1425040342731276,
2018-02-06,0.0,1.0,5.3722260870586646e-05,-5.3722260870586646e-05,1.1424426563733527,0.5372226087058665
2018-02-07,-0.0008099955000000045,2.0,0.00011074734290047296,-0.0009207428429004775,1.1413907604740727,0.5537367145023648
2018-02-08,-0.0029999499999999817,0.0,0.0,-0.0029999499999999817,1.1379666452621886,
2018-02-09,0.0015000124999999388,1.0,5.360117750316169e-05,0.0014464113224967772,1.1396126131025195,0.5360117750316169
2018-02-12,0.00035999800000000097,1.0,5.451727351987363e-05,0.00030548072648012737,1.139960742791476,0.5451727351987363
2018-02-13,0.00013999990500000226,1.0,5.321846547409826e-05,8.6781439525904e-05,1.1400596702257386,0.5321846547409825
2018-02-14,0.0012599877499999987,1.0,5.269092486108416e-05,0.0012072968251389145,1.141436060646071,0.5269092486108415
2018-02-15,0.00017999949999999892,1.0,5.2692512018510845e-05,0.00012730698798148806,1.1415813734329252,0.5269251201851084
2018-02-16,0.00035999899999999784,1.0,5.336454315756741e-05,0.00030663445684243044,1.1419314216173093,0.5336454315756741
2018-02-19,0.0,0.0,0.0,0.0,1.1419314216173093,
2018-02-20,0.0,0.0,0.0,0.0,1.1419314216173093,
2018-02-21,0.0,1.0,5.744235853509974e-05,-5.744235853509974e-05,1.1418658263831662,0.5744235853509974
2018-02-22,0.003000050000000034,1.0,5.745487365707414e-05,0.00294259512634296,1.145225875198819,0.5745487365707413
2018-02-23,0.0,0.0,0.0,0.0,1.145225875198819,
2018-02-26,0.0,1.0,5.5037344010786554e-05,-5.5037344010786554e-05,1.1451628450083555,0.5503734401078655
2018-02-27,-0.0002499887500000508,1.0,5.499223321882163e-05,-0.00030498098321887247,1.1448135921179392,0.5499223321882163
2018-02-28,0.006000200000000015,2.0,0.00011075646661022788,0.0058894435333897875,1.151555907124975,0.5537823330511393
2018-03-01,-0.0005400022499999968,1.0,5.343872923578785e-05,-0.0005934409792357846,1.150872526659806,0.5343872923578785
2018-03-02,0.0,0.0,0.0,0.0,1.150872526659806,
2018-03-05,0.0,0.0,0.0,0.0,1.150872526659806,
2018-03-06,0.0,0.0,0.0,0.0,1.150872526659806,
2018-03-07,0.0,0.0,0.0,0.0,1.150872526659806,
2018-03-08,0.0,0.0,0.0,0.0,1.150872526659806,
2018-03-09,0.0,1.0,5.459519523078612e-05,-5.459519523078612e-05,1.1508096945495274,0.5459519523078612
2018-03-12,0.0005400019999999968,0.0,0.0,0.0005400019999999968,1.1514311340862036,
2018-03-13,0.0005400020000000062,1.0,5.3065583438716875e-05,0.00048693641656128936,1.1519918078365528,0.5306558343871688
2018-03-14,9.499989999999943e-05,0.0,0.0,9.499989999999943e-05,1.152101246943098,
2018-03-15,-3.9999849999998116e-05,1.0,5.306910364516927e-05,-9.306895364516739e-05,1.1519940220855518,0.5306910364516928
2018-03-16,9.499994999999942e-05,0.2657342657342658,1.376019727539465e-05,8.123975272460477e-05,1.152087609795046,0.5178179501003776
2018-03-19,0.0,1.0,5.2890376173967e-05,-5.2890376173967e-05,1.1520266754479787,0.52890376173967
2018-03-20,-0.0003752431468531479,0.0,0.0,-0.0003752431468531479,1.1515943853330248,
2018-03-21,0.0003226245409090937,1.132867132867133,6.013826880618984e-05,0.0002624862721029039,1.1518966630502057,0.5308501505731571
2018-03-22,-9.500005000000272e-05,1.0,5.342918884804448e-05,-0.0001484292388480472,1.1517256879052775,0.5342918884804448
2018-03-23,2.750004250000235e-05,1.0,5.320996314527718e-05,-2.5709920645274833e-05,1.1516960771292364,0.5320996314527717
2018-03-26,0.0004942607776223746,1.0,5.2430366213396065e-05,0.0004418304114089786,1.1522049314808125,0.5243036621339607
2018-03-27,0.0008200057250000029,2.0,0.00010873222068646045,0.0007112735043135424,1.1530244643201142,0.5436611034323023
2018-03-28,0.0012399909999999926,1.0,5.605296770841346e-05,0.0011839380322915792,1.1543895738355854,0.5605296770841346
2018-03-29,0.0,0.0,0.0,0.0,1.1543895738355854,
2018-03-30,0.0,0.0,0.0,0.0,1.1543895738355854,
2018-04-02,0.0,0.0,0.0,0.0,1.1543895738355854,
2018-04-03,0.0,0.0,0.0,0.0,1.1543895738355854,
2018-04-04,0.0,0.0,0.0,0.0,1.1543895738355854,
2018-04-05,0.0,1.0,5.618911017398809e-05,-5.618911017398809e-05,1.1543247097126375,0.5618911017398809
2018-04-06,-0.0037200809999999775,0.0,0.0,-0.0037200809999999775,1.150030528292205,
2018-04-09,0.0012399909999999926,2.0,0.00011143714559149658,0.001128553854408496,1.1513283996775967,0.5571857279574829
2018-04-10,-0.0005399979999999967,1.0,5.509590230861846e-05,-0.0005950939023086152,1.1506432511673939,0.5509590230861846
2018-04-11,0.0,1.0,5.635377525951511e-05,-5.635377525951511e-05,1.1505784080762138,0.563537752595151
2018-04-12,0.003719918999999978,2.0,0.00011281632063131272,0.003607102679368665,1.1547286625348092,0.5640816031565635
2018-04-13,0.0040000900000000455,2.0,0.00010946246919891012,0.0038906275308011355,1.1592212816598721,0.5473123459945506
2018-04-16,-9.381108828671741e-05,0.11894273127753308,6.113829043725706e-06,-9.992491733044312e-05,1.1591054465691346,0.5140145158984203
2018-04-17,0.00048040617402190177,1.0,5.283762095528708e-05,0.00042756855306661466,1.1596010436077757,0.5283762095528708
2018-04-18,0.0005766325510489533,1.0,5.302681372083983e-05,0.0005236057373281135,1.1602082173672204,0.5302681372083984
2018-04-19,5.499984999999497e-05,1.0,5.327912190827605e-05,1.7207280917189182e-06,1.1602102137700923,0.5327912190827606
2018-04-20,0.0,0.0,0.0,0.0,1.1602102137700923,
2018-04-23,0.0,0.0,0.0,0.0,1.1602102137700923,
2018-04-24,0.0,0.0,0.0,0.0,1.1602102137700923,
2018-04-25,0.0,0.0,0.0,0.0,1.1602102137700923,
2018-04-26,0.0,0.0,0.0,0.0,1.1602102137700923,
2018-04-27,0.0,0.0,0.0,0.0,1.1602102137700923,
2018-04-30,0.0,0.0,0.0,0.0,1.1602102137700923,
2018-05-01,0.0,1.0,5.474073583646951e-05,-5.474073583646951e-05,1.1601467030092656,0.5474073583646951
2018-05-02,0.0005400020000000062,1.0,5.474334204810392e-05,0.0004852586579519023,1.1607096742413952,0.5474334204810392
2018-05-03,0.0,0.0,0.0,0.0,1.1607096742413952,
2018-05-04,0.0,0.0,0.0,0.0,1.1607096742413952,
2018-05-07,0.0,1.0,5.4513319897500624e-05,-5.4513319897500624e-05,1.1606464001036152,0.5451331989750062
2018-05-08,-0.0005399980000000062,0.0,0.0,-0.0005399980000000062,1.160019653368852,
2018-05-09,-0.0005399979999999967,1.0,5.409077783273989e-05,-0.0005940887778327366,1.1593304987107202,0.5409077783273989
2018-05-10,0.0,1.0,5.494360036879866e-05,-5.494360036879866e-05,1.1592668009191036,0.5494360036879866
2018-05-11,-4.5762693559321756e-05,0.0,0.0,-4.5762693559321756e-05,1.1592137497477397,
2018-05-14,-4.576266491525475e-05,1.0,5.2891624101599304e-05,-9.865428901685406e-05,1.1590993883394398,0.5289162410159931
2018-05-15,9.673759508474684e-05,1.9152542372881356,0.00010250557518834893,-5.767980103602092e-06,1.1590927026772297,0.5352061005409369
2018-05-16,-0.00026999949999999837,1.152542372881356,6.112879231422611e-05,-0.00033112829231422445,1.1587088942899584,0.5303821686087266
2018-05-17,0.0011909965307607842,1.847457627118644,0.00010104219678855649,0.0010899543339722277,1.1599718340711018,0.5469256523417279
2018-05-18,0.007500312499999903,0.0,0.0,0.007500312499999903,1.1686719853178331,
2018-05-21,0.0015000125000000429,1.0,5.673132486686514e-05,0.0014432811751331777,1.170358707594148,0.5673132486686514
2018-05-22,0.0,1.0,5.669395544861353e-05,-5.669395544861353e-05,1.1702923553297206,0.5669395544861353
2018-05-23,0.007500312500000111,1.0,5.67406348508201e-05,0.007443571865149291,1.1790035105798522,0.567406348508201
2018-05-24,0.0,1.0,5.665697034973781e-05,-5.665697034973781e-05,1.178936711812911,0.5665697034973781
2018-05-25,0.007500312500000059,1.0,5.6663756426934764e-05,0.007443648743573124,1.1877123025865495,0.5666375642693476
2018-05-28,0.0,0.0,0.0,0.0,1.1877123025865495,
2018-05-29,0.0,0.0,0.0,0.0,1.1877123025865495,
2018-05-30,0.0,1.0,5.7719591336041075e-05,-5.7719591336041075e-05,1.1876437483178195,0.5771959133604108
2018-05-31,0.003000050000000034,2.0,0.00011216044935841873,0.0028878895506416155,1.1910735322884713,0.5608022467920937
2018-06-01,0.001224957125000009,1.0,5.4559591389607164e-05,0.0011703975336104018,1.1924675618130103,0.5455959138960716
2018-06-04,0.0,0.0,0.0,0.0,1.1924675618130103,
2018-06-05,0.0,0.0,0.0,0.0,1.1924675618130103,
2018-06-06,0.0,0.0,0.0,0.0,1.1924675618130103,
2018-06-07,0.0,0.0,0.0,0.0,1.1924675618130103,
2018-06-08,0.0,0.0,0.0,0.0,1.1924675618130103,
2018-06-11,0.0,0.0,0.0,0.0,1.1924675618130103,
2018-06-12,0.0,1.0,5.719042273978072e-05,-5.719042273978072e-05,1.1923993640890467,0.5719042273978072
2018-06-13,0.0024799640000000064,2.0,0.00011157650194389292,0.0023683874980561133,1.195223427835645,0.5578825097194646
2018-06-14,0.003700156219999978,1.0079968012794882,5.466563658981958e-05,0.0036454905834101582,1.1995806035868912,0.5423195442726647
2018-06-15,1.229518442622986e-05,0.0910203082945926,4.638233540504074e-06,7.656950885725786e-06,1.1995897887166564,0.5095822709688215
2018-06-18,0.00013880572029850743,1.0,5.3038164226358427e-05,8.5767556072149e-05,1.1996926746011238,0.5303816422635842
2018-06-19,0.0,1.0,5.463509334551724e-05,-5.463509334551724e-05,1.199627129279861,0.5463509334551723
2018-06-20,-0.0008701930725190803,1.7633587786259541,9.817580070813512e-05,-0.0009683688732272154,1.1984654477083874,0.5567545408123681
2018-06-21,-0.0040000900000000455,1.0,5.508874296775876e-05,-0.004055178742967804,1.193605456100659,0.5508874296775876
2018-06-22,0.0,0.0,0.0,0.0,1.193605456100659,
2018-06-25,-0.0005000199999999971,0.0,0.0,-0.0005000199999999971,1.1930086295004996,
2018-06-26,0.0009999887499999593,1.0,5.503016855471491e-05,0.0009449585814452445,1.1941359732426842,0.5503016855471492
2018-06-27,0.0,1.0,5.4659449429136145e-05,-5.4659449429136145e-05,1.1940707024278432,0.5465944942913614
2018-06-28,-0.0002767147423664366,0.7633587786259541,4.1410916022304896e-05,-0.0003181256583887415,1.1936908378994706,0.5424829998921941
2018-06-29,0.000999988749999994,0.7633587786259541,4.134655787225213e-05,0.0009586421921277419,1.1948351603010374,0.5416399081265029
2018-07-02,-4.007618320609027e-05,1.2366412213740459,6.656973670189256e-05,-0.00010664591990798283,1.1947077360062288,0.5383108338239458
2018-07-03,-0.0008800160000000055,1.0,5.4021371198090125e-05,-0.0009340373711980956,1.1935918343331395,0.5402137119809012
2018-07-04,0.0,0.0,0.0,0.0,1.1935918343331395,
2018-07-05,0.0006199977499999747,1.0,5.3743195519422176e-05,0.0005662545544805526,1.1942677111455213,0.5374319551942217
2018-07-06,-0.0006325044974999963,1.0,5.374702200186315e-05,-0.0006862515195018594,1.1934481431140558,0.5374702200186315
2018-07-09,0.0024799640000000064,0.0,0.0,0.0024799640000000064,1.1964078515448455,
2018-07-10,0.0006199977500000178,0.0,0.0,0.0006199977500000178,1.1971496217208857,
2018-07-11,-0.0006200022500000178,2.0,0.00011401741897994837,-0.0007340196689799662,1.1962708903518307,0.5700870948997419
2018-07-12,0.0,1.0,5.4665328751122556e-05,-5.4665328751122556e-05,1.1962054958103343,0.5466532875112255
2018-07-13,0.0005000137499999884,1.0,5.4635689556320255e-05,0.00044537806044366815,1.1967382594939504,0.5463568955632025
2018-07-16,0.0,1.0,5.465706601182989e-05,-5.465706601182989e-05,1.1966728492919023,0.5465706601182989
2018-07-17,0.0002499949999999725,1.656215921483097,8.923015587645352e-05,0.00016076484412351898,1.1968652322159856,0.5387591963042495
2018-07-18,0.0007099152814885425,0.8928571428571429,4.805461374496994e-05,0.0006618606677435726,1.1976573902377792,0.5382116739436633
2018-07-19,0.0008301772328244663,0.7633587786259541,4.115518998658917e-05,0.0007890220428378771,1.1986023683184446,0.5391329888243181
2018-07-20,0.002499673749999933,0.0,0.0,0.002499673749999933,1.201598483195218,
2018-07-23,0.0009998487500000371,0.0,0.0,0.0009998487500000371,1.2027998999366427,
2018-07-24,-0.0005000199999999971,0.0,0.0,-0.0005000199999999971,1.2021984759306763,
2018-07-25,-0.000500019999999971,0.0,0.0,-0.000500019999999971,1.2015973526487416,
2018-07-26,0.0002499762499999728,1.7091836734693877,9.185043919023565e-05,0.00015812581080973718,1.201787356204396,0.5373936143667518
2018-07-27,-0.0002295928188775568,1.7091836734693877,9.18621426389827e-05,-0.0003214549615165395,1.201401035696056,0.5374620882758391
2018-07-30,0.0004999800000000056,0.0,0.0,0.0004999800000000056,1.2020017121858835,
2018-07-31,-0.0015000762499999649,0.7633587786259541,4.133741638458862e-05,-0.0015414136663845536,1.2001489303197024,0.541520154638111
2018-08-01,-0.0008702093034351193,0.7633587786259541,4.135978191116308e-05,-0.0009115690853462824,1.1990549116570115,0.5418131430362363
2018-08-02,-0.0002500050000000245,0.7633587786259541,4.134869176187139e-05,-0.00029135369176189587,1.198705562581875,0.5416678620805151
2018-08-03,0.001066822748091624,0.7633587786259541,4.135694848291961e-05,0.0010254657996087045,1.1999347941401035,0.5417760251262469
2018-08-06,-0.0002500049999999898,0.8163265306122449,4.36532213460324e-05,-0.00029365822134602216,1.1995824234227253,0.5347519614888969
2018-08-07,-0.0015305534693877592,0.8163265306122449,4.3575913445576274e-05,-0.0015741293828333354,1.1976941254828852,0.5338049397083093
2018-08-08,0.0007500062500000214,0.8163265306122449,4.35721720320088e-05,0.0007064340779680126,1.1985402174281086,0.5337591073921077
2018-08-09,0.001714348061224486,0.8163265306122449,4.3590083393852744e-05,0.0016707579778306332,1.2005426880581274,0.533978521574696
2018-08-10,-0.001250125000000062,0.7633587786259541,4.128079347629812e-05,-0.0012914057934763602,1.1989923002754534,0.5407783945395054
2018-08-13,-0.0002767219561068604,0.0,0.0,-0.0002767219561068604,1.1986605127807641,
2018-08-14,-4.007618320609846e-05,1.2366412213740459,6.800777038172892e-05,-0.00010808395358782738,1.1985309568135332,0.5499393777781783
2018-08-15,-0.0018600202499999888,2.0,0.00011060309188003434,-0.0019706233418800233,1.1961691037340707,0.5530154594001717
2018-08-16,0.0003673448979591815,1.816326530612245,9.98524499028939e-05,0.0002674924480562876,1.1964890699359179,0.5497494432855956
2018-08-17,0.0,0.0,0.0,0.0,1.1964890699359179,
2018-08-20,-0.008000359999999882,1.0,5.4709590415606156e-05,-0.008055069590415487,1.1868512672134126,0.5470959041560615
2018-08-21,-0.0004999862500000576,0.0,0.0,-0.0004999862500000576,1.1862578578990108,
2018-08-22,0.0005000137500000578,1.0,5.380299917765928e-05,0.00044621075082239856,1.1867871789084528,0.5380299917765927
2018-08-23,0.0010600051250000196,1.0,5.380858793792618e-05,0.0010061965370620934,1.1879813200581,0.5380858793792618
2018-08-24,0.0007500062499999694,2.0,0.00010911428595174273,0.0006408919640482267,1.1887426877395646,0.5455714297587138
2018-08-27,0.0018599797500000103,2.0,0.00010754988199597926,0.001752429868004031,1.190825875930931,0.5377494099798963
2018-08-28,0.00012402376918902363,2.0,0.00010629598126674,1.772778792228364e-05,1.1908469866395117,0.5314799063337
2018-08-29,-0.0010000112499999592,0.8163265306122449,4.289714394416825e-05,-0.0010429083939441275,1.1896050423212423,0.525490013316061
2018-08-30,0.0013316760459183526,1.183673469387755,6.259385672692623e-05,0.0012690821891914263,1.1911147488926246,0.5288101688998941
2018-08-31,-0.00045000124999999727,2.0,0.0001066250594481407,-0.000556626309448138,1.1904517430858192,0.5331252972407035
2018-09-03,0.0,0.0,0.0,0.0,1.1904517430858192,
2018-09-04,0.0019998187499999614,1.0,5.3770978659975754e-05,0.0019460477713399856,1.1927684190473393,0.5377097865997575
2018-09-05,0.0,1.0,5.252670045703981e-05,-5.252670045703981e-05,1.1927057668578773,0.5252670045703981
2018-09-06,-0.0011020583673469323,2.0,0.00010793359042719108,-0.0012099919577741234,1.1912626024719883,0.5396679521359553
2018-09-07,-0.007499687499999954,2.0,0.00011068362507703192,-0.007610371125076986,1.1821966519597513,0.5534181253851597
2018-09-10,-0.0040000900000000455,1.0,5.274573532426745e-05,-0.004052835735324313,1.177405403122508,0.5274573532426745
2018-09-11,0.0019129178260869962,1.0,5.276140843959501e-05,0.0018601564176474012,1.1795955613392992,0.52761408439595
2018-09-12,-0.0040000900000000455,1.0,5.5078943645080746e-05,-0.004055168943645126,1.1748121020528945,0.5507894364508075
2018-09-13,0.0,0.0,0.0,0.0,1.1748121020528945,
2018-09-14,0.0,1.0,5.377325529976084e-05,-5.377325529976084e-05,1.1747489285818016,0.5377325529976085
2018-09-17,0.0,0.0,0.0,0.0,1.1747489285818016,
2018-09-18,0.0017497549999999458,0.0,0.0,0.0017497549999999458,1.176804451393332,
2018-09-19,0.0014999237500000256,1.0,5.3817734067510895e-05,0.0014461060159325148,1.1785062353900682,0.5381773406751089
2018-09-20,0.0,0.0,0.0,0.0,1.1785062353900682,
2018-09-21,0.0,0.0,0.0,0.0,1.1785062353900682,
2018-09-24,0.0,1.0,5.293398811387402e-05,-5.293398811387402e-05,1.1784438523550118,0.5293398811387402
2018-09-25,0.0,1.0,5.283740153267512e-05,-5.283740153267512e-05,1.1783815864440013,0.5283740153267512
2018-09-26,0.0,1.0,5.2758771891795977e-05,-5.2758771891795977e-05,1.1783194164786805,0.5275877189179597
2018-09-27,8.03578125000023e-05,1.1071428571428572,5.843054101836987e-05,2.192727148163243e-05,1.1783452538084178,0.5277597253272116
2018-09-28,0.0003600010000000041,1.0,5.2827095159932635e-05,0.00030717390484007146,1.17870721072128,0.5282709515993264
2018-10-01,0.0,1.0,5.52879424369572e-05,-5.52879424369572e-05,1.1786420424248636,0.5528794243695719
2018-10-02,-0.00800036000000009,2.0,0.00011129402265480629,-0.008111654022654896,1.1690813059601577,0.5564701132740315
2018-10-03,-0.014998750000000014,2.0,0.00011218574166846401,-0.015110935741668477,1.151415393469008,0.56092870834232
2018-10-04,0.009999437500000008,2.0,0.00011237512289957678,0.009887062377100431,1.1627995092861896,0.5618756144978839
2018-10-05,-0.007499687500000006,1.0,5.3277721504159754e-05,-0.007552965221504166,1.1540169250329688,0.5327772150415975
2018-10-08,0.0,0.1836734693877551,9.435579708111854e-06,-9.435579708111854e-06,1.154006036214288,0.5137148952194232
2018-10-09,0.0025500974999999844,1.0,5.343442721932611e-05,0.0024966630727806583,1.1568872004706703,0.5343442721932611
2018-10-10,0.0,1.183673469387755,6.310795208772058e-05,-6.310795208772058e-05,1.156814191688652,0.5331533883272946
2018-10-11,0.003796204362244914,1.0,5.345127706073824e-05,0.0037427530851841754,1.1611438615735796,0.5345127706073824
2018-10-12,0.0,0.0,0.0,0.0,1.1611438615735796,
2018-10-15,0.0,1.0,5.5862839018422096e-05,-5.5862839018422096e-05,1.1610789967809634,0.558628390184221
2018-10-16,-0.004000089999999976,0.0,0.0,-0.004000089999999976,1.1564345762967299,
2018-10-17,0.005999797500000033,1.0,5.586564898723335e-05,0.0059439318510128,1.1633083446083925,0.5586564898723335
2018-10-18,0.0,0.0,0.0,0.0,1.1633083446083925,
2018-10-19,0.0,1.0,5.275446906166617e-05,-5.275446906166617e-05,1.1632469748943177,0.5275446906166616
2018-10-22,0.0,1.0,5.2766680147433365e-05,-5.2766680147433365e-05,1.163185594213261,0.5276668014743336
2018-10-23,-0.0006600090000000068,1.0,5.288231285131235e-05,-0.0007128913128513191,1.1623563693079124,0.5288231285131235
2018-10-24,-0.0011250274999999948,1.183673469387755,6.23825360652089e-05,-0.0011874100360652036,1.160976175689512,0.5270248736543512
2018-10-25,0.0011091614668367203,1.0,5.277253774910884e-05,0.0010563889290876114,1.1622026180684448,0.5277253774910884
2018-10-26,0.0,1.0,5.312758810629403e-05,-5.312758810629403e-05,1.162140873046456,0.5312758810629403
2018-10-29,0.0009999887500000287,1.0,5.312348621664651e-05,0.0009468652637833821,1.1632412638707665,0.5312348621664651
2018-10-30,0.0,1.0,5.236020120310494e-05,-5.236020120310494e-05,1.1631803563241425,0.5236020120310494
2018-10-31,-0.0002999931249999904,0.5314995563442768,2.7546853270056245e-05,-0.0003275399782700467,1.162799368255508,0.5182855364833621
2018-11-01,-2.9281988132215598e-05,0.34782608695652173,1.810102117770833e-05,-4.738300930992393e-05,1.1627442713222162,0.5204043588591145
2018-11-02,-0.0002612693877550808,1.3478260869565217,7.11436338292833e-05,-0.0003324130215843641,1.162357759985656,0.5278398638946825
2018-11-05,0.0009943711576086986,1.3478260869565217,7.115594091465403e-05,0.0009232152166940446,1.1634308663569173,0.5279311745280783
2018-11-06,-0.0004326476020408074,0.0,0.0,-0.0004326476020408074,1.1629275107824477,
2018-11-07,0.0003673448979591815,1.0,5.223067361520371e-05,0.00031511422434397777,1.1632939657829764,0.5223067361520372
2018-11-08,0.0,1.0,5.313855648509529e-05,-5.313855648509529e-05,1.1632321500208669,0.5313855648509528
2018-11-09,-0.000652209809782612,1.0,5.318287734028508e-05,-0.0007053926871228971,1.162411614568816,0.5318287734028508
2018-11-12,0.0,0.0,0.0,0.0,1.162411614568816,
2018-11-13,0.0,1.0,5.58241655157458e-05,-5.58241655157458e-05,1.1623467239104468,0.558241655157458
2018-11-14,-0.0020000224999999184,2.0,0.0001082653147989471,-0.0021082878147988655,1.159896162475855,0.5413265739947355
2018-11-15,0.000175001250000005,1.3478260869565217,7.093506895954083e-05,0.00010406618104046417,1.1600168684398875,0.526292447119174
2018-11-16,0.00040625372738965055,1.3478260869565217,7.136799602355975e-05,0.0003348857313660908,1.160405341537272,0.529504486626411
2018-11-19,0.0016000149999999902,1.0,5.327576264649392e-05,0.0015467392373534963,1.1622001860102624,0.5327576264649392
2018-11-20,-0.0010000112500000286,0.0,0.0,-0.0010000112500000286,1.1610379727495,
2018-11-21,0.0,1.0,5.325901341438078e-05,-5.325901341438078e-05,1.1609761370125347,0.5325901341438077
2018-11-22,0.0,0.0,0.0,0.0,1.1609761370125347,
2018-11-23,0.0,0.0,0.0,0.0,1.1609761370125347,
2018-11-26,0.0,1.0,5.33940376434895e-05,-5.33940376434895e-05,1.1609141478089717,0.533940376434895
2018-11-27,0.0008000037499999674,1.0,5.336415132303733e-05,0.0007466395986769301,1.16178093228239,0.5336415132303733
2018-11-28,0.0,1.0,5.243125908167724e-05,-5.243125908167724e-05,1.1617200186453334,0.5243125908167725
2018-11-29,0.0007500143750000232,0.0,0.0,0.0007500143750000232,1.1625913253590427,
2018-11-30,0.0005750068749999887,0.1836734693877551,9.434962995325688e-06,0.0005655719120046629,1.163248854357806,0.5136813186343986
2018-12-03,0.00046530389030611955,0.1836734693877551,9.435753932901824e-06,0.00045586813637321774,1.1637791424451804,0.5137243807913215
2018-12-04,0.0019000818749999948,1.0,5.241363436369001e-05,0.001847668240636305,1.1659294202057913,0.5241363436369001
2018-12-05,0.0,0.0,0.0,0.0,1.1659294202057913,
2018-12-06,0.0032000600000000085,0.0,0.0,0.0032000600000000085,1.169660464306215,
2018-12-07,0.0016000149999999902,0.0,0.0,0.0016000149999999902,1.1715319385940117,
2018-12-10,0.0,0.0,0.0,0.0,1.1715319385940117,
2018-12-11,-0.0031999400000000083,1.0,5.242581501818646e-05,-0.003252365815018195,1.1677216881657266,0.5242581501818646
2018-12-12,-0.0003499949999999979,1.0,5.242089853652108e-05,-0.000402415898536519,1.167251778393343,0.5242089853652108
2018-12-13,0.0,1.0,5.242337220922324e-05,-5.242337220922324e-05,1.1671905871189023,0.5242337220922324
2018-12-14,0.00035000499999999785,1.0,5.242836987780367e-05,0.0002975766301221942,1.1675379157605275,0.5242836987780366
2018-12-17,0.0024000337500000133,0.0,0.0,0.0024000337500000133,1.1703400461627576,
2018-12-18,0.0032000600000000085,1.893854748603352,9.987816931726334e-05,0.0031001818306827453,1.173968313109592,0.5273803040646059
2018-12-19,0.00030971176635474816,1.893854748603352,9.99020849278413e-05,0.00020980968142690685,1.1742146230273707,0.5275065841322594
2018-12-20,-0.0015999850000000182,1.0,5.239047110830923e-05,-0.0016523754711083275,1.1722743795864636,0.5239047110830923
2018-12-21,0.0,1.0847457627118644,5.657276947776792e-05,-5.657276947776792e-05,1.1722080607782226,0.5215302186231731
2018-12-24,5.894009093220508e-05,1.0,5.2185340631599386e-05,6.754750300605693e-06,1.1722159787509736,0.5218534063159939
2018-12-25,0.0,0.0,0.0,0.0,1.1722159787509736,
2018-12-26,0.0,2.0,0.00010784317648232024,-0.00010784317648232024,1.1720895632563018,0.5392158824116012
2018-12-27,-0.0013500125000000106,2.0,0.00010795495889926438,-0.001457967458899275,1.1703806948141586,0.5397747944963219
2018-12-28,9.500005000000272e-05,1.0,5.282660630078876e-05,4.217344369921396e-05,1.1704300537984982,0.5282660630078876
2018-12-31,-0.000825003100000003,1.0213994886847837,5.392028267636403e-05,-0.000878923382676367,1.1694013354564274,0.5279059102114403
2019-01-01,0.0,0.0,0.0,0.0,1.1694013354564274,
2019-01-02,0.00023186919795852525,0.9152542372881356,4.855469754835907e-05,0.00018331450041016617,1.1696157036780157,0.5305050287691083
2019-01-03,-0.0007708518519553107,1.0,5.32671990959357e-05,-0.0008241190510512463,1.168651801094206,0.532671990959357
2019-01-04,-0.0015284412667597703,1.0,5.3602378038207075e-05,-0.0015820436447979774,1.1668029429393032,0.5360237803820708
2019-01-07,0.0003701654113128379,1.0,5.3626383446775374e-05,0.0003165390278660625,1.1671722816085726,0.5362638344677537
2019-01-08,0.0,1.0,5.6840214846367874e-05,-5.6840214846367874e-05,1.1671059392853231,0.5684021484636788
2019-01-09,0.0006199977499999963,1.0,5.6800453386585015e-05,0.0005631972966134113,1.16776325019519,0.5680045338658501
2019-01-10,0.0,1.0,5.369650162907922e-05,-5.369650162907922e-05,1.1677005453939235,0.5369650162907922
2019-01-11,0.0024000337500000133,0.0,0.0,0.0024000337500000133,1.1705030661127624,
2019-01-14,0.0,1.0,5.367534924740432e-05,-5.367534924740432e-05,1.1704402389518938,0.5367534924740432
2019-01-15,0.0,0.0,0.0,0.0,1.1704402389518938,
2019-01-16,0.0,0.0,0.0,0.0,1.1704402389518938,
2019-01-17,0.0,0.0,0.0,0.0,1.1704402389518938,
2019-01-18,0.0,0.0,0.0,0.0,1.1704402389518938,
2019-01-21,0.0,0.0,0.0,0.0,1.1704402389518938,
2019-01-22,0.0,0.0,0.0,0.0,1.1704402389518938,
2019-01-23,0.0,0.0,0.0,0.0,1.1704402389518938,
2019-01-24,0.0,1.0,5.3538169592854e-05,-5.3538169592854e-05,1.1703775757238823,0.53538169592854
2019-01-25,-0.0031999399999999806,0.0,0.0,-0.0031999399999999806,1.1666324377042205,
2019-01-28,0.0008000037499999951,1.0,5.3403014615686554e-05,0.0007466007353843086,1.1675034463401337,0.5340301461568655
2019-01-29,0.0,1.0,5.339574343058007e-05,-5.339574343058007e-05,1.1674411066256587,0.5339574343058007
2019-01-30,0.0016000149999999902,0.0,0.0,0.0016000149999999902,1.1693090299078763,
2019-01-31,0.005600183750000022,1.7877094972067038,9.608136275052895e-05,0.005504102387249493,1.1757450265308247,0.5374551228857714
2019-02-01,-0.0006793100600558706,0.21229050279329614,1.0892673380208368e-05,-0.0006902027334360789,1.1749335240996892,0.5131022460677099
2019-02-04,-9.499994999999613e-05,1.0,5.4477691091860226e-05,-0.00014947764109185635,1.174757897808067,0.5447769109186023
2019-02-05,0.0,0.0,0.0,0.0,1.174757897808067,
2019-02-06,0.0,0.0,0.0,0.0,1.174757897808067,
2019-02-07,0.0,0.0,0.0,0.0,1.174757897808067,
2019-02-08,0.0,1.0,5.445492173709212e-05,-5.445492173709212e-05,1.174693926458682,0.5445492173709212
2019-02-11,-9.499994999999942e-05,1.0,5.4441585709610853e-05,-0.00014944153570961027,1.1745183783943232,0.5444158570961085
2019-02-12,0.0,0.0,0.0,0.0,1.1745183783943232,
2019-02-13,0.0,0.0,0.0,0.0,1.1745183783943232,
2019-02-14,0.0,0.0,0.0,0.0,1.1745183783943232,
2019-02-15,0.0,0.0,0.0,0.0,1.1745183783943232,
2019-02-18,0.0,0.0,0.0,0.0,1.1745183783943232,
2019-02-19,0.0,0.0,0.0,0.0,1.1745183783943232,
2019-02-20,0.0,0.0,0.0,0.0,1.1745183783943232,
2019-02-21,0.0,0.0,0.0,0.0,1.1745183783943232,
2019-02-22,0.0,0.0,0.0,0.0,1.1745183783943232,
2019-02-25,0.0,0.0,0.0,0.0,1.1745183783943232,
2019-02-26,0.0,0.0,0.0,0.0,1.1745183783943232,
2019-02-27,0.0,0.0,0.0,0.0,1.1745183783943232,
2019-02-28,0.0,0.0,0.0,0.0,1.1745183783943232,
2019-03-01,0.0,0.0,0.0,0.0,1.1745183783943232,
2019-03-04,0.0,0.0,0.0,0.0,1.1745183783943232,
2019-03-05,0.0,0.0,0.0,0.0,1.1745183783943232,
2019-03-06,0.0,0.0,0.0,0.0,1.1745183783943232,
2019-03-07,0.0,0.0,0.0,0.0,1.1745183783943232,
2019-03-08,0.0,0.0,0.0,0.0,1.1745183783943232,
2019-03-11,0.0,0.0,0.0,0.0,1.1745183783943232,
2019-03-12,0.0,0.0,0.0,0.0,1.1745183783943232,
2019-03-13,0.0,0.0,0.0,0.0,1.1745183783943232,
2019-03-14,0.0,0.0,0.0,0.0,1.1745183783943232,
2019-03-15,0.0,0.0,0.0,0.0,1.1745183783943232,
2019-03-18,0.0,0.0,0.0,0.0,1.1745183783943232,
2019-03-19,0.0,0.0,0.0,0.0,1.1745183783943232,
2019-03-20,0.0,0.0,0.0,0.0,1.1745183783943232,
2019-03-21,0.0,0.0,0.0,0.0,1.1745183783943232,
2019-03-22,0.0,0.0,0.0,0.0,1.1745183783943232,
2019-03-25,0.0,1.0,5.3076821772687684e-05,-5.3076821772687684e-05,1.1744560386916845,0.5307682177268769
2019-03-26,-2.2881398305084607e-05,1.0,5.254961249543189e-05,-7.54310108005165e-05,1.174367448285545,0.5254961249543189
2019-03-27,0.00016500038999999855,1.0,5.2671395109527985e-05,0.00011232899489047057,1.1744993638006431,0.5267139510952799
2019-03-28,-2.5000004999998982e-05,1.0,5.3266851142029694e-05,-7.826685614202868e-05,1.1744074394278976,0.5326685114202969
2019-03-29,0.0,0.0,0.0,0.0,1.1744074394278976,
2019-04-01,0.0,0.0,0.0,0.0,1.1744074394278976,
2019-04-02,0.0,0.0,0.0,0.0,1.1744074394278976,
2019-04-03,0.0,0.0,0.0,0.0,1.1744074394278976,
2019-04-04,0.0,0.0,0.0,0.0,1.1744074394278976,
2019-04-05,0.0,0.0,0.0,0.0,1.1744074394278976,
2019-04-08,0.0,0.0,0.0,0.0,1.1744074394278976,
2019-04-09,0.0,0.0,0.0,0.0,1.1744074394278976,
2019-04-10,0.0,0.0,0.0,0.0,1.1744074394278976,
2019-04-11,0.0,0.0,0.0,0.0,1.1744074394278976,
2019-04-12,0.0,0.0,0.0,0.0,1.1744074394278976,
2019-04-15,0.0,0.0,0.0,0.0,1.1744074394278976,
2019-04-16,0.0,0.0,0.0,0.0,1.1744074394278976,
2019-04-17,0.0,0.0,0.0,0.0,1.1744074394278976,
2019-04-18,0.0,0.0,0.0,0.0,1.1744074394278976,
2019-04-19,0.0,0.0,0.0,0.0,1.1744074394278976,
2019-04-22,0.0,0.0,0.0,0.0,1.1744074394278976,
2019-04-23,0.0,0.0,0.0,0.0,1.1744074394278976,
2019-04-24,0.0,0.0,0.0,0.0,1.1744074394278976,
2019-04-25,0.0,0.0,0.0,0.0,1.1744074394278976,
2019-04-26,0.0,0.0,0.0,0.0,1.1744074394278976,
2019-04-29,0.0,0.0,0.0,0.0,1.1744074394278976,
2019-04-30,0.0,0.0,0.0,0.0,1.1744074394278976,
2019-05-01,0.0,0.0,0.0,0.0,1.1744074394278976,
2019-05-02,0.0,0.0,0.0,0.0,1.1744074394278976,
2019-05-03,0.0,0.0,0.0,0.0,1.1744074394278976,
2019-05-06,0.0,0.0,0.0,0.0,1.1744074394278976,
2019-05-07,0.0,1.0,5.311245599126346e-05,-5.311245599126346e-05,1.1743450637644552,0.5311245599126346
2019-05-08,5.00000149999997e-05,1.0,5.310639944535862e-05,-3.1063844453589233e-06,1.1743414157972156,0.5310639944535862
2019-05-09,0.0,1.0,5.312784710228808e-05,-5.312784710228808e-05,1.1742790255660311,0.5312784710228808
2019-05-10,5.00000149999997e-05,1.0,5.312784710228808e-05,-3.1278321022883848e-06,1.174275352618398,0.5312784710228808
2019-05-13,0.0,0.0,0.0,0.0,1.174275352618398,
2019-05-14,0.0,1.0,5.321806342438894e-05,-5.321806342438894e-05,1.1742128599582047,0.5321806342438894
2019-05-15,0.0,0.0,0.0,0.0,1.1742128599582047,
2019-05-16,0.0,0.0,0.0,0.0,1.1742128599582047,
2019-05-17,5.000001500000143e-05,0.0,0.0,5.000001500000143e-05,1.1742715706188158,
2019-05-20,0.0,1.0,5.321806342438894e-05,-5.321806342438894e-05,1.174209078159893,0.5321806342438894
2019-05-21,0.0,0.0,0.0,0.0,1.174209078159893,
2019-05-22,0.0,0.0,0.0,0.0,1.174209078159893,
2019-05-23,0.0,1.0,5.213976684215784e-05,-5.213976684215784e-05,1.1741478551723339,0.5213976684215783
2019-05-24,4.695097432926801e-05,1.1219512195121952,5.8649802773955004e-05,-1.1698828444686992e-05,1.1741341190180077,0.5227482421156858
2019-05-27,0.0,0.0,0.0,0.0,1.1741341190180077,
2019-05-28,4.9999980000000563e-05,1.0,5.331470785071523e-05,-3.3147278507146652e-06,1.1741302270829428,0.5331470785071523
2019-05-29,0.0,1.0,5.3881173208324895e-05,-5.3881173208324895e-05,1.1740669635688081,0.538811732083249
2019-05-30,0.0009700168750000049,1.8780487804878048,9.950987196151898e-05,0.000870507003038486,1.175088997082631,0.5298577597951012
2019-05-31,-2.8660213353658254e-05,0.0,0.0,-2.8660213353658254e-05,1.1750553187812651,
2019-06-03,-4.268538304878014e-05,0.0,0.0,-4.268538304878014e-05,1.1750051610948795,
2019-06-04,0.00011585313975609686,1.0,5.2340004587012584e-05,6.351313516908427e-05,1.1750797893565006,0.5234000458701258
2019-06-05,0.0,1.0,5.551449755324828e-05,-5.551449755324828e-05,1.1750145553924094,0.5551449755324828
2019-06-06,-0.0007136466629955986,1.0,5.329311740947208e-05,-0.0007669397804050707,1.174113389987324,0.5329311740947207
2019-06-07,6.533509567039248e-05,0.22508798267418118,1.153407388866799e-05,5.380102178172449e-05,1.1741765584873929,0.5124251304594863
2019-06-10,-0.0006533524444333255,1.0,5.3773796122108506e-05,-0.000707126240555434,1.1733462674318413,0.5377379612210851
2019-06-11,0.0,1.0,5.5643277693885325e-05,-5.5643277693885325e-05,1.1732809785996514,0.5564327769388532
2019-06-12,0.0,0.0,0.0,0.0,1.1732809785996514,
2019-06-13,0.0,1.0,5.488203594342761e-05,-5.488203594342761e-05,1.1732165865508122,0.5488203594342761
2019-06-14,0.0,0.19999999999999998,1.0292193345244121e-05,-1.0292193345244121e-05,1.1732045115788676,0.5146096672622061
2019-06-17,-8.999994600000102e-05,1.0,5.432667878193974e-05,-0.00014432662478194077,1.1730351869315325,0.5432667878193974
2019-06-18,0.0,0.0,0.0,0.0,1.1730351869315325,
2019-06-19,0.0,0.0,0.0,0.0,1.1730351869315325,
2019-06-20,0.0,0.0,0.0,0.0,1.1730351869315325,
2019-06-21,0.0,0.0,0.0,0.0,1.1730351869315325,
2019-06-24,0.0,1.0,5.62382092171783e-05,-5.62382092171783e-05,1.1729692175332707,0.562382092171783
2019-06-25,0.0,0.0,0.0,0.0,1.1729692175332707,
2019-06-26,-9.999993999999939e-05,1.0,5.6296353531736476e-05,-0.00015629629353173586,1.1727858867921435,0.5629635353173648
2019-06-27,0.0,1.0,5.6277331950904444e-05,-5.6277331950904444e-05,1.172719885531485,0.5627733195090444
2019-06-28,0.00015000013500000083,1.0,5.632619282277147e-05,9.367394217722936e-05,1.1728297388262325,0.5632619282277147
2019-07-01,0.0,1.0,5.447545092889523e-05,-5.447545092889523e-05,1.1727658483973473,0.5447545092889523
2019-07-02,0.0018000199999999892,0.0,0.0,0.0018000199999999892,1.1748768503797793,
2019-07-03,0.0004500012500000129,1.9473684210526314,0.00010553243209009515,0.00034446881790991775,1.1752815588196195,0.5419232999221103
2019-07-04,0.0,0.0,0.0,0.0,1.1752815588196195,
2019-07-05,7.897765789474146e-06,1.0,5.425633478134217e-05,-4.6358568991868025e-05,1.1752270744483901,0.5425633478134216
2019-07-08,2.570560632755015e-05,0.6551724137931034,3.494785543616782e-05,-9.24224910861767e-06,1.175216212707009,0.5334146356046667
2019-07-09,9.074528207803785e-06,0.08474576271186438,4.325987530562226e-06,4.748540677241559e-06,1.1752217932689997,0.5104665286063429
2019-07-10,-7.407842410286473e-05,0.3448275862068965,1.8209846526655097e-05,-9.228827062951982e-05,1.1751133340820927,0.5280855492729979
2019-07-11,2.1191868220338744e-06,1.9152542372881356,0.00010436660468503624,-0.00010224741786300236,1.1749931817779864,0.5449229802139061
2019-07-12,0.0004757742455947108,1.0,5.4710338251354954e-05,0.00042106390734335583,1.1754879289982076,0.5471033825135495
2019-07-15,0.0,1.0,5.7090881654387915e-05,-5.7090881654387915e-05,1.175420819355967,0.5709088165438791
2019-07-16,0.0,0.0,0.0,0.0,1.175420819355967,
2019-07-17,-0.0001000000599999994,1.0,5.443982395767917e-05,-0.00015443988395767857,1.1752392875010242,0.5443982395767917
2019-07-18,3.750013499999934e-05,1.0,5.463874711850091e-05,-1.7138612118501568e-05,1.1752191455307293,0.5463874711850092
2019-07-19,0.0,0.0,0.0,0.0,1.1752191455307293,
2019-07-22,0.0,0.0,0.0,0.0,1.1752191455307293,
2019-07-23,0.0,1.0,5.744230792626208e-05,-5.744230792626208e-05,1.1751516382306908,0.5744230792626208
2019-07-24,5.00000149999997e-05,1.0,5.7428757680660095e-05,-7.428742680660396e-06,1.1751429083315597,0.5742875768066009
2019-07-25,0.0,0.0,0.0,0.0,1.1751429083315597,
2019-07-26,0.0,0.0,0.0,0.0,1.1751429083315597,
2019-07-29,0.0,0.0,0.0,0.0,1.1751429083315597,
2019-07-30,0.0,0.0,0.0,0.0,1.1751429083315597,
2019-07-31,0.0,0.0,0.0,0.0,1.1751429083315597,
2019-08-01,0.0,0.0,0.0,0.0,1.1751429083315597,
2019-08-02,0.0,0.0,0.0,0.0,1.1751429083315597,
2019-08-05,0.0,1.0,5.5142297872705256e-05,-5.5142297872705256e-05,1.1750781082512654,0.5514229787270526
2019-08-06,0.0005062521874999969,1.0,5.512623541468308e-05,0.0004511259520853138,1.1756082164816248,0.5512623541468309
2019-08-07,0.0,1.0,5.5213350690652687e-05,-5.5213350690652687e-05,1.1755433072128934,0.5521335069065268
2019-08-08,-0.0008999950000000024,0.0,0.0,-0.0008999950000000024,1.1744853241141182,
2019-08-09,-0.0013499887500000075,1.183673469387755,6.317960375954938e-05,-0.0014131683537595568,1.172825578622125,0.5337587214168827
2019-08-12,7.364771683674018e-05,1.0,5.303988120432174e-05,2.0607835632418433e-05,1.1728497480188749,0.5303988120432174
2019-08-13,-0.0033060530102040748,1.0,5.300814208023849e-05,-0.003359061152284313,1.1689100739928382,0.530081420802385
2019-08-14,-0.0022501293749999885,1.0,5.331526936366252e-05,-0.002303444644363651,1.1662175543431568,0.5331526936366251
2019-08-15,0.001322514885204084,0.1836734693877551,9.550774736423564e-06,0.0013129641104676604,1.1677487561370068,0.5199866245386162
2019-08-16,0.00022040506377551012,0.4205607476635514,2.2316294850344154e-05,0.00019808876892516596,1.167980074050524,0.5306318997748499
2019-08-19,-0.0005690347189109294,0.4205607476635514,2.2333820280299927e-05,-0.0005913685391912293,1.1672893673803282,0.5310486155537982
2019-08-20,0.0005372509948979587,1.2368872782757965,6.610170375148756e-05,0.0004711492911464711,1.1678393349383323,0.5344197883871229
2019-08-21,0.0002962525642523393,0.0,0.0,0.0002962525642523393,1.1681853103359423,
2019-08-22,0.0005481191179906602,0.4205607476635514,2.2349215461201973e-05,0.0005257699025294582,1.168799507012694,0.5314146787441358
2019-08-23,-0.0017501250000000086,0.0,0.0,-0.0017501250000000086,1.1667539617754834,
2019-08-26,0.0001249981249999984,0.4205607476635514,2.2330676938859586e-05,0.00010266744806113881,1.166873749427254,0.5309738738795501
2019-08-27,-0.0009570411331775691,0.4205607476635514,2.231436451133367e-05,-0.0009793554976889028,1.1657309652056436,0.5305860006028228
2019-08-28,-0.00012500187500000617,0.0,0.0,-0.00012500187500000617,1.1655852466492473,
2019-08-29,0.0005249887500000037,1.0,5.474431269592002e-05,0.0004702444373040837,1.166133356627688,0.5474431269592003
2019-08-30,0.00031000112500000353,0.5794392523364487,3.1058508776512e-05,0.0002789426162234915,1.1664586409170512,0.5360097482398039
2019-09-02,0.0,0.0,0.0,0.0,1.1664586409170512,
2019-09-03,-0.0002873900000000028,0.5794392523364487,3.102524152286961e-05,-0.0003184152415228724,1.1660872227071772,0.535435619830169
2019-09-04,0.0006200045000000016,1.0,5.428253945186781e-05,0.0005657219605481338,1.1667469038569773,0.5428253945186781
2019-09-05,0.00799962500000002,1.0,5.450210174505601e-05,0.007945122898254964,1.1760168513992795,0.5450210174505601
2019-09-06,-0.0004900063750000055,0.0,0.0,-0.0004900063750000055,1.1754405956449865,
2019-09-09,0.001029935124999986,0.0,0.0,0.001029935124999986,1.1766512232017923,
2019-09-10,0.0008099392500000124,1.0,5.475495755819354e-05,0.0007551842924418189,1.1775398117232367,0.5475495755819355
2019-09-11,-0.0012399909999999926,2.0,0.00011356318765531407,-0.0013535541876553067,1.1759459477799479,0.5678159382765704
2019-09-12,6.249997250000049e-05,1.0,5.481301271023257e-05,7.68695978976792e-06,1.1759549872291635,0.5481301271023258
2019-09-13,0.0,0.0,0.0,0.0,1.1759549872291635,
2019-09-16,0.0,0.0,0.0,0.0,1.1759549872291635,
2019-09-17,0.0,1.0,5.892525685045819e-05,-5.892525685045819e-05,1.1758856937794964,0.5892525685045819
2019-09-18,-0.0006199977499999963,0.0,0.0,-0.0006199977499999963,1.1751566472950958,
2019-09-19,0.0018600202500000103,1.0,5.8805814719908444e-05,0.0018012144352801019,1.177273356411919,0.5880581471990844
2019-09-20,0.0,0.0,0.0,0.0,1.177273356411919,
2019-09-23,0.0,0.0,0.0,0.0,1.177273356411919,
2019-09-24,0.0,0.0,0.0,0.0,1.177273356411919,
2019-09-25,0.0,0.0,0.0,0.0,1.177273356411919,
2019-09-26,0.0,0.0,0.0,0.0,1.177273356411919,
2019-09-27,0.0,1.0,5.6680635083763396e-05,-5.6680635083763396e-05,1.1772066278104105,0.566806350837634
2019-09-30,0.00010000006000000113,1.0,5.669752744100205e-05,4.3302532558999084e-05,1.17725760383874,0.5669752744100205
2019-10-01,0.0,1.0,5.8813876724898715e-05,-5.8813876724898715e-05,1.1771883647551542,0.5881387672489872
2019-10-02,0.0037200809999999988,0.0,0.0,0.0037200809999999988,1.181567600824301,
2019-10-03,0.004960144000000013,1.0,5.889377724073121e-05,0.004901250222759282,1.1873587592910462,0.588937772407312
2019-10-04,0.0,0.0,0.0,0.0,1.1873587592910462,
2019-10-07,0.0,0.0,0.0,0.0,1.1873587592910462,
2019-10-08,0.0,0.0,0.0,0.0,1.1873587592910462,
2019-10-09,0.0,0.0,0.0,0.0,1.1873587592910462,
2019-10-10,0.0,0.0,0.0,0.0,1.1873587592910462,
2019-10-11,0.0,0.0,0.0,0.0,1.1873587592910462,
2019-10-14,0.0,0.0,0.0,0.0,1.1873587592910462,
2019-10-15,0.0,0.0,0.0,0.0,1.1873587592910462,
2019-10-16,0.0,1.0,5.622902687662315e-05,-5.622902687662315e-05,1.1872919952634577,0.5622902687662314
2019-10-17,0.0,1.0,5.5231214776186704e-05,-5.5231214776186704e-05,1.1872264196842652,0.5523121477618671
2019-10-18,-2.5548744512194964e-05,0.0,0.0,-2.5548744512194964e-05,1.1871960875397907,
2019-10-21,-7.377827682927173e-06,0.0,0.0,-7.377827682927173e-06,1.187187328611631,
2019-10-22,4.390250878048793e-05,1.0,5.521210741430713e-05,-1.1309598633819202e-05,1.1871739019994412,0.5521210741430713
2019-10-23,8.750022499999948e-05,0.0,0.0,8.750022499999948e-05,1.1872777799829803,
2019-10-24,4.749997499999971e-05,0.0,0.0,4.749997499999971e-05,1.1873341756478475,
2019-10-25,-0.0004924960250000018,0.0,0.0,-0.0004924960250000018,1.1867494182859943,
2019-10-28,-0.0004049977499999976,0.0,0.0,-0.0004049977499999976,1.1862687874417748,
2019-10-29,-4.750002499999971e-05,0.0,0.0,-4.750002499999971e-05,1.1862124396447147,
2019-10-30,0.0006750062500000006,1.0,5.5553405312013784e-05,0.0006194528446879868,1.1869472423148568,0.5555340531201378
2019-10-31,0.0,1.0,5.7099743094934595e-05,-5.7099743094934595e-05,1.1868794679322534,0.570997430949346
2019-11-01,-0.001372860381355928,1.0,5.7087366877123846e-05,-0.001429947748233052,1.1851822923096598,0.5708736687712385
2019-11-04,0.0,1.0,5.9569017801995946e-05,-5.9569017801995946e-05,1.1851116921645906,0.5956901780199595
2019-11-05,-0.010499387499999988,0.0,0.0,-0.010499387499999988,1.1726687452777738,
2019-11-06,0.006000200000000015,0.0,0.0,0.006000200000000015,1.1797049922831897,
2019-11-07,-0.016498487500000058,1.8928571428571428,0.00010759275590098541,-0.016606080255901042,1.1601147165030479,0.568414559476904
2019-11-08,-0.0001561499967577789,0.0,0.0,-0.0001561499967577789,1.1599335645938273,
2019-11-11,0.0,0.0,0.0,0.0,1.1599335645938273,
2019-11-12,0.0003168751902932927,0.8928571428571429,4.874516700717752e-05,0.0002681300232861152,1.160244577607512,0.5459458704803882
2019-11-13,0.0007029791718587237,1.847457627118644,0.0001051109695248095,0.0005978682023339143,1.160938250947394,0.5689492845838313
2019-11-14,0.007500312500000059,0.0,0.0,0.007500312500000059,1.169645650622703,
2019-11-15,-0.001499987500000043,1.8928571428571428,0.00010743570610007812,-0.001607423206100121,1.1677655350609781,0.5675848624155071
2019-11-18,0.00024107421874999856,0.0,0.0,0.00024107421874999856,1.168047053225026,
2019-11-19,0.00024107745535714695,0.04534606205250599,2.3188130496294987e-06,0.00023875864230751744,1.1683259345536054,0.511359298839347
2019-11-20,0.0005315025839584052,1.8475110808046369,0.00010201844764000483,0.00042948413631840036,1.1688277120085455,0.5521939689561877
2019-11-21,0.0009999200000000027,1.0,5.507953883882957e-05,0.0009448404611611731,1.1699320677229776,0.5507953883882957
2019-11-22,0.0007924643282122864,1.0,5.508388922949309e-05,0.0007373804389827934,1.1707947527446552,0.5508388922949308
2019-11-25,-0.00025000500000003315,1.0,5.490575934221315e-05,-0.0003049107593422463,1.170437764827562,0.5490575934221316
2019-11-26,0.0014500487499999773,1.0,5.4912915359220054e-05,0.0013951358346407572,1.1720706844954896,0.5491291535922005
2019-11-27,-0.0004999862499999968,0.0,0.0,-0.0004999862499999968,1.1714846652692137,
2019-11-28,0.0,1.0,5.636886438398847e-05,-5.636886438398847e-05,1.1714186300089893,0.5636886438398847
2019-11-29,-0.001499987499999991,1.4150943396226414,8.111034134079013e-05,-0.0015810978413407812,1.1695665025417756,0.573179745474917
2019-12-02,-0.00526389150943396,1.4150943396226414,7.944231734218332e-05,-0.005343333826776144,1.16331711828608,0.5613923758847621
2019-12-03,-0.0020004612499999706,0.0,0.0,-0.0020004612499999706,1.1609899474694871,
2019-12-04,0.001249875000000001,0.0,0.0,0.001249875000000001,1.1624410397800806,
2019-12-05,-0.0002499887499999641,0.0,0.0,-0.0002499887499999641,1.1621504425975975,
2019-12-06,0.002749774999999931,1.0,5.612578636930476e-05,0.002693649213630626,1.165280868223421,0.5612578636930476
2019-12-09,0.0,1.0,5.904202367229791e-05,-5.904202367229791e-05,1.1652120676828144,0.590420236722979
2019-12-10,0.0015000124999999908,2.0,0.00011338975963190044,0.0013866227403680903,1.1668277772332147,0.5669487981595022
2019-12-11,0.0006275062249999953,2.0,0.0001090020799984934,0.0005185041450015019,1.167432782272213,0.5450103999924669
2019-12-12,0.008799546250000002,1.893854748603352,0.00010231469440776975,0.008697231555592232,1.1775862155052237,0.5402457315336516
2019-12-13,0.00026587111019552945,1.893854748603352,0.00010236312444166433,0.0001635079857538651,1.1777787602553724,0.5405014535415315
2019-12-16,0.0055998162499999934,2.0,0.00010883705809417165,0.005490979191905822,1.1842459189206032,0.5441852904708582
2019-12-17,0.00013250047500000235,1.0,5.525166394913604e-05,7.724881105086631e-05,1.1843374005098315,0.5525166394913603
2019-12-18,-0.002952400025000008,1.0,5.4713696389013617e-05,-0.003007113721389022,1.180775963262004,0.5471369638901362
2019-12-19,-0.000169832581005587,0.21229050279329614,1.0955820085123354e-05,-0.00018078840109071037,1.1805624926635596,0.5160767882202842
2019-12-20,0.0,1.0,5.417555967112847e-05,-5.417555967112847e-05,1.1804985350297927,0.5417555967112847
2019-12-23,4.749997500000053e-05,1.106145251396648,5.967853982219752e-05,-1.2178564822196993e-05,1.1804841582518615,0.5395181125340078
2019-12-24,5.2624407122901583e-05,1.0,5.336610413931582e-05,-7.416970164142366e-07,1.1804832826902834,0.5336610413931582
2019-12-25,0.0,0.0,0.0,0.0,1.1804832826902834,
2019-12-26,0.0,1.0,5.273214716378696e-05,-5.273214716378696e-05,1.1804210332720961,0.5273214716378696
2019-12-27,0.0005276754622904998,0.3311452513966481,1.714054659218473e-05,0.0005105349156983151,1.1810236794248063,0.5176141442431154
2019-12-30,0.00037499922500000023,2.0,0.00010904025528398652,0.0002659589697160137,1.1813377832657965,0.5452012764199327
2019-12-31,0.001999818750000031,0.0,0.0,0.001999818750000031,1.183700244714855,
2020-01-01,0.0,0.0,0.0,0.0,1.183700244714855,
2020-01-02,-0.0015001799999999994,1.0,5.5856826631470274e-05,-0.0015560368266314697,1.181858363542386,0.5585682663147027
2020-01-03,0.012000800000000032,1.0,5.893738418991778e-05,0.011941862615810114,1.1959719537511553,0.5893738418991779
2020-01-06,0.0,0.0,0.0,0.0,1.1959719537511553,
2020-01-07,0.0,1.0,5.896824277833031e-05,-5.896824277833031e-05,1.1959014293866304,0.5896824277833032
2020-01-08,-0.007499687499999954,1.0,5.5962991887480256e-05,-0.007555650491887435,1.1868656161634363,0.5596299188748026
2020-01-09,0.0059999987499999635,1.0,5.5995667729969944e-05,0.0059440030822699936,1.1939203490441521,0.5599566772996996
2020-01-10,0.0,0.0,0.0,0.0,1.1939203490441521,
2020-01-13,0.0,0.0,0.0,0.0,1.1939203490441521,
2020-01-14,0.0,0.0,0.0,0.0,1.1939203490441521,
2020-01-15,0.0,0.0,0.0,0.0,1.1939203490441521,
2020-01-16,0.0,0.0,0.0,0.0,1.1939203490441521,
2020-01-17,0.0,1.0,5.619498240732165e-05,-5.619498240732165e-05,1.193853256711142,0.5619498240732165
2020-01-20,0.0,0.0,0.0,0.0,1.193853256711142,
2020-01-21,-0.0015001799999999994,0.0,0.0,-0.0015001799999999994,1.192062261932489,
2020-01-22,0.0012500450000000184,1.0,5.609561649911395e-05,0.0011939493835009043,1.193485523935218,0.5609561649911394
2020-01-23,0.0,0.0,0.0,0.0,1.193485523935218,
2020-01-24,0.0,0.0,0.0,0.0,1.193485523935218,
2020-01-27,0.0,1.0,5.8053259624760914e-05,-5.8053259624760914e-05,1.1934162382102387,0.5805325962476091
2020-01-28,0.009999437500000078,1.0,5.7963192160090785e-05,0.009941474307839987,1.2052805550809649,0.5796319216009078
2020-01-29,0.0,0.0,0.0,0.0,1.2052805550809649,
2020-01-30,0.0,0.0,0.0,0.0,1.2052805550809649,
2020-01-31,0.0,0.0,0.0,0.0,1.2052805550809649,
2020-02-03,0.0,0.0,0.0,0.0,1.2052805550809649,
2020-02-04,0.0,0.0,0.0,0.0,1.2052805550809649,
2020-02-05,0.0,0.0,0.0,0.0,1.2052805550809649,
2020-02-06,0.0,0.0,0.0,0.0,1.2052805550809649,
2020-02-07,0.0,0.0,0.0,0.0,1.2052805550809649,
2020-02-10,0.0,0.0,0.0,0.0,1.2052805550809649,
2020-02-11,0.0,0.0,0.0,0.0,1.2052805550809649,
2020-02-12,0.0,0.0,0.0,0.0,1.2052805550809649,
2020-02-13,0.0,0.0,0.0,0.0,1.2052805550809649,
2020-02-14,0.0,0.0,0.0,0.0,1.2052805550809649,
2020-02-17,0.0,0.0,0.0,0.0,1.2052805550809649,
2020-02-18,0.0,0.0,0.0,0.0,1.2052805550809649,
2020-02-19,0.0,0.0,0.0,0.0,1.2052805550809649,
2020-02-20,0.0,0.0,0.0,0.0,1.2052805550809649,
2020-02-21,0.0,0.0,0.0,0.0,1.2052805550809649,
2020-02-24,0.0,0.0,0.0,0.0,1.2052805550809649,
2020-02-25,0.0,0.0,0.0,0.0,1.2052805550809649,
2020-02-26,0.0,1.0,5.564385571614236e-05,-5.564385571614236e-05,1.2052134886236605,0.5564385571614235
2020-02-27,0.001620017999999995,2.0,0.00010939374481917503,0.00151062425518082,1.2070341133522464,0.5469687240958752
2020-02-28,0.00045000161999999986,1.0,5.530312431908478e-05,0.00039469849568091506,1.207510527901022,0.5530312431908478
2020-03-02,-0.0002250014300000002,0.0847457627118644,4.364955517257173e-06,-0.00022936638551725736,1.2072335655757633,0.5150647510363464
2020-03-03,5.46642588135594e-05,0.0,0.0,5.46642588135594e-05,1.2072995581038404,
2020-03-04,-6.610183300847456e-05,2.0,0.00011272496025783724,-0.00017882679326631178,1.2070836605953528,0.5636248012891864
2020-03-05,0.00019750497500000037,1.5332211942809084,8.566471697426571e-05,0.00011184025802573466,1.2072186611434126,0.5587237985869552
2020-03-06,-4.762330090832639e-05,0.7771236333052985,4.284668346512404e-05,-9.046998437345043e-05,1.2071094440900036,0.5513496389613906
2020-03-09,-0.0009028869955960611,1.9411764705882353,0.00010972255471394946,-0.0010126095503100105,1.2058871135386486,0.5652374030718609
2020-03-10,-0.0035384064266987363,1.9411764705882353,0.00010820145583388589,-0.003646607882532622,1.2014897160849742,0.5574014391442607
2020-03-11,0.002628882133777238,1.2857142857142858,6.98696500027841e-05,0.002559012483774454,1.2045643432675623,0.5434306111327653
2020-03-12,0.0018784447429906624,0.5794392523364487,3.13557018750008e-05,0.0018470890411156615,1.2067892808653307,0.5411387259072717
2020-03-13,0.00022998762499998934,0.23664122137404583,1.2826316012607018e-05,0.00021716130898738231,1.2070513488052355,0.5420152895650062
2020-03-16,0.0020130910257633644,1.2366412213740459,6.992977825525926e-05,0.001943161247508105,1.209396844209986,0.5654815402122815
2020-03-17,-0.014878704000000003,1.775,0.00010275020680714657,-0.01498145420680715,1.191278320770597,0.5788744045473047
2020-03-18,0.0032847703489795967,0.1836734693877551,9.884066859467275e-06,0.0032748862821201296,1.1951796218014759,0.5381325290154405
2020-03-19,-0.0016695797375000014,0.9,5.197708409038664e-05,-0.0017215568215903881,1.1931220521705377,0.5775231565598515
2020-03-20,0.0014063245026250011,0.0,0.0,0.0014063245026250011,1.1947999689471274,
2020-03-23,0.001705586914249999,1.675,9.595799198055776e-05,0.0016096289222694413,1.1967231535334713,0.5728835342122851
2020-03-24,-0.0005699604999999993,0.0,0.0,-0.0005699604999999993,1.1960410686065217,
2020-03-25,0.0002799945000000007,1.0,5.790180669294096e-05,0.00022209269330705973,1.1963067005887542,0.5790180669294096
2020-03-26,0.003100056250000003,0.0,0.0,0.003100056250000003,1.2000153186528313,
2020-03-27,0.007440323999999998,2.0,0.00012957944919880643,0.007310744550801192,1.2087883241045505,0.6478972459940322
2020-03-30,0.0004999984999999999,1.0,6.603104333106507e-05,0.0004339674566689349,1.2093128988992132,0.6603104333106508
2020-03-31,0.0,1.0,6.400855222932225e-05,-6.400855222932225e-05,1.2092354925313624,0.6400855222932225
2020-04-01,0.00025003624999998114,1.0,6.403456002409924e-05,0.0001860016899758819,1.2094604123765522,0.6403456002409924
2020-04-02,0.0,0.0,0.0,0.0,1.2094604123765522,
2020-04-03,0.0,0.0,0.0,0.0,1.2094604123765522,
2020-04-06,0.0,0.0,0.0,0.0,1.2094604123765522,
2020-04-07,0.0,0.0,0.0,0.0,1.2094604123765522,
2020-04-08,0.0,0.0,0.0,0.0,1.2094604123765522,
2020-04-09,0.0,0.0,0.0,0.0,1.2094604123765522,
2020-04-10,0.0,0.0,0.0,0.0,1.2094604123765522,
2020-04-13,0.0,0.0,0.0,0.0,1.2094604123765522,
2020-04-14,0.0,0.0,0.0,0.0,1.2094604123765522,
2020-04-15,0.0,0.0,0.0,0.0,1.2094604123765522,
2020-04-16,0.0,0.0,0.0,0.0,1.2094604123765522,
2020-04-17,0.0,0.0,0.0,0.0,1.2094604123765522,
2020-04-20,0.0,0.0,0.0,0.0,1.2094604123765522,
2020-04-21,0.0,0.0,0.0,0.0,1.2094604123765522,
2020-04-22,0.0,0.0,0.0,0.0,1.2094604123765522,
2020-04-23,0.0,0.0,0.0,0.0,1.2094604123765522,
2020-04-24,0.0,0.0,0.0,0.0,1.2094604123765522,
2020-04-27,0.0,0.0,0.0,0.0,1.2094604123765522,
2020-04-28,0.0,0.0,0.0,0.0,1.2094604123765522,
2020-04-29,0.0,0.0,0.0,0.0,1.2094604123765522,
2020-04-30,0.0,0.0,0.0,0.0,1.2094604123765522,
2020-05-01,0.0,0.0,0.0,0.0,1.2094604123765522,
2020-05-04,0.0,0.0,0.0,0.0,1.2094604123765522,
2020-05-05,0.0,0.0,0.0,0.0,1.2094604123765522,
2020-05-06,0.0,0.0,0.0,0.0,1.2094604123765522,
2020-05-07,0.0,0.0,0.0,0.0,1.2094604123765522,
2020-05-08,0.0,0.0,0.0,0.0,1.2094604123765522,
2020-05-11,0.0,0.0,0.0,0.0,1.2094604123765522,
2020-05-12,0.0,0.0,0.0,0.0,1.2094604123765522,
2020-05-13,0.0,0.0,0.0,0.0,1.2094604123765522,
2020-05-14,0.0,0.0,0.0,0.0,1.2094604123765522,
2020-05-15,0.0,0.0,0.0,0.0,1.2094604123765522,
2020-05-18,0.0,0.0,0.0,0.0,1.2094604123765522,
2020-05-19,0.0,0.0,0.0,0.0,1.2094604123765522,
2020-05-20,0.0,1.0,6.465935371537968e-05,-6.465935371537968e-05,1.2093822094479436,0.6465935371537967
2020-05-21,0.0022500562499999993,1.0,6.465869024321709e-05,0.002185397559756782,1.2120251903772845,0.646586902432171
2020-05-22,0.0,0.0,0.0,0.0,1.2120251903772845,
2020-05-25,0.0,0.0,0.0,0.0,1.2120251903772845,
2020-05-26,0.0,0.0,0.0,0.0,1.2120251903772845,
2020-05-27,0.0,0.0,0.0,0.0,1.2120251903772845,
2020-05-28,0.0,1.0,6.971212308733308e-05,-6.971212308733308e-05,1.211940697528028,0.6971212308733308
2020-05-29,-0.012000809999999997,1.0,6.356016640488493e-05,-0.012064370166404883,1.1973193963333189,0.6356016640488492
2020-06-01,0.001999818750000009,0.0,0.0,0.001999818750000009,1.199713818111845,
2020-06-02,0.0004999800000000012,0.0,0.0,0.0004999800000000012,1.2003136510266246,
2020-06-03,0.001999680000000002,0.0,0.0,0.001999680000000002,1.2027138942283093,
2020-06-04,0.0004999437499999884,0.0,0.0,0.0004999437499999884,1.203315183522767,
2020-06-05,0.0009998487499999894,0.0,0.0,0.0009998487499999894,1.204518316704868,
2020-06-08,-0.0007500449999999826,0.0,0.0,-0.0007500449999999826,1.203614873764015,
2020-06-09,-0.0015001799999999994,0.8163265306122449,4.566881503752852e-05,-0.001545848815037528,1.2017542671376455,0.5594429842097244
2020-06-10,0.002112370510204081,0.0,0.0,0.002112370510204081,1.204292817412059,
2020-06-11,0.006612846836734702,0.8163265306122449,4.5497407471438205e-05,0.006567349429263264,1.212201829159156,0.557343241525118
2020-06-12,0.00024997624999999017,0.8163265306122449,4.5099627598998456e-05,0.00020487662240099172,1.2124501809755825,0.552470438087731
2020-06-15,0.0,0.8163265306122449,4.466010789004581e-05,-4.466010789004581e-05,1.2123960328196888,0.5470863216530613
2020-06-16,0.0037493950000000087,0.8163265306122449,4.45576240987194e-05,0.003704837375901289,1.2168877629564736,0.5458308952093126
2020-06-17,0.0003826510459183617,0.8163265306122449,4.4523721813817925e-05,0.0003381273241045438,1.2172992259594977,0.5454155922192696
2020-06-18,-0.0005000562499999925,1.0,5.7736940303425784e-05,-0.0005577931903034183,1.2166202247406959,0.5773694030342578
2020-06-19,0.0,1.0,5.994504674711287e-05,-5.994504674711287e-05,1.2165472943844502,0.5994504674711287
2020-06-22,0.0,0.0,0.0,0.0,1.2165472943844502,
2020-06-23,0.0,0.0,0.0,0.0,1.2165472943844502,
2020-06-24,0.0,1.0,5.980655647543206e-05,-5.980655647543206e-05,1.2164745368799836,0.5980655647543206
2020-06-25,-0.0020000224999999878,1.0,5.980655647543206e-05,-0.00205982905647542,1.2139688072824557,0.5980655647543206
2020-06-26,0.0,0.0,0.0,0.0,1.2139688072824557,
2020-06-29,0.0,1.0,5.9890930617215787e-05,-5.9890930617215787e-05,1.2138961015608474,0.5989093061721579
2020-06-30,0.00399991000000001,1.0,5.983378817295293e-05,0.0039400762118270575,1.218678944714237,0.5983378817295293
2020-07-01,0.0,0.0,0.0,0.0,1.218678944714237,
2020-07-02,0.0,1.0,5.318242966327188e-05,-5.318242966327188e-05,1.2186141324069777,0.5318242966327188
2020-07-03,0.0,1.6326530612244898,9.124702982099232e-05,-9.124702982099232e-05,1.2185029374868976,0.5588880576535779
2020-07-06,0.0039999099999999755,1.0,5.97290989938246e-05,0.0039401809010061505,1.2233040594890034,0.597290989938246
2020-07-07,0.0,0.0,0.0,0.0,1.2233040594890034,
2020-07-08,0.0,0.0,0.0,0.0,1.2233040594890034,
2020-07-09,0.0,0.0,0.0,0.0,1.2233040594890034,
2020-07-10,0.0,0.0,0.0,0.0,1.2233040594890034,
2020-07-13,0.0,0.0,0.0,0.0,1.2233040594890034,
2020-07-14,0.0,0.0,0.0,0.0,1.2233040594890034,
2020-07-15,0.0,0.0,0.0,0.0,1.2233040594890034,
2020-07-16,0.0,0.0,0.0,0.0,1.2233040594890034,
2020-07-17,0.0,0.0,0.0,0.0,1.2233040594890034,
2020-07-20,0.0,0.0,0.0,0.0,1.2233040594890034,
2020-07-21,0.0,0.0,0.0,0.0,1.2233040594890034,
2020-07-22,0.0,0.0,0.0,0.0,1.2233040594890034,
2020-07-23,0.0,0.0,0.0,0.0,1.2233040594890034,
2020-07-24,0.0,0.0,0.0,0.0,1.2233040594890034,
2020-07-27,0.0,0.0,0.0,0.0,1.2233040594890034,
2020-07-28,0.0,0.0,0.0,0.0,1.2233040594890034,
2020-07-29,0.0,0.0,0.0,0.0,1.2233040594890034,
2020-07-30,0.0,0.0,0.0,0.0,1.2233040594890034,
2020-07-31,0.0,0.0,0.0,0.0,1.2233040594890034,
2020-08-03,0.0,0.0,0.0,0.0,1.2233040594890034,
2020-08-04,0.0,1.0,5.2180125947401175e-05,-5.2180125947401175e-05,1.2232402273291072,0.5218012594740118
2020-08-05,-0.0007949853750000033,1.0,5.21883212996142e-05,-0.0008471736962996175,1.2222039303842585,0.521883212996142
2020-08-06,0.0,1.0,5.353417536070666e-05,-5.353417536070666e-05,1.2221385007047227,0.5353417536070666
2020-08-07,-0.0015999849999999904,1.0,5.354195994133033e-05,-0.0016535269599413207,1.2201176617450251,0.5354195994133033
2020-08-10,0.0,0.0,0.0,0.0,1.2201176617450251,
2020-08-11,0.0,1.0,5.339341336080474e-05,-5.339341336080474e-05,1.2200525154983626,0.5339341336080474
2020-08-12,-0.0039999062499999965,0.0,0.0,-0.0039999062499999965,1.2151724198162925,
2020-08-13,-0.0015999849999999973,1.0,5.345638686629428e-05,-0.0016534413868662917,1.2131632034451898,0.5345638686629428
2020-08-14,0.0,1.0,5.214830892593416e-05,-5.214830892593416e-05,1.213099939035679,0.5214830892593416
2020-08-17,0.0008000074999999986,1.0,5.215201315720124e-05,0.0007478554868427974,1.2140071624811755,0.5215201315720124
2020-08-18,0.0,1.0,5.3444310792619944e-05,-5.3444310792619944e-05,1.2139422807050795,0.5344431079261994
2020-08-19,-0.0007999962500000021,2.0,0.00011102803320655816,-0.0009110242832065603,1.212836349808946,0.5551401660327908
2020-08-20,-0.008000359999999986,1.0,5.7604823031033245e-05,-0.008057964823031019,1.2030633571660923,0.5760482303103325
2020-08-21,0.0,0.0,0.0,0.0,1.2030633571660923,
2020-08-24,0.0,0.0,0.0,0.0,1.2030633571660923,
2020-08-25,0.0,0.0,0.0,0.0,1.2030633571660923,
2020-08-26,0.0,1.0,5.241595583258154e-05,-5.241595583258154e-05,1.2030002974502991,0.5241595583258154
2020-08-27,0.004407819336734692,1.6326530612244898,8.765227020949307e-05,0.004320167066525198,1.2081974597163638,0.5368701550331451
2020-08-28,0.0012499612500000096,1.4685004436557232,7.791995782317274e-05,0.001172041292176837,1.2096135170282545,0.5306090179257745
2020-08-31,0.0007533332775066559,1.1641526175687666,6.148065151847948e-05,0.0006918526259881764,1.2104503913164413,0.5281150477235241
2020-09-01,-0.0044003750000000015,0.0,0.0,-0.0044003750000000015,1.2051239556757523,
2020-09-02,-0.004200273750000002,1.0,5.352455069817155e-05,-0.004253798300698173,1.1999976014409681,0.5352455069817155
2020-09-03,0.0024000337499999994,2.0,0.00010923417877705114,0.0022907995712229483,1.2027465554318175,0.5461708938852556
2020-09-04,0.023996759999999992,1.0,5.5238157385469344e-05,0.023941521842614524,1.2315421383598177,0.5523815738546934
2020-09-07,0.0,0.0,0.0,0.0,1.2315421383598177,
2020-09-08,-0.000750044999999987,0.7633587786259541,4.067380385440445e-05,-0.0007907188038543914,1.2305683348332777,0.5328268304926983
2020-09-09,-0.001540031593511465,0.6521739130434783,3.449621554543069e-05,-0.0015745278090568957,1.228630770769138,0.5289419716966038
2020-09-10,0.0006186689924908784,0.7633587786259541,4.066026656958595e-05,0.0005780087259212925,1.229340930075578,0.532649492061576
2020-09-11,-0.0004782687228260991,1.4155326916694324,7.513451186165745e-05,-0.0005534032346877566,1.22866060882834,0.5307861295174064
2020-09-14,0.0002366403625954184,1.4155326916694324,7.513368611392315e-05,0.00016150667648149526,1.2288590457197957,0.5307802960404465
2020-09-15,0.0009999887500000114,1.0,5.3442144168356514e-05,0.0009465466058316548,1.2300222180785672,0.5344214416835652
2020-09-16,0.0039999099999999755,0.0,0.0,0.0039999099999999755,1.2349421962488816,
2020-09-17,-0.004000089999999976,1.0,5.494681725845358e-05,-0.00405503681725843,1.2299344601759064,0.5494681725845358
2020-09-18,0.0004999799999999839,0.0,0.0,0.0004999799999999839,1.2305494028073052,
2020-09-21,-0.0005000199999999841,0.7633587786259541,4.0574849947730315e-05,-0.0005405948499477144,1.2298841741375413,0.5315305343152671
2020-09-22,0.0005133623664122065,1.7633587786259541,9.699899406031764e-05,0.0004163633723518889,1.2303962528598875,0.5500808754069962
2020-09-23,0.0,2.0,0.00011008575969138147,-0.00011008575969138147,1.23026080375367,0.5504287984569074
2020-09-24,0.0,1.0,5.347758880407589e-05,-5.347758880407589e-05,1.2301950123722851,0.5347758880407589
2020-09-25,0.0,0.0,0.0,0.0,1.2301950123722851,
2020-09-28,0.0,0.0,0.0,0.0,1.2301950123722851,
2020-09-29,0.0,0.0,0.0,0.0,1.2301950123722851,
2020-09-30,0.0,0.0,0.0,0.0,1.2301950123722851,
2020-10-01,0.0,0.0,0.0,0.0,1.2301950123722851,
2020-10-02,0.0,0.0,0.0,0.0,1.2301950123722851,
2020-10-05,0.0,0.0,0.0,0.0,1.2301950123722851,
2020-10-06,0.0,0.0,0.0,0.0,1.2301950123722851,
2020-10-07,0.0,1.0,5.273763269420162e-05,-5.273763269420162e-05,1.2301301347995803,0.5273763269420162
2020-10-08,0.0024000337500000063,1.0,5.2754759620179546e-05,0.0023472789903798267,1.2330175934204284,0.5275475962017955
2020-10-09,0.0,0.0,0.0,0.0,1.2330175934204284,
2020-10-12,0.0,0.0,0.0,0.0,1.2330175934204284,
2020-10-13,0.0,0.0,0.0,0.0,1.2330175934204284,
2020-10-14,0.0,0.0,0.0,0.0,1.2330175934204284,
2020-10-15,0.0,0.0,0.0,0.0,1.2330175934204284,
2020-10-16,0.0,0.0,0.0,0.0,1.2330175934204284,
2020-10-19,0.0,0.0,0.0,0.0,1.2330175934204284,
2020-10-20,0.0,0.0,0.0,0.0,1.2330175934204284,
2020-10-21,0.0,0.0,0.0,0.0,1.2330175934204284,
2020-10-22,0.0,0.0,0.0,0.0,1.2330175934204284,
2020-10-23,0.0,0.0,0.0,0.0,1.2330175934204284,
2020-10-26,0.0,0.0,0.0,0.0,1.2330175934204284,
2020-10-27,0.0,0.0,0.0,0.0,1.2330175934204284,
2020-10-28,0.0,0.0,0.0,0.0,1.2330175934204284,
2020-10-29,0.0,0.0,0.0,0.0,1.2330175934204284,
2020-10-30,0.0,0.0,0.0,0.0,1.2330175934204284,
2020-11-02,0.0,0.0,0.0,0.0,1.2330175934204284,
2020-11-03,0.0,0.0,0.0,0.0,1.2330175934204284,
2020-11-04,0.0,0.0,0.0,0.0,1.2330175934204284,
2020-11-05,0.0,0.0,0.0,0.0,1.2330175934204284,
2020-11-06,0.0,0.0,0.0,0.0,1.2330175934204284,
2020-11-09,0.0,0.0,0.0,0.0,1.2330175934204284,
2020-11-10,0.0,0.0,0.0,0.0,1.2330175934204284,
2020-11-11,0.0,0.0,0.0,0.0,1.2330175934204284,
2020-11-12,0.0,0.0,0.0,0.0,1.2330175934204284,
2020-11-13,0.0,0.0,0.0,0.0,1.2330175934204284,
2020-11-16,0.0,0.0,0.0,0.0,1.2330175934204284,
2020-11-17,0.0,0.0,0.0,0.0,1.2330175934204284,
2020-11-18,0.0,0.0,0.0,0.0,1.2330175934204284,
2020-11-19,0.0,0.0,0.0,0.0,1.2330175934204284,
2020-11-20,0.0,0.0,0.0,0.0,1.2330175934204284,
2020-11-23,0.0,0.0,0.0,0.0,1.2330175934204284,
2020-11-24,0.0,0.0,0.0,0.0,1.2330175934204284,
2020-11-25,0.0,0.0,0.0,0.0,1.2330175934204284,
2020-11-26,0.0,0.0,0.0,0.0,1.2330175934204284,
2020-11-27,0.0,0.0,0.0,0.0,1.2330175934204284,
2020-11-30,0.0,0.0,0.0,0.0,1.2330175934204284,
2020-12-01,0.0,0.0,0.0,0.0,1.2330175934204284,
2020-12-02,0.0,0.0,0.0,0.0,1.2330175934204284,
2020-12-03,0.0,0.0,0.0,0.0,1.2330175934204284,
2020-12-04,0.0,0.0,0.0,0.0,1.2330175934204284,
2020-12-07,0.0,0.0,0.0,0.0,1.2330175934204284,
2020-12-08,0.0,0.0,0.0,0.0,1.2330175934204284,
2020-12-09,0.0,0.0,0.0,0.0,1.2330175934204284,
2020-12-10,0.0,1.0,5.389737706959423e-05,-5.389737706959423e-05,1.2329511370062622,0.5389737706959423
2020-12-11,0.0016000149999999902,1.0,5.390855934561471e-05,0.0015461064406543756,1.2348574107001997,0.5390855934561471
2020-12-14,0.0,0.0,0.0,0.0,1.2348574107001997,
2020-12-15,0.0,1.0,5.390219408077915e-05,-5.390219408077915e-05,1.2347908491763862,0.5390219408077915
2020-12-16,0.0,0.0,0.0,0.0,1.2347908491763862,
2020-12-17,-0.0015999849999999904,0.0,0.0,-0.0015999849999999904,1.2328152023395667,
2020-12-18,-0.0007999962500000091,1.0,5.389911622609955e-05,-0.0008538953662261086,1.2317625071508758,0.5389911622609955
2020-12-21,0.0,1.0,5.3899007551545096e-05,-5.3899007551545096e-05,1.231696116374201,0.538990075515451
2020-12-22,0.0016000149999999902,0.0,0.0,0.0016000149999999902,1.2336668486358415,
2020-12-23,-0.0023999662499999855,1.0,5.230256780569519e-05,-0.0024522688178056804,1.2306415658913712,0.523025678056952
2020-12-24,0.0005750068750000024,0.0,0.0,0.0005750068750000024,1.2313491932524194,
2020-12-25,0.0,0.0,0.0,0.0,1.2313491932524194,
2020-12-28,0.00022499937499999962,1.0,5.222325291228567e-05,0.00017277612208771394,1.2315619409909655,0.5222325291228567
2020-12-29,0.0,0.0,0.0,0.0,1.2315619409909655,
2020-12-30,0.0008000037499999813,1.0,5.372258339310808e-05,0.0007462811666068732,1.2324810324730369,0.5372258339310808
2020-12-31,0.0,0.0,0.0,0.0,1.2324810324730369,
2021-01-01,0.0,0.0,0.0,0.0,1.2324810324730369,
2021-01-04,0.0,0.0,0.0,0.0,1.2324810324730369,
2021-01-05,0.0,0.0,0.0,0.0,1.2324810324730369,
2021-01-06,0.0,0.0,0.0,0.0,1.2324810324730369,
2021-01-07,0.0,0.0,0.0,0.0,1.2324810324730369,
2021-01-08,0.0,1.0,5.181020334719394e-05,-5.181020334719394e-05,1.232417177380123,0.5181020334719394
2021-01-11,0.0,1.4,7.316360193577938e-05,-7.316360193577938e-05,1.2323270093003382,0.5225971566841384
2021-01-12,0.0003640010249999981,1.4,7.291505363998026e-05,0.0002910859713600178,1.2326857224048737,0.5208218117141449
2021-01-13,0.0,1.0,5.126015911856634e-05,-5.126015911856634e-05,1.2326225347386,0.5126015911856634
2021-01-14,0.0003599989999999998,2.0,0.00010354119782515996,0.0002564578021748398,1.2329386504047701,0.5177059891257998
2021-01-15,0.0,1.0,5.177036176838532e-05,-5.177036176838532e-05,1.2328748207248004,0.5177036176838532
2021-01-18,0.0,0.0,0.0,0.0,1.2328748207248004,
2021-01-19,0.0,0.0,0.0,0.0,1.2328748207248004,
2021-01-20,0.0,0.0,0.0,0.0,1.2328748207248004,
2021-01-21,0.0,0.0,0.0,0.0,1.2328748207248004,
2021-01-22,0.0,0.0,0.0,0.0,1.2328748207248004,
2021-01-25,0.0,0.0,0.0,0.0,1.2328748207248004,
2021-01-26,0.0,0.0,0.0,0.0,1.2328748207248004,
2021-01-27,0.0,0.0,0.0,0.0,1.2328748207248004,
2021-01-28,0.0,0.0,0.0,0.0,1.2328748207248004,
2021-01-29,0.0,1.0,5.163457810287181e-05,-5.163457810287181e-05,1.2328111617535786,0.5163457810287181
2021-02-01,0.0,1.0,5.1624320805474124e-05,-5.1624320805474124e-05,1.2327475187146717,0.5162432080547412
2021-02-02,0.0,1.0,5.158500506453891e-05,-5.158500506453891e-05,1.2326839274276755,0.5158500506453891
2021-02-03,0.0,1.0,5.158500506453891e-05,-5.158500506453891e-05,1.2326203394210362,0.5158500506453891
2021-02-04,0.0,0.0,0.0,0.0,1.2326203394210362,
2021-02-05,0.0,0.0,0.0,0.0,1.2326203394210362,
2021-02-08,0.0,0.0,0.0,0.0,1.2326203394210362,
2021-02-09,0.0,0.0,0.0,0.0,1.2326203394210362,
2021-02-10,0.0,0.0,0.0,0.0,1.2326203394210362,
2021-02-11,0.0,0.0,0.0,0.0,1.2326203394210362,
2021-02-12,0.0,0.0,0.0,0.0,1.2326203394210362,
2021-02-15,0.0,0.0,0.0,0.0,1.2326203394210362,
2021-02-16,0.0,0.0,0.0,0.0,1.2326203394210362,
2021-02-17,0.0,1.0,5.225775499714178e-05,-5.225775499714178e-05,1.2325559254493341,0.5225775499714178
2021-02-18,0.00045000124999999337,1.0,5.2265171698759006e-05,0.00039773607830123435,1.2330461574094091,0.52265171698759
2021-02-19,0.0,1.0,5.1343754638960065e-05,-5.1343754638960065e-05,1.2329828481900447,0.5134375463896006
2021-02-22,-0.00044999749999999924,0.4,2.031592352579986e-05,-0.0004703134235257991,1.232402959805564,0.5078980881449965
2021-02-23,0.0004500024999999992,1.0,5.1180051375914876e-05,0.00039882244862408434,1.232894469771685,0.5118005137591488
2021-02-24,0.0,1.0,5.1812158781549376e-05,-5.1812158781549376e-05,1.2328305908476562,0.5181215878154937
2021-02-25,0.0021247456249999996,1.2368872782757965,6.414287682714892e-05,0.002060602748172851,1.2353709649511886,0.5185830427212671
2021-02-26,0.000870139564657641,0.0,0.0,0.000870139564657641,1.2364459101048217,
2021-03-01,0.000912626428571426,0.0,0.0,0.000912626428571426,1.2375743233198826,
2021-03-02,0.0008225927559364875,0.8163265306122449,4.225334583167968e-05,0.0007803394101048078,1.238540051337303,0.5176034864380761
2021-03-03,0.00043549721378505083,0.8163265306122449,4.225446279584709e-05,0.00039324275098920374,1.2390270982343012,0.5176171692491268
2021-03-04,-0.0009198143324432586,0.0,0.0,-0.0009198143324432586,1.2378874233510597,
2021-03-05,-0.0003745545880221258,0.0,0.0,-0.0003745545880221258,1.2374237669371886,
2021-03-08,-0.0011236440990368111,0.0,0.0,-0.0011236440990368111,1.2360333430234618,
2021-03-09,0.0007491226805979401,0.42056074766355145,2.2062054983992162e-05,0.0007270606256139479,1.2369320141991202,0.5245866407304802
2021-03-10,0.000697970561224482,0.8163265306122449,4.224967254588413e-05,0.0006557208886785979,1.237743096358706,0.5175584886870807
2021-03-11,-0.00015096858418367108,0.0,0.0,-0.00015096858418367108,1.2375562360358656,
2021-03-12,0.0006939650765306004,1.2368872782757965,6.441546855812314e-05,0.0006295496079724772,1.2383353390791059,0.5207868953743092
2021-03-15,0.0002441835969387812,0.0,0.0,0.0002441835969387812,1.2386377202564185,
2021-03-16,0.00020384347963951844,0.0,0.0,0.00020384347963951844,1.2388902084793283,
2021-03-17,0.0004480289192733151,0.8163265306122449,4.204603681838609e-05,0.000405982882454929,1.239393176697212,0.5150639510252296
2021-03-18,-0.0006140086448598134,0.6000000000000001,3.0722902335090526e-05,-0.0006447315471949039,1.238594100816817,0.5120483722515088
2021-03-19,-0.0009126067698598122,0.0,0.0,-0.0009126067698598122,1.2374637514553033,
2021-03-22,0.0008046274768691603,0.9612403100775195,5.006834759093462e-05,0.0007545591292782256,1.2383974910261146,0.5208723257444005
2021-03-23,3.010952686046503e-05,1.5612403100775194,8.083573752525989e-05,-5.072621066479486e-05,1.238334671814098,0.5177661440297183
2021-03-24,0.00015981450350467771,0.6000000000000001,3.073377581458483e-05,0.0001290807276900929,1.2384945169546597,0.5122295969097471
2021-03-25,-0.00018437167710280285,0.0,0.0,-0.00018437167710280285,1.2382661736434861,
2021-03-26,-0.0007282355731308434,1.4205607476635513,7.428390650638677e-05,-0.0008025194796372301,1.2372724409181612,0.5229196050120648
2021-03-29,0.0010328147049689376,1.2680183747821956,6.65956121487952e-05,0.0009662190928201423,1.2384679171735966,0.5251943778830034
2021-03-30,-0.0006199415923491189,0.0,0.0,-0.0006199415923491189,1.2377001394009508,
2021-03-31,6.650288402898838e-05,0.8928571428571429,4.613215804913914e-05,2.0370725979849238e-05,1.2377253522513358,0.5166801701503584
2021-04-01,0.00016969908440420524,1.4722963951935915,7.688514079474075e-05,9.281394360946449e-05,1.2378402304223837,0.522212382273959
2021-04-02,0.00014536362408728432,0.8163265306122449,4.375268406518493e-05,0.00010161094002209938,1.237966008531794,0.5359703797985154
2021-04-05,0.0008890893306344197,1.8412231696559835,9.59743245252473e-05,0.0007931150061091725,1.2389478579502136,0.5212530784260078
2021-04-06,-0.00017185984473537207,1.8412231696559833,9.596505161484482e-05,-0.00026782489635021687,1.2386160368685746,0.5212027156532852
2021-04-07,3.267029336734349e-05,1.1641526175687666,6.223358102996332e-05,-2.9563287662619827e-05,1.238579419306373,0.5345826663168343
2021-04-08,-0.0004304846195652116,0.8163265306122449,4.383286640043222e-05,-0.00047431748596564384,1.237991939430039,0.5369526134052947
2021-04-09,0.0003087815100931749,0.0,0.0,0.0003087815100931749,1.2383742084505795,
2021-04-12,0.00041525673247560233,0.0,0.0,0.00041525673247560233,1.2388884516779628,
2021-04-13,-0.0009849494127107544,0.0,0.0,-0.0009849494127107544,1.2376682092250684,
2021-04-14,-0.00010647750665482612,0.0,0.0,-0.00010647750665482612,1.2375364254000842,
2021-04-15,-0.0016797491759094972,0.5314995563442768,2.800445921963582e-05,-0.0017077536351291329,1.2354230180710026,0.5268952510939828
2021-04-16,0.0005249887500000037,1.183673469387755,6.179128083969497e-05,0.00046319746916030874,1.2359952628863153,0.5220297864043197
2021-04-19,-0.0006396748704081684,1.183673469387755,6.219993906294705e-05,-0.0007018748094711155,1.2351277489466697,0.5254822438076561
2021-04-20,0.001800019999999997,2.0,0.00011256894577565518,0.0016874510542243418,1.2372119665687316,0.5628447288782759
2021-04-21,0.0006200022500000071,1.0,5.7906638438444456e-05,0.0005620956115615625,1.2379073979857111,0.5790663843844446
2021-04-22,0.0,0.0,0.0,0.0,1.2379073979857111,
2021-04-23,0.0,1.0,5.212765312564392e-05,-5.212765312564392e-05,1.2378428687782672,0.5212765312564392
2021-04-26,2.469163580246813e-05,1.9753086419753085,0.00010285148350218888,-7.815984769972076e-05,1.2377461191681673,0.5206856352298311
2021-04-27,-0.0012570459778673997,1.1617810760667904,6.144242235636299e-05,-0.0013184884002237628,1.2361141652676222,0.5288640314608696
2021-04-28,0.00020555115469812489,0.5820957668285913,3.0028059790796074e-05,0.00017552309490732882,1.2363311318515688,0.5158611606883301
2021-04-29,-0.00030999887499999815,1.2708276797829037,6.701398034884302e-05,-0.00037701285534884115,1.235865019121393,0.5273254699668728
2021-04-30,2.3134335298507474e-05,1.3066948555320648,6.703774338603264e-05,-4.390340808752516e-05,1.2358107604351172,0.5130328867693902
2021-05-03,1.8301742581291677e-11,0.0,0.0,1.8301742581291677e-11,1.2358107604577346,
2021-05-04,-5.3296616973220125e-05,1.9612403100775193,0.00010711152907314932,-0.00016040814604636946,1.2356125263447855,0.5461417885547929
2021-05-05,0.0018600202499999994,1.0,5.791372975556203e-05,0.0018021065202444373,1.237839231735007,0.5791372975556203
2021-05-06,0.0,1.0,5.1839921393555545e-05,-5.1839921393555545e-05,1.237775062246536,0.5183992139355554
2021-05-07,0.0,1.0,5.1822334753771204e-05,-5.1822334753771204e-05,1.2377109178529104,0.518223347537712
2021-05-10,0.0,0.0,0.0,0.0,1.2377109178529104,
2021-05-11,0.0,0.0,0.0,0.0,1.2377109178529104,
2021-05-12,0.0,1.0,5.137992672888193e-05,-5.137992672888193e-05,1.2376473243566397,0.5137992672888193
2021-05-13,0.0,1.0,5.1366728635930274e-05,-5.1366728635930274e-05,1.2375837504623826,0.5136672863593028
2021-05-14,0.0,0.0,0.0,0.0,1.2375837504623826,
2021-05-17,0.0,0.0,0.0,0.0,1.2375837504623826,
2021-05-18,0.0,0.0,0.0,0.0,1.2375837504623826,
2021-05-19,0.0,0.0,0.0,0.0,1.2375837504623826,
2021-05-20,0.0,0.0,0.0,0.0,1.2375837504623826,
2021-05-21,0.0,1.0,5.1599434928465535e-05,-5.1599434928465535e-05,1.237519891840182,0.5159943492846554
2021-05-24,0.0,0.0,0.0,0.0,1.237519891840182,
2021-05-25,0.0,0.0,0.0,0.0,1.237519891840182,
2021-05-26,0.0,1.0,5.1599434928465535e-05,-5.1599434928465535e-05,1.2374560365130503,0.5159943492846554
2021-05-27,0.0,1.0,5.178438445814155e-05,-5.178438445814155e-05,1.2373919556139052,0.5178438445814155
2021-05-28,0.0002313459840298513,1.0,5.180905872204452e-05,0.00017953692530780677,1.2376141131610165,0.5180905872204451
2021-05-31,0.0,0.0,0.0,0.0,1.2376141131610165,
2021-06-01,0.0,1.0,5.159235461513416e-05,-5.159235461513416e-05,1.2375502617348135,0.5159235461513416
2021-06-02,9.499994999999999e-05,1.0,5.153711153284557e-05,4.3462838467154416e-05,1.2376040491819342,0.5153711153284557
2021-06-03,0.0,1.0,5.155647000294146e-05,-5.155647000294146e-05,1.237540242685897,0.5155647000294146
2021-06-04,9.499994999999999e-05,1.0,5.155647000294146e-05,4.344347999705853e-05,1.2375940057406756,0.5155647000294146
2021-06-07,0.0,0.0,0.0,0.0,1.2375940057406756,
2021-06-08,0.0,0.0,0.0,0.0,1.2375940057406756,
2021-06-09,0.0,0.0,0.0,0.0,1.2375940057406756,
2021-06-10,0.0,1.0,5.334647128427799e-05,-5.334647128427799e-05,1.2375279844675866,0.5334647128427799
2021-06-11,0.0015999850000000043,0.0,0.0,0.0015999850000000043,1.2395080106798149,
2021-06-14,0.0031999400000000083,0.0,0.0,0.0031999400000000083,1.2434743619435096,
2021-06-15,0.0,0.0,0.0,0.0,1.2434743619435096,
2021-06-16,0.0047998650000000125,1.7877094972067038,9.350610496722145e-05,0.004706358895032791,1.2493265985675874,0.523049774660395
2021-06-17,-0.00042459095670391246,1.0,5.149122752535344e-05,-0.0004760821842292659,1.2487318164317256,0.5149122752535343
2021-06-18,0.0004590353446736658,1.0213994886847837,5.258371668597937e-05,0.00040645162798768643,1.2492393655114342,0.5148202761848781
2021-06-21,-1.1440656779661046e-05,0.0,0.0,-1.1440656779661046e-05,1.2492250733926178,
2021-06-22,5.720373110169484e-05,0.0847457627118644,4.281597143241066e-06,5.292213395845377e-05,1.2492911850492963,0.5052284629024457
2021-06-23,-6.000002249999997e-05,0.0,0.0,-6.000002249999997e-05,1.2492162275500842,
2021-06-24,0.0,0.0847457627118644,4.281663081428952e-06,-4.281663081428952e-06,1.249210878827082,0.5052362436086163
2021-06-25,3.6059299322033876e-05,0.0847457627118644,4.2810262511604736e-06,3.17782730708734e-05,1.2492505765915123,0.5051610976369358
2021-06-28,-3.5000022499999975e-05,0.0847457627118644,4.280876914998247e-06,-3.9280899414998225e-05,1.2492015049052692,0.5051434759697931
2021-06-29,1.1440680254237287e-05,0.9152542372881356,4.730004725093228e-05,-3.585936699669499e-05,1.249156709330052,0.5167968125564822
2021-06-30,8.750022499999922e-05,0.9152542372881356,4.7306713742330406e-05,4.0193511257668816e-05,1.249206917324311,0.516869650147684
2021-07-01,8.3559243220339e-05,0.0,0.0,8.3559243220339e-05,1.2493113001089482,
2021-07-02,-2.4618584322034006e-05,0.0,0.0,-2.4618584322034006e-05,1.249280543833362,
2021-07-05,0.0,0.0,0.0,0.0,1.249280543833362,
2021-07-06,-1.3177800423728694e-05,0.9152542372881356,4.726976427778529e-05,-6.044756470151398e-05,1.2492050278668585,0.5164659430350614
2021-07-07,0.00018250022500000034,0.6551724137931034,3.334172581940102e-05,0.00014915849918059932,1.249391357413984,0.5089000256645418
2021-07-08,0.0005400039864655163,0.6551724137931034,3.335254256089687e-05,0.0005066514439046194,1.25002436334922,0.5090651232978997
2021-07-09,-0.0004924960249999992,0.6551724137931034,3.336346014319803e-05,-0.0005258594851431973,1.2493670261810927,0.5092317600803911
2021-07-12,-0.0002536196945689662,0.6551724137931034,3.3354731536668975e-05,-0.0002869744261056352,1.2490084897957592,0.5090985339807371
2021-07-13,-0.0005399959999999992,0.0,0.0,-0.0005399959999999992,1.2483340302073034,
2021-07-14,0.00040500224999999874,0.6551724137931034,3.3357661068597947e-05,0.0003716445889314008,1.248797966794809,0.5091432478891266
2021-07-15,0.00011862093103448312,0.0,0.0,0.00011862093103448312,1.2489461003723041,
2021-07-16,1.637930172413792e-05,0.0,0.0,1.637930172413792e-05,1.2489665572373192,
2021-07-19,0.0006750062364655172,0.6551724137931034,3.3350678471406374e-05,0.0006416555579941109,1.2497679635705192,0.5090366714056762
2021-07-20,0.00018250022499999974,1.0,5.180844324509458e-05,0.00013069178175490517,1.2499312979724586,0.5180844324509458
2021-07-21,0.0,1.0,5.116476539670172e-05,-5.116476539670172e-05,1.2498673455308358,0.5116476539670172
2021-07-22,0.0,1.0,5.116476539670172e-05,-5.116476539670172e-05,1.2498033963613246,0.5116476539670172
2021-07-23,0.0,1.0,5.116476539670172e-05,-5.116476539670172e-05,1.2497394504637578,0.5116476539670172
2021-07-26,4.749997499999997e-05,1.0,5.108142758671592e-05,-3.581452586715953e-06,1.24973497458117,0.5108142758671592
2021-07-27,0.0,0.0,0.0,0.0,1.24973497458117,
2021-07-28,0.0,0.0,0.0,0.0,1.24973497458117,
2021-07-29,0.0,1.0,5.135713223733153e-05,-5.135713223733153e-05,1.2496707917768188,0.5135713223733153
2021-07-30,0.0,0.0,0.0,0.0,1.2496707917768188,
2021-08-02,2.5000004999999985e-05,1.0,5.139156051897359e-05,-2.6391555518973607e-05,1.2496378110207371,0.5139156051897359
2021-08-03,0.0,0.0,0.0,0.0,1.2496378110207371,
2021-08-04,0.0,0.0,0.0,0.0,1.2496378110207371,
2021-08-05,0.0,0.0,0.0,0.0,1.2496378110207371,
2021-08-06,0.0,1.0,5.132073853676109e-05,-5.132073853676109e-05,1.2495736786853722,0.5132073853676109
2021-08-09,0.0,1.0,5.1053335288197245e-05,-5.1053335288197245e-05,1.249509883781387,0.5105333528819724
2021-08-10,1.2500002499999992e-05,0.0847457627118644,4.280605903996654e-06,8.21939659600334e-06,1.2495201539986724,0.5051114966716052
2021-08-11,2.2881440677965964e-05,0.9152542372881356,4.729645224065473e-05,-2.4415011562688767e-05,1.2494896469496648,0.5167575337404868
2021-08-12,-8.749977499999922e-05,1.8305084745762712,9.425513555181815e-05,-0.00018175491055181739,1.2492625460706481,0.5149123145886362
2021-08-13,4.576288135593213e-05,1.0,5.10357077387452e-05,-5.27282638281307e-06,1.249255958926136,0.510357077387452
2021-08-16,2.288144067796616e-05,1.9152542372881358,9.847971246183874e-05,-7.559827178387258e-05,1.2491615173346255,0.5141861093140252
2021-08-17,-0.00010999975750000036,1.9152542372881358,9.848873536706574e-05,-0.00020848849286706612,1.248901081532529,0.5142332200581308
2021-08-18,0.0,0.7399181765049679,3.7673919454294755e-05,-3.7673919454294755e-05,1.248854030533777,0.5091633190070958
2021-08-19,-3.8793164655172485e-06,0.7399181765049679,3.767828084060883e-05,-4.155759730612608e-05,1.248802131160882,0.5092222631775806
2021-08-20,1.144068025423728e-05,0.9152542372881356,4.731338012702301e-05,-3.587269987278573e-05,1.2487573332568302,0.5169424865730292
2021-08-23,0.00018250022500000042,1.0,5.190427928898612e-05,0.0001305959457110143,1.2489204159017304,0.5190427928898612
2021-08-24,-9.500005000000014e-05,0.0,0.0,-9.500005000000014e-05,1.2488017683997739,
2021-08-25,9.499995000000014e-05,1.3454545454545455,6.888390842593353e-05,2.611604157406661e-05,1.2488343821586751,0.5119749950576141
2021-08-26,7.468164795454549e-05,1.3454545454545455,6.888235298069647e-05,5.79929497384902e-06,1.2488416245176308,0.5119634343159872
2021-08-27,0.0,2.0,0.00010307766189585086,-0.00010307766189585086,1.2487128968428973,0.5153883094792543
2021-08-30,0.0,1.0,5.139156051897359e-05,-5.139156051897359e-05,1.2486487235384884,0.5139156051897359
2021-08-31,0.0,0.0,0.0,0.0,1.2486487235384884,
2021-09-01,0.0,0.0,0.0,0.0,1.2486487235384884,
2021-09-02,0.0,0.0,0.0,0.0,1.2486487235384884,
2021-09-03,0.0,0.0,0.0,0.0,1.2486487235384884,
2021-09-06,0.0,0.0,0.0,0.0,1.2486487235384884,
2021-09-07,0.0,0.0,0.0,0.0,1.2486487235384884,
2021-09-08,0.0,0.0,0.0,0.0,1.2486487235384884,
2021-09-09,0.0,0.0,0.0,0.0,1.2486487235384884,
2021-09-10,0.0,0.0,0.0,0.0,1.2486487235384884,
2021-09-13,0.0,1.0,5.12969337136576e-05,-5.12969337136576e-05,1.2485846716876854,0.512969337136576
2021-09-14,2.5000009999999992e-05,1.0,5.1318790371924876e-05,-2.6318780371924884e-05,1.2485518104619355,0.5131879037192487
2021-09-15,0.0,0.0,0.0,0.0,1.2485518104619355,
2021-09-16,0.0,0.0,0.0,0.0,1.2485518104619355,
2021-09-17,0.0,1.0,5.129567900731975e-05,-5.129567900731975e-05,1.248487765149042,0.5129567900731975
2021-09-20,0.0,1.0,5.126593470720919e-05,-5.126593470720919e-05,1.2484237602567911,0.5126593470720919
2021-09-21,0.0,0.0,0.0,0.0,1.2484237602567911,
2021-09-22,0.0,0.0,0.0,0.0,1.2484237602567911,
2021-09-23,0.0,1.0,5.1424165926979914e-05,-5.1424165926979914e-05,1.2483595611061966,0.5142416592697991
2021-09-24,0.0,1.0,5.100773817634079e-05,-5.100773817634079e-05,1.2482958851085537,0.5100773817634079
2021-09-27,3.4999977499999965e-05,0.0,0.0,3.4999977499999965e-05,1.248339575436446,
2021-09-28,0.0,0.0,0.0,0.0,1.248339575436446,
2021-09-29,0.0,1.0,5.101004741608934e-05,-5.101004741608934e-05,1.2482758975755115,0.5101004741608934
2021-09-30,0.0,1.0,5.126368983712022e-05,-5.126368983712022e-05,1.2482119063470671,0.5126368983712022
2021-10-01,-9.000012500000024e-05,1.0,5.123064962775279e-05,-0.00014123077462775303,1.2480356204126342,0.5123064962775279
2021-10-04,0.0,0.0,0.0,0.0,1.2480356204126342,
2021-10-05,0.0,1.0,5.1201362847898225e-05,-5.1201362847898225e-05,1.2479717192879864,0.5120136284789822
2021-10-06,0.00017999949999999968,1.0,5.117547172703503e-05,0.00012882402827296466,1.2481324880320357,0.5117547172703503
2021-10-07,0.0,1.0,5.136543281770323e-05,-5.136543281770323e-05,1.2480683771665741,0.5136543281770323
2021-10-08,0.0,2.0,0.00010271797802252026,-0.00010271797802252026,1.2479401781064376,0.5135898901126013
2021-10-11,0.0,0.0,0.0,0.0,1.2479401781064376,
2021-10-12,9.499995000000003e-05,1.0,5.162147344278947e-05,4.337847655721056e-05,1.2479943118501984,0.5162147344278947
2021-10-13,-0.00022249902499999955,1.118942731277533,5.7163361819897185e-05,-0.0002796623868198967,1.2476452947822088,0.5108694146896322
2021-10-14,0.00073849527435864,0.1777662606892978,9.063403533080094e-06,0.0007294318708255599,1.2485553670237084,0.5098494786320126
2021-10-15,-0.0010799839999999993,2.0,0.00010295692341242895,-0.0011829409234124283,1.2470783997849098,0.5147846170621447
2021-10-18,-6.0000022499999905e-05,0.0,0.0,-6.0000022499999905e-05,1.2470035750528634,
2021-10-19,1.2500002499999992e-05,0.0,0.0,1.2500002499999992e-05,1.247019162600669,
2021-10-20,-4.750002500000002e-05,0.0,0.0,-4.750002500000002e-05,1.2469599291592701,
2021-10-21,8.249990249999996e-05,0.0847457627118644,4.285096167043647e-06,7.82148063329563e-05,1.2470574598886344,0.5056413477111503
2021-10-22,3.605931822033897e-05,0.6551724137931034,3.3373864024983674e-05,2.6854541953552955e-06,1.247060808804322,0.5093905561708034
2021-10-25,3.432221104178854e-05,0.9152542372881356,4.744914716780481e-05,-1.3126936126016273e-05,1.2470444387167396,0.5184258672037932
2021-10-26,-0.00013499975000000035,0.0,0.0,-0.00013499975000000035,1.246876088029274,
2021-10-27,-1.637934974137933e-05,0.0,0.0,-1.637934974137933e-05,1.246855665009744,
2021-10-28,3.275853818965517e-05,0.0,0.0,3.275853818965517e-05,1.246896510178663,
2021-10-29,0.0002863803054310352,1.3448275862068964,6.96722775029571e-05,0.00021670802792807812,1.2471667226624144,0.5180759096373734
2021-11-01,9.411564764705955e-05,1.0,5.2017591778200065e-05,4.209805586885948e-05,1.2472192259567827,0.5201759177820007
2021-11-02,0.000786479140000001,1.0,5.207299551152133e-05,0.0007344061444884797,1.2481351914198495,0.5207299551152132
2021-11-03,0.0,1.0,5.211153983120671e-05,-5.211153983120671e-05,1.2480701491731072,0.5211153983120671
2021-11-04,0.0010800160000000007,1.0,5.223460607863263e-05,0.0010277813939213681,1.2493528924507362,0.5223460607863263
2021-11-05,0.0,0.0,0.0,0.0,1.2493528924507362,
2021-11-08,0.0,1.0,5.2339330530825754e-05,-5.2339330530825754e-05,1.2492875021567487,0.5233933053082576
2021-11-09,0.0005150039925000003,0.0,0.0,0.0005150039925000003,1.2499308902081396,
2021-11-10,-0.0015949640075000008,0.05882352941176471,2.9713048071113205e-06,-0.001597935312307112,1.2479335815007326,0.5051218172089245
2021-11-11,0.0,0.0,0.0,0.0,1.2479335815007326,
2021-11-12,-0.0002229406176470594,0.49736995908825243,2.543823755374994e-05,-0.0002483788552008093,1.247623621186393,0.5114550464684624
2021-11-15,-0.0009152190813310875,0.3448275862068965,1.752354197410099e-05,-0.0009327426233051885,1.2464599094570699,0.5081827172489287
2021-11-16,-8.940583377118969e-05,1.9836065573770494,0.00010276633517044837,-0.00019217216894163808,1.2462203745527707,0.5180782186278802
2021-11-17,7.209054877049157e-05,1.9836065573770494,0.00010275808415715865,-3.0667535386667084e-05,1.2461821560453343,0.5180366226104692
2021-11-18,0.0004576359110169564,0.847457627118644,4.628571640782374e-05,0.0004113501946091326,1.2466947733177418,0.54617145361232
2021-11-19,0.004500224999999973,0.847457627118644,4.6282681402768765e-05,0.004453942318597205,1.2522474799269956,0.5461356405526715
2021-11-22,-0.0019198370837711846,0.3448275862068965,1.7526299312268006e-05,-0.0019373633830834527,1.2498214215128265,0.5082626800557722
2021-11-23,-0.0005556307618351847,0.3448275862068965,1.7523160272664215e-05,-0.0005731539221078489,1.249105081463152,0.5081716479072623
2021-11-24,0.00041824495368644065,0.0,0.0,0.00041824495368644065,1.249627513360098,
2021-11-25,0.0,0.0,0.0,0.0,1.249627513360098,
2021-11-26,0.0034324444915254213,1.847457627118644,0.00010362615208460085,0.0033288183394408204,1.253787296344041,0.5609121993570138
2021-11-29,-0.005999799999999964,0.0,0.0,-0.005999799999999964,1.2462648233234361,
2021-11-30,0.012000799999999928,0.0,0.0,0.012000799999999928,1.261220998215176,
2021-12-01,0.0015000125000000429,1.847457627118644,0.00010377707506438116,0.0013962354249356618,1.2629819596515568,0.5617291219081182
2021-12-02,-0.0008689724659903901,0.8928571428571429,4.788952366906371e-05,-0.0009168619896594538,1.2618239794991266,0.5363626650935135
2021-12-03,0.0008364950702958427,0.8928571428571429,4.792040647347223e-05,0.0007885746638223706,1.262819021919563,0.536708552502889
2021-12-06,-0.0010952242657576523,0.8928571428571429,4.794445215559449e-05,-0.0011431687179132468,1.2613754067173188,0.5369778641426582
2021-12-07,-0.0005381283157276089,1.818230277185501,9.77630426564234e-05,-0.0006358913583840323,1.2605733089965092,0.5376824040558497
2021-12-08,-0.00026201118855932444,0.9253731343283582,4.979195211835664e-05,-0.0003118031406776811,1.2601802582797097,0.5380743212790153
2021-12-09,0.00015941404504553352,0.6000000000000001,3.173340609285671e-05,0.00012768063895267682,1.2603411589002824,0.5288901015476118
2021-12-10,0.0002391350964179096,0.6000000000000001,3.174085994879556e-05,0.00020739423646911402,1.2606025463926231,0.5290143324799259
2021-12-13,0.0007533375536643025,0.0,0.0,0.0007533375536643025,1.2615522056310655,
2021-12-14,-0.00036508730862382956,0.9253731343283582,4.867219356959546e-05,-0.000413759502193425,1.2610302264184725,0.525973704703693
2021-12-15,0.00036144967548937886,0.0,0.0,0.00036144967548937886,1.2614860253845936,
2021-12-16,-0.0006565933741644744,0.43661971830985913,2.3221234927103233e-05,-0.0006798146090915776,1.2606284487553723,0.5318411870401063
2021-12-17,-0.00027676869491525993,0.8928571428571429,4.809724915788577e-05,-0.0003248659440731457,1.2602189135042419,0.5386891905683205
2021-12-20,-0.0001607081473214276,0.0,0.0,-0.0001607081473214276,1.2600163860574332,
2021-12-21,0.0012974649687499961,0.0,0.0,0.0012974649687499961,1.2616512131783937,
2021-12-22,9.17910624999994e-05,0.39999999999999997,2.10430867808756e-05,7.07479757191238e-05,1.2617404724477896,0.52607716952189
2021-12-23,0.0007139906499999996,0.39999999999999997,2.1041893350894522e-05,0.0006929487566491051,1.2626147939393864,0.5260473337723631
2021-12-24,0.0,0.0,0.0,0.0,1.2626147939393864,
2021-12-27,-0.0005510670848214254,0.9612403100775194,5.1452537693062975e-05,-0.0006025196225144883,1.261854043750361,0.535272367935897
2021-12-28,3.124999997921457e-09,0.0,0.0,3.124999997921457e-09,1.2618540476936548,
2021-12-29,-0.000502399834040697,0.0,0.0,-0.000502399834040697,1.26122009242951,
2021-12-30,0.0003657452834302336,0.0,0.0,0.0003657452834302336,1.2616813777296836,
2021-12-31,0.0002530929568300096,0.0,0.0,0.0002530929568300096,1.2620007004001506,
2022-01-03,-0.0011294342041375948,0.9612403100775194,5.159997992161746e-05,-0.0011810341840592122,1.2605102344326713,0.5368062427329559
2022-01-04,0.0002985837812500041,1.1071428571428572,6.070339246184967e-05,0.00023788038878815441,1.2608100850973096,0.5482887061070292
2022-01-05,-0.0010799909999999998,1.0,5.496791434070376e-05,-0.0011349589143407036,1.2593791174519378,0.5496791434070376
2022-01-06,0.0007899851249999921,0.0,0.0,0.0007899851249999921,1.2603740082214603,
2022-01-07,0.0010199899999999954,0.0,0.0,0.0010199899999999954,1.261659577106106,
2022-01-10,0.0001699986250000066,0.0,0.0,0.0001699986250000066,1.2618740574994323,
2022-01-11,-0.00044000400000000816,1.3612403100775194,7.274554572615759e-05,-0.0005127495457261657,1.2612270321496857,0.5344063438880597
2022-01-12,-6.601528069767398e-05,0.0,0.0,-6.601528069767398e-05,1.2611437718931349,
2022-01-13,0.000179954070930232,0.4,2.1088883009656732e-05,0.00015886518792057526,1.2613441237354515,0.5272220752414183
2022-01-14,-0.0006118552582170527,0.4,2.111435981081703e-05,-0.0006329696180278697,1.260545731227249,0.5278589952704257
2022-01-17,0.0,0.0,0.0,0.0,1.260545731227249,
2022-01-18,-0.0007077910567054276,0.0,0.0,-0.0007077910567054276,1.2596535282321182,
2022-01-19,0.0001799534882945741,0.0,0.0,0.0001799534882945741,1.259880207278566,
2022-01-20,-0.00028201424748062033,2.0,0.00010753924908322791,-0.00038955349656384826,1.259389416538569,0.5376962454161396
2022-01-21,0.001744989056122439,0.0,0.0,0.001744989056122439,1.2615870372878255,
2022-01-24,-0.0011326471683673336,0.967741935483871,5.311691685575688e-05,-0.0011857640852230905,1.2600910926886266,0.5488748075094877
2022-01-25,0.0008457756591507544,0.967741935483871,5.310445784347792e-05,0.0007926712013072764,1.2610899306088248,0.5487460643826052
2022-01-26,-0.0004285555102040892,0.0,0.0,-0.0004285555102040892,1.2605494835701996,
2022-01-27,0.0024643407142857124,1.8402255639097744,9.900819900019847e-05,0.002365332515285514,1.2635311022508144,0.5380220824117016
2022-01-28,0.0004110964320770661,0.9404388714733543,5.02558331309342e-05,0.00036084059894613186,1.2639870355705376,0.5343870256256004
2022-01-31,-0.0002206531496155742,0.9404388714733543,5.0248043425321015e-05,-0.0002709011930408952,1.2636446199746134,0.5343041950892468
2022-02-01,-0.00018439587187969877,1.887807292525986,9.998434710458484e-05,-0.0002843802189842836,1.2632852644408668,0.5296321690271707
2022-02-02,-0.0005560155670622503,0.0,0.0,-0.0005560155670622503,1.2625828581681973,
2022-02-03,0.0014296734725865352,0.0,0.0,0.0014296734725865352,1.2643879393874629,
2022-02-04,0.0029635180850553365,0.9473684210526316,4.980065019987721e-05,0.0029137174348554595,1.268072008570877,0.5256735298875927
2022-02-07,0.0001130261296106265,0.967741935483871,5.1949147429540296e-05,6.10769821810862e-05,1.268149458582349,0.5368078567719164
2022-02-08,-6.124688782682558e-05,0.9473684210526316,4.990396043168432e-05,-0.00011115084825850989,1.2680085026943089,0.5267640267788899
2022-02-09,0.00023206008499012412,0.967741935483871,5.19654168808635e-05,0.00018009466810926062,1.2682368642647612,0.5369759744355894
2022-02-10,0.002194215553307527,0.0,0.0,0.002194215553307527,1.271019649317609,
2022-02-11,-0.002680859063959432,0.0,0.0,-0.002680859063959432,1.2676122247702653,
2022-02-14,0.001528968980231586,0.0,0.0,0.001528968980231586,1.2695503645409014,
2022-02-15,0.0019806053271543785,0.0,0.0,0.0019806053271543785,1.2720648427560017,
2022-02-16,-0.001062383369586091,0.0,0.0,-0.001062383369586091,1.2707134222220227,
2022-02-17,-0.0011120460036945724,0.0,0.0,-0.0011120460036945724,1.2693003304389996,
2022-02-18,-0.0015241352104791712,0.0,0.0,-0.0015241352104791712,1.2673657451127047,
2022-02-21,0.0,0.0,0.0,0.0,1.2673657451127047,
2022-02-22,-0.00011904189919070668,0.0,0.0,-0.00011904189919070668,1.2672148754874373,
2022-02-23,0.001474327347418581,0.9473684210526316,5.077596039415228e-05,0.0014235513870244287,1.2690188209810953,0.535968470827163
2022-02-24,0.0002744727071778578,0.9473684210526316,5.0791681064920696e-05,0.00022368102611293708,1.269302676413129,0.5361344112408295
2022-02-25,0.00028299218268185893,0.0,0.0,0.00028299218268185893,1.2696618791480112,
2022-02-28,-0.003887438716332929,0.9404388714733543,5.2370978301159966e-05,-0.003939809694634089,1.2646596529676364,0.556878069269001
2022-03-01,-0.0023305033577806188,0.0,0.0,-0.0023305033577806188,1.2617123593999455,
2022-03-02,0.003122087924107152,0.0,0.0,0.003122087924107152,1.2656515363209249,
2022-03-03,-0.00024107042410714423,0.0,0.0,-0.00024107042410714423,1.2653464251682922,
2022-03-04,-0.00215828159119898,1.0,5.456986157786363e-05,-0.002212851452776844,1.2625464014930925,0.5456986157786363
2022-03-07,0.0,1.0,6.027164014834534e-05,-6.027164014834534e-05,1.2624703057507112,0.6027164014834534
2022-03-08,0.00015000013499999996,1.0,6.0355180113301166e-05,8.964495488669879e-05,1.2625834798443158,0.6035518011330117
2022-03-09,0.0,0.0,0.0,0.0,1.2625834798443158,
2022-03-10,0.0,0.0,0.0,0.0,1.2625834798443158,
2022-03-11,0.0,0.0,0.0,0.0,1.2625834798443158,
2022-03-14,0.0,1.0,6.0621018141654236e-05,-6.0621018141654236e-05,1.262506940748279,0.6062101814165424
2022-03-15,0.0,1.0,6.0621018141654236e-05,-6.0621018141654236e-05,1.2624304062921199,0.6062101814165424
2022-03-16,0.0,0.0,0.0,0.0,1.2624304062921199,
2022-03-17,0.0,0.0,0.0,0.0,1.2624304062921199,
2022-03-18,0.0,0.0,0.0,0.0,1.2624304062921199,
2022-03-21,0.0,0.0,0.0,0.0,1.2624304062921199,
2022-03-22,0.0,0.0,0.0,0.0,1.2624304062921199,
2022-03-23,0.0,0.0,0.0,0.0,1.2624304062921199,
2022-03-24,0.0,0.0,0.0,0.0,1.2624304062921199,
2022-03-25,0.0,0.0,0.0,0.0,1.2624304062921199,
2022-03-28,0.0,0.0,0.0,0.0,1.2624304062921199,
2022-03-29,0.0,0.0,0.0,0.0,1.2624304062921199,
2022-03-30,0.0,0.0,0.0,0.0,1.2624304062921199,
2022-03-31,0.0,1.0,6.173234138077106e-05,-6.173234138077106e-05,1.2623524735073093,0.6173234138077106
2022-04-01,-0.00014999986499999996,0.0,0.0,-0.00014999986499999996,1.2621631208067008,
2022-04-04,-0.00024999962499999934,1.0,6.177344197632402e-05,-0.00031177306697632336,1.2617696123395026,0.6177344197632402
2022-04-05,0.0,0.0,0.0,0.0,1.2617696123395026,
2022-04-06,0.0,0.0,0.0,0.0,1.2617696123395026,
2022-04-07,0.0,0.0,0.0,0.0,1.2617696123395026,
2022-04-08,0.0,0.0,0.0,0.0,1.2617696123395026,
2022-04-11,0.0,0.0,0.0,0.0,1.2617696123395026,
2022-04-12,0.0,0.0,0.0,0.0,1.2617696123395026,
2022-04-13,0.0,0.0,0.0,0.0,1.2617696123395026,
2022-04-14,0.0,0.0,0.0,0.0,1.2617696123395026,
2022-04-15,0.0,0.0,0.0,0.0,1.2617696123395026,
2022-04-18,0.0,0.0,0.0,0.0,1.2617696123395026,
2022-04-19,0.0,0.0,0.0,0.0,1.2617696123395026,
2022-04-20,0.0,0.0,0.0,0.0,1.2617696123395026,
2022-04-21,0.0,0.0,0.0,0.0,1.2617696123395026,
2022-04-22,0.0,0.0,0.0,0.0,1.2617696123395026,
2022-04-25,0.0,0.0,0.0,0.0,1.2617696123395026,
2022-04-26,0.0,1.0,6.186997985868444e-05,-6.186997985868444e-05,1.2616915466790009,0.6186997985868444
2022-04-27,5.00000149999997e-05,0.0,0.0,5.00000149999997e-05,1.2617546312752603,
2022-04-28,5.00000149999997e-05,0.0,0.0,5.00000149999997e-05,1.2618177190257505,
2022-04-29,-0.00014999986499999996,1.0,6.162786120956263e-05,-0.00021162772620956258,1.2615506834109822,0.6162786120956263
2022-05-02,0.0,1.0,6.18320799845517e-05,-6.18320799845517e-05,1.261472679108221,0.6183207998455169
2022-05-03,0.00020000024000000051,1.0,6.197329105474901e-05,0.0001380269489452515,1.261646796333296,0.6197329105474901
2022-05-04,0.0,0.0,0.0,0.0,1.261646796333296,
2022-05-05,0.0,0.0,0.0,0.0,1.261646796333296,
2022-05-06,0.0,0.0,0.0,0.0,1.261646796333296,
2022-05-09,0.0,0.0,0.0,0.0,1.261646796333296,
2022-05-10,0.0,1.0,6.080698664993982e-05,-6.080698664993982e-05,1.2615700793933944,0.6080698664993982
2022-05-11,5.00000149999997e-05,1.0,6.062846265721171e-05,-1.0628447657212013e-05,1.2615566708618398,0.6062846265721171
2022-05-12,0.0,0.0,0.0,0.0,1.2615566708618398,
2022-05-13,0.0,0.0,0.0,0.0,1.2615566708618398,
2022-05-16,0.0,0.0,0.0,0.0,1.2615566708618398,
2022-05-17,0.0,0.0,0.0,0.0,1.2615566708618398,
2022-05-18,0.0,0.0,0.0,0.0,1.2615566708618398,
2022-05-19,0.0,0.0,0.0,0.0,1.2615566708618398,
2022-05-20,0.0,0.0,0.0,0.0,1.2615566708618398,
2022-05-23,0.0,0.0,0.0,0.0,1.2615566708618398,
2022-05-24,0.0,0.0,0.0,0.0,1.2615566708618398,
2022-05-25,0.0,0.0,0.0,0.0,1.2615566708618398,
2022-05-26,0.0,0.0,0.0,0.0,1.2615566708618398,
2022-05-27,0.0,0.0,0.0,0.0,1.2615566708618398,
2022-05-30,0.0,0.0,0.0,0.0,1.2615566708618398,
2022-05-31,0.0,1.0,5.9607749540038265e-05,-5.9607749540038265e-05,1.2614814723077725,0.5960774954003827
2022-06-01,5.00000149999997e-05,1.0,5.963124231993129e-05,-9.631227319931592e-06,1.261469322692953,0.5963124231993129
2022-06-02,0.0,0.0,0.0,0.0,1.261469322692953,
2022-06-03,0.0,0.0,0.0,0.0,1.261469322692953,
2022-06-06,0.0,0.0,0.0,0.0,1.261469322692953,
2022-06-07,0.0,0.0,0.0,0.0,1.261469322692953,
2022-06-08,0.0,0.0,0.0,0.0,1.261469322692953,
2022-06-09,0.0,0.0,0.0,0.0,1.261469322692953,
2022-06-10,0.0,1.0,6.0579712668624754e-05,-6.0579712668624754e-05,1.261392903243844,0.6057971266862475
2022-06-13,-0.0013499890650000004,1.0,6.308094458023239e-05,-0.0014130700095802329,1.2596104667619727,0.6308094458023239
2022-06-14,0.0,1.0,5.905850003628872e-05,-5.905850003628872e-05,1.2595360760571759,0.5905850003628872
2022-06-15,-0.0012050660250000034,0.6551724137931034,3.8484162782881744e-05,-0.0012435501877828851,1.2579697797332756,0.5873898530018793
2022-06-16,-0.0003270729355172383,0.0,0.0,-0.0003270729355172383,1.2575583318646262,
2022-06-17,0.000286378224741375,0.3448275862068965,1.944947827080383e-05,0.00026692874647057116,1.2578940103337644,0.5640348698533111
2022-06-20,0.0,0.0,0.0,0.0,1.2578940103337644,
2022-06-21,-0.0001649986925000024,0.8780487804878049,5.126936728101139e-05,-0.00021626805978101378,1.2576219680367393,0.5839011273670742
2022-06-22,-0.00011341797182926791,0.0,0.0,-0.00011341797182926791,1.2574793311037966,
2022-06-23,-0.00011097590597560948,1.0,6.0072003369328386e-05,-0.00017104790934493785,1.2572642418931668,0.600720033693284
2022-06-24,0.0,0.0,0.0,0.0,1.2572642418931668,
2022-06-27,0.0,0.0,0.0,0.0,1.2572642418931668,
2022-06-28,0.0,0.0,0.0,0.0,1.2572642418931668,
2022-06-29,0.0,0.0,0.0,0.0,1.2572642418931668,
2022-06-30,0.0,0.0,0.0,0.0,1.2572642418931668,
2022-07-01,0.0,1.0,5.812376022701241e-05,-5.812376022701241e-05,1.2571911649678291,0.5812376022701241
2022-07-04,0.0,0.0,0.0,0.0,1.2571911649678291,
2022-07-05,-0.004800134999999999,1.0,5.789652973803359e-05,-0.004858031529738033,1.2510836906495073,0.5789652973803359
2022-07-06,-0.0038494706250000142,0.5633802816901408,3.1603049669911524e-05,-0.003881073674669926,1.2462281426729185,0.5609541316409297
2022-07-07,0.0005443294894365907,1.5633802816901408,9.096073490419572e-05,0.000453368754532395,1.2467931435738255,0.5818209169547655
2022-07-08,0.006399759999999989,0.0,0.0,0.006399759999999989,1.2547723204623438,
2022-07-11,-0.008000374999999952,1.1267605633802815,6.613300536480822e-05,-0.00806650800536476,1.244650689494424,0.586930422612673
2022-07-12,-0.002794412623239456,1.9253731343283582,0.00011533249725798509,-0.002909745120497441,1.2410290732239437,0.5990137454484495
2022-07-13,-0.00027171385052238644,2.0,0.0001264144719132428,-0.00039812832243562923,1.2405349844009272,0.6320723595662139
2022-07-14,-0.0005399979999999967,1.0,6.484236854261483e-05,-0.0006048403685426115,1.2397846587637722,0.6484236854261483
2022-07-15,0.0,0.0,0.0,0.0,1.2397846587637722,
2022-07-18,0.0,1.0,6.768951725501946e-05,-6.768951725501946e-05,1.2397007383387204,0.6768951725501946
2022-07-19,-0.00019999976000000053,0.0,0.0,-0.00019999976000000053,1.2394527984885808,
2022-07-20,0.00010000006000000113,0.0,0.0,0.00010000006000000113,1.239576743842797,
2022-07-21,0.00020000024000000051,0.0,0.0,0.00020000024000000051,1.2398246594890638,
2022-07-22,0.0001500001349999991,1.0,5.928805052449756e-05,9.071208447550153e-05,1.2399371265683103,0.5928805052449756
2022-07-25,0.0013749706075000037,0.0,0.0,0.0013749706075000037,1.2416420036724898,
2022-07-26,0.000125000187500001,2.0,0.00012465520670599346,3.4498079400752894e-07,1.241642432015134,0.6232760335299673
2022-07-27,0.002160031999999987,1.0,6.531994010992703e-05,0.0020947120598900602,1.2442433153915473,0.6531994010992703
2022-07-28,0.0,1.0,5.857595636956815e-05,-5.857595636956815e-05,1.2441704326493919,0.5857595636956815
2022-07-29,-0.0002700004524647918,0.5633802816901408,3.164943817892727e-05,-0.0003016498906437191,1.243795128774441,0.5617775276759591
2022-08-01,-0.0026650916249999794,0.5633802816901408,3.1639612973214504e-05,-0.002696731237973194,1.2404409475970362,0.5616031302745575
2022-08-02,0.003063090730633796,0.0,0.0,0.003063090730633796,1.244240530765519,
2022-08-03,-0.0007939465704225304,0.0,0.0,-0.0007939465704225304,1.243252670263337,
2022-08-04,-0.001055463315140846,2.0,0.00012686125881149798,-0.0011823245739523438,1.2417827420796528,0.63430629405749
2022-08-05,-0.0005999978399999998,0.0,0.0,-0.0005999978399999998,1.2410376751166556,
2022-08-08,-0.0002499996250000002,0.0,0.0,-0.0002499996250000002,1.2407274161632655,
2022-08-09,-4.999998500000143e-05,0.0,0.0,-4.999998500000143e-05,1.2406653798110683,
2022-08-10,0.00015000013500000083,0.0,0.0,0.00015000013500000083,1.24085147978553,
2022-08-11,0.00025000037500000024,1.0,6.844950353779095e-05,0.0001815508714622093,1.2410767574530401,0.6844950353779096
2022-08-12,0.0,1.0,6.842560242865232e-05,-6.842560242865232e-05,1.2409918360282512,0.6842560242865231
2022-08-15,0.0,1.0,6.841271974987864e-05,-6.841271974987864e-05,1.2409069364015612,0.6841271974987865
2022-08-16,0.0,0.0,0.0,0.0,1.2409069364015612,
2022-08-17,0.0,1.0,6.827654275474204e-05,-6.827654275474204e-05,1.2408222115660634,0.6827654275474204
2022-08-18,0.0001500001349999991,1.0,6.835412277869795e-05,8.164601222130114e-05,1.2409235197515134,0.6835412277869795
2022-08-19,0.0,1.0,6.835802138446687e-05,-6.835802138446687e-05,1.2408386926750137,0.6835802138446687
2022-08-22,-0.0003499992649999996,0.0,0.0,-0.0003499992649999996,1.240404400044594,
2022-08-23,0.00010000006000000287,0.0,0.0,0.00010000006000000287,1.2405284405590227,
2022-08-24,-0.0003499992649999996,0.0,0.0,-0.0003499992649999996,1.2400942565166153,
2022-08-25,0.00015000013499999736,2.0,0.00013425029349340307,1.5749841506594294e-05,1.2401137878046087,0.6712514674670154
2022-08-26,-0.0008099955000000045,1.0,6.584108492974558e-05,-0.0008758365849297501,1.2390276507797735,0.6584108492974557
2022-08-29,0.0,0.0,0.0,0.0,1.2390276507797735,
2022-08-30,0.0,0.0,0.0,0.0,1.2390276507797735,
2022-08-31,0.0,0.0,0.0,0.0,1.2390276507797735,
2022-09-01,0.0,0.0,0.0,0.0,1.2390276507797735,
2022-09-02,0.0,0.0,0.0,0.0,1.2390276507797735,
2022-09-05,0.0,0.0,0.0,0.0,1.2390276507797735,
2022-09-06,0.0,1.0,6.025464388853181e-05,-6.025464388853181e-05,1.2389529936099077,0.6025464388853181
2022-09-07,-0.0009000062500000008,0.0,0.0,-0.0009000062500000008,1.2378379281722027,
2022-09-08,0.0005399977499999905,0.0,0.0,0.0005399977499999905,1.2385063578682804,
2022-09-09,0.0014399840000000037,1.0,5.825704588464248e-05,0.0013817269541153612,1.2402176354857903,0.5825704588464249
2022-09-12,7.999961999999952e-05,1.0,5.825603680809931e-05,2.1743583191900206e-05,1.2402446022611238,0.5825603680809931
2022-09-13,0.00305992775,1.0,5.9770531041665975e-05,0.003000157218958334,1.2439655310578717,0.5977053104166598
2022-09-14,0.0,0.0,0.0,0.0,1.2439655310578717,
2022-09-15,0.0,0.0,0.0,0.0,1.2439655310578717,
2022-09-16,0.0,0.0,0.0,0.0,1.2439655310578717,
2022-09-19,0.0,0.0,0.0,0.0,1.2439655310578717,
2022-09-20,0.0,0.0,0.0,0.0,1.2439655310578717,
2022-09-21,0.0,0.0,0.0,0.0,1.2439655310578717,
2022-09-22,0.0,0.0,0.0,0.0,1.2439655310578717,
2022-09-23,0.0,0.0,0.0,0.0,1.2439655310578717,
2022-09-26,0.0,0.0,0.0,0.0,1.2439655310578717,
2022-09-27,0.0,0.0,0.0,0.0,1.2439655310578717,
2022-09-28,0.0,1.0,6.507109865032557e-05,-6.507109865032557e-05,1.2438845848540827,0.6507109865032557
2022-09-29,0.0037199190000000207,0.0,0.0,0.0037199190000000207,1.2485117347550887,
2022-09-30,0.004959855999999971,1.0,6.501194036461962e-05,0.004894844059635351,1.2546230050033396,0.6501194036461961
2022-10-03,0.0,1.0,6.028596562853082e-05,-6.028596562853082e-05,1.2545473688439832,0.6028596562853081
2022-10-04,-0.0013200365000000135,0.0,0.0,-0.0013200365000000135,1.2528913205261303,
2022-10-05,0.003124799749999998,1.0,6.040293539419862e-05,0.0030643968146057995,1.2567306766977977,0.6040293539419861
2022-10-06,0.0,0.0,0.0,0.0,1.2567306766977977,
2022-10-07,0.0,0.0,0.0,0.0,1.2567306766977977,
2022-10-10,0.0,0.0,0.0,0.0,1.2567306766977977,
2022-10-11,0.0,0.0,0.0,0.0,1.2567306766977977,
2022-10-12,0.0,0.0,0.0,0.0,1.2567306766977977,
2022-10-13,0.0,0.0,0.0,0.0,1.2567306766977977,
2022-10-14,0.0,0.0,0.0,0.0,1.2567306766977977,
2022-10-17,0.0,0.0,0.0,0.0,1.2567306766977977,
2022-10-18,0.0,0.0,0.0,0.0,1.2567306766977977,
2022-10-19,0.0,0.0,0.0,0.0,1.2567306766977977,
2022-10-20,0.0,0.0,0.0,0.0,1.2567306766977977,
2022-10-21,0.0,0.0,0.0,0.0,1.2567306766977977,
2022-10-24,0.0,0.0,0.0,0.0,1.2567306766977977,
2022-10-25,0.0,0.0,0.0,0.0,1.2567306766977977,
2022-10-26,0.0,0.0,0.0,0.0,1.2567306766977977,
2022-10-27,0.0,1.0,6.503012847266322e-05,-6.503012847266322e-05,1.2566489513404364,0.6503012847266322
2022-10-28,0.005579817749999987,1.0,6.469460432564717e-05,0.00551512314567434,1.2635795250579613,0.6469460432564716
2022-10-31,0.0,0.0,0.0,0.0,1.2635795250579613,
2022-11-01,0.0,0.0,0.0,0.0,1.2635795250579613,
2022-11-02,0.0,0.0,0.0,0.0,1.2635795250579613,
2022-11-03,0.0,0.0,0.0,0.0,1.2635795250579613,
2022-11-04,0.0,0.0,0.0,0.0,1.2635795250579613,
2022-11-07,0.0,0.0,0.0,0.0,1.2635795250579613,
2022-11-08,0.0,0.0,0.0,0.0,1.2635795250579613,
2022-11-09,0.0,0.0,0.0,0.0,1.2635795250579613,
2022-11-10,0.0,0.0,0.0,0.0,1.2635795250579613,
2022-11-11,0.0,0.0,0.0,0.0,1.2635795250579613,
2022-11-14,0.0,0.0,0.0,0.0,1.2635795250579613,
2022-11-15,0.0,0.0,0.0,0.0,1.2635795250579613,
2022-11-16,0.0,0.0,0.0,0.0,1.2635795250579613,
2022-11-17,0.0,0.0,0.0,0.0,1.2635795250579613,
2022-11-18,0.0,0.0,0.0,0.0,1.2635795250579613,
2022-11-21,0.0,0.0,0.0,0.0,1.2635795250579613,
2022-11-22,0.0,0.0,0.0,0.0,1.2635795250579613,
2022-11-23,0.0,0.0,0.0,0.0,1.2635795250579613,
2022-11-24,0.0,0.0,0.0,0.0,1.2635795250579613,
2022-11-25,0.0,0.0,0.0,0.0,1.2635795250579613,
2022-11-28,0.0,0.0,0.0,0.0,1.2635795250579613,
2022-11-29,0.0,0.0,0.0,0.0,1.2635795250579613,
2022-11-30,0.0,0.0,0.0,0.0,1.2635795250579613,
2022-12-01,0.0,0.0,0.0,0.0,1.2635795250579613,
2022-12-02,0.0,0.0,0.0,0.0,1.2635795250579613,
2022-12-05,0.0,0.0,0.0,0.0,1.2635795250579613,
2022-12-06,0.0,0.0,0.0,0.0,1.2635795250579613,
2022-12-07,0.0,0.0,0.0,0.0,1.2635795250579613,
2022-12-08,0.0,0.0,0.0,0.0,1.2635795250579613,
2022-12-09,0.0,0.0,0.0,0.0,1.2635795250579613,
2022-12-12,0.0,0.0,0.0,0.0,1.2635795250579613,
2022-12-13,0.0,0.0,0.0,0.0,1.2635795250579613,
2022-12-14,0.0,0.0,0.0,0.0,1.2635795250579613,
2022-12-15,0.0,0.0,0.0,0.0,1.2635795250579613,
2022-12-16,0.0,0.0,0.0,0.0,1.2635795250579613,
2022-12-19,0.0,0.0,0.0,0.0,1.2635795250579613,
2022-12-20,0.0,0.0,0.0,0.0,1.2635795250579613,
2022-12-21,0.0,0.0,0.0,0.0,1.2635795250579613,
2022-12-22,0.0,0.0,0.0,0.0,1.2635795250579613,
2022-12-23,0.0,0.0,0.0,0.0,1.2635795250579613,
2022-12-26,0.0,0.0,0.0,0.0,1.2635795250579613,
2022-12-27,0.0,0.0,0.0,0.0,1.2635795250579613,
2022-12-28,0.0,0.0,0.0,0.0,1.2635795250579613,
2022-12-29,0.0,0.0,0.0,0.0,1.2635795250579613,
2022-12-30,0.0,0.0,0.0,0.0,1.2635795250579613,
2023-01-02,0.0,0.0,0.0,0.0,1.2635795250579613,
2023-01-03,0.0,0.0,0.0,0.0,1.2635795250579613,
2023-01-04,0.0,0.0,0.0,0.0,1.2635795250579613,
2023-01-05,0.0,0.0,0.0,0.0,1.2635795250579613,
2023-01-06,0.0,0.0,0.0,0.0,1.2635795250579613,
2023-01-09,0.0,0.0,0.0,0.0,1.2635795250579613,
2023-01-10,0.0,0.0,0.0,0.0,1.2635795250579613,
2023-01-11,0.0,0.0,0.0,0.0,1.2635795250579613,
2023-01-12,0.0,0.0,0.0,0.0,1.2635795250579613,
2023-01-13,0.0,0.0,0.0,0.0,1.2635795250579613,
2023-01-16,0.0,0.0,0.0,0.0,1.2635795250579613,
2023-01-17,0.0,0.0,0.0,0.0,1.2635795250579613,
2023-01-18,0.0,1.0,6.552293728393254e-05,-6.552293728393254e-05,1.2634967316159877,0.6552293728393255
2023-01-19,0.005999800000000068,1.0,6.552875954097284e-05,0.005934271240459095,1.2709946639328304,0.6552875954097285
2023-01-20,0.0,1.0,6.559874687129711e-05,-6.559874687129711e-05,1.2709112882755964,0.6559874687129711
2023-01-23,0.004499887500000025,0.0,0.0,0.004499887500000025,1.2766302460953167,
2023-01-24,-0.010500612499999989,0.0,0.0,-0.010500612499999989,1.2632248465752902,
2023-01-25,0.001499987500000043,0.0,0.0,0.001499987500000043,1.2651196680548427,
2023-01-26,0.001499987499999939,1.0,6.547920055162777e-05,0.0014345082994483111,1.2669344927184625,0.6547920055162777
2023-01-27,0.0,0.0,0.0,0.0,1.2669344927184625,
2023-01-30,0.0,0.0,0.0,0.0,1.2669344927184625,
2023-01-31,0.0,0.0,0.0,0.0,1.2669344927184625,
2023-02-01,0.0,0.0,0.0,0.0,1.2669344927184625,
2023-02-02,0.0,0.0,0.0,0.0,1.2669344927184625,
2023-02-03,0.0,0.0,0.0,0.0,1.2669344927184625,
2023-02-06,0.0,0.0,0.0,0.0,1.2669344927184625,
2023-02-07,0.0,0.0,0.0,0.0,1.2669344927184625,
2023-02-08,0.0,0.0,0.0,0.0,1.2669344927184625,
2023-02-09,0.0,0.0,0.0,0.0,1.2669344927184625,
2023-02-10,0.0,0.0,0.0,0.0,1.2669344927184625,
2023-02-13,0.0,0.0,0.0,0.0,1.2669344927184625,
2023-02-14,0.0,1.0,6.33200074650901e-05,-6.33200074650901e-05,1.2668542704169257,0.6332000746509009
2023-02-15,0.004499887500000025,1.0,5.8816755254172666e-05,0.004441070744745853,1.2724804598551305,0.5881675525417267
2023-02-16,-0.0009998487499999764,1.0,5.8912200114423765e-05,-0.0010587609501144,1.2711332072344523,0.5891220011442377
2023-02-17,0.0,0.0,0.0,0.0,1.2711332072344523,
2023-02-20,0.0,0.0,0.0,0.0,1.2711332072344523,
2023-02-21,0.0,0.0,0.0,0.0,1.2711332072344523,
2023-02-22,0.0,0.0,0.0,0.0,1.2711332072344523,
2023-02-23,0.0,0.0,0.0,0.0,1.2711332072344523,
2023-02-24,0.0,0.0,0.0,0.0,1.2711332072344523,
2023-02-27,0.0,1.0,5.9562461919720386e-05,-5.9562461919720386e-05,1.2710574954112015,0.5956246191972039
2023-02-28,5.000001500000143e-05,1.0,5.957977703604131e-05,-9.579762036039878e-06,1.2710453189828612,0.5957977703604131
2023-03-01,0.0,0.0,0.0,0.0,1.2710453189828612,
2023-03-02,0.0,0.0,0.0,0.0,1.2710453189828612,
2023-03-03,0.0,0.0,0.0,0.0,1.2710453189828612,
2023-03-06,0.0,1.0,5.949417504044888e-05,-5.949417504044888e-05,1.2709696991901693,0.5949417504044888
2023-03-07,-0.0004999985000000039,1.0,5.9519135253260615e-05,-0.0005595176352532645,1.2702585692295998,0.5951913525326061
2023-03-08,0.0,0.0,0.0,0.0,1.2702585692295998,
2023-03-09,0.0,0.0,0.0,0.0,1.2702585692295998,
2023-03-10,0.0,0.0,0.0,0.0,1.2702585692295998,
2023-03-13,0.0,1.0,6.09512512731764e-05,-6.09512512731764e-05,1.2701811453803649,0.609512512731764
2023-03-14,-0.006286954374999918,0.975609756097561,5.8369982559250714e-05,-0.006345324357559169,1.2621214340200704,0.5982923212323199
2023-03-15,-0.0005764639426829288,0.0,0.0,-0.0005764639426829288,1.2613938665220705,
2023-03-16,0.0008883956353658512,1.024390243902439,6.257432186039167e-05,0.0008258213135054596,1.2624355524617696,0.6108445705419185
2023-03-17,0.0003000027574999999,0.0,0.0,0.0003000027574999999,1.2628142866086742,
2023-03-20,0.00013749850500000048,1.0,6.253245508582547e-05,7.496604991417501e-05,1.2629089548075165,0.6253245508582548
2023-03-21,0.0,1.0,6.396403774996637e-05,-6.396403774996637e-05,1.2628281740514564,0.6396403774996637
2023-03-22,2.499999499999898e-05,1.1219512195121952,6.985903035909453e-05,-4.485903535909555e-05,1.2627715247977442,0.6226565749397556
2023-03-23,8.962965725609802e-05,0.09999999999999999,5.381938429667774e-06,8.424771882643025e-05,1.2628779104181076,0.5381938429667775
2023-03-24,5.5975965560977193e-05,1.0,6.118533451010694e-05,-5.209368949129749e-06,1.2628713316211346,0.6118533451010695
2023-03-27,0.0,0.0,0.0,0.0,1.2628713316211346,
2023-03-28,0.0,0.0,0.0,0.0,1.2628713316211346,
2023-03-29,0.0,1.0,6.222545968079646e-05,-6.222545968079646e-05,1.2627927488720068,0.6222545968079646
2023-03-30,0.00045000124999998166,1.0,6.220100023685194e-05,0.0003878002497631297,1.2632824602154182,0.6220100023685194
2023-03-31,0.0,1.0,6.185152675568334e-05,-6.185152675568334e-05,1.2632043242665303,0.6185152675568335
2023-04-03,0.0036000800000000094,1.0,6.18988794990677e-05,0.0035381811205009417,1.2676737699579852,0.6189887949906769
2023-04-04,0.0,0.0,0.0,0.0,1.2676737699579852,
2023-04-05,0.0,0.0,0.0,0.0,1.2676737699579852,
2023-04-06,0.0,1.0,6.767007748760823e-05,-6.767007748760823e-05,1.267587986375743,0.6767007748760823
2023-04-07,0.0026999437500000024,1.0,6.777335602967089e-05,0.0026321703939703317,1.2709244939452338,0.677733560296709
2023-04-10,0.0,0.0,0.0,0.0,1.2709244939452338,
2023-04-11,0.0,0.0,0.0,0.0,1.2709244939452338,
2023-04-12,0.0,0.0,0.0,0.0,1.2709244939452338,
2023-04-13,0.0,0.0,0.0,0.0,1.2709244939452338,
2023-04-14,0.0,0.0,0.0,0.0,1.2709244939452338,
2023-04-17,0.0,0.0,0.0,0.0,1.2709244939452338,
2023-04-18,0.0,0.0,0.0,0.0,1.2709244939452338,
2023-04-19,0.0,0.0,0.0,0.0,1.2709244939452338,
2023-04-20,0.0,0.0,0.0,0.0,1.2709244939452338,
2023-04-21,0.0,0.0,0.0,0.0,1.2709244939452338,
2023-04-24,0.0,0.0,0.0,0.0,1.2709244939452338,
2023-04-25,0.0,0.0,0.0,0.0,1.2709244939452338,
2023-04-26,0.0,0.0,0.0,0.0,1.2709244939452338,
2023-04-27,0.0,0.0,0.0,0.0,1.2709244939452338,
2023-04-28,0.0,0.0,0.0,0.0,1.2709244939452338,
2023-05-01,0.0,0.0,0.0,0.0,1.2709244939452338,
2023-05-02,0.0,0.0,0.0,0.0,1.2709244939452338,
2023-05-03,0.0,0.0,0.0,0.0,1.2709244939452338,
2023-05-04,0.0,0.0,0.0,0.0,1.2709244939452338,
2023-05-05,0.0,0.0,0.0,0.0,1.2709244939452338,
2023-05-08,0.0,0.0,0.0,0.0,1.2709244939452338,
2023-05-09,0.0,1.0,6.224656933397994e-05,-6.224656933397994e-05,1.2708453832556033,0.6224656933397994
2023-05-10,0.006300244999999993,1.0,6.237152907438763e-05,0.0062378734709256055,1.2787727559574618,0.6237152907438763
2023-05-11,0.0,0.0,0.0,0.0,1.2787727559574618,
2023-05-12,0.0,0.0,0.0,0.0,1.2787727559574618,
2023-05-15,0.0,1.0,6.784629129523414e-05,-6.784629129523414e-05,1.2786859959685608,0.6784629129523414
2023-05-16,4.999998000000143e-05,1.0,6.784629129523414e-05,-1.7846311295232706e-05,1.2786631761402278,0.6784629129523414
2023-05-17,0.0,0.0,0.0,0.0,1.2786631761402278,
2023-05-18,0.0,0.0,0.0,0.0,1.2786631761402278,
2023-05-19,0.0,0.0,0.0,0.0,1.2786631761402278,
2023-05-22,0.0,0.0,0.0,0.0,1.2786631761402278,
2023-05-23,0.0,0.0,0.0,0.0,1.2786631761402278,
2023-05-24,0.0,0.0,0.0,0.0,1.2786631761402278,
2023-05-25,0.0,1.0,7.332025460737767e-05,-7.332025460737767e-05,1.278569424230596,0.7332025460737767
2023-05-26,-0.0001000000599999994,1.0,6.471706742335029e-05,-0.0001647171274233497,1.2783588219478255,0.6471706742335028
2023-05-29,0.0,0.0,0.0,0.0,1.2783588219478255,
2023-05-30,-6.249937750000181e-05,1.0,6.492033087757799e-05,-0.0001274197083775798,1.278195933839531,0.64920330877578
2023-05-31,0.0,0.0,0.0,0.0,1.278195933839531,
2023-06-01,0.0,0.0,0.0,0.0,1.278195933839531,
2023-06-02,0.0,0.0,0.0,0.0,1.278195933839531,
2023-06-05,0.0,0.0,0.0,0.0,1.278195933839531,
2023-06-06,0.0,0.0,0.0,0.0,1.278195933839531,
2023-06-07,0.0,0.0,0.0,0.0,1.278195933839531,
2023-06-08,0.0,0.0,0.0,0.0,1.278195933839531,
2023-06-09,0.0,0.0,0.0,0.0,1.278195933839531,
2023-06-12,0.0,0.0,0.0,0.0,1.278195933839531,
2023-06-13,0.0,1.0,5.9830455025382704e-05,-5.9830455025382704e-05,1.2781194587951978,0.5983045502538271
2023-06-14,0.0,0.0,0.0,0.0,1.2781194587951978,
2023-06-15,-3.750004500000021e-05,0.0,0.0,-3.750004500000021e-05,1.2780715292579776,
2023-06-16,3.749997250000021e-05,0.0,0.0,3.749997250000021e-05,1.2781194569051777,
2023-06-19,0.0,0.0,0.0,0.0,1.2781194569051777,
2023-06-20,8.749979250000076e-05,1.0,5.886072522769685e-05,2.8639067272303913e-05,1.2781560610542861,0.5886072522769685
2023-06-21,0.0,1.0,6.359212134701071e-05,-6.359212134701071e-05,1.2780747803989512,0.6359212134701071
2023-06-22,0.0,1.0,5.8563030938268476e-05,-5.8563030938268476e-05,1.2779999324660452,0.5856303093826847
2023-06-23,-1.249999749999949e-05,1.0,5.836418596896902e-05,-7.086418346896851e-05,1.2779093680443574,0.5836418596896902
2023-06-26,-0.0002249995949999995,1.0,5.835745725484587e-05,-0.00028335705225484534,1.2775472634127796,0.5835745725484587
2023-06-27,0.00010000008250000027,1.0,5.82583149810334e-05,4.174176751896687e-05,1.2776005904936434,0.582583149810334
2023-06-28,0.0,1.0,6.247347468115717e-05,-6.247347468115717e-05,1.2775207743455006,0.6247347468115717
2023-06-29,0.0,1.0,5.804855628758781e-05,-5.804855628758781e-05,1.2774466161089224,0.5804855628758782
2023-06-30,-3.750004499999934e-05,0.0,0.0,-3.750004499999934e-05,1.2773987118033332,
2023-07-03,0.00013749973249999959,1.0,5.793692445738785e-05,7.956280804261174e-05,1.2775003452318343,0.5793692445738785
2023-07-04,0.0,0.0,0.0,0.0,1.2775003452318343,
2023-07-05,0.0,0.0,0.0,0.0,1.2775003452318343,
2023-07-06,0.0,0.0,0.0,0.0,1.2775003452318343,
2023-07-07,0.0,0.0,0.0,0.0,1.2775003452318343,
2023-07-10,0.0,0.0,0.0,0.0,1.2775003452318343,
2023-07-11,0.0,0.0,0.0,0.0,1.2775003452318343,
2023-07-12,0.0,0.0,0.0,0.0,1.2775003452318343,
2023-07-13,0.0,0.0,0.0,0.0,1.2775003452318343,
2023-07-14,0.0,0.0,0.0,0.0,1.2775003452318343,
2023-07-17,0.0,0.0,0.0,0.0,1.2775003452318343,
2023-07-18,0.0,0.0,0.0,0.0,1.2775003452318343,
2023-07-19,0.0,0.0,0.0,0.0,1.2775003452318343,
2023-07-20,0.0,0.0,0.0,0.0,1.2775003452318343,
2023-07-21,0.0,0.0,0.0,0.0,1.2775003452318343,
2023-07-24,0.0,0.0,0.0,0.0,1.2775003452318343,
2023-07-25,0.0,0.0,0.0,0.0,1.2775003452318343,
2023-07-26,0.0,0.0,0.0,0.0,1.2775003452318343,
2023-07-27,0.0,0.0,0.0,0.0,1.2775003452318343,
2023-07-28,0.0,0.0,0.0,0.0,1.2775003452318343,
2023-07-31,0.0,0.0,0.0,0.0,1.2775003452318343,
2023-08-01,0.0,0.0,0.0,0.0,1.2775003452318343,
2023-08-02,0.0,0.0,0.0,0.0,1.2775003452318343,
2023-08-03,0.0,0.0,0.0,0.0,1.2775003452318343,
2023-08-04,0.0,0.0,0.0,0.0,1.2775003452318343,
2023-08-07,0.0,0.0,0.0,0.0,1.2775003452318343,
2023-08-08,0.0,0.0,0.0,0.0,1.2775003452318343,
2023-08-09,0.0,0.0,0.0,0.0,1.2775003452318343,
2023-08-10,0.0,0.0,0.0,0.0,1.2775003452318343,
2023-08-11,0.0,0.0,0.0,0.0,1.2775003452318343,
2023-08-14,0.0,0.0,0.0,0.0,1.2775003452318343,
2023-08-15,0.0,0.0,0.0,0.0,1.2775003452318343,
2023-08-16,0.0,0.0,0.0,0.0,1.2775003452318343,
2023-08-17,0.0,0.0,0.0,0.0,1.2775003452318343,
2023-08-18,0.0,0.0,0.0,0.0,1.2775003452318343,
2023-08-21,0.0,0.0,0.0,0.0,1.2775003452318343,
2023-08-22,0.0,0.0,0.0,0.0,1.2775003452318343,
2023-08-23,0.0,0.0,0.0,0.0,1.2775003452318343,
2023-08-24,0.0,0.0,0.0,0.0,1.2775003452318343,
2023-08-25,0.0,0.0,0.0,0.0,1.2775003452318343,
2023-08-28,0.0,0.0,0.0,0.0,1.2775003452318343,
2023-08-29,0.0,0.0,0.0,0.0,1.2775003452318343,
2023-08-30,0.0,0.0,0.0,0.0,1.2775003452318343,
2023-08-31,0.0,0.0,0.0,0.0,1.2775003452318343,
2023-09-01,0.0,0.0,0.0,0.0,1.2775003452318343,
2023-09-04,0.0,0.0,0.0,0.0,1.2775003452318343,
2023-09-05,0.0,0.0,0.0,0.0,1.2775003452318343,
2023-09-06,0.0,0.0,0.0,0.0,1.2775003452318343,
2023-09-07,0.0,0.0,0.0,0.0,1.2775003452318343,
2023-09-08,0.0,0.0,0.0,0.0,1.2775003452318343,
2023-09-11,0.0,0.0,0.0,0.0,1.2775003452318343,
2023-09-12,0.0,0.0,0.0,0.0,1.2775003452318343,
2023-09-13,0.0,0.0,0.0,0.0,1.2775003452318343,
2023-09-14,0.0,0.0,0.0,0.0,1.2775003452318343,
2023-09-15,0.0,0.0,0.0,0.0,1.2775003452318343,
2023-09-18,0.0,0.0,0.0,0.0,1.2775003452318343,
2023-09-19,0.0,0.0,0.0,0.0,1.2775003452318343,
2023-09-20,0.0,1.0,5.312995370085426e-05,-5.312995370085426e-05,1.2774324716976393,0.5312995370085426
2023-09-21,-2.4999995000000716e-05,1.0,5.309432686655142e-05,-7.809432186655214e-05,1.2773327114750317,0.5309432686655142
2023-09-22,0.0,0.0,0.0,0.0,1.2773327114750317,
2023-09-25,0.0,0.0,0.0,0.0,1.2773327114750317,
2023-09-26,0.0,0.0,0.0,0.0,1.2773327114750317,
2023-09-27,0.0,0.0,0.0,0.0,1.2773327114750317,
2023-09-28,0.0,0.0,0.0,0.0,1.2773327114750317,
2023-09-29,0.0,0.0,0.0,0.0,1.2773327114750317,
2023-10-02,0.0,0.0,0.0,0.0,1.2773327114750317,
2023-10-03,0.0,0.0,0.0,0.0,1.2773327114750317,
2023-10-04,0.0,0.0,0.0,0.0,1.2773327114750317,
2023-10-05,0.0,0.0,0.0,0.0,1.2773327114750317,
2023-10-06,0.0,0.0,0.0,0.0,1.2773327114750317,
2023-10-09,0.0,0.0,0.0,0.0,1.2773327114750317,
2023-10-10,0.0,0.0,0.0,0.0,1.2773327114750317,
2023-10-11,0.0,0.0,0.0,0.0,1.2773327114750317,
2023-10-12,0.0,0.0,0.0,0.0,1.2773327114750317,
2023-10-13,0.0,0.0,0.0,0.0,1.2773327114750317,
2023-10-16,0.0,0.0,0.0,0.0,1.2773327114750317,
2023-10-17,0.0,0.0,0.0,0.0,1.2773327114750317,
2023-10-18,0.0,0.0,0.0,0.0,1.2773327114750317,
2023-10-19,0.0,0.0,0.0,0.0,1.2773327114750317,
2023-10-20,0.0,0.0,0.0,0.0,1.2773327114750317,
2023-10-23,0.0,0.0,0.0,0.0,1.2773327114750317,
2023-10-24,0.0,0.0,0.0,0.0,1.2773327114750317,
2023-10-25,0.0,1.0,6.1722476909384e-05,-6.1722476909384e-05,1.277253871336242,0.61722476909384
2023-10-26,0.007440323999999998,2.0,0.000118899301060159,0.007321424698939839,1.28660518937666,0.594496505300795
2023-10-27,0.0016000150000000457,1.0,5.663195056989887e-05,0.0015433830494301468,1.288590914017253,0.5663195056989887
2023-10-30,0.0,1.0,5.663195056989887e-05,-5.663195056989887e-05,1.2885179386003054,0.5663195056989887
2023-10-31,0.0,1.0,5.6544156836488945e-05,-5.6544156836488945e-05,1.2884450804398986,0.5654415683648895
2023-11-01,0.0,1.0,5.666971187797836e-05,-5.666971187797836e-05,1.2883720646284194,0.5666971187797836
2023-11-02,-0.010002017500000009,1.0,5.6862792491867335e-05,-0.010058880292491875,1.2754124842581314,0.5686279249186734
2023-11-03,0.0,0.0,0.0,0.0,1.2754124842581314,
2023-11-06,0.0,1.0,5.699830487950052e-05,-5.699830487950052e-05,1.2753397879085064,0.5699830487950052
2023-11-07,0.007200303749999984,2.0,0.0001173606195608807,0.0070829431304391035,1.2843729470982486,0.5868030978044034
2023-11-08,0.0002699995000000265,1.0,6.021972585787751e-05,0.00020977977414214898,1.284642382565005,0.602197258578775
2023-11-09,0.0,0.0,0.0,0.0,1.284642382565005,
2023-11-10,0.0,0.0,0.0,0.0,1.284642382565005,
2023-11-13,0.0,0.0,0.0,0.0,1.284642382565005,
2023-11-14,0.0,0.0,0.0,0.0,1.284642382565005,
2023-11-15,0.0,0.0,0.0,0.0,1.284642382565005,
2023-11-16,0.0,0.0,0.0,0.0,1.284642382565005,
2023-11-17,0.0,1.0,6.481410230552777e-05,-6.481410230552777e-05,1.2845591196221955,0.6481410230552778
2023-11-20,0.009000449999999946,1.0,6.489564453082511e-05,0.008935554355469121,1.2960373674583934,0.648956445308251
2023-11-21,0.0,0.0,0.0,0.0,1.2960373674583934,
2023-11-22,0.0,0.0,0.0,0.0,1.2960373674583934,
2023-11-23,0.0,0.0,0.0,0.0,1.2960373674583934,
2023-11-24,0.0,0.0,0.0,0.0,1.2960373674583934,
2023-11-27,0.0,1.0,5.844178720333799e-05,-5.844178720333799e-05,1.2959616247183567,0.5844178720333799
2023-11-28,-0.004050101249999991,1.0,5.846344749513017e-05,-0.004108564697495121,1.2906370825377305,0.5846344749513017
2023-11-29,0.0,0.0,0.0,0.0,1.2906370825377305,
2023-11-30,0.0,0.0,0.0,0.0,1.2906370825377305,
2023-12-01,0.0,1.0,6.401408358068422e-05,-6.401408358068422e-05,1.2905544635876565,0.6401408358068422
2023-12-04,0.005999797499999894,1.0,6.400040354543497e-05,0.0059357970964544595,1.2982149330254364,0.6400040354543497
2023-12-05,0.0,1.0,5.794648413888127e-05,-5.794648413888127e-05,1.2981397060344109,0.5794648413888127
2023-12-06,0.004800134999999971,1.0,5.7978980153740546e-05,0.0047421560198462305,1.3042956870559832,0.5797898015374054
2023-12-07,0.0,1.0,5.600965602743386e-05,-5.600965602743386e-05,1.304222633903193,0.5600965602743386
2023-12-08,-0.0006749537500000298,1.0,5.610396417730412e-05,-0.0007310577141773339,1.3032691718856735,0.5610396417730412
2023-12-11,0.0,0.0,0.0,0.0,1.3032691718856735,
2023-12-12,0.0,0.0,0.0,0.0,1.3032691718856735,
2023-12-13,0.0,0.0,0.0,0.0,1.3032691718856735,
2023-12-14,0.0,1.0,5.8172763779567497e-05,-5.8172763779567497e-05,1.3031933571159962,0.5817276377956749
2023-12-15,0.0008000037499999674,1.0,5.8155463317366096e-05,0.0007418482866826013,1.3041601288751887,0.581554633173661
2023-12-18,0.0,1.0,5.803171678884853e-05,-5.803171678884853e-05,1.3040844462239425,0.5803171678884853
2023-12-19,0.0016000149999999902,1.0,5.802839241353852e-05,0.0015419866075864516,1.3060953269751816,0.5802839241353852
2023-12-20,0.0,0.0,0.0,0.0,1.3060953269751816,
2023-12-21,0.0,0.0,0.0,0.0,1.3060953269751816,
2023-12-22,0.0,0.0,0.0,0.0,1.3060953269751816,
2023-12-25,0.0,0.0,0.0,0.0,1.3060953269751816,
2023-12-26,0.0,0.0,0.0,0.0,1.3060953269751816,
2023-12-27,0.0,0.0,0.0,0.0,1.3060953269751816,
2023-12-28,0.0,0.0,0.0,0.0,1.3060953269751816,
2023-12-29,0.0,0.0,0.0,0.0,1.3060953269751816,
2024-01-01,0.0,0.0,0.0,0.0,1.3060953269751816,
2024-01-02,0.0,0.0,0.0,0.0,1.3060953269751816,
2024-01-03,0.0,0.0,0.0,0.0,1.3060953269751816,
2024-01-04,0.0,0.0,0.0,0.0,1.3060953269751816,
2024-01-05,0.0,0.0,0.0,0.0,1.3060953269751816,
2024-01-08,0.0,0.0,0.0,0.0,1.3060953269751816,
2024-01-09,0.0,0.0,0.0,0.0,1.3060953269751816,
2024-01-10,0.0,0.0,0.0,0.0,1.3060953269751816,
2024-01-11,0.0,0.0,0.0,0.0,1.3060953269751816,
2024-01-12,0.0,0.0,0.0,0.0,1.3060953269751816,
2024-01-15,0.0,0.0,0.0,0.0,1.3060953269751816,
2024-01-16,0.0,0.0,0.0,0.0,1.3060953269751816,
2024-01-17,0.0,0.0,0.0,0.0,1.3060953269751816,
2024-01-18,0.0,0.0,0.0,0.0,1.3060953269751816,
2024-01-19,0.0,0.0,0.0,0.0,1.3060953269751816,
2024-01-22,0.0,0.0,0.0,0.0,1.3060953269751816,
2024-01-23,0.0,0.0,0.0,0.0,1.3060953269751816,
2024-01-24,0.0,0.0,0.0,0.0,1.3060953269751816,
2024-01-25,0.0,0.0,0.0,0.0,1.3060953269751816,
2024-01-26,0.0,0.0,0.0,0.0,1.3060953269751816,
2024-01-29,0.0,0.0,0.0,0.0,1.3060953269751816,
2024-01-30,0.0,0.0,0.0,0.0,1.3060953269751816,
2024-01-31,0.0,0.0,0.0,0.0,1.3060953269751816,
2024-02-01,0.0,0.0,0.0,0.0,1.3060953269751816,
2024-02-02,0.0,0.0,0.0,0.0,1.3060953269751816,
2024-02-05,0.0,1.0,6.334543236361233e-05,-6.334543236361233e-05,1.3060125918019863,0.6334543236361233
2024-02-06,-0.010500612500000093,0.0,0.0,-0.010500612500000093,1.2922986596553527,
2024-02-07,0.002999950000000086,1.0,6.278434777462656e-05,0.0029371656522254592,1.2960943548909094,0.6278434777462656
2024-02-08,0.0,0.0,0.0,0.0,1.2960943548909094,
2024-02-09,0.0,0.0,0.0,0.0,1.2960943548909094,
2024-02-12,0.0,0.0,0.0,0.0,1.2960943548909094,
2024-02-13,0.0,0.0,0.0,0.0,1.2960943548909094,
2024-02-14,0.0,0.0,0.0,0.0,1.2960943548909094,
2024-02-15,0.0,0.0,0.0,0.0,1.2960943548909094,
2024-02-16,0.0,0.0,0.0,0.0,1.2960943548909094,
2024-02-19,0.0,0.0,0.0,0.0,1.2960943548909094,
2024-02-20,0.0,0.0,0.0,0.0,1.2960943548909094,
2024-02-21,0.0,1.0,6.281643542289167e-05,-6.281643542289167e-05,1.2960129388635633,0.6281643542289167
2024-02-22,-0.0015000124999999388,0.0,0.0,-0.0015000124999999388,1.2940689032551063,
2024-02-23,-0.010500612499999989,1.0,6.21465160892885e-05,-0.010562759016089277,1.2803999652798077,0.6214651608928851
2024-02-26,0.0,0.0,0.0,0.0,1.2803999652798077,
2024-02-27,0.0,0.0,0.0,0.0,1.2803999652798077,
2024-02-28,0.0,0.0,0.0,0.0,1.2803999652798077,
2024-02-29,0.0,0.0,0.0,0.0,1.2803999652798077,
2024-03-01,0.0,0.0,0.0,0.0,1.2803999652798077,
2024-03-04,0.0,1.0,6.019050183669166e-05,-6.019050183669166e-05,1.2803228973633458,0.6019050183669166
2024-03-05,-0.0003800007999999977,0.0,0.0,-0.0003800007999999977,1.2798363736380893,
2024-03-06,9.499994999999613e-05,0.0,0.0,9.499994999999613e-05,1.279957958029593,
2024-03-07,-0.00019000020000000542,2.0,0.00011939279966516442,-0.00030939299966516984,1.2795619479975129,0.5969639983258221
2024-03-08,0.001499987500000043,0.0,0.0,0.001499987500000043,1.2814812749249849,
2024-03-11,0.0,0.0,0.0,0.0,1.2814812749249849,
2024-03-12,0.008999549999999945,1.0,6.0643636861980844e-05,0.008938906363137964,1.292936316047654,0.6064363686198084
2024-03-13,0.0,1.0,6.0534634833417165e-05,-6.0534634833417165e-05,1.292858048619899,0.6053463483341717
2024-03-14,0.01349898749999997,0.0,0.0,0.01349898749999997,1.3103103232574935,
2024-03-15,0.001499987499999939,1.0,6.0750587948709486e-05,0.0014392369120512294,1.3121961702409675,0.6075058794870949
2024-03-18,0.0,1.0,6.075584192860886e-05,-6.075584192860886e-05,1.312116446657869,0.6075584192860886
2024-03-19,-0.004500112500000025,0.0,0.0,-0.004500112500000025,1.3062117750348083,
2024-03-20,-0.0015000125000000429,0.0,0.0,-0.0015000125000000429,1.3042524410446088,
2024-03-21,0.0,0.0,0.0,0.0,1.3042524410446088,
2024-03-22,-0.00900045000000005,0.0,0.0,-0.00900045000000005,1.2925135821616087,
2024-03-25,0.005999800000000068,0.0,0.0,0.005999800000000068,1.300268405151862,
2024-03-26,-0.003000049999999982,0.0,0.0,-0.003000049999999982,1.2963675349229862,
2024-03-27,-0.006000199999999963,0.0,0.0,-0.006000199999999963,1.2885890704399412,
2024-03-28,0.0,1.0,6.0188893920442674e-05,-6.0188893920442674e-05,1.2885115116890735,0.6018889392044268
2024-03-29,0.0,0.0,0.0,0.0,1.2885115116890735,
2024-04-01,0.0,0.0,0.0,0.0,1.2885115116890735,
2024-04-02,0.0,1.0,6.052819727461007e-05,-6.052819727461007e-05,1.2884335204101034,0.6052819727461007
2024-04-03,0.0,0.0,0.0,0.0,1.2884335204101034,
2024-04-04,-0.006000199999999963,1.0,6.054637324868434e-05,-0.006060746373248648,1.280624651624106,0.6054637324868434
2024-04-05,0.0,0.0,0.0,0.0,1.280624651624106,
2024-04-08,0.0,1.0,6.072570174702343e-05,-6.072570174702343e-05,1.2805468847934616,0.6072570174702343
2024-04-09,-0.007500312500000111,1.0,6.046117384389009e-05,-0.007560773673844001,1.2708649596187922,0.6046117384389009
2024-04-10,0.0,0.0,0.0,0.0,1.2708649596187922,
2024-04-11,0.0,0.0,0.0,0.0,1.2708649596187922,
2024-04-12,0.0,0.0,0.0,0.0,1.2708649596187922,
2024-04-15,0.0,0.0,0.0,0.0,1.2708649596187922,
2024-04-16,0.0,0.0,0.0,0.0,1.2708649596187922,
2024-04-17,0.0,1.0,6.0390673784452856e-05,-6.0390673784452856e-05,1.2707882112275917,0.6039067378445285
2024-04-18,-0.005999797500000033,1.0,6.037271518643905e-05,-0.006060170215186472,1.2630870183601002,0.6037271518643905
2024-04-19,0.0,0.0,0.0,0.0,1.2630870183601002,
2024-04-22,0.0,1.0,5.8617417652965995e-05,-5.8617417652965995e-05,1.263012979460813,0.58617417652966
2024-04-23,-0.00019000020000000542,1.0,5.859930361127401e-05,-0.0002485995036112794,1.2626989950610645,0.5859930361127401
2024-04-24,0.0,1.0,6.13657230749719e-05,-6.13657230749719e-05,1.2626215086242065,0.613657230749719
2024-04-25,0.007499687500000006,1.0,6.0809913842771136e-05,0.007438877586157236,1.272013995464511,0.6080991384277113
2024-04-26,0.0,0.0,0.0,0.0,1.272013995464511,
2024-04-29,0.0,0.0,0.0,0.0,1.272013995464511,
2024-04-30,0.0,0.0,0.0,0.0,1.272013995464511,
2024-05-01,0.0,0.0,0.0,0.0,1.272013995464511,
2024-05-02,0.0,0.0,0.0,0.0,1.272013995464511,
2024-05-03,0.0,0.0,0.0,0.0,1.272013995464511,
2024-05-06,0.0,1.0,6.0166689821220246e-05,-6.0166689821220246e-05,1.2719374625929978,0.6016668982122024
2024-05-07,-0.004500112500000025,0.0,0.0,-0.004500112500000025,1.2662136009183647,
2024-05-08,0.004499887500000025,1.0,5.9824677795495906e-05,0.004440062822204529,1.271835668852772,0.5982467779549591
2024-05-09,0.0,0.0,0.0,0.0,1.271835668852772,
2024-05-10,0.0,0.0,0.0,0.0,1.271835668852772,
2024-05-13,0.0,0.0,0.0,0.0,1.271835668852772,
2024-05-14,0.0,0.0,0.0,0.0,1.271835668852772,
2024-05-15,0.0,0.0,0.0,0.0,1.271835668852772,
2024-05-16,0.0,0.0,0.0,0.0,1.271835668852772,
2024-05-17,0.0,0.0,0.0,0.0,1.271835668852772,
2024-05-20,0.0,0.0,0.0,0.0,1.271835668852772,
2024-05-21,0.0,0.0,0.0,0.0,1.271835668852772,
2024-05-22,0.0,1.0,5.987492401458283e-05,-5.987492401458283e-05,1.2717595177887404,0.5987492401458283
2024-05-23,0.005999799999999964,0.0,0.0,0.005999799999999964,1.2793898205435692,
2024-05-24,-0.003000049999999878,1.0,5.65171504442515e-05,-0.0030565671504441294,1.2754792796454832,0.565171504442515
2024-05-27,0.0,0.0,0.0,0.0,1.2754792796454832,
2024-05-28,-0.0022495949999999957,1.0,5.64657763678535e-05,-0.0023060607763678493,1.2725379469076228,0.564657763678535
2024-05-29,0.011999199999999927,0.0,0.0,0.011999199999999927,1.2878073842401567,
2024-05-30,-0.00900045000000005,1.0,5.664878549684716e-05,-0.009057098785496898,1.2761435855444012,0.5664878549684716
2024-05-31,0.0017501237500000153,1.0,5.6689388525914775e-05,0.0016934343614741006,1.2783046509423368,0.5668938852591477
2024-06-03,0.0,0.0,0.0,0.0,1.2783046509423368,
2024-06-04,0.0,0.0,0.0,0.0,1.2783046509423368,
2024-06-05,0.0,0.0,0.0,0.0,1.2783046509423368,
2024-06-06,0.0,0.0,0.0,0.0,1.2783046509423368,
2024-06-07,0.0,0.0,0.0,0.0,1.2783046509423368,
2024-06-10,0.0,1.0,5.7769150447876015e-05,-5.7769150447876015e-05,1.2782308043686383,0.5776915044787602
2024-06-11,0.0010800090000000061,1.0,5.778993870382917e-05,0.001022219061296177,1.2795374362615999,0.5778993870382917
2024-06-12,0.0,0.0,0.0,0.0,1.2795374362615999,
2024-06-13,0.0,0.0,0.0,0.0,1.2795374362615999,
2024-06-14,0.0,0.0,0.0,0.0,1.2795374362615999,
2024-06-17,0.0,0.0,0.0,0.0,1.2795374362615999,
2024-06-18,0.0,0.0,0.0,0.0,1.2795374362615999,
2024-06-19,0.0,0.0,0.0,0.0,1.2795374362615999,
2024-06-20,0.0,0.0,0.0,0.0,1.2795374362615999,
2024-06-21,0.0,0.0,0.0,0.0,1.2795374362615999,
2024-06-24,0.0,0.0,0.0,0.0,1.2795374362615999,
2024-06-25,0.0,0.0,0.0,0.0,1.2795374362615999,
2024-06-26,0.0,0.0,0.0,0.0,1.2795374362615999,
2024-06-27,0.0,1.0,6.091400090057669e-05,-6.091400090057669e-05,1.2794594945170552,0.6091400090057669
2024-06-28,0.0037199190000000207,1.0,6.085096039087595e-05,0.0036590680396091447,1.284141123861417,0.6085096039087595
2024-07-01,0.0,0.0,0.0,0.0,1.284141123861417,
2024-07-02,0.0,0.0,0.0,0.0,1.284141123861417,
2024-07-03,0.0,0.0,0.0,0.0,1.284141123861417,
2024-07-04,0.0,0.0,0.0,0.0,1.284141123861417,
2024-07-05,0.0,0.0,0.0,0.0,1.284141123861417,
2024-07-08,0.0,1.0,5.9950482728869526e-05,-5.9950482728869526e-05,1.2840641389811496,0.5995048272886953
2024-07-09,0.0012399909999999926,1.0,5.991424082346858e-05,0.0011800767591765241,1.2855794332288533,0.5991424082346858
2024-07-10,0.0,0.0,0.0,0.0,1.2855794332288533,
2024-07-11,0.0,0.0,0.0,0.0,1.2855794332288533,
2024-07-12,0.0,0.0,0.0,0.0,1.2855794332288533,
2024-07-15,0.0,0.0,0.0,0.0,1.2855794332288533,
2024-07-16,0.0,0.0,0.0,0.0,1.2855794332288533,
2024-07-17,0.0,0.0,0.0,0.0,1.2855794332288533,
2024-07-18,0.0,0.0,0.0,0.0,1.2855794332288533,
2024-07-19,0.0,0.0,0.0,0.0,1.2855794332288533,
2024-07-22,0.0,0.0,0.0,0.0,1.2855794332288533,
2024-07-23,0.0,0.0,0.0,0.0,1.2855794332288533,
2024-07-24,0.0,1.0,5.832237980686521e-05,-5.832237980686521e-05,1.2855044551768766,0.5832237980686521
2024-07-25,-0.0005399979999999967,1.0,5.8211324342493566e-05,-0.0005982093243424903,1.284735454425306,0.5821132434249356
2024-07-26,0.0,1.0,5.6264067719626295e-05,-5.6264067719626295e-05,1.2846631699826965,0.562640677196263
2024-07-29,-0.0004850042499999803,0.0,0.0,-0.0004850042499999803,1.2840401028854365,
2024-07-30,-0.00021500225000000616,1.0,5.625926761724993e-05,-0.0002712615176172561,1.2836917922184463,0.5625926761724993
2024-07-31,-0.0037200809999999775,0.0,0.0,-0.0037200809999999775,1.2789163547723585,
2024-08-01,-0.00682027224999998,1.0,5.987292136458033e-05,-0.00688014517136456,1.2701172245894923,0.5987292136458033
2024-08-02,0.0,1.0,6.070896827963391e-05,-6.070896827963391e-05,1.2700401170831934,0.6070896827963391
2024-08-05,-0.0012400089999999927,1.0,5.727996930176902e-05,-0.0012972889693017616,1.2683925080487306,0.5727996930176902
2024-08-06,0.0033548161250000173,1.0,5.746022845405989e-05,0.0032973558965459573,1.2725748495642797,0.5746022845405989
2024-08-07,0.0,1.0,5.716886709091693e-05,-5.716886709091693e-05,1.2725020979018418,0.5716886709091693
2024-08-08,-0.001799979999999989,1.0,5.71527670359929e-05,-0.0018571327670359819,1.2701388925597061,0.571527670359929
2024-08-09,0.0,0.0,0.0,0.0,1.2701388925597061,
2024-08-12,0.0,0.0,0.0,0.0,1.2701388925597061,
2024-08-13,0.0,0.0,0.0,0.0,1.2701388925597061,
2024-08-14,0.0,1.0,6.109413823366647e-05,-6.109413823366647e-05,1.2700612945186283,0.6109413823366646
2024-08-15,0.006819727749999981,1.0,6.130296696212516e-05,0.006758424783037856,1.2786449082474802,0.6130296696212516
2024-08-16,0.0,0.0,0.0,0.0,1.2786449082474802,
2024-08-19,0.0,1.0,6.130896349659119e-05,-6.130896349659119e-05,1.2785665158534754,0.6130896349659118
2024-08-20,-0.003100056250000003,0.0,0.0,-0.003100056250000003,1.274602887734963,
2024-08-21,-0.0024800359999999854,1.0,6.104850265036734e-05,-0.0025410845026503526,1.2713640140899065,0.6104850265036733
2024-08-22,0.0,0.0,0.0,0.0,1.2713640140899065,
2024-08-23,0.0,0.0,0.0,0.0,1.2713640140899065,
2024-08-26,0.0,0.0,0.0,0.0,1.2713640140899065,
2024-08-27,0.0,0.0,0.0,0.0,1.2713640140899065,
2024-08-28,0.0,1.0,5.7214823096679815e-05,-5.7214823096679815e-05,1.2712912732227488,0.5721482309667981
2024-08-29,0.0013499887500000075,1.0,5.619227172443907e-05,0.0012937964782755685,1.272936065394907,0.5619227172443907
2024-08-30,0.0007199866249999894,1.0,5.582535804651084e-05,0.0006641612669534786,1.2737815002248505,0.5582535804651083
2024-09-02,0.0,0.0,0.0,0.0,1.2737815002248505,
2024-09-03,0.0,0.0,0.0,0.0,1.2737815002248505,
2024-09-04,0.0,1.0,5.6767527985036246e-05,-5.6767527985036246e-05,1.2737091907978897,0.5676752798503625
2024-09-05,-0.0009000049999999945,1.0,5.669608621669921e-05,-0.0009567010862166937,1.2724906318315292,0.5669608621669922
2024-09-06,0.0,0.0,0.0,0.0,1.2724906318315292,
2024-09-09,0.0,0.0,0.0,0.0,1.2724906318315292,
2024-09-10,0.0,0.0,0.0,0.0,1.2724906318315292,
2024-09-11,0.0,0.0,0.0,0.0,1.2724906318315292,
2024-09-12,0.0,0.0,0.0,0.0,1.2724906318315292,
2024-09-13,0.0,0.0,0.0,0.0,1.2724906318315292,
2024-09-16,0.0,0.0,0.0,0.0,1.2724906318315292,
2024-09-17,0.0,0.0,0.0,0.0,1.2724906318315292,
2024-09-18,0.0,0.0,0.0,0.0,1.2724906318315292,
2024-09-19,0.0,0.0,0.0,0.0,1.2724906318315292,
2024-09-20,0.0,0.0,0.0,0.0,1.2724906318315292,
2024-09-23,0.0,0.0,0.0,0.0,1.2724906318315292,
2024-09-24,0.0,0.0,0.0,0.0,1.2724906318315292,
2024-09-25,0.0,0.0,0.0,0.0,1.2724906318315292,
2024-09-26,0.0,0.0,0.0,0.0,1.2724906318315292,
2024-09-27,0.0,0.0,0.0,0.0,1.2724906318315292,
2024-09-30,0.0,1.0,5.627196704563e-05,-5.627196704563e-05,1.272419026280629,0.5627196704563
2024-10-01,5.00000199999997e-05,0.0,0.0,5.00000199999997e-05,1.2724826472573916,
2024-10-02,5.00000199999997e-05,1.0,5.625844062814731e-05,-6.258420628147608e-06,1.272474683525743,0.5625844062814731
2024-10-03,0.0,0.0,0.0,0.0,1.272474683525743,
2024-10-04,0.0,1.0,5.616166987606847e-05,-5.616166987606847e-05,1.272403219222641,0.5616166987606848
2024-10-07,-4.999995999999883e-05,0.0,0.0,-4.999995999999883e-05,1.272339599112576,
2024-10-08,2.4999982654514124e-12,0.12195121951219512,6.341080601285926e-06,-6.34107810128766e-06,1.2723315311078067,0.5199686093054459
2024-10-09,3.902437548780426e-05,0.12195121951219512,6.3411462273175554e-06,3.2683229260486706e-05,1.2723731150109334,0.5199739906400396
2024-10-10,-2.5000007499998982e-05,0.0,0.0,-2.5000007499998982e-05,1.2723413056735153,
2024-10-11,2.4999991328131504e-12,0.0,0.0,2.4999991328131504e-12,1.2723413056766961,
2024-10-14,0.0,0.0,0.0,0.0,1.2723413056766961,
2024-10-15,-5.0000030000001434e-05,0.0,0.0,-5.0000030000001434e-05,1.272277688573242,
2024-10-16,1.2500002500000358e-05,0.0,0.0,1.2500002500000358e-05,1.27229359204753,
2024-10-17,4.999994250000143e-05,0.0,0.0,4.999994250000143e-05,1.2723572066539757,
2024-10-18,1.2500002500000358e-05,0.0,0.0,1.2500002500000358e-05,1.2723731111222396,
2024-10-21,4.999996999999796e-05,1.0,5.6252050508530954e-05,-6.252080508532994e-06,1.272365156143112,0.5625205050853095
2024-10-22,0.0,1.0,6.105533079482703e-05,-6.105533079482703e-05,1.2722874714676118,0.6105533079482702
2024-10-23,0.0,0.0,0.0,0.0,1.2722874714676118,
2024-10-24,0.0,0.0,0.0,0.0,1.2722874714676118,
2024-10-25,0.0,0.0,0.0,0.0,1.2722874714676118,
2024-10-28,0.0,1.0,5.5324520820142846e-05,-5.5324520820142846e-05,1.2722170827729073,0.5532452082014284
2024-10-29,-2.5000007499998982e-05,0.0,0.0,-2.5000007499998982e-05,1.2721852773362963,
2024-10-30,1.2500014999999488e-05,0.0,0.0,1.2500014999999488e-05,1.2722011796713457,
2024-10-31,1.2500014999999488e-05,1.0,5.509495077448148e-05,-4.2594935774482e-05,1.2721469903438054,0.5509495077448148
2024-11-01,0.0,0.0,0.0,0.0,1.2721469903438054,
2024-11-04,0.0,1.0,5.488111119498638e-05,-5.488111119498638e-05,1.272077173503372,0.5488111119498638
2024-11-05,-1.0975546585365408e-05,0.0,0.0,-1.0975546585365408e-05,1.2720632117610942,
2024-11-06,-3.780393243902167e-05,0.15625,8.192646188466636e-06,-4.59965786274883e-05,1.2720047012055553,0.5243293560618647
2024-11-07,-9.192210112233363e-05,0.15625,8.182515380755616e-06,-0.00010010461650308925,1.271877367662751,0.5236809843683594
2024-11-08,-4.877697682928927e-06,0.0,0.0,-4.877697682928927e-06,1.2718711638294617,
2024-11-11,0.0,0.0,0.0,0.0,1.2718711638294617,
2024-11-12,-1.2803969939022484e-05,0.12195121951219512,6.303799212517627e-06,-1.9107769151540112e-05,1.2718468612088727,0.5169115354264454
2024-11-13,-8.750016499999992e-05,0.0,0.0,-8.750016499999992e-05,1.2717355743986622,
2024-11-14,6.249993499999832e-05,0.12195121951219512,6.303266606894795e-06,5.619666839310353e-05,1.2718070417010205,0.5168678617653731
2024-11-15,6.890257091463536e-05,1.0,5.47365124120363e-05,1.4166058502599066e-05,1.2718250581939774,0.547365124120363
2024-11-18,0.0,1.0,5.631774024536539e-05,-5.631774024536539e-05,1.2717534318807124,0.5631774024536539
2024-11-19,2.5000005000000716e-05,2.0,0.0001121198864973952,-8.711988149739448e-05,1.2716426368724332,0.5605994324869761
2024-11-20,0.0013499887500000075,2.0,0.00011073974347020516,0.0012392490065298023,1.2732185187468383,0.5536987173510257
2024-11-21,-1.1363414166666154e-05,0.13030303030303028,6.689738298393331e-06,-1.8053152465059483e-05,1.273195533138798,0.5133985205743721
2024-11-22,2.2499993249999083e-05,0.09999999999999999,5.153205190968861e-06,1.7346788059030223e-05,1.2732176189918691,0.5153205190968861
2024-11-25,1.2500002500000358e-05,2.0,0.00011419825483700361,-0.00010169825233700325,1.273088134985173,0.570991274185018
2024-11-26,0.0,2.0,0.00011452144772749056,-0.00011452144772749056,1.27294233908887,0.5726072386374529
2024-11-27,-0.001207522274999991,1.0,5.542623640249106e-05,-0.001262948511402482,1.2713346784566164,0.5542623640249107
2024-11-28,0.0,0.0,0.0,0.0,1.2713346784566164,
2024-11-29,6.309395443925751e-05,1.7476635514018692,9.587962333998111e-05,-3.2785668900723594e-05,1.2712929968987865,0.5486160265977528
2024-12-02,-0.0007999962500000784,1.0,5.5350405233082086e-05,-0.0008553466552331606,1.2702056006860678,0.5535040523308209
2024-12-03,0.0,0.0,0.0,0.0,1.2702056006860678,
2024-12-04,0.0,1.0,5.53478967828484e-05,-5.53478967828484e-05,1.2701352974775881,0.5534789678284839
2024-12-05,0.0016000150000000457,1.0,5.535357212179652e-05,0.0015446614278782492,1.2720972264797885,0.5535357212179652
2024-12-06,0.0,0.0,0.0,0.0,1.2720972264797885,
2024-12-09,0.0,0.0,0.0,0.0,1.2720972264797885,
2024-12-10,0.0,1.0,5.53565261953393e-05,-5.53565261953393e-05,1.272026807596348,0.553565261953393
2024-12-11,-0.003199940000000036,1.0,5.534525503717358e-05,-0.00325528525503721,1.2678859974855676,0.5534525503717358
2024-12-12,0.0,0.0,0.0,0.0,1.2678859974855676,
2024-12-13,0.0,0.0,0.0,0.0,1.2678859974855676,
2024-12-16,0.0,0.0,0.0,0.0,1.2678859974855676,
2024-12-17,0.0,0.0,0.0,0.0,1.2678859974855676,
2024-12-18,0.0,0.0,0.0,0.0,1.2678859974855676,
2024-12-19,0.0,0.0,0.0,0.0,1.2678859974855676,
2024-12-20,0.0,0.0,0.0,0.0,1.2678859974855676,
2024-12-23,0.0,0.0,0.0,0.0,1.2678859974855676,
2024-12-24,0.0,0.0,0.0,0.0,1.2678859974855676,
2024-12-25,0.0,0.0,0.0,0.0,1.2678859974855676,
2024-12-26,0.0,1.0,5.54836943710242e-05,-5.54836943710242e-05,1.2678156504863858,0.554836943710242
2024-12-27,-0.0031999399999999806,1.0,5.527503447387456e-05,-0.0032552150344738553,1.2636886379199812,0.5527503447387456
2024-12-30,0.0,0.0,0.0,0.0,1.2636886379199812,
2024-12-31,0.0,1.0,5.4515991830917136e-05,-5.4515991830917136e-05,1.2636197466805195,0.5451599183091713
2025-01-01,0.0,0.0,0.0,0.0,1.2636197466805195,
2025-01-02,0.00014693946428570828,1.0,5.451201262959378e-05,9.24274516561145e-05,1.2637365398335674,0.5451201262959378
2025-01-03,0.0,0.0,0.0,0.0,1.2637365398335674,
2025-01-06,0.0,1.0,5.5530730788137075e-05,-5.5530730788137075e-05,1.2636663636199867,0.5553073078813707
2025-01-07,-0.0003599989999999853,0.0,0.0,-0.0003599989999999853,1.26321144499275,
2025-01-08,0.00036000099999998535,1.0,5.553515557769635e-05,0.000304465844422289,1.2635960497320335,0.5553515557769635
2025-01-09,0.0,0.0,0.0,0.0,1.2635960497320335,
2025-01-10,0.0,0.0,0.0,0.0,1.2635960497320335,
2025-01-13,0.0,0.0,0.0,0.0,1.2635960497320335,
2025-01-14,0.0,0.0,0.0,0.0,1.2635960497320335,
2025-01-15,0.0,0.0,0.0,0.0,1.2635960497320335,
2025-01-16,0.0,1.0,5.548238061202808e-05,-5.548238061202808e-05,1.2635259424150624,0.5548238061202808
2025-01-17,0.0,1.0,5.546545390984848e-05,-5.546545390984848e-05,1.2634558603751396,0.5546545390984848
2025-01-20,0.0,0.0,0.0,0.0,1.2634558603751396,
2025-01-21,0.0,0.0,0.0,0.0,1.2634558603751396,
2025-01-22,0.0,0.0,0.0,0.0,1.2634558603751396,
2025-01-23,0.0,1.0,5.9763686130503755e-05,-5.9763686130503755e-05,1.2633803515956603,0.5976368613050376
2025-01-24,0.004000090000000115,1.0,5.952230012252045e-05,0.003940567699877594,1.2683587874018183,0.5952230012252044
2025-01-27,0.0,0.0,0.0,0.0,1.2683587874018183,
2025-01-28,0.0,1.0,5.548493056262669e-05,-5.548493056262669e-05,1.2682884126025709,0.5548493056262669
2025-01-29,0.0,1.0,5.509267225869321e-05,-5.509267225869321e-05,1.2682185392047258,0.5509267225869321
2025-01-30,0.0,1.0,5.4894912613267535e-05,-5.4894912613267535e-05,1.2681489204588416,0.5489491261326753
2025-01-31,-0.004799865000000026,1.0,5.494535106692552e-05,-0.004854810351066952,1.2619922979531037,0.5494535106692552
2025-02-03,0.0,0.0,0.0,0.0,1.2619922979531037,
2025-02-04,0.0,0.0,0.0,0.0,1.2619922979531037,
2025-02-05,0.0,1.0,5.50559531684499e-05,-5.50559531684499e-05,1.2619228177642487,0.550559531684499
2025-02-06,-4.999875000005348e-05,0.0,0.0,-4.999875000005348e-05,1.261859723200764,
2025-02-07,0.0021498737500000127,1.0,5.507849939805358e-05,0.0020947952506019593,1.2645030609558507,0.5507849939805358
2025-02-10,0.0,1.0,5.508091203014267e-05,-5.508091203014267e-05,1.2644334109739885,0.5508091203014267
2025-02-11,0.0017999168750000274,0.0,0.0,0.0017999168750000274,1.2667092860077145,
2025-02-12,0.004299495000000026,2.0,0.0001128541868355712,0.004186640813164455,1.272012542802929,0.564270934177856
2025-02-13,-0.001620018000000009,1.0,5.768826789835241e-05,-0.0016777062678983614,1.2698784793870233,0.5768826789835241
2025-02-14,0.0,0.0,0.0,0.0,1.2698784793870233,
2025-02-17,0.0,0.0,0.0,0.0,1.2698784793870233,
2025-02-18,0.0,0.0,0.0,0.0,1.2698784793870233,
2025-02-19,0.0,1.0,5.65071710209827e-05,-5.65071710209827e-05,1.2698067221466127,0.565071710209827
2025-02-20,0.0005000199999998756,0.9404388714733543,5.183696598498639e-05,0.00044818303401488927,1.2703758279759567,0.551199738307022
2025-02-21,0.006419805834639566,0.0,0.0,0.006419805834639566,1.2785313941285819,
2025-02-24,0.0010000112499999592,0.9404388714733543,5.1872330917979075e-05,0.0009481389190819801,1.2797436195026233,0.5515757854278441
2025-02-25,0.003500736249999979,1.0,5.676568582489769e-05,0.0034439705641750814,1.2841510188578813,0.5676568582489769
2025-02-26,0.0,0.0,0.0,0.0,1.2841510188578813,
2025-02-27,0.0,1.0,6.0150505818016234e-05,-6.0150505818016234e-05,1.2840737765245502,0.6015050581801623
2025-02-28,-0.006000199999999963,1.0,6.0205293851666867e-05,-0.00606040529385163,1.2762917690116047,0.6020529385166686
2025-03-03,0.0,0.0,0.0,0.0,1.2762917690116047,
2025-03-04,0.0,0.0,0.0,0.0,1.2762917690116047,
2025-03-05,0.0,0.0,0.0,0.0,1.2762917690116047,
2025-03-06,0.0,0.0,0.0,0.0,1.2762917690116047,
2025-03-07,0.0,0.0,0.0,0.0,1.2762917690116047,
2025-03-10,0.0,0.0,0.0,0.0,1.2762917690116047,
2025-03-11,0.0,0.0,0.0,0.0,1.2762917690116047,
2025-03-12,0.0,0.0,0.0,0.0,1.2762917690116047,
2025-03-13,0.0,0.0,0.0,0.0,1.2762917690116047,
2025-03-14,0.0,0.0,0.0,0.0,1.2762917690116047,
2025-03-17,0.0,0.0,0.0,0.0,1.2762917690116047,
2025-03-18,0.0,0.0,0.0,0.0,1.2762917690116047,
2025-03-19,0.0,1.0,6.003294009778036e-05,-6.003294009778036e-05,1.2762151494642882,0.6003294009778036
2025-03-20,-0.0015000124999999388,0.0,0.0,-0.0015000124999999388,1.2743008107874023,
2025-03-21,0.004499887499999921,0.0,0.0,0.004499887499999921,1.2800350210771043,
2025-03-24,0.011999199999999927,1.0,6.0096931345654944e-05,0.011939103068654273,1.2953174911252308,0.6009693134565495
2025-03-25,0.0,1.0,5.449415878677149e-05,-5.449415878677149e-05,1.2952469038881902,0.5449415878677148
2025-03-26,-4.4999875000001295e-05,1.0,5.449989755043291e-05,-9.94997725504342e-05,1.2951180271158567,0.5449989755043291
2025-03-27,0.0,1.0,5.413002139206942e-05,-5.413002139206942e-05,1.2950479223493436,0.5413002139206942
2025-03-28,0.0036802188750000193,1.0,5.421931800538933e-05,0.00362599955699463,1.2997437655420694,0.5421931800538933
2025-03-31,0.0,0.0,0.0,0.0,1.2997437655420694,
2025-04-01,0.0,0.0,0.0,0.0,1.2997437655420694,
2025-04-02,0.0,0.0,0.0,0.0,1.2997437655420694,
2025-04-03,0.0,0.0,0.0,0.0,1.2997437655420694,
2025-04-04,0.0,0.0,0.0,0.0,1.2997437655420694,
2025-04-07,0.0,0.0,0.0,0.0,1.2997437655420694,
2025-04-08,0.0,0.0,0.0,0.0,1.2997437655420694,
2025-04-09,0.0,1.0,5.723639869698285e-05,-5.723639869698285e-05,1.2996693728897009,0.5723639869698285
2025-04-10,0.0009000049999999945,0.0,0.0,0.0009000049999999945,1.3008390818236486,
2025-04-11,-0.004949848750000017,1.0,5.737156987166787e-05,-0.005007220319871684,1.294325493940258,0.5737156987166787
2025-04-14,0.0,0.0,0.0,0.0,1.294325493940258,
2025-04-15,0.0,0.0,0.0,0.0,1.294325493940258,
2025-04-16,0.0,0.0,0.0,0.0,1.294325493940258,
2025-04-17,0.0,0.0,0.0,0.0,1.294325493940258,
2025-04-18,0.0,0.0,0.0,0.0,1.294325493940258,
2025-04-21,0.0,1.0,5.4990589934120895e-05,-5.4990589934120895e-05,1.2942543182177795,0.5499058993412089
2025-04-22,9.502616536356627e-06,0.9764235559428015,5.3854608060531366e-05,-4.435199152417474e-05,1.2941969154612278,0.5515496603165332
2025-04-23,0.00036508107402235363,0.0,0.0,0.00036508107402235363,1.2946694022611207,
2025-04-24,0.00014950830167597345,0.8938547486033519,4.93258580241228e-05,0.00010018244365185065,1.2947991054055605,0.5518330366448739
2025-04-25,0.0009300157500000114,0.0,0.0,0.0009300157500000114,1.2960032889666737,
2025-04-28,0.00177006137499998,1.4414290621779458,7.782393260176077e-05,0.0016922374423982193,1.2981964342577343,0.5399081692176491
2025-04-29,0.001538933037138437,1.4414290621779458,7.782239443780305e-05,0.0014611106427006339,1.3000932428841445,0.5398974981135479
2025-04-30,0.0003500043750000287,1.0,5.3739707402799e-05,0.0002962646675972297,1.300478414576593,0.53739707402799
2025-05-01,-0.0031011234567901312,1.0,5.303185634781758e-05,-0.003154155313137949,1.2963765036756352,0.5303185634781757
2025-05-02,-0.006399759999999961,0.0,0.0,-0.006399759999999961,1.2880800051824721,
2025-05-05,-0.0023999662500000132,1.6400000000000001,8.895971746025727e-05,-0.0024889259674602707,1.284874069409407,0.5424373015869346
2025-05-06,0.00152683038050848,1.335814984951687,7.259681094986312e-05,0.001454233569558617,1.2867425764137976,0.5434645648363404
2025-05-07,0.0007776274018691635,0.0,0.0,0.0007776274018691635,1.2877431827003687,
2025-05-08,-0.0015042587102803828,1.0,5.627475440798821e-05,-0.001560533464688371,1.2857336163698405,0.5627475440798821
2025-05-09,0.0,2.0,0.00011768478268813676,-0.00011768478268813676,1.2855823050886033,0.5884239134406838
2025-05-12,-0.004693322628504663,1.0,5.6696177347987947e-05,-0.004750018805852651,1.279475764962961,0.5669617734798795
2025-05-13,0.0,0.0,0.0,0.0,1.279475764962961,
2025-05-14,0.0,0.0,0.0,0.0,1.279475764962961,
2025-05-15,0.0,0.0,0.0,0.0,1.279475764962961,
2025-05-16,0.0,0.0,0.0,0.0,1.279475764962961,
2025-05-19,0.0,0.0,0.0,0.0,1.279475764962961,
2025-05-20,0.0,0.0,0.0,0.0,1.279475764962961,
2025-05-21,0.0,1.0,6.167694692924388e-05,-6.167694692924388e-05,1.279396850804108,0.6167694692924388
2025-05-22,0.003100056250000003,1.0,6.171944708042423e-05,0.0030383368029195785,1.2832840893414457,0.6171944708042423
2025-05-23,0.0,0.0,0.0,0.0,1.2832840893414457,
2025-05-26,0.0,0.0,0.0,0.0,1.2832840893414457,
2025-05-27,0.0,1.0,5.385672520822978e-05,-5.385672520822978e-05,1.283214975862882,0.5385672520822977
2025-05-28,-0.00018109717987805548,1.0,5.678771444746333e-05,-0.0002378848943255188,1.2829097184039517,0.5678771444746333
2025-05-29,0.002137128049634123,1.8780487804878048,0.00010379864219292869,0.0020333294074411945,1.2855182964614746,0.5526940688194905
2025-05-30,0.0005300063749999999,1.5633802816901408,8.517973854028769e-05,0.0004448266364597122,1.2860901292413969,0.5448433726450835
2025-06-02,-0.0014718005385211232,1.0,5.378377110491661e-05,-0.0015255843096260398,1.2841280903194614,0.5378377110491661
2025-06-03,0.0,0.0,0.0,0.0,1.2841280903194614,
2025-06-04,0.0,0.0,0.0,0.0,1.2841280903194614,
2025-06-05,0.0,0.0,0.0,0.0,1.2841280903194614,
2025-06-06,0.0,0.0,0.0,0.0,1.2841280903194614,
2025-06-09,0.0,0.0,0.0,0.0,1.2841280903194614,
2025-06-10,0.0,0.0,0.0,0.0,1.2841280903194614,
2025-06-11,0.0,0.0,0.0,0.0,1.2841280903194614,
2025-06-12,0.0,0.0,0.0,0.0,1.2841280903194614,
2025-06-13,0.0,0.0,0.0,0.0,1.2841280903194614,
2025-06-16,0.0,0.0,0.0,0.0,1.2841280903194614,
2025-06-17,0.0,0.0,0.0,0.0,1.2841280903194614,
2025-06-18,0.0,0.0,0.0,0.0,1.2841280903194614,
2025-06-19,0.0,0.0,0.0,0.0,1.2841280903194614,
2025-06-20,0.0,0.0,0.0,0.0,1.2841280903194614,
2025-06-23,0.0,0.0,0.0,0.0,1.2841280903194614,
2025-06-24,0.0,0.0,0.0,0.0,1.2841280903194614,
2025-06-25,0.0,0.0,0.0,0.0,1.2841280903194614,
2025-06-26,0.0,0.0,0.0,0.0,1.2841280903194614,
2025-06-27,0.0,0.0,0.0,0.0,1.2841280903194614,
2025-06-30,0.0,0.0,0.0,0.0,1.2841280903194614,
2025-07-01,0.0,0.0,0.0,0.0,1.2841280903194614,
2025-07-02,0.0,0.0,0.0,0.0,1.2841280903194614,
2025-07-03,0.0,0.0,0.0,0.0,1.2841280903194614,
2025-07-04,0.0,0.0,0.0,0.0,1.2841280903194614,
2025-07-07,0.0,0.0,0.0,0.0,1.2841280903194614,
2025-07-08,0.0,0.0,0.0,0.0,1.2841280903194614,
2025-07-09,0.0,0.0,0.0,0.0,1.2841280903194614,
2025-07-10,0.0,0.0,0.0,0.0,1.2841280903194614,
2025-07-11,0.0,0.0,0.0,0.0,1.2841280903194614,
2025-07-14,0.0,0.0,0.0,0.0,1.2841280903194614,
2025-07-15,0.0,0.0,0.0,0.0,1.2841280903194614,
2025-07-16,0.0,0.0,0.0,0.0,1.2841280903194614,
2025-07-17,0.0,0.0,0.0,0.0,1.2841280903194614,
2025-07-18,0.0,0.0,0.0,0.0,1.2841280903194614,
2025-07-21,0.0,0.0,0.0,0.0,1.2841280903194614,
2025-07-22,0.0,0.0,0.0,0.0,1.2841280903194614,
2025-07-23,0.0,0.0,0.0,0.0,1.2841280903194614,
2025-07-24,0.0,0.0,0.0,0.0,1.2841280903194614,
2025-07-25,0.0,0.0,0.0,0.0,1.2841280903194614,
2025-07-28,0.0,0.0,0.0,0.0,1.2841280903194614,
2025-07-29,0.0,0.0,0.0,0.0,1.2841280903194614,
2025-07-30,0.0,0.0,0.0,0.0,1.2841280903194614,
2025-07-31,0.0,0.0,0.0,0.0,1.2841280903194614,
2025-08-01,0.0,0.0,0.0,0.0,1.2841280903194614,
2025-08-04,0.0,1.0,5.544776469623363e-05,-5.544776469623363e-05,1.2840568882872696,0.5544776469623363
2025-08-05,0.0008992652185314707,1.0,5.556697886825963e-05,0.0008436982396632111,1.285140244823545,0.5556697886825964
2025-08-06,0.0,0.0,0.0,0.0,1.285140244823545,
2025-08-07,0.0,0.0,0.0,0.0,1.285140244823545,
2025-08-08,0.0,0.0,0.0,0.0,1.285140244823545,
2025-08-11,0.0,0.0,0.0,0.0,1.285140244823545,
2025-08-12,0.0,0.0,0.0,0.0,1.285140244823545,
2025-08-13,0.0,0.0,0.0,0.0,1.285140244823545,
2025-08-14,0.0,0.0,0.0,0.0,1.285140244823545,
2025-08-15,0.0,0.0,0.0,0.0,1.285140244823545,
2025-08-18,0.0,0.0,0.0,0.0,1.285140244823545,
2025-08-19,0.0,0.0,0.0,0.0,1.285140244823545,
2025-08-20,0.0,0.0,0.0,0.0,1.285140244823545,
2025-08-21,0.0,0.0,0.0,0.0,1.285140244823545,
2025-08-22,0.0,0.0,0.0,0.0,1.285140244823545,
2025-08-25,0.0,0.0,0.0,0.0,1.285140244823545,
2025-08-26,0.0,1.0,5.8633301703582764e-05,-5.8633301703582764e-05,1.2850648928078388,0.5863330170358276
2025-08-27,0.0010800079999999934,1.0,5.5071004166437515e-05,0.001024936995833556,1.2863820033585243,0.5507100416643751
2025-08-28,-0.00013499975000000387,1.0,5.5009214413260395e-05,-0.00019000896441326428,1.2861375792462262,0.550092144132604
2025-08-29,0.0005400020000000155,0.0,0.0,0.0005400020000000155,1.2868320961112942,
2025-09-01,0.0,0.0,0.0,0.0,1.2868320961112942,
2025-09-02,-0.0013499875000000014,0.0,0.0,-0.0013499875000000014,1.2850948888669451,
2025-09-03,0.0013500125000000013,1.0,5.561853297083159e-05,0.0012943939670291697,1.2867583079381544,0.5561853297083159
2025-09-04,-0.0011450258749999991,2.0,0.0001099021524770604,-0.0012549280274770595,1.2851435188729339,0.5495107623853019
2025-09-05,0.00560018375000005,0.0,0.0,0.00560018375000005,1.2923405587237442,
2025-09-08,0.004000093749999948,0.0,0.0,0.004000093749999948,1.2975100421155665,
2025-09-09,-0.0023999662500000132,1.0,5.4315699816092693e-05,-0.002454281949816106,1.2943255866394971,0.543156998160927
2025-09-10,0.0014650297500000235,1.0,5.4323963477139564e-05,0.0014107057865228839,1.2961514992342142,0.5432396347713957
2025-09-11,0.0,0.0,0.0,0.0,1.2961514992342142,
2025-09-12,0.0,0.0,0.0,0.0,1.2961514992342142,
2025-09-15,0.0,0.0,0.0,0.0,1.2961514992342142,
2025-09-16,0.0,1.0,5.4295708014359544e-05,-5.4295708014359544e-05,1.2960811237708694,0.5429570801435954
2025-09-17,-0.0015999849999999904,1.0,5.4306446357031365e-05,-0.0016542914463570217,1.2939370278540305,0.5430644635703137
2025-09-18,0.0,0.0,0.0,0.0,1.2939370278540305,
2025-09-19,0.0,0.0,0.0,0.0,1.2939370278540305,
2025-09-22,0.0,1.0,5.5682812960643756e-05,-5.5682812960643756e-05,1.2938649778005258,0.5568281296064376
2025-09-23,0.0007200080000000019,1.0,5.568820694175282e-05,0.0006643197930582491,1.2947245179148235,0.5568820694175283
2025-09-24,0.0,1.0,5.531663390174627e-05,-5.531663390174627e-05,1.2946528981126624,0.5531663390174627
2025-09-25,0.0022499687499999707,0.0,0.0,0.0022499687499999707,1.2975658266755128,
2025-09-26,0.00044999874999998167,0.0,0.0,0.00044999874999998167,1.2981497296755595,
2025-09-29,-0.0009000049999999633,1.0,5.526407180587435e-05,-0.0009552690718058377,1.2969096473882273,0.5526407180587435
2025-09-30,0.0,0.0,0.0,0.0,1.2969096473882273,
2025-10-01,0.0,0.0,0.0,0.0,1.2969096473882273,
2025-10-02,0.0,0.0,0.0,0.0,1.2969096473882273,
2025-10-03,0.0,0.0,0.0,0.0,1.2969096473882273,
2025-10-06,0.0,0.0,0.0,0.0,1.2969096473882273,
2025-10-07,0.0,0.0,0.0,0.0,1.2969096473882273,
2025-10-08,0.0,0.0,0.0,0.0,1.2969096473882273,
2025-10-09,0.0,0.0,0.0,0.0,1.2969096473882273,
2025-10-10,0.0,0.0,0.0,0.0,1.2969096473882273,
2025-10-13,0.0,0.0,0.0,0.0,1.2969096473882273,
2025-10-14,0.0,0.0,0.0,0.0,1.2969096473882273,
2025-10-15,0.0,0.0,0.0,0.0,1.2969096473882273,
2025-10-16,0.0,0.0,0.0,0.0,1.2969096473882273,
2025-10-17,0.0,0.0,0.0,0.0,1.2969096473882273,
2025-10-20,0.0,0.0,0.0,0.0,1.2969096473882273,
2025-10-21,0.0,0.0,0.0,0.0,1.2969096473882273,
2025-10-22,0.0,0.0,0.0,0.0,1.2969096473882273,
2025-10-23,0.0,0.0,0.0,0.0,1.2969096473882273,
2025-10-24,0.0,0.0,0.0,0.0,1.2969096473882273,
2025-10-27,0.0,0.0,0.0,0.0,1.2969096473882273,
2025-10-28,0.0,1.0,5.624282639162204e-05,-5.624282639162204e-05,1.2968367055240837,0.5624282639162204
2025-10-29,-0.0010449939500000037,0.0,0.0,-0.0010449939500000037,1.2954815190126732,
2025-10-30,0.0,0.0,0.0,0.0,1.2954815190126732,
2025-10-31,0.0,0.0,0.0,0.0,1.2954815190126732,
2025-11-03,0.0,0.0,0.0,0.0,1.2954815190126732,
2025-11-04,0.00028500045000000817,1.0,5.6870143379617176e-05,0.000228130306620391,1.2957770576088268,0.5687014337961718
2025-11-05,0.0,1.0,5.689509774269781e-05,-5.689509774269781e-05,1.2957033342464814,0.5689509774269781
2025-11-06,0.0005700018000000031,1.0,5.6912201608275525e-05,0.0005130895983917275,1.2963681461498848,0.5691220160827553
2025-11-07,0.0,0.0,0.0,0.0,1.2963681461498848,
2025-11-10,0.0,1.0,5.651654781922345e-05,-5.651654781922345e-05,1.2962948798975615,0.5651654781922345
2025-11-11,0.0,0.0,0.0,0.0,1.2962948798975615,
2025-11-12,-0.00027000050000000776,1.0,5.649228137977122e-05,-0.00032649278137977897,1.2958716489767355,0.5649228137977123
2025-11-13,0.0,0.0,0.0,0.0,1.2958716489767355,
2025-11-14,0.0,0.0,0.0,0.0,1.2958716489767355,
2025-11-17,0.0,0.0,0.0,0.0,1.2958716489767355,
2025-11-18,0.0,0.0,0.0,0.0,1.2958716489767355,
2025-11-19,0.0,0.0,0.0,0.0,1.2958716489767355,
2025-11-20,0.0,0.0,0.0,0.0,1.2958716489767355,
2025-11-21,0.0,0.0,0.0,0.0,1.2958716489767355,
2025-11-24,0.0,1.0,5.658675266990221e-05,-5.658675266990221e-05,1.2957983198082428,0.5658675266990221
2025-11-25,9.500004999999613e-05,0.0,0.0,9.500004999999613e-05,1.2959214207134144,
2025-11-26,-9.499994999999613e-05,1.0,5.648196106198117e-05,-0.0001514819110619773,1.2957251120600186,0.5648196106198117
2025-11-27,0.0,0.0,0.0,0.0,1.2957251120600186,
2025-11-28,0.0,0.0,0.0,0.0,1.2957251120600186,
2025-12-01,0.0,0.0,0.0,0.0,1.2957251120600186,
2025-12-02,0.0,0.0,0.0,0.0,1.2957251120600186,
2025-12-03,0.0,0.0,0.0,0.0,1.2957251120600186,
2025-12-04,0.0,0.0,0.0,0.0,1.2957251120600186,
2025-12-05,0.0,0.0,0.0,0.0,1.2957251120600186,
2025-12-08,0.0,0.0,0.0,0.0,1.2957251120600186,
2025-12-09,0.0,1.0,5.4431644999447727e-05,-5.4431644999447727e-05,1.295654583610702,0.5443164499944773
2025-12-10,0.002700044999999984,2.0,0.00011106721260052696,0.002588977787399457,1.2990090045478127,0.5553360630026347
2025-12-11,0.0006200022499999747,1.0,5.6478062564718967e-05,0.0005635241874352558,1.2997410275415717,0.5647806256471897
2025-12-12,0.0,0.0,0.0,0.0,1.2997410275415717,
2025-12-15,0.0,0.0,0.0,0.0,1.2997410275415717,
2025-12-16,0.0,0.0,0.0,0.0,1.2997410275415717,
2025-12-17,0.0,0.0,0.0,0.0,1.2997410275415717,
2025-12-18,0.0,0.0,0.0,0.0,1.2997410275415717,
2025-12-19,0.0,0.0,0.0,0.0,1.2997410275415717,
2025-12-22,0.0,1.0,5.3695454438953414e-05,-5.3695454438953414e-05,1.299671237356445,0.5369545443895342
2025-12-23,0.00040749802499999595,1.0,5.368608873466424e-05,0.0003538119362653317,1.3001310765534424,0.5368608873466424
2025-12-24,0.0,0.0,0.0,0.0,1.3001310765534424,
2025-12-25,0.0,0.0,0.0,0.0,1.3001310765534424,
2025-12-26,0.0,0.0,0.0,0.0,1.3001310765534424,
2025-12-29,0.0,0.0,0.0,0.0,1.3001310765534424,
2025-12-30,0.0,0.0,0.0,0.0,1.3001310765534424,
2025-12-31,0.0,0.0,0.0,0.0,1.3001310765534424,
2026-01-01,0.0,0.0,0.0,0.0,1.3001310765534424,
2026-01-02,0.0,0.0,0.0,0.0,1.3001310765534424,
2026-01-05,0.0,0.0,0.0,0.0,1.3001310765534424,
2026-01-06,0.0,0.0,0.0,0.0,1.3001310765534424,
2026-01-07,0.0,0.0,0.0,0.0,1.3001310765534424,
2026-01-08,0.0,0.0,0.0,0.0,1.3001310765534424,
2026-01-09,0.0,0.0,0.0,0.0,1.3001310765534424,
2026-01-12,0.0,0.0,0.0,0.0,1.3001310765534424,
2026-01-13,0.0,0.0,0.0,0.0,1.3001310765534424,
2026-01-14,0.0,0.0,0.0,0.0,1.3001310765534424,
2026-01-15,0.0,0.0,0.0,0.0,1.3001310765534424,
2026-01-16,0.0,0.0,0.0,0.0,1.3001310765534424,
2026-01-19,0.0,0.0,0.0,0.0,1.3001310765534424,
2026-01-20,0.0,0.0,0.0,0.0,1.3001310765534424,
2026-01-21,0.0,0.0,0.0,0.0,1.3001310765534424,
2026-01-22,0.0,0.0,0.0,0.0,1.3001310765534424,
2026-01-23,0.0,0.0,0.0,0.0,1.3001310765534424,
2026-01-26,0.0,0.0,0.0,0.0,1.3001310765534424,
2026-01-27,0.0,0.0,0.0,0.0,1.3001310765534424,
2026-01-28,0.0,0.0,0.0,0.0,1.3001310765534424,
2026-01-29,0.0,0.0,0.0,0.0,1.3001310765534424,
2026-01-30,0.0,0.0,0.0,0.0,1.3001310765534424,
2026-02-02,0.0,0.0,0.0,0.0,1.3001310765534424,
2026-02-03,0.0,0.0,0.0,0.0,1.3001310765534424,
2026-02-04,0.0,0.0,0.0,0.0,1.3001310765534424,
2026-02-05,0.0,0.0,0.0,0.0,1.3001310765534424,
2026-02-06,0.0,0.0,0.0,0.0,1.3001310765534424,
2026-02-09,0.0,0.0,0.0,0.0,1.3001310765534424,
2026-02-10,0.0,0.0,0.0,0.0,1.3001310765534424,
2026-02-11,0.0,0.0,0.0,0.0,1.3001310765534424,
2026-02-12,0.0,0.0,0.0,0.0,1.3001310765534424,
2026-02-13,0.0,0.0,0.0,0.0,1.3001310765534424,
2026-02-16,0.0,0.0,0.0,0.0,1.3001310765534424,
2026-02-17,0.0,0.0,0.0,0.0,1.3001310765534424,
2026-02-18,0.0,1.0,5.668204441126547e-05,-5.668204441126547e-05,1.3000573824660209,0.5668204441126546
2026-02-19,-0.001500012500000147,0.0,0.0,-0.001500012500000147,1.2981072801416045,
2026-02-20,0.002999950000000086,1.0,5.6687875867255535e-05,0.00294326212413283,1.3019279501323062,0.5668787586725553
2026-02-23,0.0,0.0,0.0,0.0,1.3019279501323062,
2026-02-24,0.0,1.0,5.6304065588003726e-05,-5.6304065588003726e-05,1.301854646295611,0.5630406558800373
2026-02-25,0.0,0.0,0.0,0.0,1.301854646295611,
2026-02-26,-0.004500112500000025,0.0,0.0,-0.004500112500000025,1.295996153928633,
2026-02-27,-0.0045001124999999205,1.0,5.6219706244085123e-05,-0.004556332206244006,1.2900911649133198,0.5621970624408512
2026-03-02,0.0,0.0,0.0,0.0,1.2900911649133198,
2026-03-03,0.0,0.0,0.0,0.0,1.2900911649133198,
2026-03-04,0.0,0.0,0.0,0.0,1.2900911649133198,
2026-03-05,0.0,0.0,0.0,0.0,1.2900911649133198,
2026-03-06,0.0,0.0,0.0,0.0,1.2900911649133198,
2026-03-09,0.0,0.0,0.0,0.0,1.2900911649133198,
2026-03-10,0.0,0.0,0.0,0.0,1.2900911649133198,
2026-03-11,0.0,0.0,0.0,0.0,1.2900911649133198,
2026-03-12,0.0,1.0,5.341847497485309e-05,-5.341847497485309e-05,1.2900222502107115,0.5341847497485309
2026-03-13,0.00027000112499999524,2.0,0.0001101388376500305,0.00015986228734996474,1.2902284761183624,0.5506941882501525
2026-03-16,0.009000449999999946,1.0,5.690164968406696e-05,0.00894354835031588,1.3017676968774816,0.5690164968406696
2026-03-17,0.0,1.0,5.489193964050335e-05,-5.489193964050335e-05,1.3016962403236387,0.5489193964050335
2026-03-18,0.0004749987500000004,0.0,0.0,0.0004749987500000004,1.302314544410672,
2026-03-19,0.0004749987500000004,1.0,5.515642323369331e-05,0.00041984232676630707,1.302861311179179,0.5515642323369331
2026-03-20,0.0,1.0,5.7930417733242565e-05,-5.7930417733242565e-05,1.3027858358791737,0.5793041773324257
2026-03-23,0.006000199999999963,1.0,5.532647582274205e-05,0.005944873524177221,1.3105307329025648,0.5532647582274206
2026-03-24,0.0014999237499999736,1.0,5.534020335735759e-05,0.001444583546642616,1.3124239040366854,0.5534020335735759
2026-03-25,0.007500312500000007,0.0,0.0,0.007500312500000007,1.3222674934494305,
2026-03-26,-0.008999549999999945,0.0,0.0,-0.008999549999999945,1.3103676810287577,
2026-03-27,-0.004499887500000025,1.0,5.825278586758863e-05,-0.004558140285867614,1.3043948413125614,0.5825278586758863
2026-03-30,0.0,1.0,5.8445973198917667e-05,-5.8445973198917667e-05,1.3043186046866253,0.5844597319891767
2026-03-31,0.0060002000000000675,2.0,0.00011495081689426374,0.0058852491831058035,1.311994844689367,0.5747540844713188
2026-04-01,0.0,0.21229050279329614,1.099250912585378e-05,-1.099250912585378e-05,1.3119804225740637,0.5178050351389016
2026-04-02,-0.00016983399441340677,0.21229050279329614,1.0991920854783514e-05,-0.00018082591526819028,1.3117431825133377,0.5177773244753285
2026-04-03,0.00037999920000000425,2.0,0.00011093681494049064,0.0002690623850595136,1.31209612326261,0.5546840747024533
2026-04-06,-0.0008000037499999674,2.0,0.00011093698058794283,-0.0009109407305879102,1.3109008814614835,0.5546849029397142
2026-04-07,-0.00038000080000000425,0.0,0.0,-0.00038000080000000425,1.3104027380778074,
2026-04-08,9.499995000000271e-05,1.0,5.6498935158323324e-05,3.850101484167939e-05,1.3104531899130747,0.5649893515832333
2026-04-09,0.0,1.0,5.4509124459341355e-05,-5.4509124459341355e-05,1.3103817582570476,0.5450912445934135
2026-04-10,0.0015999849999999904,1.0,5.4426773958947506e-05,0.001545558226041043,1.3124070295627759,0.544267739589475
2026-04-13,0.0,0.0,0.0,0.0,1.3124070295627759,
2026-04-14,0.0,0.0,0.0,0.0,1.3124070295627759,
2026-04-15,0.0,0.0,0.0,0.0,1.3124070295627759,
2026-04-16,0.0,0.0,0.0,0.0,1.3124070295627759,
2026-04-17,0.0,0.0,0.0,0.0,1.3124070295627759,
2026-04-20,0.0,0.0,0.0,0.0,1.3124070295627759,
2026-04-21,0.0,0.0,0.0,0.0,1.3124070295627759,
2026-04-22,0.0,0.0,0.0,0.0,1.3124070295627759,
2026-04-23,0.0,1.0,5.658366408380335e-05,-5.658366408380335e-05,1.3123327687642738,0.5658366408380335
2026-04-24,-0.00028500045000000817,0.0,0.0,-0.00028500045000000817,1.3119587533346262,
2026-04-27,0.00018999980000000544,1.0,5.6624726835856576e-05,0.00013337507316414887,1.3121337359293406,0.5662472683585658
2026-04-28,0.0,0.0,0.0,0.0,1.3121337359293406,
2026-04-29,0.0,1.0,5.670306448173732e-05,-5.670306448173732e-05,1.3120593339255036,0.5670306448173732
2026-04-30,-0.00028500044999999494,0.0,0.0,-0.00028500044999999494,1.311685396424908,
2026-05-01,9.499994999999613e-05,2.0,0.0001110659295721113,-1.606597957211517e-05,1.311664322914124,0.5553296478605565
2026-05-04,0.004799865000000082,2.0,0.00011119602144937338,0.004688668978550708,1.3178142827352433,0.5559801072468669
2026-05-05,-9.500005000000272e-05,1.0,5.662907480485492e-05,-0.00015162912480485763,1.317614463708897,0.5662907480485492
2026-05-06,0.0,1.0,5.651846573054017e-05,-5.651846573054017e-05,1.3175399941609838,0.5651846573054017
2026-05-07,0.00028499954999999496,0.0,0.0,0.00028499954999999496,1.3179154924664267,
2026-05-08,-9.500004999999613e-05,0.0,0.0,-9.500004999999613e-05,1.3177902904287466,
2026-05-11,0.00037999920000000425,1.0,5.652600188208465e-05,0.0003234731981179196,1.3182165602684404,0.5652600188208465
2026-05-12,0.0,1.0,5.415171704346306e-05,-5.415171704346306e-05,1.3181451765782666,0.5415171704346305
2026-05-13,0.00013754237709497273,1.0,5.415377951394793e-05,8.338859758102479e-05,1.3182550948559497,0.5415377951394793
2026-05-14,8.491580307262225e-05,0.0,0.0,8.491580307262225e-05,1.318367035545984,
2026-05-15,0.0012736852960893808,1.0,5.397391882415508e-05,0.0012197113772652256,1.3199750628186508,0.5397391882415509
2026-05-18,0.00020317201426576538,1.0,5.3954307461096844e-05,0.00014921770680466855,1.320172026470564,0.5395430746109684
2026-05-19,0.000679315100558655,1.0,5.3986412804490624e-05,0.0006253286877541645,1.3209975679114867,0.5398641280449062
2026-05-20,0.0006200097249999994,1.0,5.4623626740173345e-05,0.000565386098259826,1.3217444415722188,0.5462362674017334
2026-05-21,0.0003799991999999977,0.21229050279329614,1.1008095477808502e-05,0.0003689911045221892,1.3222321535136106,0.5185392343494004
2026-05-22,0.0001698316019552944,1.0,5.4083937433415606e-05,0.0001157476645218788,1.3223851987973356,0.5408393743341561
2026-05-25,0.0,0.0,0.0,0.0,1.3223851987973356,
2026-05-26,0.0008965437656450212,1.0,5.508397264189942e-05,0.0008414597930031217,1.3234979327729859,0.5508397264189943
2026-05-27,-3.4833037709498715e-05,0.0,0.0,-3.4833037709498715e-05,1.323451831319585,
2026-05-28,0.00014262490712290272,0.0,0.0,0.00014262490712290272,1.3236405885141085,
2026-05-29,9.254212709497767e-05,0.0,0.0,9.254212709497767e-05,1.3237630810296788,
2026-06-01,-0.00015025030027933636,1.0,5.3999492673971914e-05,-0.00020424979295330826,1.3234927026944592,0.539994926739719
2026-06-02,-7.394081053481316e-05,0.0,0.0,-7.394081053481316e-05,1.3233948425712851,
2026-06-03,0.00016838632257255723,0.12195121951219512,6.279376803529823e-06,0.0001621069457690274,1.323609374067261,0.5149088978894454
2026-06-04,-0.00012407023686204096,0.0,0.0,-0.00012407023686204096,1.3234451535387077,
2026-06-05,0.0004571147811760273,0.12195121951219512,6.2802708275000535e-06,0.0004508345103485272,1.3240418082864764,0.5149822078550044
2026-06-08,-8.491653150088807e-05,0.8780487804878048,4.6413527663431216e-05,-0.00013133005916431928,1.323867921797458,0.5285985095001889
2026-06-09,0.00046291665125698905,1.2938547486033518,6.93887609636444e-05,0.00039352789029334465,1.32438890074775,0.5362948278278216
2026-06-10,0.0007999924999999952,1.0,5.3964374113533515e-05,0.0007460281258864617,1.3253769321173197,0.5396437411353352
2026-06-11,0.0,1.0,5.482460735792998e-05,-5.482460735792998e-05,1.325304268847415,0.5482460735792998
2026-06-12,0.0023999662500000132,1.893854748603352,0.00010301717320343958,0.002296949076796574,1.3283484252642186,0.5439549853514951
2026-06-15,5.262590991619642e-05,0.0,0.0,5.262590991619642e-05,1.328418330808784,
2026-06-16,1.0164913407821201e-05,1.0,5.4481791761380765e-05,-4.4316878353559564e-05,1.3283594594552148,0.5448179176138077
2026-06-17,0.0008491504664804505,1.0,5.427627474598464e-05,0.0007948741917344659,1.3294153381068823,0.5427627474598464
2026-06-18,-8.491996229050523e-05,1.0,5.586187031142665e-05,-0.00014078183260193188,1.3292281805792945,0.5586187031142664
2026-06-19,0.0,0.0,0.0,0.0,1.3292281805792945,
2026-06-22,0.0,0.0,0.0,0.0,1.3292281805792945,
2026-06-23,0.0,0.0,0.0,0.0,1.3292281805792945,
2026-06-24,0.0,0.0,0.0,0.0,1.3292281805792945,
2026-06-25,0.0,1.0,5.794841241299202e-05,-5.794841241299202e-05,1.3291511539164953,0.5794841241299202
2026-06-26,0.0010800079999999934,1.0,5.791814586240396e-05,0.0010220898541375895,1.3305096658255287,0.5791814586240396
2026-06-29,0.0,1.0,5.4274016655493136e-05,-5.4274016655493136e-05,1.3304374537217654,0.5427401665549314
2026-06-30,2.2499982500002375e-05,0.0,0.0,2.2499982500002375e-05,1.3304673885411915,
2026-07-01,0.00011999990749999841,1.0,5.4241733541618375e-05,6.575817395838003e-05,1.3305548776471734,0.5424173354161838
2026-07-02,0.0001000000599999994,1.0,5.427507891663315e-05,4.572498108336625e-05,1.3306157172437842,0.5427507891663315
2026-07-03,0.0,0.0,0.0,0.0,1.3306157172437842,
2026-07-06,-4.7500024999998066e-05,1.0,5.426566413033572e-05,-0.00010176568913033378,1.3304803062183512,0.5426566413033571
2026-07-07,0.001044993949999997,1.0,5.7047458170622025e-05,0.000987946491829375,1.3317947495693279,0.5704745817062202
2026-07-08,0.0,1.0,5.553299680754621e-05,-5.553299680754621e-05,1.3317207910157518,0.5553299680754621
2026-07-09,0.0018000200000000204,1.0,5.5573849353020734e-05,0.0017444461506469996,1.334043906223376,0.5557384935302073
2026-07-10,0.0,0.0,0.0,0.0,1.334043906223376,
2026-07-13,0.0,0.0,0.0,0.0,1.334043906223376,
2026-07-14,0.0,0.0,0.0,0.0,1.334043906223376,
2026-07-15,0.0,0.0,0.0,0.0,1.334043906223376,
2026-07-16,0.0,0.0,0.0,0.0,1.334043906223376,
2026-07-17,0.0,0.0,0.0,0.0,1.334043906223376,
2026-07-20,0.0,0.0,0.0,0.0,1.334043906223376,
2026-07-21,0.0,0.0,0.0,0.0,1.334043906223376,
2026-07-22,0.0,0.0,0.0,0.0,1.334043906223376,
2026-07-23,0.0,0.0,0.0,0.0,1.334043906223376,
2026-07-24,0.0,0.0,0.0,0.0,1.334043906223376,
2026-07-27,0.0,1.0,5.788361670994843e-05,-5.788361670994843e-05,1.3339666869372337,0.5788361670994843
2026-07-28,0.006000199999999963,2.0,0.00011449352636320304,0.00588570647363676,1.3418180233021562,0.5724676318160152
2026-07-29,0.0005000015000000004,1.0,5.744230792626208e-05,0.00044255919207373835,1.3424118572024588,0.5744230792626208
2026-07-30,0.0,0.0,0.0,0.0,1.3424118572024588,
2026-07-31,0.0,0.0,0.0,0.0,1.3424118572024588,
2026-08-03,0.0,0.0,0.0,0.0,1.3424118572024588,
2026-08-04,0.0,0.0,0.0,0.0,1.3424118572024588,
2026-08-05,0.0,0.0,0.0,0.0,1.3424118572024588,
2026-08-06,0.0,0.0,0.0,0.0,1.3424118572024588,
2026-08-07,0.0,0.0,0.0,0.0,1.3424118572024588,
2026-08-10,0.0,0.0,0.0,0.0,1.3424118572024588,
2026-08-11,0.0,0.0,0.0,0.0,1.3424118572024588,
2026-08-12,0.0,1.0,5.3279697912362555e-05,-5.3279697912362555e-05,1.342340333904233,0.5327969791236256
2026-08-13,-0.0006500243749999822,1.0,5.3320789281248565e-05,-0.0007033451642812307,1.3413962053215618,0.5332078928124857
2026-08-14,0.003999906249999948,1.0,5.4173361852576695e-05,0.003945732888147371,1.3466889964449351,0.541733618525767
2026-08-17,0.0,0.0,0.0,0.0,1.3466889964449351,
2026-08-18,0.0,0.0,0.0,0.0,1.3466889964449351,
2026-08-19,0.0,1.0,5.691596041592031e-05,-5.691596041592031e-05,1.346612348347321,0.5691596041592031
2026-08-20,-0.00799964000000009,0.0,0.0,-0.00799964000000009,1.3358399343409877,
2026-08-21,-0.007999639999999813,0.0,0.0,-0.007999639999999813,1.3251536957686363,
2026-08-24,0.008000359999999812,0.0,0.0,0.008000359999999812,1.3357554023901157,
2026-08-25,0.012000810000000205,1.0,5.7191227130744193e-05,0.01194361877286946,1.351709155690064,0.5719122713074419
2026-08-26,0.0,1.0,5.7521860795741205e-05,-5.7521860795741205e-05,1.351631402864174,0.5752186079574121
2026-08-27,-0.000269999499999989,1.0,5.7471225404145435e-05,-0.00032747072540413445,1.351188783148199,0.5747122540414543
2026-08-28,0.0,1.0,5.713727384693217e-05,-5.713727384693217e-05,1.3511115799046773,0.5713727384693217
2026-08-31,-0.005999797500000033,1.0,5.715420674845392e-05,-0.006056951706748487,1.342927962314766,0.5715420674845392
