DATE,Gross Return,Turnover,Transaction Cost,Net Return,Equity Curve,Avg Cost Bps
2010-01-04,0.0,0.0,0.0,0.0,1.0,
2010-01-05,0.0,0.0,0.0,0.0,1.0,
2010-01-06,0.0,0.0,0.0,0.0,1.0,
2010-01-07,0.0,0.0,0.0,0.0,1.0,
2010-01-08,0.0,0.0,0.0,0.0,1.0,
2010-01-11,0.0,0.0,0.0,0.0,1.0,
2010-01-12,0.0,0.0,0.0,0.0,1.0,
2010-01-13,0.0,0.0,0.0,0.0,1.0,
2010-01-14,0.0,0.0,0.0,0.0,1.0,
2010-01-15,0.0,0.0,0.0,0.0,1.0,
2010-01-19,0.0,0.0,0.0,0.0,1.0,
2010-01-20,0.0,0.0,0.0,0.0,1.0,
2010-01-21,0.0,0.0,0.0,0.0,1.0,
2010-01-22,0.0,0.0,0.0,0.0,1.0,
2010-01-25,0.0,0.0,0.0,0.0,1.0,
2010-01-26,0.0,0.0,0.0,0.0,1.0,
2010-01-27,0.0,0.0,0.0,0.0,1.0,
2010-01-28,0.0,0.0,0.0,0.0,1.0,
2010-01-29,0.0,0.0,0.0,0.0,1.0,
2010-02-01,0.0,0.0,0.0,0.0,1.0,
2010-02-02,0.0,0.0,0.0,0.0,1.0,
2010-02-03,0.0,0.0,0.0,0.0,1.0,
2010-02-04,0.0,0.0,0.0,0.0,1.0,
2010-02-05,0.0,0.0,0.0,0.0,1.0,
2010-02-08,0.0,0.0,0.0,0.0,1.0,
2010-02-09,0.0,0.0,0.0,0.0,1.0,
2010-02-10,0.0,0.0,0.0,0.0,1.0,
2010-02-11,0.0,0.0,0.0,0.0,1.0,
2010-02-12,0.0,0.0,0.0,0.0,1.0,
2010-02-16,0.0,0.0,0.0,0.0,1.0,
2010-02-17,0.0,0.0,0.0,0.0,1.0,
2010-02-18,0.0,0.0,0.0,0.0,1.0,
2010-02-19,0.0,0.0,0.0,0.0,1.0,
2010-02-22,0.0,0.0,0.0,0.0,1.0,
2010-02-23,0.0,0.0,0.0,0.0,1.0,
2010-02-24,0.0,0.0,0.0,0.0,1.0,
2010-02-25,0.0,0.0,0.0,0.0,1.0,
2010-02-26,0.0,0.0,0.0,0.0,1.0,
2010-03-01,0.0,0.0,0.0,0.0,1.0,
2010-03-02,0.0,0.0,0.0,0.0,1.0,
2010-03-03,0.0,0.0,0.0,0.0,1.0,
2010-03-04,0.0,0.0,0.0,0.0,1.0,
2010-03-05,0.0,0.0,0.0,0.0,1.0,
2010-03-08,0.0,0.0,0.0,0.0,1.0,
2010-03-09,0.0,0.0,0.0,0.0,1.0,
2010-03-10,0.0,0.0,0.0,0.0,1.0,
2010-03-11,0.0,0.0,0.0,0.0,1.0,
2010-03-12,0.0,0.0,0.0,0.0,1.0,
2010-03-15,0.0,0.0,0.0,0.0,1.0,
2010-03-16,0.0,0.0,0.0,0.0,1.0,
2010-03-17,0.0,0.0,0.0,0.0,1.0,
2010-03-18,0.0,0.0,0.0,0.0,1.0,
2010-03-19,0.0,0.0,0.0,0.0,1.0,
2010-03-22,0.0,0.0,0.0,0.0,1.0,
2010-03-23,0.0,0.0,0.0,0.0,1.0,
2010-03-24,0.0,0.0,0.0,0.0,1.0,
2010-03-25,0.0,0.0,0.0,0.0,1.0,
2010-03-26,0.0,0.0,0.0,0.0,1.0,
2010-03-29,0.0,0.0,0.0,0.0,1.0,
2010-03-30,0.0,0.0,0.0,0.0,1.0,
2010-03-31,0.0,0.0,0.0,0.0,1.0,
2010-04-01,0.0,0.0,0.0,0.0,1.0,
2010-04-02,0.0,0.0,0.0,0.0,1.0,
2010-04-05,0.0,0.0,0.0,0.0,1.0,
2010-04-06,0.0,0.0,0.0,0.0,1.0,
2010-04-07,0.0,0.0,0.0,0.0,1.0,
2010-04-08,0.0,0.0,0.0,0.0,1.0,
2010-04-09,0.0,0.0,0.0,0.0,1.0,
2010-04-12,0.0,0.0,0.0,0.0,1.0,
2010-04-13,0.0,0.0,0.0,0.0,1.0,
2010-04-14,0.0,0.0,0.0,0.0,1.0,
2010-04-15,0.0,0.0,0.0,0.0,1.0,
2010-04-16,0.0,0.0,0.0,0.0,1.0,
2010-04-19,0.0,0.0,0.0,0.0,1.0,
2010-04-20,0.0,0.0,0.0,0.0,1.0,
2010-04-21,0.0,0.0,0.0,0.0,1.0,
2010-04-22,0.0,0.0,0.0,0.0,1.0,
2010-04-23,0.0,0.0,0.0,0.0,1.0,
2010-04-26,0.0,0.0,0.0,0.0,1.0,
2010-04-27,0.0,0.0,0.0,0.0,1.0,
2010-04-28,0.0,0.0,0.0,0.0,1.0,
2010-04-29,0.0,0.0,0.0,0.0,1.0,
2010-04-30,0.0,0.0,0.0,0.0,1.0,
2010-05-03,0.0,0.0,0.0,0.0,1.0,
2010-05-04,0.0,0.0,0.0,0.0,1.0,
2010-05-05,0.0,0.0,0.0,0.0,1.0,
2010-05-06,0.0,0.0,0.0,0.0,1.0,
2010-05-07,0.0,0.0,0.0,0.0,1.0,
2010-05-10,0.0,0.0,0.0,0.0,1.0,
2010-05-11,0.0,0.0,0.0,0.0,1.0,
2010-05-12,0.0,0.0,0.0,0.0,1.0,
2010-05-13,0.0,0.0,0.0,0.0,1.0,
2010-05-14,0.0,0.0,0.0,0.0,1.0,
2010-05-17,0.0,0.0,0.0,0.0,1.0,
2010-05-18,0.0,0.0,0.0,0.0,1.0,
2010-05-19,0.0,0.0,0.0,0.0,1.0,
2010-05-20,0.0,0.0,0.0,0.0,1.0,
2010-05-21,0.0,0.0,0.0,0.0,1.0,
2010-05-24,0.0,0.0,0.0,0.0,1.0,
2010-05-25,0.0,0.0,0.0,0.0,1.0,
2010-05-26,0.0,0.0,0.0,0.0,1.0,
2010-05-27,0.0,0.0,0.0,0.0,1.0,
2010-05-28,0.0,0.0,0.0,0.0,1.0,
2010-06-01,0.0,0.0,0.0,0.0,1.0,
2010-06-02,0.0,0.0,0.0,0.0,1.0,
2010-06-03,0.0,0.0,0.0,0.0,1.0,
2010-06-04,0.0,0.0,0.0,0.0,1.0,
2010-06-07,0.0,0.0,0.0,0.0,1.0,
2010-06-08,0.0,0.0,0.0,0.0,1.0,
2010-06-09,0.0,0.0,0.0,0.0,1.0,
2010-06-10,0.0,0.0,0.0,0.0,1.0,
2010-06-11,0.0,0.0,0.0,0.0,1.0,
2010-06-14,0.0,0.0,0.0,0.0,1.0,
2010-06-15,0.0,0.0,0.0,0.0,1.0,
2010-06-16,0.0,0.0,0.0,0.0,1.0,
2010-06-17,0.0,0.0,0.0,0.0,1.0,
2010-06-18,0.0,0.0,0.0,0.0,1.0,
2010-06-21,0.0,0.0,0.0,0.0,1.0,
2010-06-22,0.0,0.0,0.0,0.0,1.0,
2010-06-23,0.0,0.0,0.0,0.0,1.0,
2010-06-24,0.0,0.0,0.0,0.0,1.0,
2010-06-25,0.0,0.0,0.0,0.0,1.0,
2010-06-28,0.0,0.0,0.0,0.0,1.0,
2010-06-29,0.0,0.0,0.0,0.0,1.0,
2010-06-30,0.0,0.0,0.0,0.0,1.0,
2010-07-01,0.0,0.0,0.0,0.0,1.0,
2010-07-02,0.0,1.0,5.412628579501994e-05,-5.412628579501994e-05,0.999945873714205,0.5412628579501995
2010-07-06,0.0019304780637754981,0.1836734693877551,9.727973877127511e-06,0.0019207500898983706,1.001866519841035,0.5296341333102755
2010-07-07,-0.0005849944999999958,1.0,5.446611547394032e-05,-0.000639460615473936,1.0012258656596347,0.5446611547394031
2010-07-08,0.0,1.0,5.539861180454715e-05,-5.539861180454715e-05,1.0011703991365744,0.5539861180454715
2010-07-09,0.0,0.0,0.0,0.0,1.0011703991365744,
2010-07-12,0.0,1.0,5.4153365026125796e-05,-5.4153365026125796e-05,1.0011161823904966,0.541533650261258
2010-07-13,-0.001656670780612228,1.0,5.412955249765103e-05,-0.001710800333109879,0.9994034724921812,0.5412955249765102
2010-07-14,0.0,0.0,0.0,0.0,0.9994034724921812,
2010-07-15,0.0,0.0,0.0,0.0,0.9994034724921812,
2010-07-16,0.0,0.0,0.0,0.0,0.9994034724921812,
2010-07-19,0.0,0.0,0.0,0.0,0.9994034724921812,
2010-07-20,0.0,0.0,0.0,0.0,0.9994034724921812,
2010-07-21,0.0,1.0,5.521744682890295e-05,-5.521744682890295e-05,0.9993482879840783,0.5521744682890295
2010-07-22,-0.00035999900000000093,1.0,5.516447921618317e-05,-0.0004151634792161841,0.99893339507189,0.5516447921618317
2010-07-23,0.0,1.0,5.784430953560576e-05,-5.784430953560576e-05,0.9988756124593801,0.5784430953560576
2010-07-26,0.0008099955000000045,0.0,0.0,0.0008099955000000045,0.999684697210532,
2010-07-27,0.0013499875000000014,1.0,5.787342487161969e-05,0.0012921140751283818,1.000976403878488,0.5787342487161969
2010-07-28,0.0,0.0,0.0,0.0,1.000976403878488,
2010-07-29,0.0,1.0,5.779191780313727e-05,-5.779191780313727e-05,1.0009185555324323,0.5779191780313727
2010-07-30,-0.0021600320000000014,0.0,0.0,-0.0021600320000000014,0.9987565394230884,
2010-08-02,0.0002699995000000031,1.9152542372881354,0.00010441682065777767,0.00016558267934222543,0.9989219162068967,0.5451851698060959
2010-08-03,0.00019754968176545953,1.9152542372881358,0.00010134660965754419,9.620307210791534e-05,0.9990180155640318,0.5291548645836377
2010-08-04,0.0005399921249999991,1.0989277066758907,5.819167487057625e-05,0.0004818004501294228,0.999499342893618,0.5295314197382308
2010-08-05,0.00044564754311138163,1.183673469387755,6.216855517880598e-05,0.0003834789879325756,0.9998826298900702,0.5252171040968092
2010-08-06,0.0005400022499999999,1.0,5.235556624827723e-05,0.00048764668375172267,1.000370219338677,0.5235556624827723
2010-08-09,-0.00032567615677966114,2.0,0.00010847275995292808,-0.00043414891673258923,0.9999359096916196,0.5423637997646404
2010-08-10,0.005600183749999994,2.0,0.00010994063063466167,0.005490243119365332,1.0054258009396102,0.5497031531733083
2010-08-11,-0.00017999950000000046,1.183673469387755,6.423213261672178e-05,-0.00024423163261672227,1.0051802441547717,0.5426507755550634
2010-08-12,0.0006795833163265335,1.0,5.3543382022524704e-05,0.0006260399343040088,1.0058095271287861,0.5354338202252471
2010-08-13,0.0010285964285714287,0.36734693877551017,1.9158787888484295e-05,0.0010094376406829444,1.0068248291248274,0.5215447814087392
2010-08-16,0.0005400022499999999,1.0,5.404279135728877e-05,0.00048595945864271116,1.0073141051737369,0.5404279135728877
2010-08-17,0.0,0.0,0.0,0.0,1.0073141051737369,
2010-08-18,0.0,0.0,0.0,0.0,1.0073141051737369,
2010-08-19,0.0,0.0,0.0,0.0,1.0073141051737369,
2010-08-20,0.0,0.0,0.0,0.0,1.0073141051737369,
2010-08-23,0.0,1.0,5.7851718091134006e-05,-5.7851718091134006e-05,1.007255830322095,0.5785171809113401
2010-08-24,0.0012502137499999831,1.0,5.7954831551751564e-05,0.0011922589184482316,1.0084567400689557,0.5795483155175156
2010-08-25,0.004499887500000025,2.0,0.00011836407818193129,0.0043815234218180935,1.012875316895458,0.5918203909096564
2010-08-26,0.0,1.0,5.6311757032408505e-05,-5.6311757032408505e-05,1.012818280106709,0.563117570324085
2010-08-27,0.0,0.0,0.0,0.0,1.012818280106709,
2010-08-30,0.0,0.0,0.0,0.0,1.012818280106709,
2010-08-31,0.0,1.0,6.234622932441615e-05,-6.234622932441615e-05,1.0127551347059534,0.6234622932441615
2010-09-01,0.017998199999999995,1.0,6.280585141677329e-05,0.017935394148583222,1.030919297222906,0.6280585141677328
2010-09-02,0.0,1.0,6.290955061863661e-05,-6.290955061863661e-05,1.0308544425531936,0.6290955061863661
2010-09-03,0.011999200000000031,0.0,0.0,0.011999200000000031,1.043223871180278,
2010-09-07,-0.018001799999999995,1.0,5.853963700908322e-05,-0.01806033963700908,1.0243828937493267,0.5853963700908322
2010-09-08,-0.0012498750000000704,0.0,0.0,-0.0012498750000000704,1.0231025431800016,
2010-09-09,-0.002999279999999929,1.0,5.8799761211926016e-05,-0.003058079761211855,1.0199738139990584,0.5879976121192602
2010-09-10,0.005999799999999964,1.0,5.8796979305199614e-05,0.005941003020694765,1.0260334815090564,0.5879697930519961
2010-09-13,0.0005000562500000316,0.0,0.0,0.0005000562500000316,1.0265465559641942,
2010-09-14,0.0010000799999999419,0.0,0.0,0.0010000799999999419,1.0275731846438827,
2010-09-15,-0.0027495862499999583,1.0,5.891684559290325e-05,-0.0028085030955928617,1.0246872421738622,0.5891684559290324
2010-09-16,0.0,0.0,0.0,0.0,1.0246872421738622,
2010-09-17,0.0,0.0,0.0,0.0,1.0246872421738622,
2010-09-20,0.0,0.0,0.0,0.0,1.0246872421738622,
2010-09-21,0.0,0.0,0.0,0.0,1.0246872421738622,
2010-09-22,0.0,1.0,5.2026658489427454e-05,-5.2026658489427454e-05,1.0246339311206552,0.5202665848942746
2010-09-23,0.0,1.0,5.200676820885418e-05,-5.200676820885418e-05,1.0245806432213005,0.5200676820885418
2010-09-24,0.0,1.0,5.5919600211726015e-05,-5.5919600211726015e-05,1.024523349081347,0.5591960021172602
2010-09-27,-0.0008100044999999999,1.0,5.593247073651004e-05,-0.0008659369707365099,1.0236361764359947,0.5593247073651004
2010-09-28,0.0,1.0,5.199292534040525e-05,-5.199292534040525e-05,1.0235829545966975,0.5199292534040525
2010-09-29,-9.499995000000025e-05,1.0,5.125535762081681e-05,-0.00014625530762081706,1.0234332501567975,0.5125535762081681
2010-09-30,0.0,0.05263157894736847,2.6875756555963457e-06,-2.6875756555963457e-06,1.0234304996025092,0.5106393745633052
2010-10-01,3.565788684210546e-05,0.052631578947368446,2.6647709194747005e-06,3.299311592263076e-05,1.0234642657636213,0.5063064747001927
2010-10-04,-3.7500022500000015e-05,0.15877683034401652,8.075323208792365e-06,-4.557534570879238e-05,1.0234176210258885,0.5085958191315337
2010-10-05,6.931673168185689e-06,0.0,0.0,6.931673168185689e-06,1.0234247150223519,
2010-10-06,0.0003772279029535438,0.05263157894736847,2.686907309499434e-06,0.00037454099564404434,1.023808029534083,0.510512388804892
2010-10-07,3.0442575424407773e-05,0.0,0.0,3.0442575424407773e-05,1.0238391968872422,
2010-10-08,6.088523674310346e-05,0.34545454545454546,1.768443284275336e-05,4.3200803900350096e-05,1.0238834275636126,0.5119177928165447
2010-10-12,-2.6135310648344203e-05,0.39808612440191393,2.0371110312062292e-05,-4.65064209604065e-05,1.023835810409916,0.5117262085602186
2010-10-13,-0.0001392156213981192,1.8412231696559835,9.686436584608826e-05,-0.00023607998724420746,1.0235941032648541,0.5260870460596394
2010-10-14,-0.0009658464369158865,0.8163265306122449,4.340754443597135e-05,-0.001009253981351858,1.0225610368408458,0.5317424193406491
2010-10-15,0.0004718041960709491,0.8163265306122449,4.340226251268882e-05,0.0004284019335582603,1.0229991039662099,0.5316777157804381
2010-10-18,0.0011051958411214956,1.8412231696559835,9.691216118953718e-05,0.0010082836799319584,1.024030577267324,0.5263466307978536
2010-10-19,8.000640063804727e-05,0.8938547486033519,4.6247668859494245e-05,3.375873177855302e-05,1.0240651472409148,0.5173957953655919
2010-10-20,7.347014030612585e-05,0.0,0.0,7.347014030612585e-05,1.0241403854509654,
2010-10-21,-0.0005522165088131045,0.0,0.0,-0.0005522165088131045,1.0235748382227772,
2010-10-22,2.368586466165273e-05,0.6545454545454545,3.364795016869474e-05,-9.96208550704201e-06,1.023564641282716,0.5140659053550586
2010-10-25,-7.699527555023919e-05,0.0,0.0,-7.699527555023919e-05,1.0234858316411168,
2010-10-26,-1.0379213636363703e-05,0.08474576271186438,4.312216064936624e-06,-1.4691429701300328e-05,1.023470795170971,0.5088414956625218
2010-10-27,5.720286016949158e-05,0.0,0.0,5.720286016949158e-05,1.0235293406277548,
2010-10-28,-9.69434400616331e-06,1.0,5.120072016809123e-05,-6.089506417425454e-05,1.023467012742873,0.5120072016809123
2010-10-29,0.0,0.9999999999999999,5.121118689132403e-05,-5.121118689132403e-05,1.0234145997824065,0.5121118689132405
2010-11-01,1.1842102894736847e-05,0.0,0.0,1.1842102894736847e-05,1.023426719163401,
2010-11-02,-2.368434210526301e-05,2.0,0.00010709920888728593,-0.00013078355099254893,1.0232928717828882,0.5354960444364297
2010-11-03,-0.014738807394067766,0.847457627118644,4.756166840421196e-05,-0.014786369062471978,1.0081620857217095,0.5612276871697011
2010-11-04,-0.0017502249999999803,0.7142857142857142,3.975269644464354e-05,-0.0017899776964446239,1.0063574980738665,0.5565377502250096
2010-11-05,0.0015356472321428434,0.816326530612245,4.325959032914462e-05,0.0014923876418136987,1.0078593735672385,0.5299299815320214
2010-11-08,0.00038264910714287735,0.7075471698113207,4.0401571475175316e-05,0.00034224753566770204,1.0082043109541416,0.5710088768491445
2010-11-09,0.004453459313992094,0.9253731343283582,4.946916599626246e-05,0.004403990147995832,1.0126444328067505,0.5345861486692879
2010-11-10,0.0004992973606457527,1.0,5.170308614212511e-05,0.0004475942745036276,1.013097686656983,0.5170308614212512
2010-11-12,0.0006939969264179099,0.0,0.0,0.0006939969264179099,1.013800773337684,
2010-11-15,0.000925318675820897,0.0,0.0,0.000925318675820897,1.014738862126815,
2010-11-16,-0.00013880748134328436,1.0,5.187739115534278e-05,-0.00019068487249862716,1.014545366776271,0.5187739115534278
2010-11-17,0.0,0.0,0.0,0.0,1.014545366776271,
2010-11-18,0.0,1.0,5.934699501783147e-05,-5.934699501783147e-05,1.0144851565574435,0.5934699501783147
2010-11-19,0.001000079999999994,1.0,5.923635428510535e-05,0.0009408436457148886,1.0154396284706626,0.5923635428510534
2010-11-22,0.0,1.0,5.4162823351580546e-05,-5.4162823351580546e-05,1.0153846293934417,0.5416282335158055
2010-11-23,0.0004156060796437327,1.816326530612245,0.00010536461209979925,0.0003102414675439334,1.0156996438109862,0.5800973025719285
2010-11-24,-0.021997277500000075,1.7633587786259541,0.00010579528059228374,-0.02210307278059236,0.9932495606606103,0.5999645782506136
2010-11-26,-0.00339716845419842,0.7633587786259541,4.374898104414417e-05,-0.003440917435242564,0.9898318709297862,0.5731116516782886
2010-11-29,0.0012501250000000012,0.7633587786259541,4.370644141015166e-05,0.0012064185585898496,0.9910260224687596,0.5725543824729868
2010-11-30,-0.0005935173759542209,0.0,0.0,-0.0005935173759542209,0.9904378313044016,
2010-12-01,0.004386629875954208,0.8928571428571429,4.992052949667092e-05,0.004336709346457537,0.9947330723045044,0.5591099303627143
2010-12-02,-0.0013350254028080602,0.5794392523364486,3.1403789656107e-05,-0.0013664291924641672,0.9933738399957979,0.5419686279360402
2010-12-03,0.0004911464085447289,0.5794392523364486,3.136127406972329e-05,0.0004597851344750056,0.9938305785204042,0.541234891203289
2010-12-06,0.0028980788084446577,0.0,0.0,0.0028980788084446577,0.9967107778591986,
2010-12-07,-0.006897801558410549,0.0,0.0,-0.006897801558410549,0.9898356647023968,
2010-12-08,-0.002737028578414706,0.0,0.0,-0.002737028578414706,0.9871264562001723,
2010-12-09,0.0007858870568089028,0.8928571428571429,4.828614574770001e-05,0.0007376009110612029,0.9878545615735981,0.54080483237424
2010-12-10,-0.001451111009833092,0.5794392523364486,3.155963628334479e-05,-0.0014826706461164368,0.9863898986125207,0.5446582390835312
2010-12-13,0.0006652130233248828,0.8928571428571429,4.829604192621391e-05,0.0006169169813986689,0.986998419291255,0.5409156695735958
2010-12-14,-0.003055877036256674,0.42056074766355145,2.299527659233203e-05,-0.003078872312849006,0.9839595771852734,0.546776576751006
2010-12-15,-0.000906848692602025,0.0,0.0,-0.000906848692602025,0.9830672747291297,
2010-12-16,0.0007232181186224278,0.0,0.0,0.0007232181186224278,0.9837782467940387,
2010-12-17,0.0031458625095663406,0.0,0.0,0.0031458625095663406,0.986873077898355,
2010-12-20,-0.0006772780707908299,0.0,0.0,-0.0006772780707908299,0.9862046904040406,
2010-12-21,8.035703125000022e-05,0.42056074766355145,2.3014757864547425e-05,5.734227338545279e-05,0.9862612416230117,0.5472397981125721
2010-12-22,-0.0004608100267022645,0.42056074766355145,2.3011351213542163e-05,-0.00048382137791580667,0.9857840673501047,0.5471587955220025
2010-12-23,-0.0012512487181122335,0.42056074766355145,2.298897902530959e-05,-0.0012742376971375431,0.9845279441302497,0.5466268346018057
2010-12-27,0.0004911369125500653,0.0,0.0,0.0004911369125500653,0.985011482145049,
2010-12-28,-0.0016325254835614239,0.9473684210526316,5.0601862145593346e-05,-0.0016831273457070172,0.9833535823836153,0.5341307670923742
2010-12-29,-0.001807750125629692,0.6545454545454545,3.407352070652401e-05,-0.0018418236463362161,0.9815424185028717,0.5205676774607836
2010-12-30,7.406807894736451e-06,1.6019138755980862,8.478617484255197e-05,-7.737936694781552e-05,0.9814664673718955,0.5292804821413788
2010-12-31,0.0002590706953020733,0.9000000000000001,4.8006600925602153e-05,0.00021106409437647117,0.9816736197029922,0.5334066769511351
2011-01-03,0.0003792690357142854,0.9000000000000001,4.799405094438761e-05,0.0003312749847698978,0.9819988236164083,0.5332672327154179
2011-01-04,0.0007929029910714326,0.42056074766355145,2.306680269669245e-05,0.0007698361883747402,0.9827548018477698,0.5484773085657982
2011-01-05,-0.002720447327806127,0.0,0.0,-0.002720447327806127,0.9800812691731944,
2011-01-06,0.0008035854177295965,0.0,0.0,0.0008035854177295965,0.9808688481892918,
2011-01-07,0.0021812290816326423,0.9473684210526316,5.068127938524657e-05,0.0021305478022473957,0.9829586361580943,0.5349690601776027
2011-01-10,-0.00021738970980263061,1.0545112781954888,5.6304509932235755e-05,-0.00027369421973486637,0.9826896060611393,0.5339393811755689
2011-01-11,-0.0011956933903061336,0.0,0.0,-0.0011956933903061336,0.9815146105944494,
2011-01-12,-0.0006446748954081595,0.9473684210526316,5.0680613922355555e-05,-0.0006953555093305151,0.9808321090024842,0.5349620358470863
2011-01-13,-0.00010894668421052562,1.0545112781954888,5.628637548068379e-05,-0.00016523305969120942,0.9806700431120704,0.5337674109754684
2011-01-14,-0.0006772813073979707,0.0,0.0,-0.0006772813073979707,0.9800058536231454,
2011-01-18,-0.0005165718207908007,0.0,0.0,-0.0005165718207908007,0.9794996102149537,
2011-01-19,0.0005969486989795764,0.0,0.0,0.0005969486989795764,0.9800843212329226,
2011-01-20,-0.002181016495535709,0.8928571428571429,5.0824123111535845e-05,-0.0022318406186472447,0.9778969292350956,0.5692301788492015
2011-01-21,-0.0013316682653061467,1.8402255639097744,0.0001015139001802383,-0.0014331821654863849,0.976495424796432,0.551638354401295
2011-01-24,1.1839013157896464e-05,0.0,0.0,1.1839013157896464e-05,0.9765069855386147,
2011-01-25,-0.0008010760843515006,1.8402255639097744,0.00010151122286159865,-0.0009025873072130992,0.9756256027280625,0.5516238055400459
2011-01-26,0.004943396326530609,0.0,0.0,0.004943396326530609,0.9804485067486577,
2011-01-27,-0.0009643209438775774,1.8402255639097744,0.0001015036588016961,-0.0010658246026792736,0.9794035206085049,0.5515827015577357
2011-01-28,-0.0007325371440319549,1.0,5.481700521698267e-05,-0.0007873541492489375,0.9786323831827648,0.5481700521698267
2011-01-31,-0.001482430215717007,0.9876543209876543,5.416574196878442e-05,-0.0015365959576857915,0.9771286206187058,0.5484281374339423
2011-02-01,0.0005131077874228435,1.0,5.2756127567854894e-05,0.0004603516598549886,0.9775784434010993,0.5275612756785489
2011-02-02,0.0,1.0,5.577309648771024e-05,-5.577309648771024e-05,0.9775239208242512,0.5577309648771024
2011-02-03,-0.001960129870501642,0.9876543209876543,5.4124970404481216e-05,-0.002014254840906123,0.9755549385346295,0.5480153253453722
2011-02-04,0.0010385383743827178,0.6545454545454545,3.42164893230125e-05,0.0010043218850597053,0.9765347097094779,0.522751920212691
2011-02-07,4.343710294612787e-05,0.39808612440191393,2.0547184904987844e-05,2.2889918041140026e-05,0.9765570625089476,0.5161492361950071
2011-02-08,-0.00010657565552631588,0.0,0.0,-0.00010657565552631588,0.9764529852998518,
2011-02-09,3.539589842105268e-05,0.052631578947368446,2.680460518039118e-06,3.271543790301356e-05,0.9764849303868576,0.5092874984274322
2011-02-10,2.500001000000004e-05,0.15877683034401652,8.112392935724258e-06,1.688761706427578e-05,0.976501420890431,0.5109305254518184
2011-02-11,-0.0002310714260511626,0.0,0.0,-0.0002310714260511626,0.9762757793145649,
2011-02-14,-8.491696194354599e-05,0.34545454545454546,1.788282966771152e-05,-0.0001027997916112575,0.9761754183678962,0.5176608588021756
2011-02-15,-6.958877380382746e-05,0.34545454545454546,1.7884752682308204e-05,-8.747352648613566e-05,0.9760900288615826,0.5177165250141849
2011-02-16,-1.1842192684503721e-05,0.34545454545454546,1.7885052648790535e-05,-2.9727245333294256e-05,0.9760610123938271,0.5177252082544628
2011-02-17,-0.0001303062069377986,0.34545454545454546,1.7891340949545457e-05,-0.00014819754788734406,0.975916362545202,0.517907238013158
2011-02-18,7.307387685386783e-05,0.3980861244019139,2.056902651746197e-05,5.250485033640586e-05,0.9759676028877582,0.5166979017006673
2011-02-22,-0.00014936431727272733,0.052631578947368446,2.6800556476368075e-06,-0.00015204437292036413,0.9758192125055866,0.5092105730509932
2011-02-23,-9.030062940191359e-05,0.39808612440191393,2.053406781506076e-05,-0.00011083469721697434,0.97571105787863,0.5158197323735214
2011-02-24,-6.0000022500000135e-05,0.34545454545454546,1.7855282388563648e-05,-7.785530488856378e-05,0.9756350935967357,0.5168634375636846
2011-02-25,-5.954545455208416e-11,0.0,0.0,-5.954545455208416e-11,0.9756350935386411,
2011-02-28,-0.00018045498954545456,0.0,0.0,-0.00018045498954545456,0.9754590353180363,
2011-03-01,-8.077311340909091e-05,0.0,0.0,-8.077311340909091e-05,0.9753802444547507,
2011-03-02,0.0001368632338636363,0.6545454545454545,3.417185747170121e-05,0.0001026913763919351,0.9754804075945592,0.5220700447065464
2011-03-03,0.0008999875000000008,1.0,5.296499837589735e-05,0.0008470225016241035,0.9763066614496854,0.5296499837589734
2011-03-04,-0.0019800302500000005,1.6545454545454545,8.836942333815286e-05,-0.0020683996733381533,0.9742872690700649,0.5341009102855392
2011-03-07,4.359072249999967e-05,1.6545454545454545,8.821514874796424e-05,-4.4624426247964576e-05,0.9742437920596819,0.53316848144374
2011-03-08,0.0005399977500000014,1.309090909090909,6.958330373295051e-05,0.00047041444626705093,0.9747020904136527,0.5315391257378164
2011-03-09,-0.00018654623181818233,0.0,0.0,-0.00018654623181818233,0.9745202634115409,
2011-03-10,-0.00037309310090909,1.0,5.237473500184254e-05,-0.00042546783591093255,0.9741056363840158,0.5237473500184254
2011-03-11,0.0,0.0,0.0,0.0,0.9741056363840158,
2011-03-14,0.0,0.0,0.0,0.0,0.9741056363840158,
2011-03-15,0.0,0.0,0.0,0.0,0.9741056363840158,
2011-03-16,0.0,0.0,0.0,0.0,0.9741056363840158,
2011-03-17,0.0,0.0,0.0,0.0,0.9741056363840158,
2011-03-18,0.0,0.0,0.0,0.0,0.9741056363840158,
2011-03-21,0.0,1.0,5.246405419755984e-05,-5.246405419755984e-05,0.9740545308531144,0.5246405419755984
2011-03-22,0.0,1.0,5.2443716720986575e-05,-5.2443716720986575e-05,0.9740034478132276,0.5244371672098658
2011-03-23,0.0,0.0,0.0,0.0,0.9740034478132276,
2011-03-24,0.0,0.0,0.0,0.0,0.9740034478132276,
2011-03-25,0.0,1.0,5.2327272192261544e-05,-5.2327272192261544e-05,0.9739524808696977,0.5232727219226154
2011-03-28,0.0,0.0,0.0,0.0,0.9739524808696977,
2011-03-29,5.0000014999999915e-05,1.0,5.2327272192261544e-05,-2.3272571922616284e-06,0.9739502142317816,0.5232727219226154
2011-03-30,0.0,0.0,0.0,0.0,0.9739502142317816,
2011-03-31,0.0,0.0,0.0,0.0,0.9739502142317816,
2011-04-01,0.0,0.0,0.0,0.0,0.9739502142317816,
2011-04-04,0.0,1.0,5.293892635763355e-05,-5.293892635763355e-05,0.9738986543531144,0.5293892635763355
2011-04-05,0.0005699982000000002,0.0,0.0,0.0005699982000000002,0.9744537748330782,
2011-04-06,-9.500005000000025e-05,1.0,5.333446308538521e-05,-0.00014833451308538545,0.9743092297068641,0.5333446308538521
2011-04-07,0.0,0.0,0.0,0.0,0.9743092297068641,
2011-04-08,0.0,0.0,0.0,0.0,0.9743092297068641,
2011-04-11,0.0,0.0,0.0,0.0,0.9743092297068641,
2011-04-12,0.0,1.0,5.33633115238972e-05,-5.33633115238972e-05,0.9742572373399185,0.533633115238972
2011-04-13,-9.500004999999983e-05,1.0,5.33633115238972e-05,-0.00014836336152389702,0.9741126932611978,0.533633115238972
2011-04-14,0.0,0.0,0.0,0.0,0.9741126932611978,
2011-04-15,0.0,0.0,0.0,0.0,0.9741126932611978,
2011-04-18,0.0,0.0,0.0,0.0,0.9741126932611978,
2011-04-19,0.0,0.0,0.0,0.0,0.9741126932611978,
2011-04-20,0.0,0.0,0.0,0.0,0.9741126932611978,
2011-04-21,0.0,0.0,0.0,0.0,0.9741126932611978,
2011-04-25,0.0,0.0,0.0,0.0,0.9741126932611978,
2011-04-26,0.0,0.0,0.0,0.0,0.9741126932611978,
2011-04-27,0.0,0.0,0.0,0.0,0.9741126932611978,
2011-04-28,0.0,0.0,0.0,0.0,0.9741126932611978,
2011-04-29,0.0,0.0,0.0,0.0,0.9741126932611978,
2011-05-02,0.0,0.0,0.0,0.0,0.9741126932611978,
2011-05-03,0.0,0.0,0.0,0.0,0.9741126932611978,
2011-05-04,0.0,0.0,0.0,0.0,0.9741126932611978,
2011-05-05,0.0,0.0,0.0,0.0,0.9741126932611978,
2011-05-06,0.0,0.0,0.0,0.0,0.9741126932611978,
2011-05-09,0.0,0.0,0.0,0.0,0.9741126932611978,
2011-05-10,0.0,0.0,0.0,0.0,0.9741126932611978,
2011-05-11,0.0,0.0,0.0,0.0,0.9741126932611978,
2011-05-12,0.0,0.0,0.0,0.0,0.9741126932611978,
2011-05-13,0.0,0.0,0.0,0.0,0.9741126932611978,
2011-05-16,0.0,0.0,0.0,0.0,0.9741126932611978,
2011-05-17,0.0,0.0,0.0,0.0,0.9741126932611978,
2011-05-18,0.0,0.0,0.0,0.0,0.9741126932611978,
2011-05-19,0.0,0.0,0.0,0.0,0.9741126932611978,
2011-05-20,0.0,0.0,0.0,0.0,0.9741126932611978,
2011-05-23,0.0,0.0,0.0,0.0,0.9741126932611978,
2011-05-24,0.0,0.0,0.0,0.0,0.9741126932611978,
2011-05-25,0.0,0.0,0.0,0.0,0.9741126932611978,
2011-05-26,0.0,0.0,0.0,0.0,0.9741126932611978,
2011-05-27,0.0,0.0,0.0,0.0,0.9741126932611978,
2011-05-31,0.0,1.0,5.259798560238642e-05,-5.259798560238642e-05,0.9740614568957825,0.5259798560238642
2011-06-01,5.0000014999999915e-05,0.0,0.0,5.0000014999999915e-05,0.9741101599832384,
2011-06-02,0.0,1.0,5.261640485933413e-05,-5.261640485933413e-05,0.9740589058086832,0.5261640485933413
2011-06-03,0.0,1.0,5.261640485933413e-05,-5.261640485933413e-05,0.9740076543309383,0.5261640485933413
2011-06-06,0.0,1.0,5.259798560238642e-05,-5.259798560238642e-05,0.9739564234903592,0.5259798560238642
2011-06-07,0.0,0.0,0.0,0.0,0.9739564234903592,
2011-06-08,0.0,0.0,0.0,0.0,0.9739564234903592,
2011-06-09,0.0,1.0,5.259798560238642e-05,-5.259798560238642e-05,0.973905195344419,0.5259798560238642
2011-06-10,0.0,1.0,5.259798560238642e-05,-5.259798560238642e-05,0.9738539698929761,0.5259798560238642
2011-06-13,0.0,1.0,5.633459695987582e-05,-5.633459695987582e-05,0.9737991082220845,0.5633459695987582
2011-06-14,0.0018899755000000029,1.0,5.647921492070611e-05,0.0018334962850792968,0.9755845652694232,0.5647921492070611
2011-06-15,0.0,0.0,0.0,0.0,0.9755845652694232,
2011-06-16,0.0,1.0,5.662152797837188e-05,-5.662152797837188e-05,0.9755293261806655,0.5662152797837188
2011-06-17,0.0,1.0,5.662318091431368e-05,-5.662318091431368e-05,0.9754740886071419,0.5662318091431368
2011-06-20,0.0,0.0,0.0,0.0,0.9754740886071419,
2011-06-21,0.0,1.0,5.306861200644258e-05,-5.306861200644258e-05,0.9754223215512112,0.5306861200644257
2011-06-22,-0.00011000024249999918,1.0,5.305555292751135e-05,-0.00016305579542751054,0.9752632732886929,0.5305555292751135
2011-06-23,-0.0016200180000000021,1.0,5.309503244786637e-05,-0.0016731130324478686,0.9736315475960858,0.5309503244786637
2011-06-24,-0.0006750062500000006,1.0,5.310851739747042e-05,-0.0007281147673974711,0.9729226320882771,0.5310851739747042
2011-06-27,0.0,1.0,5.6517848159689544e-05,-5.6517848159689544e-05,0.9728676445946856,0.5651784815968954
2011-06-28,0.002969939499999999,0.0,0.0,0.002969939499999999,0.9757570026406392,
2011-06-29,0.001079992000000003,0.0,0.0,0.001079992000000003,0.9768108123974351,
2011-06-30,0.0005399980000000014,2.0,0.0001091056348626472,0.00043089236513735416,0.9772317127186807,0.545528174313236
2011-07-01,0.0,0.0,0.0,0.0,0.9772317127186807,
2011-07-05,0.00010000006,1.0,5.246405419755984e-05,4.753600580244015e-05,0.9772781664110469,0.5246405419755984
2011-07-06,0.0,1.0,5.67113088639003e-05,-5.67113088639003e-05,0.9772227436871057,0.567113088639003
2011-07-07,0.0021599680000000013,1.0,5.694693364051002e-05,0.0021030210663594913,0.9792778637036054,0.5694693364051002
2011-07-08,0.0,0.0,0.0,0.0,0.9792778637036054,
2011-07-11,0.0,0.0,0.0,0.0,0.9792778637036054,
2011-07-12,0.0,0.0,0.0,0.0,0.9792778637036054,
2011-07-13,0.0,0.0,0.0,0.0,0.9792778637036054,
2011-07-14,0.0,0.0,0.0,0.0,0.9792778637036054,
2011-07-15,0.0,0.0,0.0,0.0,0.9792778637036054,
2011-07-18,0.0,0.0,0.0,0.0,0.9792778637036054,
2011-07-19,0.0,0.0,0.0,0.0,0.9792778637036054,
2011-07-20,0.0,0.0,0.0,0.0,0.9792778637036054,
2011-07-21,0.0,1.0,5.725250784601418e-05,-5.725250784601418e-05,0.9792217975900303,0.5725250784601418
2011-07-22,-0.0008100044999999999,1.0,5.726666213134156e-05,-0.0008672711621313414,0.9783725467636499,0.5726666213134156
2011-07-25,0.0,1.0,5.7221476131243834e-05,-5.7221476131243834e-05,0.9783165628423178,0.5722147613124383
2011-07-26,-0.0008100044999999999,1.0,5.7232762481054156e-05,-0.000867237262481054,0.9774681302645186,0.5723276248105416
2011-07-27,0.0,0.0,0.0,0.0,0.9774681302645186,
2011-07-28,0.0,0.0,0.0,0.0,0.9774681302645186,
2011-07-29,0.0,0.0,0.0,0.0,0.9774681302645186,
2011-08-01,0.0,1.0,5.7753074841088893e-05,-5.7753074841088893e-05,0.9774116784744367,0.5775307484108889
2011-08-02,-0.0013500125000000013,0.0,0.0,-0.0013500125000000013,0.9760921604908502,
2011-08-03,0.0005399979999999991,1.0,5.7818383377915664e-05,0.0004821796166220834,0.9765628122345835,0.5781838337791566
2011-08-04,0.0,0.0,0.0,0.0,0.9765628122345835,
2011-08-05,0.0,0.0,0.0,0.0,0.9765628122345835,
2011-08-08,0.0,0.0,0.0,0.0,0.9765628122345835,
2011-08-09,0.0,0.0,0.0,0.0,0.9765628122345835,
2011-08-10,0.0,0.0,0.0,0.0,0.9765628122345835,
2011-08-11,0.0,0.0,0.0,0.0,0.9765628122345835,
2011-08-12,0.0,0.0,0.0,0.0,0.9765628122345835,
2011-08-15,0.0,0.0,0.0,0.0,0.9765628122345835,
2011-08-16,0.0,0.0,0.0,0.0,0.9765628122345835,
2011-08-17,0.0,0.0,0.0,0.0,0.9765628122345835,
2011-08-18,0.0,0.0,0.0,0.0,0.9765628122345835,
2011-08-19,0.0,0.0,0.0,0.0,0.9765628122345835,
2011-08-22,0.0,0.0,0.0,0.0,0.9765628122345835,
2011-08-23,0.0,0.0,0.0,0.0,0.9765628122345835,
2011-08-24,0.0,0.0,0.0,0.0,0.9765628122345835,
2011-08-25,0.0,0.0,0.0,0.0,0.9765628122345835,
2011-08-26,0.0,0.0,0.0,0.0,0.9765628122345835,
2011-08-29,0.0,1.0,5.3660498149751136e-05,-5.3660498149751136e-05,0.9765104093876046,0.5366049814975113
2011-08-30,0.0,1.0,5.3660498149751136e-05,-5.3660498149751136e-05,0.9764580093525885,0.5366049814975113
2011-08-31,0.0,0.0,0.0,0.0,0.9764580093525885,
2011-09-01,0.0,0.0,0.0,0.0,0.9764580093525885,
2011-09-02,0.0,0.0,0.0,0.0,0.9764580093525885,
2011-09-06,0.0,0.0,0.0,0.0,0.9764580093525885,
2011-09-07,0.0,0.0,0.0,0.0,0.9764580093525885,
2011-09-08,0.0,0.0,0.0,0.0,0.9764580093525885,
2011-09-09,0.0,0.0,0.0,0.0,0.9764580093525885,
2011-09-12,0.0,0.0,0.0,0.0,0.9764580093525885,
2011-09-13,0.0,0.0,0.0,0.0,0.9764580093525885,
2011-09-14,0.0,0.0,0.0,0.0,0.9764580093525885,
2011-09-15,0.0,0.0,0.0,0.0,0.9764580093525885,
2011-09-16,0.0,0.0,0.0,0.0,0.9764580093525885,
2011-09-19,0.0,0.0,0.0,0.0,0.9764580093525885,
2011-09-20,0.0,0.0,0.0,0.0,0.9764580093525885,
2011-09-21,0.0,0.0,0.0,0.0,0.9764580093525885,
2011-09-22,0.0,0.0,0.0,0.0,0.9764580093525885,
2011-09-23,0.0,0.0,0.0,0.0,0.9764580093525885,
2011-09-26,0.0,1.0,5.3715646157177565e-05,-5.3715646157177565e-05,0.9764055582796708,0.5371564615717757
2011-09-27,4.999998500000002e-05,0.0,0.0,4.999998500000002e-05,0.9764543785429388,
2011-09-28,0.0,1.0,5.367820475329423e-05,-5.367820475329423e-05,0.9764019642248751,0.5367820475329423
2011-09-29,0.0,0.0,0.0,0.0,0.9764019642248751,
2011-09-30,0.0,0.0,0.0,0.0,0.9764019642248751,
2011-10-03,0.0,0.0,0.0,0.0,0.9764019642248751,
2011-10-04,0.0,0.0,0.0,0.0,0.9764019642248751,
2011-10-05,0.0,0.0,0.0,0.0,0.9764019642248751,
2011-10-06,0.0,0.0,0.0,0.0,0.9764019642248751,
2011-10-07,0.0,0.0,0.0,0.0,0.9764019642248751,
2011-10-11,0.0,0.0,0.0,0.0,0.9764019642248751,
2011-10-12,0.0,0.0,0.0,0.0,0.9764019642248751,
2011-10-13,0.0,0.0,0.0,0.0,0.9764019642248751,
2011-10-14,0.0,0.0,0.0,0.0,0.9764019642248751,
2011-10-17,0.0,0.0,0.0,0.0,0.9764019642248751,
2011-10-18,0.0,0.0,0.0,0.0,0.9764019642248751,
2011-10-19,0.0,0.0,0.0,0.0,0.9764019642248751,
2011-10-20,0.0,0.0,0.0,0.0,0.9764019642248751,
2011-10-21,0.0,0.0,0.0,0.0,0.9764019642248751,
2011-10-24,0.0,0.0,0.0,0.0,0.9764019642248751,
2011-10-25,0.0,0.0,0.0,0.0,0.9764019642248751,
2011-10-26,0.0,0.0,0.0,0.0,0.9764019642248751,
2011-10-27,0.0,0.0,0.0,0.0,0.9764019642248751,
2011-10-28,0.0,0.0,0.0,0.0,0.9764019642248751,
2011-10-31,0.0,0.0,0.0,0.0,0.9764019642248751,
2011-11-01,0.0,0.0,0.0,0.0,0.9764019642248751,
2011-11-02,0.0,0.0,0.0,0.0,0.9764019642248751,
2011-11-03,0.0,0.0,0.0,0.0,0.9764019642248751,
2011-11-04,0.0,1.0,5.6183259475399114e-05,-5.6183259475399114e-05,0.9763471067799667,0.5618325947539912
2011-11-07,0.0,1.8,9.744651351673317e-05,-9.744651351673317e-05,0.9762519651584288,0.5413695195374065
2011-11-08,0.00013499798649999967,1.7999999999999998,9.464856661642258e-05,4.034941988357709e-05,0.9762913563588831,0.5258253700912366
2011-11-09,-0.0008100098749999982,1.0,5.296480266962989e-05,-0.0008629746776696282,0.9754488416403176,0.5296480266962988
2011-11-10,0.0008999950000000024,1.0,5.5998911153555174e-05,0.0008439960888464472,0.9762721166475319,0.5599891115355518
2011-11-14,0.0,0.0,0.0,0.0,0.9762721166475319,
2011-11-15,0.0,0.0,0.0,0.0,0.9762721166475319,
2011-11-16,0.0,0.0,0.0,0.0,0.9762721166475319,
2011-11-17,0.0,0.0,0.0,0.0,0.9762721166475319,
2011-11-18,0.0,1.0,5.179151626333337e-05,-5.179151626333337e-05,0.9762215540343251,0.5179151626333338
2011-11-21,0.00020500049249999968,1.0,5.180621454765815e-05,0.00015319427795234153,0.9763711055904168,0.5180621454765815
2011-11-22,0.0,0.0,0.0,0.0,0.9763711055904168,
2011-11-23,0.0,0.0,0.0,0.0,0.9763711055904168,
2011-11-25,0.0,0.0,0.0,0.0,0.9763711055904168,
2011-11-28,0.0,0.0,0.0,0.0,0.9763711055904168,
2011-11-29,0.0,0.0,0.0,0.0,0.9763711055904168,
2011-11-30,0.0,0.0,0.0,0.0,0.9763711055904168,
2011-12-01,0.0,0.0,0.0,0.0,0.9763711055904168,
2011-12-02,0.0,0.0,0.0,0.0,0.9763711055904168,
2011-12-05,0.0,0.0,0.0,0.0,0.9763711055904168,
2011-12-06,0.0,0.0,0.0,0.0,0.9763711055904168,
2011-12-07,0.0,1.0,6.734124113400758e-05,-6.734124113400758e-05,0.976305355548359,0.6734124113400758
2011-12-08,-0.006000199999999963,1.0,6.736299070804576e-05,-0.006067562990708009,0.9703815613054038,0.6736299070804577
2011-12-09,0.0,0.0,0.0,0.0,0.9703815613054038,
2011-12-12,0.0,0.0,0.0,0.0,0.9703815613054038,
2011-12-13,0.0,0.0,0.0,0.0,0.9703815613054038,
2011-12-14,0.0,0.0,0.0,0.0,0.9703815613054038,
2011-12-15,0.0,0.0,0.0,0.0,0.9703815613054038,
2011-12-16,0.0,0.0,0.0,0.0,0.9703815613054038,
2011-12-19,0.0,0.0,0.0,0.0,0.9703815613054038,
2011-12-20,0.0,0.0,0.0,0.0,0.9703815613054038,
2011-12-21,0.0,0.0,0.0,0.0,0.9703815613054038,
2011-12-22,0.0,0.0,0.0,0.0,0.9703815613054038,
2011-12-23,0.0,1.0,5.232889003895833e-05,-5.232889003895833e-05,0.9703307823153864,0.5232889003895833
2011-12-27,9.999993999999996e-05,1.0,5.2422431270026825e-05,4.7577508729973135e-05,0.9703769482366531,0.5242243127002683
2011-12-28,0.0,0.0,0.0,0.0,0.9703769482366531,
2011-12-29,0.0,0.0,0.0,0.0,0.9703769482366531,
2011-12-30,0.0,0.0,0.0,0.0,0.9703769482366531,
2012-01-03,0.0,0.0,0.0,0.0,0.9703769482366531,
2012-01-04,0.0,0.0,0.0,0.0,0.9703769482366531,
2012-01-05,0.0,0.0,0.0,0.0,0.9703769482366531,
2012-01-06,0.0,0.0,0.0,0.0,0.9703769482366531,
2012-01-09,0.0,0.0,0.0,0.0,0.9703769482366531,
2012-01-10,0.0,1.0,5.95033658707473e-05,-5.95033658707473e-05,0.9703192075420696,0.595033658707473
2012-01-11,-0.004340110249999996,1.0,5.9558916327488796e-05,-0.004399669166327485,0.9660501240431514,0.595589163274888
2012-01-12,0.0,1.0,5.953833436389442e-05,-5.953833436389442e-05,0.9659926070278538,0.5953833436389442
2012-01-13,-0.003100056250000003,1.0,5.9513212425555984e-05,-0.003159569462425559,0.9629404862857598,0.5951321242555598
2012-01-17,0.0,0.0,0.0,0.0,0.9629404862857598,
2012-01-18,0.0,0.0,0.0,0.0,0.9629404862857598,
2012-01-19,0.0,0.0,0.0,0.0,0.9629404862857598,
2012-01-20,0.0,0.0,0.0,0.0,0.9629404862857598,
2012-01-23,0.0,0.0,0.0,0.0,0.9629404862857598,
2012-01-24,0.0,0.0,0.0,0.0,0.9629404862857598,
2012-01-25,0.0,0.0,0.0,0.0,0.9629404862857598,
2012-01-26,0.0,0.0,0.0,0.0,0.9629404862857598,
2012-01-27,0.0,0.0,0.0,0.0,0.9629404862857598,
2012-01-30,0.0,0.0,0.0,0.0,0.9629404862857598,
2012-01-31,0.0,0.0,0.0,0.0,0.9629404862857598,
2012-02-01,0.0,0.0,0.0,0.0,0.9629404862857598,
2012-02-02,0.0,0.0,0.0,0.0,0.9629404862857598,
2012-02-03,0.0,1.0,5.80143132650635e-05,-5.80143132650635e-05,0.9628846219547328,0.580143132650635
2012-02-06,-0.0018600202500000103,1.0,5.80362375401336e-05,-0.001918056487540144,0.9610377548588398,0.580362375401336
2012-02-07,0.0,0.0,0.0,0.0,0.9610377548588398,
2012-02-08,0.0,0.0,0.0,0.0,0.9610377548588398,
2012-02-09,0.0,0.0,0.0,0.0,0.9610377548588398,
2012-02-10,0.0,0.0,0.0,0.0,0.9610377548588398,
2012-02-13,0.0,0.0,0.0,0.0,0.9610377548588398,
2012-02-14,0.0,0.0,0.0,0.0,0.9610377548588398,
2012-02-15,0.0,0.0,0.0,0.0,0.9610377548588398,
2012-02-16,0.0,0.0,0.0,0.0,0.9610377548588398,
2012-02-17,0.0,0.0,0.0,0.0,0.9610377548588398,
2012-02-21,0.0,0.0,0.0,0.0,0.9610377548588398,
2012-02-22,0.0,0.0,0.0,0.0,0.9610377548588398,
2012-02-23,0.0,0.0,0.0,0.0,0.9610377548588398,
2012-02-24,0.0,0.0,0.0,0.0,0.9610377548588398,
2012-02-27,0.0,0.0,0.0,0.0,0.9610377548588398,
2012-02-28,0.0,0.0,0.0,0.0,0.9610377548588398,
2012-02-29,0.0,0.0,0.0,0.0,0.9610377548588398,
2012-03-01,0.0,0.0,0.0,0.0,0.9610377548588398,
2012-03-02,0.0,0.0,0.0,0.0,0.9610377548588398,
2012-03-05,0.0,1.0,5.803020930618936e-05,-5.803020930618936e-05,0.9609819856367742,0.5803020930618936
2012-03-06,-0.003100056249999981,1.0,5.799813335769197e-05,-0.0031580543833576733,0.9579471522647062,0.5799813335769197
2012-03-07,0.0,1.0,5.793964317948827e-05,-5.793964317948827e-05,0.9578916491485192,0.5793964317948826
2012-03-08,0.0024799639999999955,0.0,0.0,0.0024799639999999955,0.9602671859543082,
2012-03-09,0.0012399910000000032,0.0,0.0,0.0012399910000000032,0.9614579086224869,
2012-03-12,0.0,0.0,0.0,0.0,0.9614579086224869,
2012-03-13,0.005579817749999999,0.0,0.0,0.005579817749999999,0.9668226685268965,
2012-03-14,0.010539349749999991,0.0,0.0,0.010539349749999991,0.9770123507767297,
2012-03-15,-0.0012400089999999927,1.0,5.867096497371911e-05,-0.0012986799649737117,0.9757435244112441,0.5867096497371911
2012-03-16,0.0,0.0,0.0,0.0,0.9757435244112441,
2012-03-19,0.0,0.0,0.0,0.0,0.9757435244112441,
2012-03-20,0.0,0.0,0.0,0.0,0.9757435244112441,
2012-03-21,0.0,0.0,0.0,0.0,0.9757435244112441,
2012-03-22,0.0,0.0,0.0,0.0,0.9757435244112441,
2012-03-23,0.0,0.0,0.0,0.0,0.9757435244112441,
2012-03-26,0.0,0.0,0.0,0.0,0.9757435244112441,
2012-03-27,0.0,0.0,0.0,0.0,0.9757435244112441,
2012-03-28,0.0,0.0,0.0,0.0,0.9757435244112441,
2012-03-29,0.0,0.0,0.0,0.0,0.9757435244112441,
2012-03-30,0.0,0.0,0.0,0.0,0.9757435244112441,
2012-04-02,0.0,1.0,5.2077137679986474e-05,-5.2077137679986474e-05,0.9756927104813831,0.5207713767998647
2012-04-03,-4.999998499999991e-05,1.0,5.196963770603429e-05,-0.00010196962270603421,0.9755932194638183,0.5196963770603429
2012-04-04,0.0,0.0,0.0,0.0,0.9755932194638183,
2012-04-05,0.0,0.0,0.0,0.0,0.9755932194638183,
2012-04-06,0.0,0.0,0.0,0.0,0.9755932194638183,
2012-04-09,0.0,1.0,5.920201928922084e-05,-5.920201928922084e-05,0.9755354623752212,0.5920201928922084
2012-04-10,-0.003100056249999992,0.0,0.0,-0.003100056249999992,0.9725112475679882,
2012-04-11,0.0024799639999999955,0.0,0.0,0.0024799639999999955,0.9749230404515519,
2012-04-12,0.0018599797499999995,0.0,0.0,0.0018599797499999995,0.9767363775646003,
2012-04-13,-0.003100056250000003,1.0,5.909389634682225e-05,-0.003159150146346825,0.9736507206944748,0.5909389634682225
2012-04-16,0.0,0.0,0.0,0.0,0.9736507206944748,
2012-04-17,0.0,1.0,5.9038479305266734e-05,-5.9038479305266734e-05,0.9735932378365505,0.5903847930526673
2012-04-18,-0.0012400089999999927,1.0,5.9038479305266734e-05,-0.0012990474793052593,0.9723284939950704,0.5903847930526673
2012-04-19,0.0,0.0,0.0,0.0,0.9723284939950704,
2012-04-20,0.0,0.0,0.0,0.0,0.9723284939950704,
2012-04-23,0.0,0.0,0.0,0.0,0.9723284939950704,
2012-04-24,0.0,0.0,0.0,0.0,0.9723284939950704,
2012-04-25,0.0,0.0,0.0,0.0,0.9723284939950704,
2012-04-26,0.0,0.0,0.0,0.0,0.9723284939950704,
2012-04-27,0.0,0.0,0.0,0.0,0.9723284939950704,
2012-04-30,0.0,0.0,0.0,0.0,0.9723284939950704,
2012-05-01,0.0,0.0,0.0,0.0,0.9723284939950704,
2012-05-02,0.0,0.0,0.0,0.0,0.9723284939950704,
2012-05-03,0.0,0.0,0.0,0.0,0.9723284939950704,
2012-05-04,0.0,0.0,0.0,0.0,0.9723284939950704,
2012-05-07,0.0,1.0,5.453993673077921e-05,-5.453993673077921e-05,0.9722754632605264,0.545399367307792
2012-05-08,0.0006700198750000045,1.0,5.4533415531390934e-05,0.0006154864594686136,0.9728738856430367,0.5453341553139093
2012-05-09,0.0,1.0,5.805830248267836e-05,-5.805830248267836e-05,0.9728174022367064,0.5805830248267836
2012-05-10,0.0012399910000000032,1.0,5.807171248081106e-05,0.001181919287519192,0.9739671938876442,0.5807171248081106
2012-05-11,0.0,0.0,0.0,0.0,0.9739671938876442,
2012-05-14,0.0,0.0,0.0,0.0,0.9739671938876442,
2012-05-15,0.0,0.0,0.0,0.0,0.9739671938876442,
2012-05-16,0.0,0.0,0.0,0.0,0.9739671938876442,
2012-05-17,0.0,1.0,5.784967728088507e-05,-5.784967728088507e-05,0.9739108501997956,0.5784967728088507
2012-05-18,0.0,1.0,5.784407159843172e-05,-5.784407159843172e-05,0.9738545152308461,0.5784407159843172
2012-05-21,0.0,1.0,5.408428399588599e-05,-5.408428399588599e-05,0.9738018450066737,0.5408428399588598
2012-05-22,0.0006199955000000016,1.0,5.40862514879871e-05,0.0005659092485120145,0.974352928476981,0.540862514879871
2012-05-23,-0.003100056250000003,0.0,0.0,-0.003100056250000003,0.9713323795913501,
2012-05-24,0.003099943750000003,1.0,5.409991854061962e-05,0.0030458438314593834,0.9742909063280252,0.5409991854061962
2012-05-25,-0.0007950098750000048,0.0,0.0,-0.0007950098750000048,0.9735163354363716,
2012-05-29,-0.00013499975000000035,1.0,5.405466955973331e-05,-0.00018905441955973366,0.9733322878706437,0.540546695597333
2012-05-30,-0.006820272249999991,1.0,5.416745071031492e-05,-0.006874439700710305,0.9666411737489226,0.5416745071031492
2012-05-31,-0.0005250078749999992,0.0,0.0,-0.0005250078749999992,0.9661336795204052,
2012-06-01,-0.0029651122499999983,1.0,5.423662575634804e-05,-0.0030193488757563466,0.9632165848813149,0.5423662575634804
2012-06-04,0.004959855999999992,1.0,5.430128566215679e-05,0.004905554714337835,0.9679416965402077,0.543012856621568
2012-06-05,0.0010649901249999989,1.0,5.4312989060299025e-05,0.0010106771359396998,0.9689199730818235,0.5431298906029902
2012-06-06,0.004339889750000006,0.0,0.0,0.004339889750000006,0.9731249789415716,
2012-06-07,-0.0006200022499999963,0.0,0.0,-0.0006200022499999963,0.9725216392650966,
2012-06-08,-0.0006200022500000071,0.0,0.0,-0.0006200022500000071,0.9719186736605785,
2012-06-11,-0.002480035999999996,1.0,5.370224950293344e-05,-0.0025337382495029294,0.9694560861417185,0.5370224950293344
2012-06-12,0.0016299488750000039,1.0,5.372025070773823e-05,0.0015762286242922657,0.9709841705746893,0.5372025070773823
2012-06-13,-0.0037200810000000096,0.0,0.0,-0.0037200810000000096,0.9673720308104337,
2012-06-14,0.0024799640000000064,1.0,5.3692474418389224e-05,0.002426271525581617,0.9697191380234331,0.5369247441838922
2012-06-15,-0.0007000140000000042,0.0,0.0,-0.0007000140000000042,0.9690403210507488,
2012-06-18,-0.00013499974999999978,1.0,5.372697199877335e-05,-0.00018872672199877314,0.9688574372474722,0.5372697199877335
2012-06-19,0.0018599797499999995,0.0,0.0,0.0018599797499999995,0.9706594924613895,
2012-06-20,0.0018599797500000103,0.0,0.0,0.0018599797500000103,0.972464899461513,
2012-06-21,-0.0012400090000000033,1.0,5.7372264406942784e-05,-0.001297381264406946,0.9712032417206583,0.5737226440694279
2012-06-22,0.0,1.0,5.746452465528097e-05,-5.746452465528097e-05,0.9711474319880292,0.5746452465528097
2012-06-25,-0.003100056249999992,1.0,5.744845077087834e-05,-0.0031575047007708704,0.9680810294063854,0.5744845077087835
2012-06-26,0.0,0.0,0.0,0.0,0.9680810294063854,
2012-06-27,0.0,1.0,5.7218262195311144e-05,-5.7218262195311144e-05,0.9680256374922186,0.5721826219531114
2012-06-28,-0.0024800360000000066,0.0,0.0,-0.0024800360000000066,0.965624899062315,
2012-06-29,0.003099943750000003,0.0,0.0,0.003099943750000003,0.9686182819330077,
2012-07-02,-0.004340110250000006,1.2366412213740459,6.905642812483842e-05,-0.004409166678124844,0.9643474824804862,0.558419264466286
2012-07-03,-0.0023700843034351097,1.0,5.5198545950946034e-05,-0.002425282849386056,0.9620086670703777,0.5519854595094603
2012-07-05,1.67923902671714e-05,1.0,5.353550354815945e-05,-3.674311328098805e-05,0.9619733198769462,0.5353550354815946
2012-07-06,-0.004733043587786263,1.0,5.290038882732213e-05,-0.004785943976613585,0.9573693694610181,0.5290038882732213
2012-07-09,-0.0010844895096390305,0.0,0.0,-0.0010844895096390305,0.956331112422988,
2012-07-10,-0.00035888228651830256,0.0,0.0,-0.00035888228651830256,0.955987902126693,
2012-07-11,0.00035104735412084246,0.0,0.0,0.00035104735412084246,0.9563234991503061,
2012-07-12,-0.0003745403397917028,1.0,5.285007548524378e-05,-0.00042739041527694655,0.9559147756528652,0.5285007548524377
2012-07-13,0.0009465578435114611,1.0,5.5439717385106007e-05,0.0008911181261263551,0.9567666086364816,0.55439717385106
2012-07-16,0.0,0.0,0.0,0.0,0.9567666086364816,
2012-07-17,0.0,0.0,0.0,0.0,0.9567666086364816,
2012-07-18,0.0,0.0,0.0,0.0,0.9567666086364816,
2012-07-19,0.0,0.0,0.0,0.0,0.9567666086364816,
2012-07-20,0.0,1.0,5.923026219091281e-05,-5.923026219091281e-05,0.9567099390993965,0.5923026219091281
2012-07-23,-0.006000202499999964,1.0,5.92393879677624e-05,-0.006059441887967726,0.9509128108197826,0.592393879677624
2012-07-24,0.0,0.0,0.0,0.0,0.9509128108197826,
2012-07-25,0.0,0.0,0.0,0.0,0.9509128108197826,
2012-07-26,0.0,1.0,5.683861330239944e-05,-5.683861330239944e-05,0.9508587622542441,0.5683861330239943
2012-07-27,0.0034990199999999708,1.0,5.7299274145298376e-05,0.0034417207258546725,0.954131352563655,0.5729927414529838
2012-07-30,0.0,0.0,0.0,0.0,0.954131352563655,
2012-07-31,0.0,0.0,0.0,0.0,0.954131352563655,
2012-08-01,0.0,0.0,0.0,0.0,0.954131352563655,
2012-08-02,0.0,0.0,0.0,0.0,0.954131352563655,
2012-08-03,0.0,1.0,6.121394410423384e-05,-6.121394410423384e-05,0.9540729464203711,0.6121394410423384
2012-08-06,0.0015000124999999908,1.0,6.120709016901785e-05,0.001438805409830973,0.955445671737054,0.6120709016901785
2012-08-07,0.0,0.0,0.0,0.0,0.955445671737054,
2012-08-08,0.0,0.0,0.0,0.0,0.955445671737054,
2012-08-09,0.0,0.0,0.0,0.0,0.955445671737054,
2012-08-10,0.0,0.0,0.0,0.0,0.955445671737054,
2012-08-13,0.0,0.0,0.0,0.0,0.955445671737054,
2012-08-14,0.0,0.0,0.0,0.0,0.955445671737054,
2012-08-15,0.0,0.0,0.0,0.0,0.955445671737054,
2012-08-16,0.0,0.0,0.0,0.0,0.955445671737054,
2012-08-17,0.0,0.0,0.0,0.0,0.955445671737054,
2012-08-20,0.0,0.0,0.0,0.0,0.955445671737054,
2012-08-21,0.0,0.0,0.0,0.0,0.955445671737054,
2012-08-22,0.0,0.0,0.0,0.0,0.955445671737054,
2012-08-23,0.0,1.0,5.2016877936358444e-05,-5.2016877936358444e-05,0.9553959724361725,0.5201687793635844
2012-08-24,0.0,0.0,0.0,0.0,0.9553959724361725,
2012-08-27,4.999998500000013e-05,1.0,5.189954896024137e-05,-1.8995639602412419e-06,0.9553941576004155,0.5189954896024137
2012-08-28,0.0,0.0,0.0,0.0,0.9553941576004155,
2012-08-29,0.0,0.0,0.0,0.0,0.9553941576004155,
2012-08-30,0.0,0.0,0.0,0.0,0.9553941576004155,
2012-08-31,0.0,0.0,0.0,0.0,0.9553941576004155,
2012-09-04,0.0,0.0,0.0,0.0,0.9553941576004155,
2012-09-05,0.0,0.0,0.0,0.0,0.9553941576004155,
2012-09-06,0.0,0.0,0.0,0.0,0.9553941576004155,
2012-09-07,0.0,0.0,0.0,0.0,0.9553941576004155,
2012-09-10,0.0,0.0,0.0,0.0,0.9553941576004155,
2012-09-11,0.0,0.0,0.0,0.0,0.9553941576004155,
2012-09-12,0.0,0.0,0.0,0.0,0.9553941576004155,
2012-09-13,0.0,0.0,0.0,0.0,0.9553941576004155,
2012-09-14,0.0,0.0,0.0,0.0,0.9553941576004155,
2012-09-17,0.0,1.0,5.1266765342322056e-05,-5.1266765342322056e-05,0.9553451776323284,0.5126676534232205
2012-09-18,-4.500025000000012e-05,1.0,5.126469309038407e-05,-9.62649430903842e-05,0.955253211383172,0.5126469309038407
2012-09-19,0.0,0.0,0.0,0.0,0.955253211383172,
2012-09-20,0.0,0.0,0.0,0.0,0.955253211383172,
2012-09-21,0.0,0.0,0.0,0.0,0.955253211383172,
2012-09-24,0.0,1.0,5.1679850328521427e-05,-5.1679850328521427e-05,0.9552038440401819,0.5167985032852143
2012-09-25,0.0,2.0,0.00010846885533831915,-0.00010846885533831915,0.955100234172604,0.5423442766915958
2012-09-26,-0.0017502449999999723,2.0,0.00010878771342938253,-0.001859032713429355,0.9533246715926731,0.5439385671469127
2012-09-27,0.0001800002499999997,2.0,0.00011113765291052614,6.886259708947355e-05,0.9533903200054284,0.5556882645526307
2012-09-28,-0.002000022500000057,1.0,5.91204536180841e-05,-0.0020591429536181414,0.9514271530459416,0.591204536180841
2012-10-01,0.0,0.0,0.0,0.0,0.9514271530459416,
2012-10-02,0.0,0.0,0.0,0.0,0.9514271530459416,
2012-10-03,0.0,1.0,5.893141897019125e-05,-5.893141897019125e-05,0.9513710840937658,0.5893141897019125
2012-10-04,0.013998897500000053,0.0,0.0,0.013998897500000053,0.9646892303844584,
2012-10-05,0.013998897499999984,1.0,5.9155437395247976e-05,0.013939742062604735,0.9781367494265906,0.5915543739524798
2012-10-09,0.0,0.0,0.0,0.0,0.9781367494265906,
2012-10-10,0.0,0.0,0.0,0.0,0.9781367494265906,
2012-10-11,0.0,0.0,0.0,0.0,0.9781367494265906,
2012-10-12,0.0,1.0,5.212984796500807e-05,-5.212984796500807e-05,0.978085759306554,0.5212984796500807
2012-10-15,0.0,1.0,5.212984796500807e-05,-5.212984796500807e-05,0.9780347718446246,0.5212984796500807
2012-10-16,0.0,0.0,0.0,0.0,0.9780347718446246,
2012-10-17,0.0,0.0,0.0,0.0,0.9780347718446246,
2012-10-18,0.0,0.0,0.0,0.0,0.9780347718446246,
2012-10-19,0.0,0.0,0.0,0.0,0.9780347718446246,
2012-10-22,0.0,0.0,0.0,0.0,0.9780347718446246,
2012-10-23,0.0,0.0,0.0,0.0,0.9780347718446246,
2012-10-24,0.0,0.0,0.0,0.0,0.9780347718446246,
2012-10-25,0.0,0.0,0.0,0.0,0.9780347718446246,
2012-10-26,0.0,0.0,0.0,0.0,0.9780347718446246,
2012-10-29,0.0,0.0,0.0,0.0,0.9780347718446246,
2012-10-31,0.0,1.0,5.164540105529575e-05,-5.164540105529575e-05,0.9779842608465866,0.5164540105529575
2012-11-01,0.0,1.0,5.164540105529575e-05,-5.164540105529575e-05,0.9779337524572095,0.5164540105529575
2012-11-02,0.0,0.0,0.0,0.0,0.9779337524572095,
2012-11-05,0.0,0.0,0.0,0.0,0.9779337524572095,
2012-11-06,0.0,0.0,0.0,0.0,0.9779337524572095,
2012-11-07,0.0,0.0,0.0,0.0,0.9779337524572095,
2012-11-08,0.0,0.0,0.0,0.0,0.9779337524572095,
2012-11-09,0.0,0.0,0.0,0.0,0.9779337524572095,
2012-11-13,0.0,0.0,0.0,0.0,0.9779337524572095,
2012-11-14,0.0,0.0,0.0,0.0,0.9779337524572095,
2012-11-15,0.0,0.0,0.0,0.0,0.9779337524572095,
2012-11-16,0.0,0.0,0.0,0.0,0.9779337524572095,
2012-11-19,0.0,0.0,0.0,0.0,0.9779337524572095,
2012-11-20,0.0,0.0,0.0,0.0,0.9779337524572095,
2012-11-21,0.0,0.0,0.0,0.0,0.9779337524572095,
2012-11-23,0.0,0.0,0.0,0.0,0.9779337524572095,
2012-11-26,0.0,0.0,0.0,0.0,0.9779337524572095,
2012-11-27,0.0,0.0,0.0,0.0,0.9779337524572095,
2012-11-28,0.0,0.0,0.0,0.0,0.9779337524572095,
2012-11-29,0.0,0.0,0.0,0.0,0.9779337524572095,
2012-11-30,0.0,0.0,0.0,0.0,0.9779337524572095,
2012-12-03,0.0,1.0,5.327090192990073e-05,-5.327090192990073e-05,0.9778816570441884,0.5327090192990073
2012-12-04,0.0,1.0,5.327090192990073e-05,-5.327090192990073e-05,0.977829564406337,0.5327090192990073
2012-12-05,0.0,0.0,0.0,0.0,0.977829564406337,
2012-12-06,0.0,0.0,0.0,0.0,0.977829564406337,
2012-12-07,0.0,0.0,0.0,0.0,0.977829564406337,
2012-12-10,0.0,0.0,0.0,0.0,0.977829564406337,
2012-12-11,0.0,0.0,0.0,0.0,0.977829564406337,
2012-12-12,0.0,0.0,0.0,0.0,0.977829564406337,
2012-12-13,0.0,0.0,0.0,0.0,0.977829564406337,
2012-12-14,0.0,0.0,0.0,0.0,0.977829564406337,
2012-12-17,0.0,0.0,0.0,0.0,0.977829564406337,
2012-12-18,0.0,0.0,0.0,0.0,0.977829564406337,
2012-12-19,0.0,0.0,0.0,0.0,0.977829564406337,
2012-12-20,0.0,0.0,0.0,0.0,0.977829564406337,
2012-12-21,0.0,0.0,0.0,0.0,0.977829564406337,
2012-12-24,0.0,0.0,0.0,0.0,0.977829564406337,
2012-12-26,0.0,0.0,0.0,0.0,0.977829564406337,
2012-12-27,0.0,0.0,0.0,0.0,0.977829564406337,
2012-12-28,0.0,0.0,0.0,0.0,0.977829564406337,
2012-12-31,0.0,1.0,5.223481912494188e-05,-5.223481912494188e-05,0.9777784876559051,0.5223481912494188
2013-01-02,1.2499985000000049e-05,1.0,5.2280266765626774e-05,-3.978028176562673e-05,0.9777395913521618,0.5228026676562678
2013-01-03,0.0,0.0,0.0,0.0,0.9777395913521618,
2013-01-04,0.0,0.0,0.0,0.0,0.9777395913521618,
2013-01-07,0.0,0.0,0.0,0.0,0.9777395913521618,
2013-01-08,0.0,0.0,0.0,0.0,0.9777395913521618,
2013-01-09,0.0,0.0,0.0,0.0,0.9777395913521618,
2013-01-10,0.0,0.0,0.0,0.0,0.9777395913521618,
2013-01-11,0.0,0.0,0.0,0.0,0.9777395913521618,
2013-01-14,0.0,0.0,0.0,0.0,0.9777395913521618,
2013-01-15,0.0,0.0,0.0,0.0,0.9777395913521618,
2013-01-16,0.0,0.0,0.0,0.0,0.9777395913521618,
2013-01-17,0.0,0.0,0.0,0.0,0.9777395913521618,
2013-01-18,0.0,0.0,0.0,0.0,0.9777395913521618,
2013-01-22,0.0,1.0,5.370447888937269e-05,-5.370447888937269e-05,0.9776870823569187,0.5370447888937269
2013-01-23,0.0,1.0,5.3692066620769916e-05,-5.3692066620769916e-05,0.9776345883169585,0.5369206662076992
2013-01-24,0.0,0.0,0.0,0.0,0.9776345883169585,
2013-01-25,0.0,0.0,0.0,0.0,0.9776345883169585,
2013-01-28,0.0,1.0,5.3689004887791134e-05,-5.3689004887791134e-05,0.9775821000887679,0.5368900488779114
2013-01-29,0.0,1.0,5.363811430637009e-05,-5.363811430637009e-05,0.9775296644283394,0.5363811430637009
2013-01-30,0.0,0.0,0.0,0.0,0.9775296644283394,
2013-01-31,0.0,0.0,0.0,0.0,0.9775296644283394,
2013-02-01,0.0,0.0,0.0,0.0,0.9775296644283394,
2013-02-04,0.0,0.0,0.0,0.0,0.9775296644283394,
2013-02-05,0.0,0.0,0.0,0.0,0.9775296644283394,
2013-02-06,0.0,0.0,0.0,0.0,0.9775296644283394,
2013-02-07,0.0,0.0,0.0,0.0,0.9775296644283394,
2013-02-08,0.0,0.0,0.0,0.0,0.9775296644283394,
2013-02-11,0.0,0.0,0.0,0.0,0.9775296644283394,
2013-02-12,0.0,0.0,0.0,0.0,0.9775296644283394,
2013-02-13,0.0,1.0,5.172584213456687e-05,-5.172584213456687e-05,0.9774791008832354,0.5172584213456687
2013-02-14,9.499995000000003e-05,1.0,5.179574959293789e-05,4.3204200407062136e-05,0.9775213320862036,0.5179574959293789
2013-02-15,5.999997750000002e-05,1.0,5.176806741256644e-05,8.231910087433579e-06,0.9775293789539178,0.5176806741256643
2013-02-19,0.0,0.0,0.0,0.0,0.9775293789539178,
2013-02-20,0.0,1.0,5.3240806205060256e-05,-5.3240806205060256e-05,0.9774773345016932,0.5324080620506025
2013-02-21,-2.499999500000001e-05,0.0,0.0,-2.499999500000001e-05,0.977452897573218,
2013-02-22,0.0,0.0,0.0,0.0,0.977452897573218,
2013-02-25,2.5000005000000012e-05,1.0,5.32668511420297e-05,-2.826684614202969e-05,0.9774252680625513,0.532668511420297
2013-02-26,0.0,0.0,0.0,0.0,0.9774252680625513,
2013-02-27,0.0,1.0,5.2159053823405924e-05,-5.2159053823405924e-05,0.977374286485386,0.5215905382340592
2013-02-28,0.0,1.0,5.212460211068652e-05,-5.212460211068652e-05,0.9773233412395897,0.5212460211068652
2013-03-01,0.0,0.0,0.0,0.0,0.9773233412395897,
2013-03-04,0.0,1.0,5.257870461940183e-05,-5.257870461940183e-05,0.9772719548443131,0.5257870461940183
2013-03-05,0.0,1.0,5.255854242874702e-05,-5.255854242874702e-05,0.9772205908548101,0.5255854242874702
2013-03-06,0.0,0.0,0.0,0.0,0.9772205908548101,
2013-03-07,0.0,0.0,0.0,0.0,0.9772205908548101,
2013-03-08,0.0,1.0,5.3505242240393926e-05,-5.3505242240393926e-05,0.9771683044303742,0.5350524224039392
2013-03-11,0.0,0.0,0.0,0.0,0.9771683044303742,
2013-03-12,0.0,1.0,5.347935801598367e-05,-5.347935801598367e-05,0.9771160460967796,0.5347935801598367
2013-03-13,0.0,0.0,0.0,0.0,0.9771160460967796,
2013-03-14,0.0,0.0,0.0,0.0,0.9771160460967796,
2013-03-15,0.0,0.0,0.0,0.0,0.9771160460967796,
2013-03-18,0.0,0.0,0.0,0.0,0.9771160460967796,
2013-03-19,0.0,0.0,0.0,0.0,0.9771160460967796,
2013-03-20,0.0,0.0,0.0,0.0,0.9771160460967796,
2013-03-21,0.0,0.0,0.0,0.0,0.9771160460967796,
2013-03-22,0.0,0.0,0.0,0.0,0.9771160460967796,
2013-03-25,0.0,0.0,0.0,0.0,0.9771160460967796,
2013-03-26,0.0,0.0,0.0,0.0,0.9771160460967796,
2013-03-27,0.0,0.0,0.0,0.0,0.9771160460967796,
2013-03-28,0.0,0.0,0.0,0.0,0.9771160460967796,
2013-04-01,0.0,0.0,0.0,0.0,0.9771160460967796,
2013-04-02,0.0,0.0,0.0,0.0,0.9771160460967796,
2013-04-03,0.0,0.0,0.0,0.0,0.9771160460967796,
2013-04-04,0.0,0.0,0.0,0.0,0.9771160460967796,
2013-04-05,0.0,0.0,0.0,0.0,0.9771160460967796,
2013-04-08,0.0,0.0,0.0,0.0,0.9771160460967796,
2013-04-09,0.0,1.0,5.697344978351743e-05,-5.697344978351743e-05,0.9770603764247946,0.5697344978351743
2013-04-10,0.013998897499999984,0.0,0.0,0.013998897499999984,0.9907381444856768,
2013-04-11,0.0,1.0,5.714551470604552e-05,-5.714551470604552e-05,0.9906815282444712,0.5714551470604552
2013-04-12,0.0,0.0,0.0,0.0,0.9906815282444712,
2013-04-15,0.0,0.0,0.0,0.0,0.9906815282444712,
2013-04-16,0.0,0.0,0.0,0.0,0.9906815282444712,
2013-04-17,0.0,0.0,0.0,0.0,0.9906815282444712,
2013-04-18,0.0,0.0,0.0,0.0,0.9906815282444712,
2013-04-19,0.0,0.0,0.0,0.0,0.9906815282444712,
2013-04-22,0.0,0.0,0.0,0.0,0.9906815282444712,
2013-04-23,0.0,0.0,0.0,0.0,0.9906815282444712,
2013-04-24,0.0,0.0,0.0,0.0,0.9906815282444712,
2013-04-25,0.0,0.0,0.0,0.0,0.9906815282444712,
2013-04-26,0.0,0.0,0.0,0.0,0.9906815282444712,
2013-04-29,0.0,0.0,0.0,0.0,0.9906815282444712,
2013-04-30,0.0,0.0,0.0,0.0,0.9906815282444712,
2013-05-01,0.0,0.0,0.0,0.0,0.9906815282444712,
2013-05-02,0.0,0.0,0.0,0.0,0.9906815282444712,
2013-05-03,0.0,0.0,0.0,0.0,0.9906815282444712,
2013-05-06,0.0,0.0,0.0,0.0,0.9906815282444712,
2013-05-07,0.0,0.0,0.0,0.0,0.9906815282444712,
2013-05-08,0.0,0.0,0.0,0.0,0.9906815282444712,
2013-05-09,0.0,0.0,0.0,0.0,0.9906815282444712,
2013-05-10,0.0,0.0,0.0,0.0,0.9906815282444712,
2013-05-13,0.0,1.0,5.124464956609195e-05,-5.124464956609195e-05,0.9906307611167248,0.5124464956609195
2013-05-14,-9.500005000000004e-05,2.0,0.00010300692929546344,-0.0001980069792954635,0.9904346093121188,0.5150346464773172
2013-05-15,0.0,2.0,0.00010300692929546344,-0.00010300692929546344,0.9903325876843456,0.5150346464773172
2013-05-16,0.0,1.0,5.123736552656347e-05,-5.123736552656347e-05,0.9902818456515575,0.5123736552656347
2013-05-17,0.0,0.0,0.0,0.0,0.9902818456515575,
2013-05-20,0.0,0.0,0.0,0.0,0.9902818456515575,
2013-05-21,0.0,0.0,0.0,0.0,0.9902818456515575,
2013-05-22,0.0,0.0,0.0,0.0,0.9902818456515575,
2013-05-23,0.0,1.0,5.15342044755925e-05,-5.15342044755925e-05,0.9902308122644353,0.515342044755925
2013-05-24,0.00022500062499999863,1.0,5.1852886318359476e-05,0.00017314773868163915,0.9904022684903518,0.5185288631835947
2013-05-28,0.0028997225000000084,0.0,0.0,0.0028997225000000084,0.9932741602323444,
2013-05-29,-0.0008000074999999951,1.7636949516648763,9.163000739057425e-05,-0.0008916375073905694,0.9923885197359594,0.51953432935825
2013-05-30,9.71535315037594e-05,0.0,0.0,9.71535315037594e-05,0.9924849337852756,
2013-05-31,9.956767924275093e-05,0.8938547486033519,4.559593313378605e-05,5.397174610896488e-05,0.9925384999301389,0.5101045019342315
2013-06-03,-0.00011553385366656928,0.8938547486033519,4.559576151967734e-05,-0.00016112961518624663,0.9923785725835876,0.5101025820013902
2013-06-04,0.00020856543939849835,0.0,0.0,0.00020856543939849835,0.992585548456628,
2013-06-05,-0.0004171377359505916,1.7636949516648766,9.109598874744889e-05,-0.0005082337246980405,0.9920810830062545,0.5165064891831603
2013-06-06,0.00031962889602803646,1.7636949516648766,9.108696022304711e-05,0.00022854193580498935,0.9923078151374403,0.5164552982195911
2013-06-07,0.0007134007864715371,0.0,0.0,0.0007134007864715371,0.9930157283131812,
2013-06-10,0.00031997020645005414,0.0,0.0,0.00031997020645005414,0.9933334637607777,
2013-06-11,1.1840352443609747e-05,0.0,0.0,1.1840352443609747e-05,0.9933452251790826,
2013-06-12,0.00033181230934478846,0.8938547486033519,4.559322351347974e-05,0.00028621908583130874,0.9936295395413483,0.5100741880570546
2013-06-13,-0.00020738682078800353,0.0,0.0,-0.00020738682078800353,0.9934234738701017,
2013-06-14,-0.00017185725257277146,0.8938547486033519,4.5612776668092906e-05,-0.00021747002924086436,0.9932074340381906,0.5102929389742893
2013-06-17,0.00019671506646079274,0.0,0.0,0.00019671506646079274,0.9934028129045868,
2013-06-18,6.162697099892785e-05,0.0,0.0,6.162697099892785e-05,0.9934640333109279,
2013-06-19,0.0010476134747583238,0.39999999999999997,2.054603050098402e-05,0.0010270674442573397,0.9944843878765822,0.5136507625246006
2013-06-20,0.00024110497500000002,1.3473684210526315,6.98345108343881e-05,0.00017127046416561193,0.9946547136792994,0.5183030100989742
2013-06-21,-0.002130493482142853,0.42056074766355145,2.229304851348362e-05,-0.002152786530656337,0.9925134344090367,0.5300791535428326
2013-06-24,-0.0010336093448407436,1.6019138755980862,8.276512888386225e-05,-0.0011163744737246058,0.9914054177460337,0.516664036341912
2013-06-25,5.033968626794274e-05,0.0,0.0,5.033968626794274e-05,0.9914553247837273,
2013-06-26,-0.00010808630535885148,0.0,0.0,-0.00010808630535885148,0.991348162040743,
2013-06-27,-4.1467692679426067e-05,1.6019138755980862,8.279618579429673e-05,-0.0001242638784737228,0.99122497327321,0.5168579101256876
2013-06-28,-0.0001836606122449,0.39999999999999997,2.0650244228194364e-05,-0.00020431085647309435,0.991022455249963,0.5162561057048591
2013-07-01,0.0007002837308673552,0.0,0.0,0.0007002837308673552,0.9917164521522989,
2013-07-02,0.0002869917028061172,0.0,0.0,0.0002869917028061172,0.9920010665456029,
2013-07-03,-0.0006198926913265294,0.1836734693877551,9.464809232792805e-06,-0.0006293575005593222,0.9913767432338095,0.5153062804520526
2013-07-05,-0.004958425931122449,1.0,5.227542344007277e-05,-0.005010701354562522,0.9864092504436062,0.5227542344007277
2013-07-08,-0.0007240749042572391,1.1449137794652746,6.0679150427332726e-05,-0.0007847540546845718,0.9856351617847422,0.529988821129156
2013-07-09,0.000553649307183737,0.892857142857143,4.688863197399117e-05,0.0005067606752097458,0.9861346429248388,0.525152678108701
2013-07-10,0.00045468729858117406,0.8163265306122449,4.463147411845483e-05,0.0004100558244627192,0.9865390131788745,0.5467355579510716
2013-07-11,-0.0011287559028393982,0.892857142857143,4.695308342800702e-05,-0.0011757089862674053,0.9853791303957767,0.5258745343936785
2013-07-12,-0.00022958891900510842,0.8163265306122449,4.485534140394299e-05,-0.0002744442604090514,0.9851086987491128,0.5494779321983017
2013-07-15,0.0008573672984255824,1.7567654020855992,9.325116170788105e-05,0.0007641161367177013,0.9858614362022481,0.5308116928826979
2013-07-16,0.000784373932969738,0.9876543209876543,5.1799267686173666e-05,0.0007325746652835644,0.9865836533138899,0.5244675853225084
2013-07-17,1.2345422133211676e-05,0.9876543209876544,5.0613110255084195e-05,-3.826768812187252e-05,0.9865458990383387,0.5124577413327275
2013-07-18,0.00010140359140224726,1.0746268656716418,5.533219026568835e-05,4.607140113655891e-05,0.9865913505901929,0.5148967705279333
2013-07-19,7.673340671642093e-06,0.6000000000000001,3.125059208583387e-05,-2.3577251414191774e-05,0.9865680894778769,0.5208432014305644
2013-07-22,0.0,0.9253731343283582,4.937290269038064e-05,-4.937290269038064e-05,0.9865193797475977,0.5335458839121778
2013-07-23,-0.0008399623982727413,1.7009663374747797,8.975634864926155e-05,-0.0009297187469220028,0.9856021941860444,0.5276785711262929
2013-07-24,3.241016232664314e-05,1.7009663374747797,8.979921184008416e-05,-5.738904951344102e-05,0.9855456314129217,0.5279305643014561
2013-07-25,-0.00022881440677966164,0.0,0.0,-0.00022881440677966164,0.9853201243739157,
2013-07-26,0.0007334421935243865,0.0,0.0,0.0007334421935243865,0.9860427997272602,
2013-07-29,-0.0009699939828891203,0.0,0.0,-0.0009699939828891203,0.9850863441446536,
2013-07-30,-0.00048110517272608843,0.0,0.0,-0.00048110517272608843,0.9846124140089038,
2013-07-31,0.000840009137501603,0.0,0.0,0.000840009137501603,0.9854394974335687,
2013-08-01,-0.004566179279499273,0.0,0.0,-0.004566179279499273,0.9809398040191873,
2013-08-02,0.0034902590259089086,0.0,0.0,0.0034902590259089086,0.9843635380240386,
2013-08-05,-0.0010844137548518616,0.0,0.0,-0.0010844137548518616,0.9832960806636307,
2013-08-06,0.00011440656779661047,0.0,0.0,0.00011440656779661047,0.9834085761933474,
2013-08-07,0.0014433865635916706,0.8928571428571429,4.706177746476641e-05,0.0013963247861269042,0.9847817339631759,0.5270919076053837
2013-08-08,0.001022518769765549,0.8928571428571429,4.706255307761055e-05,0.0009754562166879385,0.985742345427651,0.5271005944692381
2013-08-09,0.0003588853585521999,1.9612403100775195,0.00010420727802778715,0.00025467808052441276,0.9859933923960762,0.531333551999389
2013-08-12,0.0002458104201574127,0.8163265306122449,4.314979409966617e-05,0.00020266062605774657,0.9861932144342679,0.5285849777209106
2013-08-13,0.0038556327325581425,0.8163265306122449,4.315470958677695e-05,0.0038124780229713655,0.989953054390702,0.5286451924380177
2013-08-14,2.4031053759689843e-05,0.0,0.0,2.4031053759689843e-05,0.9899768440057716,
2013-08-15,0.0005156508424299948,0.0,0.0,0.0005156508424299948,0.9904873263993693,
2013-08-16,0.00043016244878183775,0.9612403100775195,5.062786986119828e-05,0.00037953457892063946,0.9908632505897205,0.5266931622656916
2013-08-19,-0.000618733952174326,0.0,0.0,-0.000618733952174326,0.9902501698546188,
2013-08-20,0.0012540673093887034,0.9612403100775195,5.0675851933344134e-05,0.0012033914574553592,0.9914418284497656,0.5271923305968864
2013-08-21,0.00041815545611849445,0.0,0.0,0.00041815545611849445,0.9918564052597559,
2013-08-22,0.00047823517059246835,0.0,0.0,0.00047823517059246835,0.9923307458769286,
2013-08-23,-0.0006506056627709215,0.05263157894736847,2.691684399981452e-06,-0.000653297347170903,0.9916824588331311,0.5114200359964755
2013-08-26,-9.957273125134168e-05,0.0,0.0,-9.957273125134168e-05,0.991583714302171,
2013-08-27,-0.0006873424251288929,0.9464863275507204,4.870862557216923e-05,-0.0007360510507010621,0.9908538580674008,0.5146257706460005
2013-08-28,0.00027958217713979297,0.39808612440191393,2.0325946992452703e-05,0.0002592562301473403,0.9911107431032703,0.5105916972863719
2013-08-29,4.435497464115146e-06,0.6545454545454545,3.356952918134284e-05,-2.9134031717227693e-05,0.9910818680514455,0.5128678069371823
2013-08-30,0.00018487888193340332,0.0,0.0,0.00018487888193340332,0.9912650981591153,
2013-09-03,0.0008223996398549965,0.05263157894736847,2.6923256718964472e-06,0.0008197073141831,0.9920776454103708,0.5115418776603246
2013-09-04,0.00045420285645071787,0.8550862205347255,4.5074607898160584e-05,0.00040912824855255726,0.9924835323998656,0.5271352387128087
2013-09-05,0.0040749391089640475,1.0,5.255167541612055e-05,0.004022387433547927,0.9964756856885941,0.5255167541612056
2013-09-06,-0.00023638307482603776,0.052631578947368474,2.671900807580854e-06,-0.00023905497563361862,0.9962374732178324,0.5076611534403618
2013-09-09,-2.2219020119617152e-05,0.0,0.0,-2.2219020119617152e-05,0.9962153377973711,
2013-09-10,0.0001036512336363636,0.39808612440191393,2.0366748967860236e-05,8.328448466850337e-05,0.9962983070783985,0.5116166507551428
2013-09-11,-9.773962275886594e-05,0.05263157894736847,2.6945977325859823e-06,-0.00010043422049145193,0.9961982446345501,0.5119735691913362
2013-09-12,1.1841886262862656e-05,0.15877683034401652,8.078880126658458e-06,3.763006136204198e-06,0.9962019933346575,0.5088198390882482
2013-09-13,0.0,0.0,0.0,0.0,0.9962019933346575,
2013-09-16,-1.24999975e-05,0.01234567901234565,6.227648784040221e-07,-1.3122762378404022e-05,0.9961889204126181,0.504439551507259
2013-09-17,1.883943518518715e-06,1.0123456790123457,5.206132665364406e-05,-5.017738313512534e-05,0.9961389342594835,0.514264324261606
2013-09-18,0.0,2.0,0.00010917786172327867,-0.00010917786172327867,0.9960301779406617,0.5458893086163934
2013-09-19,-0.0004999437499999797,1.0,5.72632401096059e-05,-0.0005572069901095857,0.9954751829631531,0.5726324010960591
2013-09-20,0.0,0.0,0.0,0.0,0.9954751829631531,
2013-09-23,0.0,0.0,0.0,0.0,0.9954751829631531,
2013-09-24,0.0,0.0,0.0,0.0,0.9954751829631531,
2013-09-25,0.0,0.0,0.0,0.0,0.9954751829631531,
2013-09-26,0.0,0.0,0.0,0.0,0.9954751829631531,
2013-09-27,0.0,0.0,0.0,0.0,0.9954751829631531,
2013-09-30,0.0,0.0,0.0,0.0,0.9954751829631531,
2013-10-01,0.0,0.0,0.0,0.0,0.9954751829631531,
2013-10-02,0.0,0.0,0.0,0.0,0.9954751829631531,
2013-10-03,0.0,0.0,0.0,0.0,0.9954751829631531,
2013-10-04,0.0,0.0,0.0,0.0,0.9954751829631531,
2013-10-07,0.0,0.0,0.0,0.0,0.9954751829631531,
2013-10-08,0.0,0.0,0.0,0.0,0.9954751829631531,
2013-10-09,0.0,0.0,0.0,0.0,0.9954751829631531,
2013-10-10,0.0,0.0,0.0,0.0,0.9954751829631531,
2013-10-11,0.0,0.0,0.0,0.0,0.9954751829631531,
2013-10-15,0.0,0.0,0.0,0.0,0.9954751829631531,
2013-10-16,0.0,1.0,5.4301272093181943e-05,-5.4301272093181943e-05,0.995421127394381,0.5430127209318194
2013-10-17,0.00015000013500000002,1.0,5.442110160024611e-05,9.55790333997539e-05,0.9955162687835631,0.5442110160024611
2013-10-18,0.0,0.0,0.0,0.0,0.9955162687835631,
2013-10-21,0.0,0.0,0.0,0.0,0.9955162687835631,
2013-10-22,0.0,0.0,0.0,0.0,0.9955162687835631,
2013-10-23,0.0,0.0,0.0,0.0,0.9955162687835631,
2013-10-24,0.0,0.0,0.0,0.0,0.9955162687835631,
2013-10-25,0.0,0.0,0.0,0.0,0.9955162687835631,
2013-10-28,0.0,0.0,0.0,0.0,0.9955162687835631,
2013-10-29,0.0,0.0,0.0,0.0,0.9955162687835631,
2013-10-30,0.0,0.0,0.0,0.0,0.9955162687835631,
2013-10-31,0.0,1.0,5.4408517692897195e-05,-5.4408517692897195e-05,0.9954621042190395,0.544085176928972
2013-11-01,0.0,1.0,5.4408517692897195e-05,-5.4408517692897195e-05,0.9954079426015294,0.544085176928972
2013-11-04,0.0,1.0,5.4407663246199975e-05,-5.4407663246199975e-05,0.9953537847813958,0.5440766324619998
2013-11-05,5.000001499999997e-05,0.0,0.0,5.000001499999997e-05,0.9954035524855653,
2013-11-06,-4.999998499999997e-05,1.0,5.442110160024611e-05,-0.00010442108660024608,0.995299611365009,0.5442110160024611
2013-11-07,0.0,0.0,0.0,0.0,0.995299611365009,
2013-11-08,0.0,1.0,5.544846166025574e-05,-5.544846166025574e-05,0.9952444235326677,0.5544846166025574
2013-11-12,0.0008099955000000021,1.0,5.544846166025574e-05,0.0007545470383397464,0.9959953822648684,0.5544846166025574
2013-11-13,0.0,0.0,0.0,0.0,0.9959953822648684,
2013-11-14,0.0,0.0,0.0,0.0,0.9959953822648684,
2013-11-15,0.0,0.0,0.0,0.0,0.9959953822648684,
2013-11-18,0.0,0.0,0.0,0.0,0.9959953822648684,
2013-11-19,0.0,1.0,5.5337745350213775e-05,-5.5337745350213775e-05,0.9959402661260347,0.5533774535021377
2013-11-20,-0.0002700005000000007,1.0,5.5328939751025196e-05,-0.0003253294397510259,0.9956162574372304,0.553289397510252
2013-11-21,0.0,1.0,5.439375519866124e-05,-5.439375519866124e-05,0.9955621021302515,0.5439375519866124
2013-11-22,0.0,2.0,0.00010974313078923622,-0.00010974313078923622,0.9954528460282687,0.5487156539461812
2013-11-25,0.0,0.0,0.0,0.0,0.9954528460282687,
2013-11-26,-0.0005400019999999968,0.0,0.0,-0.0005400019999999968,0.9949152995005077,
2013-11-27,0.0,0.0,0.0,0.0,0.9949152995005077,
2013-11-29,0.0002699995000000007,1.0,5.3409208006925936e-05,0.00021659029199307475,0.9951307884957349,0.5340920800692595
2013-12-02,0.00042999775749999876,0.0,0.0,0.00042999775749999876,0.9955586925032073,
2013-12-03,-0.00013500025000000036,0.0,0.0,-0.00013500025000000036,0.9954242918308297,
2013-12-04,0.0002699990000000007,0.0,0.0,0.0002699990000000007,0.9956930553941996,
2013-12-05,0.00013499974999999918,1.0,5.319522973180497e-05,8.180452026819421e-05,0.9957745075869305,0.5319522973180497
2013-12-06,0.0008099955000000021,1.0,5.4607167101437174e-05,0.0007553883328985649,0.9965267040321595,0.5460716710143717
2013-12-09,0.0,0.0,0.0,0.0,0.9965267040321595,
2013-12-10,0.0,0.0,0.0,0.0,0.9965267040321595,
2013-12-11,0.0,0.0,0.0,0.0,0.9965267040321595,
2013-12-12,0.0,0.0,0.0,0.0,0.9965267040321595,
2013-12-13,0.0,0.0,0.0,0.0,0.9965267040321595,
2013-12-16,0.0,0.0,0.0,0.0,0.9965267040321595,
2013-12-17,0.0,0.0,0.0,0.0,0.9965267040321595,
2013-12-18,0.0,0.0,0.0,0.0,0.9965267040321595,
2013-12-19,0.0,1.0,5.404389754378529e-05,-5.404389754378529e-05,0.9964728478450671,0.5404389754378529
2013-12-20,0.001079992000000003,1.0,5.411787820411856e-05,0.0010258741217958843,0.9974951035527436,0.5411787820411856
2013-12-23,0.0,0.0,0.0,0.0,0.9974951035527436,
2013-12-24,0.0,0.0,0.0,0.0,0.9974951035527436,
2013-12-26,0.0,0.0,0.0,0.0,0.9974951035527436,
2013-12-27,0.0,0.0,0.0,0.0,0.9974951035527436,
2013-12-30,0.0,0.0,0.0,0.0,0.9974951035527436,
2013-12-31,0.0,0.0,0.0,0.0,0.9974951035527436,
2014-01-02,0.0,0.0,0.0,0.0,0.9974951035527436,
2014-01-03,0.0,0.0,0.0,0.0,0.9974951035527436,
2014-01-06,0.0,0.0,0.0,0.0,0.9974951035527436,
2014-01-07,0.0,0.0,0.0,0.0,0.9974951035527436,
2014-01-08,0.0,0.0,0.0,0.0,0.9974951035527436,
2014-01-09,0.0,0.0,0.0,0.0,0.9974951035527436,
2014-01-10,0.0,0.0,0.0,0.0,0.9974951035527436,
2014-01-13,0.0,0.0,0.0,0.0,0.9974951035527436,
2014-01-14,0.0,0.0,0.0,0.0,0.9974951035527436,
2014-01-15,0.0,0.0,0.0,0.0,0.9974951035527436,
2014-01-16,0.0,0.0,0.0,0.0,0.9974951035527436,
2014-01-17,0.0,0.0,0.0,0.0,0.9974951035527436,
2014-01-21,0.0,0.0,0.0,0.0,0.9974951035527436,
2014-01-22,0.0,0.0,0.0,0.0,0.9974951035527436,
2014-01-23,0.0,0.0,0.0,0.0,0.9974951035527436,
2014-01-24,0.0,0.0,0.0,0.0,0.9974951035527436,
2014-01-27,0.0,0.0,0.0,0.0,0.9974951035527436,
2014-01-28,0.0,0.0,0.0,0.0,0.9974951035527436,
2014-01-29,0.0,0.0,0.0,0.0,0.9974951035527436,
2014-01-30,0.0,0.0,0.0,0.0,0.9974951035527436,
2014-01-31,0.0,0.0,0.0,0.0,0.9974951035527436,
2014-02-03,0.0,0.0,0.0,0.0,0.9974951035527436,
2014-02-04,0.0,0.0,0.0,0.0,0.9974951035527436,
2014-02-05,0.0,0.0,0.0,0.0,0.9974951035527436,
2014-02-06,0.0,0.0,0.0,0.0,0.9974951035527436,
2014-02-07,0.0,0.0,0.0,0.0,0.9974951035527436,
2014-02-10,0.0,0.0,0.0,0.0,0.9974951035527436,
2014-02-11,0.0,0.0,0.0,0.0,0.9974951035527436,
2014-02-12,0.0,1.0,5.187108033488296e-05,-5.187108033488296e-05,0.9974433624040936,0.5187108033488296
2014-02-13,5.000001499999997e-05,1.0,5.189954896024137e-05,-1.8995339602414024e-06,0.9974414677265533,0.5189954896024137
2014-02-14,0.0,0.0,0.0,0.0,0.9974414677265533,
2014-02-18,0.0,0.0,0.0,0.0,0.9974414677265533,
2014-02-19,0.0,0.0,0.0,0.0,0.9974414677265533,
2014-02-20,0.0,0.0,0.0,0.0,0.9974414677265533,
2014-02-21,0.0,0.0,0.0,0.0,0.9974414677265533,
2014-02-24,0.0,0.0,0.0,0.0,0.9974414677265533,
2014-02-25,0.0,0.0,0.0,0.0,0.9974414677265533,
2014-02-26,0.0,0.0,0.0,0.0,0.9974414677265533,
2014-02-27,0.0,0.0,0.0,0.0,0.9974414677265533,
2014-02-28,0.0,0.0,0.0,0.0,0.9974414677265533,
2014-03-03,0.0,0.0,0.0,0.0,0.9974414677265533,
2014-03-04,0.0,0.0,0.0,0.0,0.9974414677265533,
2014-03-05,0.0,0.0,0.0,0.0,0.9974414677265533,
2014-03-06,0.0,0.0,0.0,0.0,0.9974414677265533,
2014-03-07,0.0,0.0,0.0,0.0,0.9974414677265533,
2014-03-10,0.0,0.0,0.0,0.0,0.9974414677265533,
2014-03-11,0.0,0.0,0.0,0.0,0.9974414677265533,
2014-03-12,0.0,0.0,0.0,0.0,0.9974414677265533,
2014-03-13,0.0,0.0,0.0,0.0,0.9974414677265533,
2014-03-14,0.0,0.0,0.0,0.0,0.9974414677265533,
2014-03-17,0.0,0.0,0.0,0.0,0.9974414677265533,
2014-03-18,0.0,0.0,0.0,0.0,0.9974414677265533,
2014-03-19,0.0,0.0,0.0,0.0,0.9974414677265533,
2014-03-20,0.0,0.0,0.0,0.0,0.9974414677265533,
2014-03-21,0.0,1.0,5.59115419040734e-05,-5.59115419040734e-05,0.9973856992361336,0.559115419040734
2014-03-24,-0.0005399980000000014,0.0,0.0,-0.0005399980000000014,0.9968471129533175,
2014-03-25,0.0002700005000000031,1.0,5.2667511140197336e-05,0.00021733298885980577,0.9970637607158118,0.5266751114019734
2014-03-26,0.0003575022249999999,1.0,5.267429457750474e-05,0.00030482793042249515,0.9973676935984901,0.5267429457750474
2014-03-27,0.0,1.0,5.266158787726292e-05,-5.266158787726292e-05,0.9973151706320477,0.5266158787726292
2014-03-28,-0.0003574977749999999,0.0,0.0,-0.0003574977749999999,0.9969586326775729,
2014-03-31,0.00040500224999999993,0.0,0.0,0.00040500224999999993,0.9973624031669642,
2014-04-01,-0.00013499974999999918,1.0,5.2667511140197336e-05,-0.00018766726114019652,0.9971752308963977,0.5266751114019734
2014-04-02,0.0,1.0,5.5907956905924404e-05,-5.5907956905924404e-05,0.9971194808665611,0.559079569059244
2014-04-03,-0.0002699995000000031,2.0,0.0001075444457926714,-0.00037754394579267447,0.996743024443328,0.537722228963357
2014-04-04,0.0,1.106145251396648,5.811147198631309e-05,-5.811147198631309e-05,0.9966851022389854,0.5253511861388911
2014-04-07,0.00014262490712290505,1.0,5.2622797448606266e-05,9.000210967429879e-05,0.996774806000868,0.5262279744860626
2014-04-08,-0.0002699995000000031,0.0,0.0,-0.0002699995000000031,0.9965056773016352,
2014-04-09,0.0008100044999999999,0.0,0.0,0.0008100044999999999,0.997312851384525,
2014-04-10,0.0010800079999999982,0.0,0.0,0.0010800079999999982,0.998389957242523,
2014-04-11,0.0002700005000000031,0.0,0.0,0.0002700005000000031,0.9986595230301735,
2014-04-14,-0.0005399979999999967,1.0,5.556141875163825e-05,-0.000595559418751635,0.9980647619451068,0.5556141875163825
2014-04-15,0.0,1.0,5.557150488348226e-05,-5.557150488348226e-05,0.9980092979843144,0.5557150488348226
2014-04-16,-0.0008099954999999998,0.0,0.0,-0.0008099954999999998,0.9972009149439889,
2014-04-17,-0.001079992000000003,1.0,5.5589790936328875e-05,-0.0011355817909363317,0.9960685117430734,0.5558979093632888
2014-04-21,0.0,0.0,0.0,0.0,0.9960685117430734,
2014-04-22,0.0,0.0,0.0,0.0,0.9960685117430734,
2014-04-23,0.0,0.0,0.0,0.0,0.9960685117430734,
2014-04-24,0.0,0.0,0.0,0.0,0.9960685117430734,
2014-04-25,0.0,0.0,0.0,0.0,0.9960685117430734,
2014-04-28,0.0,0.0,0.0,0.0,0.9960685117430734,
2014-04-29,0.0,0.0,0.0,0.0,0.9960685117430734,
2014-04-30,0.0,0.0,0.0,0.0,0.9960685117430734,
2014-05-01,0.0,0.0,0.0,0.0,0.9960685117430734,
2014-05-02,0.0,0.0,0.0,0.0,0.9960685117430734,
2014-05-05,0.0,0.0,0.0,0.0,0.9960685117430734,
2014-05-06,0.0,0.0,0.0,0.0,0.9960685117430734,
2014-05-07,0.0,1.0,5.52001602539409e-05,-5.52001602539409e-05,0.9960135286016013,0.552001602539409
2014-05-08,0.0008100044999999999,0.0,0.0,0.0008100044999999999,0.9968203040418294,
2014-05-09,0.0,1.0,5.512388888327369e-05,-5.512388888327369e-05,0.9967653554301528,0.5512388888327369
2014-05-12,0.0,0.0,0.0,0.0,0.9967653554301528,
2014-05-13,0.0,0.0,0.0,0.0,0.9967653554301528,
2014-05-14,0.0,0.0,0.0,0.0,0.9967653554301528,
2014-05-15,0.0,0.0,0.0,0.0,0.9967653554301528,
2014-05-16,0.0,0.0,0.0,0.0,0.9967653554301528,
2014-05-19,0.0,0.0,0.0,0.0,0.9967653554301528,
2014-05-20,0.0,0.0,0.0,0.0,0.9967653554301528,
2014-05-21,0.0,1.0,5.5038321526948936e-05,-5.5038321526948936e-05,0.9967104951380337,0.5503832152694894
2014-05-22,-0.0004999862499999621,1.0,5.502846371269806e-05,-0.0005550147137126602,0.9961573061479202,0.5502846371269805
2014-05-23,-0.006000202500000033,1.0,5.502846371269806e-05,-0.006055230963712731,0.9901253435830046,0.5502846371269805
2014-05-27,-0.0007500449999999783,1.0,5.504933320852258e-05,-0.0008050943332085008,0.9893281992797198,0.5504933320852259
2014-05-28,-0.01600144000000004,1.0,5.684259397295495e-05,-0.016058282593972996,0.9734412874774996,0.5684259397295495
2014-05-29,0.0,0.0,0.0,0.0,0.9734412874774996,
2014-05-30,0.0,0.0,0.0,0.0,0.9734412874774996,
2014-06-02,0.0,0.0,0.0,0.0,0.9734412874774996,
2014-06-03,0.0,0.0,0.0,0.0,0.9734412874774996,
2014-06-04,0.0,0.0,0.0,0.0,0.9734412874774996,
2014-06-05,0.0,0.0,0.0,0.0,0.9734412874774996,
2014-06-06,0.0,0.0,0.0,0.0,0.9734412874774996,
2014-06-09,0.0,0.0,0.0,0.0,0.9734412874774996,
2014-06-10,0.0,0.0,0.0,0.0,0.9734412874774996,
2014-06-11,0.0,1.0,5.497763359019043e-05,-5.497763359019043e-05,0.9733877699790751,0.5497763359019043
2014-06-12,0.0008100044999999999,1.0,5.500077677582013e-05,0.0007550037232241797,0.9741226813695502,0.5500077677582013
2014-06-13,0.0,0.0,0.0,0.0,0.9741226813695502,
2014-06-16,0.0,1.0,5.393045116083175e-05,-5.393045116083175e-05,0.9740701464938578,0.5393045116083175
2014-06-17,-0.0010799919999999984,1.0,5.400705592363536e-05,-0.0011339990559236337,0.9729655518673305,0.5400705592363536
2014-06-18,0.0,1.0,5.407521099242338e-05,-5.407521099242338e-05,0.9729129385498249,0.5407521099242338
2014-06-19,0.0002700005000000031,0.0,0.0,0.0002700005000000031,0.9731756255296898,
2014-06-20,0.0,1.0,5.4026308258453445e-05,-5.4026308258453445e-05,0.9731230484433554,0.5402630825845345
2014-06-23,0.0,0.0,0.0,0.0,0.9731230484433554,
2014-06-24,0.0,1.0,5.4001765147255065e-05,-5.4001765147255065e-05,0.973070498081034,0.5400176514725507
2014-06-25,0.0008100044999999999,1.0,5.4001765147255065e-05,0.0007560027348527448,0.9738061420387878,0.5400176514725507
2014-06-26,0.0,0.0,0.0,0.0,0.9738061420387878,
2014-06-27,0.0,0.0,0.0,0.0,0.9738061420387878,
2014-06-30,0.0,0.0,0.0,0.0,0.9738061420387878,
2014-07-01,0.0,0.0,0.0,0.0,0.9738061420387878,
2014-07-02,0.0,0.0,0.0,0.0,0.9738061420387878,
2014-07-03,0.0,0.0,0.0,0.0,0.9738061420387878,
2014-07-07,0.0,0.0,0.0,0.0,0.9738061420387878,
2014-07-08,0.0,1.0,5.3832289221596687e-05,-5.3832289221596687e-05,0.9737537198249038,0.5383228922159669
2014-07-09,0.0005400019999999968,0.0,0.0,0.0005400019999999968,0.9742795487811166,
2014-07-10,0.0010800079999999982,0.0,0.0,0.0010800079999999982,0.9753317784880365,
2014-07-11,0.0002700005000000031,0.0,0.0,0.0002700005000000031,0.9755951185558942,
2014-07-14,-0.0008099954999999998,1.0,5.3921547025530404e-05,-0.0008639170470255302,0.9747522853019789,0.539215470255304
2014-07-15,0.0,1.0,5.3858734314315325e-05,-5.3858734314315325e-05,0.9746997863776226,0.5385873431431533
2014-07-16,-0.00026999949999999837,0.0,0.0,-0.00026999949999999837,0.9744366179226506,
2014-07-17,0.0010800080000000027,0.0,0.0,0.0010800080000000027,0.9754890172655,
2014-07-18,-0.0008099955000000045,0.0,0.0,-0.0008099955000000045,0.9746988755512155,
2014-07-21,-0.0005399979999999967,0.0,0.0,-0.0005399979999999967,0.9741725401078155,
2014-07-22,0.0005400019999999968,0.0,0.0,0.0005400019999999968,0.9746985952278188,
2014-07-23,0.0002700005000000031,0.0,0.0,0.0002700005000000031,0.9749617643358796,
2014-07-24,-0.001079992000000003,0.0,0.0,-0.001079992000000003,0.973908813430091,
2014-07-25,0.0005400020000000014,1.0,5.192102115595521e-05,0.00048808097884404624,0.9743841597970548,0.519210211559552
2014-07-28,-0.0004049977499999999,1.0,5.1924069511871004e-05,-0.0004569218195118709,0.9739389424138568,0.5192406951187101
2014-07-29,9.499994999999983e-05,1.0,5.192046060049109e-05,4.307948939950874e-05,0.9739808992062023,0.5192046060049109
2014-07-30,-0.0004924960249999992,1.0,5.194593330170146e-05,-0.0005444419583017007,0.97345062313809,0.5194593330170145
2014-07-31,0.0,1.0,5.408766920726502e-05,-5.408766920726502e-05,0.9733979714627962,0.5408766920726502
2014-08-01,0.0021600320000000057,1.0,5.436949815474201e-05,0.0021056625018452636,0.9754476190706776,0.5436949815474201
2014-08-04,0.0,0.0,0.0,0.0,0.9754476190706776,
2014-08-05,0.0,0.0,0.0,0.0,0.9754476190706776,
2014-08-06,0.0,0.0,0.0,0.0,0.9754476190706776,
2014-08-07,0.0,0.0,0.0,0.0,0.9754476190706776,
2014-08-08,0.0,0.0,0.0,0.0,0.9754476190706776,
2014-08-11,0.0,0.0,0.0,0.0,0.9754476190706776,
2014-08-12,0.0,0.0,0.0,0.0,0.9754476190706776,
2014-08-13,0.0,0.0,0.0,0.0,0.9754476190706776,
2014-08-14,0.0,0.0,0.0,0.0,0.9754476190706776,
2014-08-15,0.0,0.0,0.0,0.0,0.9754476190706776,
2014-08-18,0.0,0.0,0.0,0.0,0.9754476190706776,
2014-08-19,0.0,0.0,0.0,0.0,0.9754476190706776,
2014-08-20,0.0,0.0,0.0,0.0,0.9754476190706776,
2014-08-21,0.0,0.0,0.0,0.0,0.9754476190706776,
2014-08-22,0.0,0.0,0.0,0.0,0.9754476190706776,
2014-08-25,0.0,1.0,5.146076771381473e-05,-5.146076771381473e-05,0.9753974217873356,0.5146076771381474
2014-08-26,8.491615642458085e-05,1.0,5.1474629208260576e-05,3.344152721632027e-05,0.975430040566763,0.5147462920826057
2014-08-27,0.0,0.0,0.0,0.0,0.975430040566763,
2014-08-28,0.0,0.0,0.0,0.0,0.975430040566763,
2014-08-29,0.0,0.0,0.0,0.0,0.975430040566763,
2014-09-02,0.0,1.0,5.187108033488296e-05,-5.187108033488296e-05,0.9753794439567677,0.5187108033488296
2014-09-03,0.0,1.0,5.187108033488296e-05,-5.187108033488296e-05,0.9753288499712732,0.5187108033488296
2014-09-04,0.0,0.0,0.0,0.0,0.9753288499712732,
2014-09-05,0.0,0.0,0.0,0.0,0.9753288499712732,
2014-09-08,0.0,0.0,0.0,0.0,0.9753288499712732,
2014-09-09,0.0,1.0,5.183910237664712e-05,-5.183910237664712e-05,0.9752782897991688,0.5183910237664712
2014-09-10,0.0,1.0,5.183910237664712e-05,-5.183910237664712e-05,0.9752277322480581,0.5183910237664712
2014-09-11,0.0,0.0,0.0,0.0,0.9752277322480581,
2014-09-12,0.0,0.0,0.0,0.0,0.9752277322480581,
2014-09-15,0.0,1.0,5.1778719148125874e-05,-5.1778719148125874e-05,0.9751772362052047,0.5177871914812587
2014-09-16,5.0000015e-05,0.0,0.0,5.0000015e-05,0.9752259950816428,
2014-09-17,-4.9999984999999995e-05,2.0,0.00010491780644593936,-0.00015491779144593935,0.975074915224324,0.5245890322296969
2014-09-18,0.0007346805612244854,1.0,5.323916515172381e-05,0.0006814413960727616,0.9757393716358299,0.5323916515172381
2014-09-19,0.0,0.0,0.0,0.0,0.9757393716358299,
2014-09-22,0.0,0.0,0.0,0.0,0.9757393716358299,
2014-09-23,0.0,0.0,0.0,0.0,0.9757393716358299,
2014-09-24,0.0,0.0,0.0,0.0,0.9757393716358299,
2014-09-25,0.0,0.0,0.0,0.0,0.9757393716358299,
2014-09-26,0.0,0.0,0.0,0.0,0.9757393716358299,
2014-09-29,0.0,0.0,0.0,0.0,0.9757393716358299,
2014-09-30,0.0,0.0,0.0,0.0,0.9757393716358299,
2014-10-01,0.0,0.0,0.0,0.0,0.9757393716358299,
2014-10-02,0.0,0.0,0.0,0.0,0.9757393716358299,
2014-10-03,0.0,0.0,0.0,0.0,0.9757393716358299,
2014-10-06,0.0,0.0,0.0,0.0,0.9757393716358299,
2014-10-07,0.0,0.0,0.0,0.0,0.9757393716358299,
2014-10-08,0.0,0.0,0.0,0.0,0.9757393716358299,
2014-10-09,0.0,0.0,0.0,0.0,0.9757393716358299,
2014-10-10,0.0,0.0,0.0,0.0,0.9757393716358299,
2014-10-14,0.0,0.0,0.0,0.0,0.9757393716358299,
2014-10-15,0.0,0.0,0.0,0.0,0.9757393716358299,
2014-10-16,0.0,0.0,0.0,0.0,0.9757393716358299,
2014-10-17,0.0,0.0,0.0,0.0,0.9757393716358299,
2014-10-20,0.0,0.0,0.0,0.0,0.9757393716358299,
2014-10-21,0.0,1.0,5.190153075416611e-05,-5.190153075416611e-05,0.9756887292688249,0.5190153075416611
2014-10-22,0.0,0.0,0.0,0.0,0.9756887292688249,
2014-10-23,0.0,1.0,5.190153075416611e-05,-5.190153075416611e-05,0.9756380895302362,0.5190153075416611
2014-10-24,0.0,1.0,5.190153075416611e-05,-5.190153075416611e-05,0.9755874524199275,0.5190153075416611
2014-10-27,0.0,0.0,0.0,0.0,0.9755874524199275,
2014-10-28,5.000001499999997e-05,1.0,5.190153075416611e-05,-1.9015157541661418e-06,0.9755855973250172,0.5190153075416611
2014-10-29,0.0,0.0,0.0,0.0,0.9755855973250172,
2014-10-30,0.0,0.0,0.0,0.0,0.9755855973250172,
2014-10-31,0.0,0.0,0.0,0.0,0.9755855973250172,
2014-11-03,0.0,0.0,0.0,0.0,0.9755855973250172,
2014-11-04,0.0,0.0,0.0,0.0,0.9755855973250172,
2014-11-05,0.0,0.0,0.0,0.0,0.9755855973250172,
2014-11-06,0.0,0.0,0.0,0.0,0.9755855973250172,
2014-11-07,0.0,0.0,0.0,0.0,0.9755855973250172,
2014-11-10,0.0,0.0,0.0,0.0,0.9755855973250172,
2014-11-12,0.0,0.0,0.0,0.0,0.9755855973250172,
2014-11-13,0.0,0.0,0.0,0.0,0.9755855973250172,
2014-11-14,0.0,0.0,0.0,0.0,0.9755855973250172,
2014-11-17,0.0,0.0,0.0,0.0,0.9755855973250172,
2014-11-18,0.0,0.0,0.0,0.0,0.9755855973250172,
2014-11-19,0.0,0.0,0.0,0.0,0.9755855973250172,
2014-11-20,0.0,0.0,0.0,0.0,0.9755855973250172,
2014-11-21,0.0,0.0,0.0,0.0,0.9755855973250172,
2014-11-24,0.0,0.0,0.0,0.0,0.9755855973250172,
2014-11-25,0.0,0.0,0.0,0.0,0.9755855973250172,
2014-11-26,0.0,0.0,0.0,0.0,0.9755855973250172,
2014-11-28,0.0,0.0,0.0,0.0,0.9755855973250172,
2014-12-01,0.0,0.0,0.0,0.0,0.9755855973250172,
2014-12-02,0.0,0.0,0.0,0.0,0.9755855973250172,
2014-12-03,0.0,0.0,0.0,0.0,0.9755855973250172,
2014-12-04,0.0,0.0,0.0,0.0,0.9755855973250172,
2014-12-05,0.0,0.0,0.0,0.0,0.9755855973250172,
2014-12-08,0.0,1.0,5.1986109958779115e-05,-5.1986109958779115e-05,0.9755348804248803,0.5198610995877911
2014-12-09,0.00047499875,1.0,5.299051892450023e-05,0.00042200823107549975,0.975946564174121,0.5299051892450023
2014-12-10,0.0007150089000000021,1.0,5.305729346826174e-05,0.0006619516065317403,0.9765925935701653,0.5305729346826175
2014-12-11,0.0,0.0,0.0,0.0,0.9765925935701653,
2014-12-12,0.0,1.0,5.510599423513416e-05,-5.510599423513416e-05,0.9765387774643339,0.5510599423513416
2014-12-15,0.0010000112499999939,1.0,5.509483161795291e-05,0.000944916418382041,0.9774615249883468,0.5509483161795291
2014-12-16,0.0,0.0,0.0,0.0,0.9774615249883468,
2014-12-17,0.0,0.0,0.0,0.0,0.9774615249883468,
2014-12-18,0.0,0.0,0.0,0.0,0.9774615249883468,
2014-12-19,0.0,1.0,5.8308392054487614e-05,-5.8308392054487614e-05,0.9774045307785296,0.5830839205448761
2014-12-22,-0.0015000124999999388,1.967741935483871,0.0001099090591335974,-0.0016099215591335362,0.9758309861524345,0.5585542349412326
2014-12-23,-0.009805346803225817,0.967741935483871,5.230264499906139e-05,-0.009857649448224879,0.9662115863702282,0.540460664990301
2014-12-24,0.0012500387500000187,0.9404388714733543,5.0655339044973285e-05,0.0011993834109550454,0.967370444518393,0.5386351051782159
2014-12-26,0.0019107018181818399,1.9160486275709152,0.00010304200799873303,0.0018076598101831069,0.9691191211925079,0.5377838877156542
2014-12-29,-0.002225663507317085,0.9756097560975611,5.190329620978979e-05,-0.0022775668035268748,0.9669118876534167,0.5320087861503453
2014-12-30,-0.0009053040088105411,0.8810572687224669,4.8015404703420414e-05,-0.0009533194135139615,0.9659901117797594,0.5449748433838217
2014-12-31,-0.0005000137499999971,0.0,0.0,-0.0005000137499999971,0.9655071034415055,
2015-01-02,0.0015001799999999734,1.0,5.539944767761673e-05,0.0014447805523223566,0.9669020493276869,0.5539944767761673
2015-01-05,-0.013501012500000022,1.0,5.84361342795098e-05,-0.013559448634279532,0.9537913906554485,0.584361342795098
2015-01-06,0.0,1.0,5.3178316364878466e-05,-5.3178316364878466e-05,0.9537406696351302,0.5317831636487846
2015-01-07,-5.0000015000000024e-05,0.0,0.0,-5.0000015000000024e-05,0.9536929825873423,
2015-01-08,-5.000001499999997e-05,0.0,0.0,-5.000001499999997e-05,0.9536452979239075,
2015-01-09,0.0,0.0,0.0,0.0,0.9536452979239075,
2015-01-12,4.999998499999997e-05,0.0,0.0,4.999998499999997e-05,0.9536929801744991,
2015-01-13,-5.000001499999997e-05,1.0,5.320398762843489e-05,-0.00010320400262843486,0.9535945552416665,0.5320398762843489
2015-01-14,0.0,1.0,5.3219526114080564e-05,-5.3219526114080564e-05,0.9535438053913315,0.5321952611408056
2015-01-15,-5.000001499999997e-05,1.0,5.3239062429736236e-05,-0.00010323907742973621,0.9534453624085741,0.5323906242973624
2015-01-16,0.0,0.0,0.0,0.0,0.9534453624085741,
2015-01-20,0.0,1.0,5.3257903615803915e-05,-5.3257903615803915e-05,0.9533945839073601,0.5325790361580391
2015-01-21,0.0,1.0,5.3257903615803915e-05,-5.3257903615803915e-05,0.9533438081105026,0.5325790361580391
2015-01-22,0.0,0.0,0.0,0.0,0.9533438081105026,
2015-01-23,0.0,0.0,0.0,0.0,0.9533438081105026,
2015-01-26,0.0,0.0,0.0,0.0,0.9533438081105026,
2015-01-27,0.0,0.0,0.0,0.0,0.9533438081105026,
2015-01-28,0.0,0.0,0.0,0.0,0.9533438081105026,
2015-01-29,0.0,0.0,0.0,0.0,0.9533438081105026,
2015-01-30,0.0,1.0,5.31877827041281e-05,-5.31877827041281e-05,0.9532931018671944,0.531877827041281
2015-02-02,0.0,0.0,0.0,0.0,0.9532931018671944,
2015-02-03,0.0,2.0,0.00010975701790905167,-0.00010975701790905167,0.9531884712591402,0.5487850895452584
2015-02-04,0.0012499612499999922,2.0,0.00010976285640432351,0.0011401983935956687,0.9542752952228638,0.5488142820216175
2015-02-05,0.0,0.0,0.0,0.0,0.9542752952228638,
2015-02-06,4.9999985000000076e-05,0.0,0.0,4.9999985000000076e-05,0.9543230089733109,
2015-02-09,4.999998499999997e-05,0.0,0.0,4.999998499999997e-05,0.9543707251094449,
2015-02-10,0.0,1.0,5.360044605116302e-05,-5.360044605116302e-05,0.9543195704128808,0.5360044605116303
2015-02-11,-0.00015999975749999917,1.0,5.35909832251642e-05,-0.00021359074072516338,0.9541157365889479,0.535909832251642
2015-02-12,0.0,0.0,0.0,0.0,0.9541157365889479,
2015-02-13,0.0,0.0,0.0,0.0,0.9541157365889479,
2015-02-17,0.0,0.0,0.0,0.0,0.9541157365889479,
2015-02-18,0.0,0.0,0.0,0.0,0.9541157365889479,
2015-02-19,0.0,0.0,0.0,0.0,0.9541157365889479,
2015-02-20,0.0,0.0,0.0,0.0,0.9541157365889479,
2015-02-23,4.999998499999997e-05,0.0,0.0,4.999998499999997e-05,0.9541634423614657,
2015-02-24,0.0,1.0,5.306213125686587e-05,-5.306213125686587e-05,0.9541128124156466,0.5306213125686587
2015-02-25,0.0,0.0,0.0,0.0,0.9541128124156466,
2015-02-26,0.0,1.0,5.3080831936949635e-05,-5.3080831936949635e-05,0.9540621673138018,0.5308083193694964
2015-02-27,0.0,0.0,0.0,0.0,0.9540621673138018,
2015-03-02,4.999998499999997e-05,0.0,0.0,4.999998499999997e-05,0.9541098704078567,
2015-03-03,0.0,1.0,5.306213125686587e-05,-5.306213125686587e-05,0.9540592433046796,0.5306213125686587
2015-03-04,0.0,1.0,5.304393441505625e-05,-5.304393441505625e-05,0.9540086362487497,0.5304393441505625
2015-03-05,0.0,1.0,5.304393441505625e-05,-5.304393441505625e-05,0.9539580318772171,0.5304393441505625
2015-03-06,0.0,1.0,5.296749496467111e-05,-5.296749496467111e-05,0.9539075031099671,0.5296749496467111
2015-03-09,9.999993999999999e-05,0.0,0.0,9.999993999999999e-05,0.9540028938030436,
2015-03-10,0.0,1.0,5.300658411201131e-05,-5.300658411201131e-05,0.9539523253684101,0.5300658411201131
2015-03-11,0.0,0.0,0.0,0.0,0.9539523253684101,
2015-03-12,0.0,0.0,0.0,0.0,0.9539523253684101,
2015-03-13,0.0,0.0,0.0,0.0,0.9539523253684101,
2015-03-16,0.0,0.0,0.0,0.0,0.9539523253684101,
2015-03-17,0.0,0.0,0.0,0.0,0.9539523253684101,
2015-03-18,0.0,0.0,0.0,0.0,0.9539523253684101,
2015-03-19,0.0,0.0,0.0,0.0,0.9539523253684101,
2015-03-20,0.0,0.0,0.0,0.0,0.9539523253684101,
2015-03-23,0.0,0.0,0.0,0.0,0.9539523253684101,
2015-03-24,0.0,0.0,0.0,0.0,0.9539523253684101,
2015-03-25,0.0,0.0,0.0,0.0,0.9539523253684101,
2015-03-26,0.0,0.0,0.0,0.0,0.9539523253684101,
2015-03-27,0.0,0.0,0.0,0.0,0.9539523253684101,
2015-03-30,0.0,0.0,0.0,0.0,0.9539523253684101,
2015-03-31,0.0,0.0,0.0,0.0,0.9539523253684101,
2015-04-01,0.0,0.0,0.0,0.0,0.9539523253684101,
2015-04-02,0.0,0.0,0.0,0.0,0.9539523253684101,
2015-04-03,0.0,0.0,0.0,0.0,0.9539523253684101,
2015-04-06,0.0,1.0,5.683799104042456e-05,-5.683799104042456e-05,0.9538981046346878,0.5683799104042456
2015-04-07,0.0004499987499999973,0.0,0.0,0.0004499987499999973,0.9543273575894008,
2015-04-08,0.0013499887500000075,1.0,5.676752798503624e-05,0.0012932212220149713,0.9555615139809849,0.5676752798503624
2015-04-09,0.0,0.0,0.0,0.0,0.9555615139809849,
2015-04-10,0.0,0.0,0.0,0.0,0.9555615139809849,
2015-04-13,0.0,0.0,0.0,0.0,0.9555615139809849,
2015-04-14,0.0,0.0,0.0,0.0,0.9555615139809849,
2015-04-15,0.0,0.0,0.0,0.0,0.9555615139809849,
2015-04-16,0.0,0.0,0.0,0.0,0.9555615139809849,
2015-04-17,0.0,0.0,0.0,0.0,0.9555615139809849,
2015-04-20,0.0,0.0,0.0,0.0,0.9555615139809849,
2015-04-21,0.0,0.0,0.0,0.0,0.9555615139809849,
2015-04-22,0.0,0.0,0.0,0.0,0.9555615139809849,
2015-04-23,0.0,0.0,0.0,0.0,0.9555615139809849,
2015-04-24,0.0,0.0,0.0,0.0,0.9555615139809849,
2015-04-27,0.0,0.0,0.0,0.0,0.9555615139809849,
2015-04-28,0.0,0.0,0.0,0.0,0.9555615139809849,
2015-04-29,0.0,1.0,5.6115501975045034e-05,-5.6115501975045034e-05,0.9555078921669599,0.5611550197504503
2015-04-30,0.0,2.0,0.00010942594681648856,-0.00010942594681648856,0.9554033348111688,0.5471297340824428
2015-05-01,-9.499995000000025e-05,2.0,0.00010630744864080789,-0.00020130739864080815,0.9552110050511853,0.5315372432040395
2015-05-04,0.000149999865,0.0,0.0,0.000149999865,0.9553542865729896,
2015-05-05,0.0,1.0,5.3117292755628475e-05,-5.3117292755628475e-05,0.9553035407396644,0.5311729275562848
2015-05-06,0.0,0.0,0.0,0.0,0.9553035407396644,
2015-05-07,0.0,0.0,0.0,0.0,0.9553035407396644,
2015-05-08,0.0,0.0,0.0,0.0,0.9553035407396644,
2015-05-11,0.0,0.0,0.0,0.0,0.9553035407396644,
2015-05-12,0.0,0.0,0.0,0.0,0.9553035407396644,
2015-05-13,0.0,1.0,5.901097886541712e-05,-5.901097886541712e-05,0.9552471673426117,0.5901097886541712
2015-05-14,0.0037200809999999988,0.0,0.0,0.0037200809999999988,0.9588007641801468,
2015-05-15,0.004340110249999996,1.867132867132867,0.00010403447630186203,0.004236075773698134,0.9628623168690935,0.5571883936766394
2015-05-18,0.0008085440035402096,1.867132867132867,0.00010411478263202512,0.0007044292209081844,0.9635405852208074,0.5576184987408087
2015-05-19,-0.003719918999999978,1.0,5.907310458419844e-05,-0.003778992104584176,0.9598993729568116,0.5907310458419844
2015-05-20,0.0,1.0,5.909815545080104e-05,-5.909815545080104e-05,0.9598426446744515,0.5909815545080104
2015-05-21,0.0037200809999999988,1.0,5.903959543974648e-05,0.0036610414045602523,0.9633566683384673,0.5903959543974648
2015-05-22,0.0,1.0,5.4037197569906105e-05,-5.4037197569906105e-05,0.96330461124385,0.540371975699061
2015-05-26,0.0,0.0,0.0,0.0,0.96330461124385,
2015-05-27,0.0,0.0,0.0,0.0,0.96330461124385,
2015-05-28,0.00036000100000000096,1.0,5.399057269488291e-05,0.00030601042730511805,0.9635993924995618,0.5399057269488291
2015-05-29,0.0,0.0,0.0,0.0,0.9635993924995618,
2015-06-01,0.0,1.0,5.331037290017753e-05,-5.331037290017753e-05,0.9635480226566213,0.5331037290017753
2015-06-02,0.0,0.0,0.0,0.0,0.9635480226566213,
2015-06-03,0.0,1.0,5.3239062429736236e-05,-5.3239062429736236e-05,0.963496724263289,0.5323906242973624
2015-06-04,0.0,1.0,5.361189234075503e-05,-5.361189234075503e-05,0.9634450693806371,0.5361189234075504
2015-06-05,-0.0025109292500000054,1.0,5.3740251096700985e-05,-0.0025646695010967066,0.9609741511952147,0.5374025109670099
2015-06-08,0.0,1.0,5.445395655665218e-05,-5.445395655665218e-05,0.9609218223505334,0.5445395655665217
2015-06-09,-0.0009549898825000052,1.0,5.434874410360537e-05,-0.0010093386266036106,0.9599519268380887,0.5434874410360537
2015-06-10,0.0,1.0,5.3749166295175414e-05,-5.3749166295175414e-05,0.9599003302223377,0.5374916629517541
2015-06-11,0.0013950331749999975,0.44999999999999996,2.382253198676504e-05,0.0013712106430132324,0.9612165557713704,0.5293895997058898
2015-06-12,-0.00017999975000000047,2.0,0.00011217505864685368,-0.00029217480864685415,0.9609357125081197,0.5608752932342684
2015-06-15,0.0024800360000000066,1.55,8.574885780455996e-05,0.0023942871421954465,0.9632364685290542,0.553218437448774
2015-06-16,0.0006975082937499971,1.55,8.577988018806685e-05,0.0006117284135619302,0.9638257076458324,0.5534185818584959
2015-06-17,0.0012400090000000141,1.0,5.8890464280626775e-05,0.0011811185357193874,0.9649641000543357,0.5889046428062678
2015-06-18,0.0,1.0,5.521372559374434e-05,-5.521372559374434e-05,0.9649108207913076,0.5521372559374433
2015-06-19,0.0022500871249999926,0.0,0.0,0.0022500871249999926,0.9670819542059433,
2015-06-22,-0.002464876125,1.84375,9.90651827395419e-05,-0.002563941307739542,0.9646024128355852,0.537302686044973
2015-06-23,-0.00013781204539062367,2.0,0.00011127670032382595,-0.0002490887457144496,0.9643621412304588,0.5563835016191296
2015-06-24,0.0012400090000000141,1.0,5.529487055843138e-05,0.0011847141294415828,0.9655046346850732,0.5529487055843139
2015-06-25,-0.000619995500000007,0.8671328671328671,4.6618703941914586e-05,-0.0006666142039419216,0.9648610155816204,0.5376189244914343
2015-06-26,0.000157870263986014,0.0,0.0,0.000157870263986014,0.96501333844486,
2015-06-29,-0.0005147767410839138,0.8671328671328671,4.491208947828617e-05,-0.0005596888305622,0.9644732312579889,0.5179378060802358
2015-06-30,-4.499237500002397e-06,0.775,4.183270928903143e-05,-4.6331946789033825e-05,0.9644285453355588,0.5397768940520185
2015-07-01,-0.001224957125000007,0.8671328671328671,4.667636672514515e-05,-0.001271633491725152,0.9632021456969344,0.5382839065883676
2015-07-02,-0.0006566867480769226,1.0,5.303062084485925e-05,-0.0007097173689217819,0.9625185444043506,0.5303062084485926
2015-07-06,0.0,1.0,5.4405997153664075e-05,-5.4405997153664075e-05,0.9624661776231633,0.5440599715366408
2015-07-07,-7.812500029227062e-10,1.0,5.234272789752458e-05,-5.23435091475275e-05,0.9624157987659907,0.5234272789752458
2015-07-08,-0.0007962597406249992,2.0,0.00011214887006869272,-0.0009084086106936919,0.961541531967324,0.5607443503434637
2015-07-09,-0.005579817749999987,2.0,0.00011216041042028806,-0.0056919781604202755,0.9560684585670288,0.5608020521014403
2015-07-10,-0.0002849995500000003,2.0,0.00010905219970923759,-0.0003940517497092379,0.9556917181180887,0.545260998546188
2015-07-13,0.0005399980000000014,1.0,5.663383511715372e-05,0.0004833641648828477,0.9561536652473024,0.5663383511715372
2015-07-14,0.0,1.0,5.6647872519802714e-05,-5.6647872519802714e-05,0.9560995011763641,0.5664787251980271
2015-07-15,-0.0008100044999999999,0.0,0.0,-0.0008100044999999999,0.9553250562779635,
2015-07-16,0.0013499875000000014,1.0,5.462177686614038e-05,0.001295365723133861,0.9565625516103169,0.5462177686614038
2015-07-17,0.000800007500000009,1.0,5.4581182407513733e-05,0.0007454263175924953,0.9572755985107108,0.5458118240751373
2015-07-20,0.0,0.0,0.0,0.0,0.9572755985107108,
2015-07-21,0.0,0.0,0.0,0.0,0.9572755985107108,
2015-07-22,0.0,1.0,5.661806080461334e-05,-5.661806080461334e-05,0.9572213994226675,0.5661806080461333
2015-07-23,-0.0005400020000000014,1.0,5.3760407043082054e-05,-0.0005937624070430835,0.9566530373404731,0.5376040704308205
2015-07-24,-0.0001800008750000005,2.0,0.00011382265782229172,-0.0002938235328222922,0.9563719501653566,0.5691132891114586
2015-07-27,0.0037200809999999988,1.0,6.014706229826677e-05,0.003659933937701732,0.9598722083228327,0.6014706229826677
2015-07-28,0.0,1.0,5.659802230256042e-05,-5.659802230256042e-05,0.9598178814541785,0.5659802230256042
2015-07-29,0.0005399980000000014,1.0,5.660524316646523e-05,0.00048339275683353613,0.9602818504659527,0.5660524316646524
2015-07-30,0.0,0.0,0.0,0.0,0.9602818504659527,
2015-07-31,0.0,1.0,6.015076025810848e-05,-6.015076025810848e-05,0.9602240887825851,0.6015076025810848
2015-08-03,0.0024800359999999854,1.0,6.015076025810848e-05,0.002419885239741877,0.9625477208818748,0.6015076025810848
2015-08-04,0.0,1.0,5.6262862470762354e-05,-5.6262862470762354e-05,0.9624935651918333,0.5626286247076235
2015-08-05,-0.003999906249999976,0.0,0.0,-0.003999906249999976,0.9586436811648377,
2015-08-06,0.004000093749999976,1.0,5.613490062264397e-05,0.0039439588493773315,0.9624245323945674,0.5613490062264397
2015-08-07,0.0,1.0,5.1990897387669066e-05,-5.1990897387669066e-05,0.9623744950794603,0.5199089738766907
2015-08-10,4.999991750000003e-05,0.0,0.0,4.999991750000003e-05,0.9624226137248184,
2015-08-11,-2.5000000272799427e-12,1.0,5.2221225314922454e-05,-5.2221227814922485e-05,0.9623723548342529,0.5222122531492246
2015-08-12,0.0,1.0,5.6083668050539284e-05,-5.6083668050539284e-05,0.9623183814625633,0.5608366805053928
2015-08-13,-0.003999906249999976,1.0,5.609658605958456e-05,-0.0040560028360595605,0.9584152153781589,0.5609658605958456
2015-08-14,0.0,0.0,0.0,0.0,0.9584152153781589,
2015-08-17,0.0,1.0,5.224024003045744e-05,-5.224024003045744e-05,0.9583651475372587,0.5224024003045744
2015-08-18,-6.250001500000005e-05,1.0,5.2291004632983035e-05,-0.00011479101963298308,0.9582551358247922,0.5229100463298303
2015-08-19,0.0,1.0,5.2367576423281674e-05,-5.2367576423281674e-05,0.9582049543257339,0.5236757642328167
2015-08-20,-3.75000225e-05,0.14356929212362912,7.313484639443952e-06,-4.481350713944396e-05,0.9581620138011722,0.5094045203723808
2015-08-21,7.188558677467623e-05,0.0847457627118644,4.323339464555036e-06,6.75622473101212e-05,0.9582267493801118,0.5101540568174943
2015-08-24,0.00015514880808823549,0.0,0.0,0.00015514880808823549,0.9583754171181563,
2015-08-25,-0.00022278076750000084,1.0,5.2357761254851704e-05,-0.00027513852875485253,0.9581117311158956,0.523577612548517
2015-08-26,-2.500000500000004e-05,2.0,0.00010922028137443443,-0.00013422028637443447,0.9579831330849665,0.5461014068721721
2015-08-27,0.0,1.9473684210526316,0.00010619145941654832,-0.00010619145941654832,0.9578814034579678,0.5453074943011941
2015-08-28,-0.0003644721052631555,0.5633802816901408,3.053081375898921e-05,-0.0003950029190221447,0.9575030375075249,0.5419219442220586
2015-08-31,-0.0006512174594366215,0.9411764705882353,5.0212336295716555e-05,-0.000701429795732338,0.9568314163475129,0.5335060731419884
2015-09-01,-7.731036222915751e-07,0.0,0.0,-7.731036222915751e-07,0.956830676617679,
2015-09-02,-1.1531804086687752e-05,0.0,0.0,-1.1531804086687752e-05,0.9568196426337721,
2015-09-03,2.3219964055728164e-05,0.0,0.0,2.3219964055728164e-05,0.9568418599514819,
2015-09-04,0.00011749489289473685,0.0,0.0,0.00011749489289473685,0.9569542839833342,
2015-09-08,-0.00014039818153250826,0.0,0.0,-0.00014039818153250826,0.9568199293420531,
2015-09-09,-3.552621975232095e-05,0.0,0.0,-3.552621975232095e-05,0.9567859371469798,
2015-09-10,-1.1686992213623003e-05,0.0,0.0,-1.1686992213623003e-05,0.9567747551971822,
2015-09-11,5.8746817151702365e-05,0.0,0.0,5.8746817151702365e-05,0.9568309626687813,
2015-09-14,4.721401631579012e-05,0.052631578947368446,2.6724595125065883e-06,4.454155680328353e-05,0.9568735814094562,0.5077673073762515
2015-09-15,-0.0002588124929411759,0.052631578947368446,2.6729950008166848e-06,-0.0002614854879419926,0.9566233728541226,0.5078690501551699
2015-09-16,2.352988120743021e-05,0.9411764705882353,5.011354721545126e-05,-2.658366600802105e-05,0.9565979422978831,0.5324564391641696
2015-09-17,0.0033988312894736895,0.9473684210526316,5.06493618364042e-05,0.0033481819276372855,0.9598008062402998,0.5346321527175999
2015-09-18,0.0020751043749999937,0.8938547486033519,4.771931632936831e-05,0.0020273850586706253,0.9617466920541715,0.533859851434808
2015-09-21,0.0010103224699720694,0.8938547486033519,4.738693839002398e-05,0.0009629355315820455,0.962672792116332,0.5301413732383933
2015-09-22,-0.0009137928188775533,0.0,0.0,-0.0009137928188775533,0.9617931086319673,
2015-09-23,0.0004545876913265317,0.0,0.0,0.0004545876913265317,0.962230327940754,
2015-09-24,-0.00023418528061224414,0.0,0.0,-0.00023418528061224414,0.9620049877613917,
2015-09-25,0.00038571071428571656,0.8163265306122449,4.3430886854261506e-05,0.0003422798274314551,0.9623342626625909,0.5320283639647034
2015-09-28,0.0014500693749999935,0.9,4.824501110244135e-05,0.0014018243638975521,0.9636832862782048,0.536055678916015
2015-09-29,0.0018650453057500159,0.9,4.8223891628976885e-05,0.001816821414121039,0.9654341267091455,0.5358210180997431
2015-09-30,-0.00039999812500001147,0.0,0.0,-0.00039999812500001147,0.9650479548686508,
2015-10-01,0.00040000187500001145,0.8938547486033519,4.757316252863699e-05,0.00035242871247137444,0.9653880654768584,0.5322247557891264
2015-10-02,-0.001290534824022349,0.8938547486033519,4.74047414670219e-05,-0.0013379395654893708,0.9640964345880058,0.5303405451623076
2015-10-05,0.0005418371938775556,0.0,0.0,0.0005418371938775556,0.9646188178947502,
2015-10-06,-7.806047193877641e-05,0.0,0.0,-7.806047193877641e-05,0.9645435192945843,
2015-10-07,0.00016071339285714074,0.0,0.0,0.00016071339285714074,0.9646985343561285,
2015-10-08,0.0003811223341836687,0.0,0.0,0.0003811223341836687,0.9650662025133259,
2015-10-09,0.00022499937500000255,0.0,0.0,0.00022499937500000255,0.9652833418057251,
2015-10-13,-0.0006107174107142828,0.0,0.0,-0.0006107174107142828,0.9646938264626118,
2015-10-14,-0.0005464373214285734,0.0,0.0,-0.0005464373214285734,0.9641666817520809,
2015-10-15,0.00046377012755102103,1.0,5.5651355627331104e-05,0.0004081187719236899,0.9645601762741671,0.556513556273311
2015-10-16,0.0,0.0,0.0,0.0,0.9645601762741671,
2015-10-19,0.0014999749999999909,0.18367346938775508,9.453705059666723e-06,0.0014905212949403242,0.9659978737571552,0.5147017199151883
2015-10-20,0.0032998468750000025,1.0,5.5412977317323394e-05,0.003244433897682679,0.9691319900038623,0.554129773173234
2015-10-21,0.0003600009999999994,0.0,0.0,0.0003600009999999994,0.9694808784893957,
2015-10-22,0.0005400022500000014,0.0,0.0,0.0005400022500000014,0.9700044003451119,
2015-10-23,-0.0008999937500000009,0.0,0.0,-0.0008999937500000009,0.9691314024473288,
2015-10-26,0.0,0.0,0.0,0.0,0.9691314024473288,
2015-10-27,0.00018000024999999893,0.0,0.0,0.00018000024999999893,0.9693058463420522,
2015-10-28,-0.0014399839999999992,1.0,5.497616730572979e-05,-0.001494960167305729,0.9678567727118342,0.5497616730572978
2015-10-29,0.0,1.0,5.488565099934312e-05,-5.488565099934312e-05,0.9678036512627899,0.5488565099934312
2015-10-30,0.0,0.0,0.0,0.0,0.9678036512627899,
2015-11-02,-0.00035999900000000093,1.0,5.4881071476332033e-05,-0.00041488007147633295,0.9674021288147788,0.5488107147633203
2015-11-03,0.0,1.0,5.5552522712657405e-05,-5.5552522712657405e-05,0.9673483871860457,0.555525227126574
2015-11-04,-4.999998500000013e-05,0.0,0.0,-4.999998500000013e-05,0.9673000197811966,
2015-11-05,0.0,0.0,0.0,0.0,0.9673000197811966,
2015-11-06,-0.000249999625,0.0,0.0,-0.000249999625,0.9670581951389888,
2015-11-09,-9.999994000000004e-05,0.0,0.0,-9.999994000000004e-05,0.9669614893774985,
2015-11-10,0.0,0.0,0.0,0.0,0.9669614893774985,
2015-11-12,-4.9999984999999696e-05,0.0,0.0,-4.9999984999999696e-05,0.966913141317534,
2015-11-13,0.00020000023999999986,0.14925373134328357,7.76100488417719e-06,0.00019223923511582267,0.9670990199602444,0.5199873272398718
2015-11-16,4.627022343283497e-05,1.8507462686567164,0.0001052721862131117,-5.900196278027673e-05,0.9670419592198638,0.5688093932482647
2015-11-17,0.0,1.0,5.8450396497710774e-05,-5.8450396497710774e-05,0.9669854352339176,0.5845039649771078
2015-11-18,0.0,1.0,5.837551872798772e-05,-5.837551872798772e-05,0.9669289869575334,0.5837551872798772
2015-11-19,0.0012400090000000141,1.0,5.8335722014391454e-05,0.0011816732779856226,0.9680715811031309,0.5833572201439146
2015-11-20,0.0,0.0,0.0,0.0,0.9680715811031309,
2015-11-23,0.0,0.0,0.0,0.0,0.9680715811031309,
2015-11-24,0.0,0.0,0.0,0.0,0.9680715811031309,
2015-11-25,0.0,0.0,0.0,0.0,0.9680715811031309,
2015-11-27,0.0,0.0,0.0,0.0,0.9680715811031309,
2015-11-30,0.0,0.0,0.0,0.0,0.9680715811031309,
2015-12-01,0.0,1.0,5.6108097185221065e-05,-5.6108097185221065e-05,0.968017264448776,0.5610809718522106
2015-12-02,0.0,0.0,0.0,0.0,0.968017264448776,
2015-12-03,-0.0001499998650000004,0.0,0.0,-0.0001499998650000004,0.967872061989791,
2015-12-04,-0.00019999975999999967,1.0746268656716418,5.756140873236415e-05,-0.0002575611687323638,0.9676227757303216,0.5356408868150553
2015-12-07,-1.7535615970148898e-05,0.0,0.0,-1.7535615970148898e-05,0.9676058078689225,
2015-12-08,-4.8134331417910466e-05,0.12195121951219512,6.225443123221753e-06,-5.435977454113222e-05,0.967553209035362,0.5104863361041837
2015-12-09,0.00016312431901892947,0.3448275862068965,1.805298624552875e-05,0.00014507133277340072,0.9676935732689259,0.5235366011203337
2015-12-10,-1.6379351825063264e-05,0.6551724137931034,3.4959375443834674e-05,-5.133872726889794e-05,0.967643893112488,0.5335904673006345
2015-12-11,0.0005300482602174651,0.9253731343283582,5.009276450340258e-05,0.00047995549571406247,0.9681083191168814,0.5413250357625763
2015-12-14,-0.00016903001975245748,0.0,0.0,-0.00016903001975245748,0.9679446797485787,
2015-12-15,-9.253598758827842e-05,0.12195121951219512,6.216019807797058e-06,-9.875200739607547e-05,0.9678490932684052,0.5097136242393587
2015-12-16,-2.126650537313365e-05,0.12195121951219512,6.216616413646756e-06,-2.7483121786780406e-05,0.9678224937539036,0.509762545919034
2015-12-17,0.00014235828544048059,1.803421914816163,9.70952158714072e-05,4.526306956907339e-05,0.9678663003707689,0.5383943439619612
2015-12-18,0.0012800269999999907,0.10714285714285712,5.533470717940735e-06,0.0012744935292820499,0.9690998397078017,0.516457267007802
2015-12-21,-7.812500014048231e-10,1.803421914816163,9.712331817256063e-05,-9.712409942256203e-05,0.9690057167586196,0.5385501716189425
2015-12-22,1.2973771387037687e-09,1.0746268656716418,5.7685154410615324e-05,-5.768385703347662e-05,0.9689498207713894,0.5367924090987815
2015-12-23,0.0,1.0,5.631859718870772e-05,-5.631859718870772e-05,0.9688952508767373,0.5631859718870772
2015-12-24,0.0,0.0,0.0,0.0,0.9688952508767373,
2015-12-28,0.0,1.0,5.575150563918216e-05,-5.575150563918216e-05,0.9688412335076942,0.5575150563918215
2015-12-29,-0.0002776036988059713,0.14925373134328357,7.757784892420945e-06,-0.00028536148369839225,0.9685647635358323,0.5197715877922032
2015-12-30,0.0001500001350000004,1.0,5.6392527417200576e-05,9.360760758279983e-05,0.968655428566136,0.5639252741720058
2015-12-31,0.0,1.0,5.807531137189312e-05,-5.807531137189312e-05,0.9685991736005098,0.5807531137189312
2016-01-04,0.0018600202499999888,1.9253731343283582,0.00010746257818489529,0.0017525576718150934,0.9702966995131173,0.5581389719680608
2016-01-05,-1.1440708305084826e-05,1.0,5.371308657752672e-05,-6.515379488261155e-05,0.970233481000982,0.5371308657752673
2016-01-06,0.00046269736895522513,1.8507462686567164,0.00010551574372011258,0.0003571816252351125,0.9705800305725834,0.570125389455447
2016-01-07,0.0024800359999999854,1.0,5.818446529438323e-05,0.0024218515347056023,0.9729306313091802,0.5818446529438323
2016-01-08,0.0,0.0,0.0,0.0,0.9729306313091802,
2016-01-11,0.0,0.0,0.0,0.0,0.9729306313091802,
2016-01-12,0.0,1.0,5.518839970756145e-05,-5.518839970756145e-05,0.9728769368246118,0.5518839970756145
2016-01-13,2.4999995000000065e-05,1.0,5.518839970756145e-05,-3.0188404707561385e-05,0.9728475672219123,0.5518839970756145
2016-01-14,0.0,0.0,0.0,0.0,0.9728475672219123,
2016-01-15,0.0,0.0,0.0,0.0,0.9728475672219123,
2016-01-19,0.0,0.0,0.0,0.0,0.9728475672219123,
2016-01-20,0.0,1.0,5.392604658758778e-05,-5.392604658758778e-05,0.9727951053986797,0.5392604658758778
2016-01-21,0.00018000025000000205,1.0,5.3417180230435726e-05,0.0001265830697695663,0.972918244789378,0.5341718023043573
2016-01-22,-0.00021749822500000143,0.0,0.0,-0.00021749822500000143,0.9727066367980662,
2016-01-25,0.0,0.0,0.0,0.0,0.9727066367980662,
2016-01-26,0.00027000112499999995,0.0,0.0,0.00027000112499999995,0.9729692686842968,
2016-01-27,9.000012500000102e-05,0.0,0.0,9.000012500000102e-05,0.9730568360400995,
2016-01-28,9.000012499999947e-05,1.0,5.3295038214834546e-05,3.670508678516492e-05,0.9730925521757132,0.5329503821483454
2016-01-29,0.0012600122500000003,1.0,5.336026502974439e-05,0.001206651984970256,0.9742667362353559,0.5336026502974439
2016-02-01,-0.0004499968750000012,1.0,5.337012825752266e-05,-0.0005033670032575238,0.9737763225079636,0.5337012825752265
2016-02-02,0.0,1.0,5.402879232627922e-05,-5.402879232627922e-05,0.9737237105492625,0.5402879232627922
2016-02-03,0.0005400022499999999,1.0,5.3997174143059515e-05,0.0004860050758569404,0.9741969452150716,0.5399717414305951
2016-02-04,0.0,0.0,0.0,0.0,0.9741969452150716,
2016-02-05,0.0,0.0,0.0,0.0,0.9741969452150716,
2016-02-08,0.0,1.0,5.4666838172796795e-05,-5.4666838172796795e-05,0.9741436889483192,0.546668381727968
2016-02-09,0.0008000037500000229,1.0,5.4650375113962834e-05,0.00074535337488606,0.9748697702345007,0.5465037511396283
2016-02-10,0.0,1.0,5.3419819308759344e-05,-5.3419819308759344e-05,0.9748176928675253,0.5341981930875934
2016-02-11,0.00230011000000001,1.0,5.343297310465443e-05,0.0022466770268953556,0.977007793383502,0.5343297310465444
2016-02-12,0.0,0.0,0.0,0.0,0.977007793383502,
2016-02-16,0.0,1.0,6.051337593003917e-05,-6.051337593003917e-05,0.9769486713436144,0.6051337593003917
2016-02-17,0.007499687500000058,0.0,0.0,0.007499687500000058,0.9842754810822317,
2016-02-18,-0.01050061250000004,1.0,6.0700810466164136e-05,-0.010561313310466204,0.9738802393427125,0.6070081046616413
2016-02-19,0.0,0.0,0.0,0.0,0.9738802393427125,
2016-02-22,0.0,0.0,0.0,0.0,0.9738802393427125,
2016-02-23,0.0,0.0,0.0,0.0,0.9738802393427125,
2016-02-24,0.0,0.0,0.0,0.0,0.9738802393427125,
2016-02-25,0.0,0.0,0.0,0.0,0.9738802393427125,
2016-02-26,0.0,1.0,5.65061357394299e-05,-5.65061357394299e-05,0.9738252091337143,0.565061357394299
2016-02-29,-0.0005400020000000014,1.0,5.543302653969169e-05,-0.0005954350265396931,0.9732453594944688,0.5543302653969169
2016-03-01,-0.0021548997500000088,1.0,5.556079560665423e-05,-0.002210460545606663,0.9710940390261115,0.5556079560665423
2016-03-02,0.0005399980000000014,1.0,5.42131878302632e-05,0.0004857848121697382,0.9715657817614589,0.542131878302632
2016-03-03,2.975567937062859e-05,0.8671328671328671,4.758544489376972e-05,-1.782976552314113e-05,0.9715484589713799,0.5487676306297637
2016-03-04,-0.0011849657499999988,1.0,5.543228825998536e-05,-0.0012403980382599841,0.9703433521687972,0.5543228825998536
2016-03-07,0.001079992000000003,1.0,5.546317197932585e-05,0.001024528828020677,0.9713374969061723,0.5546317197932584
2016-03-08,0.0019400680000000049,1.0,5.5518277735265226e-05,0.0018845497222647397,0.9731680307161923,0.5551827773526523
2016-03-09,0.0,1.0,5.895707637070114e-05,-5.895707637070114e-05,0.9731106555742838,0.5895707637070114
2016-03-10,-0.0037199190000000207,1.0,5.8702044883204976e-05,-0.003778621044883226,0.9694336391721307,0.5870204488320497
2016-03-11,0.0,1.0,5.839169234442917e-05,-5.839169234442917e-05,0.9693770323013238,0.5839169234442917
2016-03-14,0.0006200022499999963,1.0,5.833596407224266e-05,0.0005616662859277536,0.9699214986987201,0.5833596407224266
2016-03-15,0.0,0.0,0.0,0.0,0.9699214986987201,
2016-03-16,0.0,0.0,0.0,0.0,0.9699214986987201,
2016-03-17,0.0,1.0,5.6378537015905514e-05,-5.6378537015905514e-05,0.9698668159436032,0.5637853701590552
2016-03-18,-0.0010800079999999982,0.0,0.0,-0.0010800079999999982,0.9688193520234497,
2016-03-21,0.0013499875000000014,0.0,0.0,0.0013499875000000014,0.9701272460384395,
2016-03-22,0.0008099954999999998,1.0,5.6504235907911295e-05,0.0007534912640920885,0.9708582284433871,0.5650423590791129
2016-03-23,0.0,0.0,0.0,0.0,0.9708582284433871,
2016-03-24,0.0,1.0,5.65836640838033e-05,-5.65836640838033e-05,0.9708032937275158,0.565836640838033
2016-03-28,-0.0002700005000000031,1.0,5.64857514407671e-05,-0.0003264862514407702,0.9704863397992605,0.564857514407671
2016-03-29,0.0,1.0,5.6760428228337934e-05,-5.6760428228337934e-05,0.9704312545790237,0.5676042822833793
2016-03-30,-0.0008100044999999952,1.9152542372881356,0.00010550522122219411,-0.0009155097212221893,0.9695428153316787,0.550867969213226
2016-03-31,6.067772483050816e-05,1.0481213701552685,5.6197738873761874e-05,4.479985956746282e-06,0.9695471588698757,0.5361758711725987
2016-04-01,0.0001990544870629391,0.1328671328671329,6.873694765002291e-06,0.0001921807922979368,0.9697334872110376,0.5173359744185934
2016-04-04,-0.00012750077500000076,0.0,0.0,-0.00012750077500000076,0.9696098454398747,
2016-04-05,-0.0002625020250000004,0.10614525139664807,5.425476979747265e-06,-0.00026792750197974764,0.969350060296091,0.5111370417761896
2016-04-06,0.0003200833624301669,0.10614525139664807,5.425438954106323e-06,0.0003146579234760606,0.9696550739731852,0.5111334593605429
2016-04-07,-0.0005325060250000003,1.0,5.420729509905624e-05,-0.0005867133200990565,0.9690861644253834,0.5420729509905624
2016-04-08,0.0,0.0,0.0,0.0,0.9690861644253834,
2016-04-11,0.0,0.0,0.0,0.0,0.9690861644253834,
2016-04-12,0.0,0.0,0.0,0.0,0.9690861644253834,
2016-04-13,0.0,0.0,0.0,0.0,0.9690861644253834,
2016-04-14,0.0,0.0,0.0,0.0,0.9690861644253834,
2016-04-15,0.0,0.0,0.0,0.0,0.9690861644253834,
2016-04-18,0.0,1.0,5.677649643656678e-05,-5.677649643656678e-05,0.9690311431082222,0.5677649643656678
2016-04-19,0.0005399979999999967,1.0,5.670499223742689e-05,0.0004832930077625698,0.9694994690839905,0.5670499223742689
2016-04-20,0.0,0.0,0.0,0.0,0.9694994690839905,
2016-04-21,0.0,0.0,0.0,0.0,0.9694994690839905,
2016-04-22,0.0,0.0,0.0,0.0,0.9694994690839905,
2016-04-25,0.0,0.0,0.0,0.0,0.9694994690839905,
2016-04-26,0.0,0.0,0.0,0.0,0.9694994690839905,
2016-04-27,0.0,0.0,0.0,0.0,0.9694994690839905,
2016-04-28,0.0,0.0,0.0,0.0,0.9694994690839905,
2016-04-29,0.0,0.0,0.0,0.0,0.9694994690839905,
2016-05-02,0.0,1.0,5.659159711620582e-05,-5.659159711620582e-05,0.9694446035606318,0.5659159711620582
2016-05-03,-0.0010800079999999982,1.0,5.6641495560251175e-05,-0.0011366494955602493,0.9683426848410209,0.5664149556025118
2016-05-04,0.0,0.0,0.0,0.0,0.9683426848410209,
2016-05-05,0.0,0.0,0.0,0.0,0.9683426848410209,
2016-05-06,0.0,0.0,0.0,0.0,0.9683426848410209,
2016-05-09,0.0,0.0,0.0,0.0,0.9683426848410209,
2016-05-10,0.0,0.0,0.0,0.0,0.9683426848410209,
2016-05-11,0.0,0.0,0.0,0.0,0.9683426848410209,
2016-05-12,0.0,0.0,0.0,0.0,0.9683426848410209,
2016-05-13,0.0,0.0,0.0,0.0,0.9683426848410209,
2016-05-16,0.0,0.0,0.0,0.0,0.9683426848410209,
2016-05-17,0.0,0.0,0.0,0.0,0.9683426848410209,
2016-05-18,0.0,0.0,0.0,0.0,0.9683426848410209,
2016-05-19,0.0,0.0,0.0,0.0,0.9683426848410209,
2016-05-20,0.0,0.0,0.0,0.0,0.9683426848410209,
2016-05-23,0.0,0.0,0.0,0.0,0.9683426848410209,
2016-05-24,0.0,0.0,0.0,0.0,0.9683426848410209,
2016-05-25,0.0,0.0,0.0,0.0,0.9683426848410209,
2016-05-26,0.0,0.0,0.0,0.0,0.9683426848410209,
2016-05-27,0.0,0.0,0.0,0.0,0.9683426848410209,
2016-05-31,0.0,0.0,0.0,0.0,0.9683426848410209,
2016-06-01,0.0,0.0,0.0,0.0,0.9683426848410209,
2016-06-02,0.0,0.0,0.0,0.0,0.9683426848410209,
2016-06-03,0.0,0.0,0.0,0.0,0.9683426848410209,
2016-06-06,0.0,0.0,0.0,0.0,0.9683426848410209,
2016-06-07,0.0,0.0,0.0,0.0,0.9683426848410209,
2016-06-08,0.0,0.0,0.0,0.0,0.9683426848410209,
2016-06-09,0.0,0.0,0.0,0.0,0.9683426848410209,
2016-06-10,0.0,0.0,0.0,0.0,0.9683426848410209,
2016-06-13,0.0,0.0,0.0,0.0,0.9683426848410209,
2016-06-14,0.0,0.0,0.0,0.0,0.9683426848410209,
2016-06-15,0.0,0.0,0.0,0.0,0.9683426848410209,
2016-06-16,0.0,0.0,0.0,0.0,0.9683426848410209,
2016-06-17,0.0,0.0,0.0,0.0,0.9683426848410209,
2016-06-20,0.0,0.0,0.0,0.0,0.9683426848410209,
2016-06-21,0.0,0.0,0.0,0.0,0.9683426848410209,
2016-06-22,0.0,0.0,0.0,0.0,0.9683426848410209,
2016-06-23,0.0,0.0,0.0,0.0,0.9683426848410209,
2016-06-24,0.0,0.0,0.0,0.0,0.9683426848410209,
2016-06-27,0.0,1.0,5.5846760860010115e-05,-5.5846760860010115e-05,0.9682886060386701,0.5584676086001011
2016-06-28,0.0010000112499999592,0.0,0.0,0.0010000112499999592,0.9692569055379555,
2016-06-29,-0.0007499549999999693,1.0,5.579662970992963e-05,-0.0008057516297098989,0.9684759252067108,0.5579662970992962
2016-06-30,0.0,0.0,0.0,0.0,0.9684759252067108,
2016-07-01,0.0,0.0,0.0,0.0,0.9684759252067108,
2016-07-05,0.0,1.0,5.7793171476186725e-05,-5.7793171476186725e-05,0.9684199539114948,0.5779317147618672
2016-07-06,0.0,1.0,5.778452760650876e-05,-5.778452760650876e-05,0.9683639942219333,0.5778452760650876
2016-07-07,0.0,0.0,0.0,0.0,0.9683639942219333,
2016-07-08,0.0,0.0,0.0,0.0,0.9683639942219333,
2016-07-11,0.0,0.0,0.0,0.0,0.9683639942219333,
2016-07-12,0.0,1.0,5.606875590766138e-05,-5.606875590766138e-05,0.9683096992575115,0.5606875590766138
2016-07-13,0.00225024875000003,0.0,0.0,0.00225024875000003,0.9704886369478787,
2016-07-14,-0.0017497549999999978,0.0,0.0,-0.0017497549999999978,0.9687905196029359,
2016-07-15,-0.0004999437500000058,1.0,5.6218999413325145e-05,-0.0005561627494133309,0.9682517144039481,0.5621899941332514
2016-07-18,0.0,0.0,0.0,0.0,0.9682517144039481,
2016-07-19,0.006000202499999964,1.0,5.8186330529178295e-05,0.005942016169470785,0.9740050817470541,0.581863305291783
2016-07-20,0.0,0.0,0.0,0.0,0.9740050817470541,
2016-07-21,0.0,0.0,0.0,0.0,0.9740050817470541,
2016-07-22,0.0,0.0,0.0,0.0,0.9740050817470541,
2016-07-25,0.0,0.0,0.0,0.0,0.9740050817470541,
2016-07-26,0.0,0.0,0.0,0.0,0.9740050817470541,
2016-07-27,0.0,0.0,0.0,0.0,0.9740050817470541,
2016-07-28,0.0,0.0,0.0,0.0,0.9740050817470541,
2016-07-29,0.0,0.0,0.0,0.0,0.9740050817470541,
2016-08-01,0.0,0.0,0.0,0.0,0.9740050817470541,
2016-08-02,0.0,0.0,0.0,0.0,0.9740050817470541,
2016-08-03,0.0,0.0,0.0,0.0,0.9740050817470541,
2016-08-04,0.0,0.0,0.0,0.0,0.9740050817470541,
2016-08-05,0.0,0.0,0.0,0.0,0.9740050817470541,
2016-08-08,0.0,0.0,0.0,0.0,0.9740050817470541,
2016-08-09,0.0,0.0,0.0,0.0,0.9740050817470541,
2016-08-10,0.0,0.0,0.0,0.0,0.9740050817470541,
2016-08-11,0.0,0.0,0.0,0.0,0.9740050817470541,
2016-08-12,0.0,0.0,0.0,0.0,0.9740050817470541,
2016-08-15,0.0,0.0,0.0,0.0,0.9740050817470541,
2016-08-16,0.0,0.0,0.0,0.0,0.9740050817470541,
2016-08-17,0.0,0.0,0.0,0.0,0.9740050817470541,
2016-08-18,0.0,0.0,0.0,0.0,0.9740050817470541,
2016-08-19,0.0,0.0,0.0,0.0,0.9740050817470541,
2016-08-22,0.0,0.0,0.0,0.0,0.9740050817470541,
2016-08-23,0.0,0.0,0.0,0.0,0.9740050817470541,
2016-08-24,0.0,0.0,0.0,0.0,0.9740050817470541,
2016-08-25,0.0,0.0,0.0,0.0,0.9740050817470541,
2016-08-26,0.0,0.0,0.0,0.0,0.9740050817470541,
2016-08-29,0.0,0.0,0.0,0.0,0.9740050817470541,
2016-08-30,0.0,0.0,0.0,0.0,0.9740050817470541,
2016-08-31,0.0,0.0,0.0,0.0,0.9740050817470541,
2016-09-01,0.0,0.0,0.0,0.0,0.9740050817470541,
2016-09-02,0.0,0.0,0.0,0.0,0.9740050817470541,
2016-09-06,0.0,0.0,0.0,0.0,0.9740050817470541,
2016-09-07,0.0,0.0,0.0,0.0,0.9740050817470541,
2016-09-08,0.0,0.0,0.0,0.0,0.9740050817470541,
2016-09-09,0.0,0.0,0.0,0.0,0.9740050817470541,
2016-09-12,0.0,0.0,0.0,0.0,0.9740050817470541,
2016-09-13,0.0,0.0,0.0,0.0,0.9740050817470541,
2016-09-14,0.0,0.0,0.0,0.0,0.9740050817470541,
2016-09-15,0.0,1.0,5.893141897019125e-05,-5.893141897019125e-05,0.9739476822455027,0.5893141897019125
2016-09-16,-0.00800036000000002,1.9876543209876543,0.00011325919202657159,-0.008113619192026592,0.9660454416388058,0.5698133263448633
2016-09-19,1.2345540123457146e-05,0.9876543209876543,5.3882252029749626e-05,-4.153671190629248e-05,0.966005315287608,0.545557801801215
2016-09-20,-0.0012500387499999666,1.0,5.6096333444382836e-05,-0.0013061350834443495,0.9647435818545171,0.5609633344438284
2016-09-21,0.0,1.0,5.563768867735186e-05,-5.563768867735186e-05,0.9646899057514564,0.5563768867735186
2016-09-22,-0.0020001812500000317,0.0,0.0,-0.0020001812500000317,0.9627603510899081,
2016-09-23,0.0,0.0,0.0,0.0,0.9627603510899081,
2016-09-26,-0.0005000199999999971,0.0,0.0,-0.0005000199999999971,0.9622789516591561,
2016-09-27,-0.0010000800000000026,0.0,0.0,-0.0010000800000000026,0.9613165957251809,
2016-09-28,0.0009999887500000287,0.0,0.0,0.0009999887500000287,0.9622779015060945,
2016-09-29,-0.00025000500000003315,0.0,0.0,-0.00025000500000003315,0.9620373272193284,
2016-09-30,0.0009999200000000027,0.0,0.0,0.0009999200000000027,0.9629992875835616,
2016-10-03,0.0004999800000000229,0.0,0.0,0.0004999800000000229,0.9634807679673677,
2016-10-04,0.0007499012500000127,0.0,0.0,0.0007499012500000127,0.9642032833996175,
2016-10-05,0.0017498762499999895,0.0,0.0,0.0017498762499999895,0.9658905198254104,
2016-10-06,-0.0002499887500000161,0.0,0.0,-0.0002499887500000161,0.9656490580617224,
2016-10-07,0.0,0.0,0.0,0.0,0.9656490580617224,
2016-10-11,0.0017498762500000242,0.0,0.0,0.0017498762500000242,0.9673388244142596,
2016-10-12,-0.0004999862500000315,0.0,0.0,-0.0004999862500000315,0.9668551683029613,
2016-10-13,-1.2499999741885648e-09,0.0,0.0,-1.2499999741885648e-09,0.9668551670943923,
2016-10-14,0.0017497549999999718,0.0,0.0,0.0017497549999999718,0.9685469267572917,
2016-10-17,-0.0007500449999999696,0.8163265306122449,4.370607470144371e-05,-0.0007937510747014133,0.9677781415932794,0.5353994150926854
2016-10-18,0.00019898173469386674,0.8163265306122449,4.3709087446223044e-05,0.0001552726472476437,0.9679284110672729,0.5354363212162322
2016-10-19,0.0,0.8163265306122449,4.370683863133341e-05,-4.370683863133341e-05,0.9678861059764037,0.5354087732338342
2016-10-20,0.0009336756122449017,0.8163265306122449,4.3709087446223044e-05,0.0008899665247986786,0.9687474922105406,0.5354363212162322
2016-10-21,-0.0005000200000000057,0.0,0.0,-0.0005000200000000057,0.9682630990894854,
2016-10-24,0.0017498762499999982,0.0,0.0,0.0017498762499999982,0.9699574396903333,
2016-10-25,-0.0012500387499999926,1.0,5.504186645303213e-05,-0.0013050806164530248,0.968691567037009,0.5504186645303213
2016-10-26,0.005999797499999964,1.0,5.496881637331216e-05,0.005944828683626651,0.9744502724503178,0.5496881637331216
2016-10-27,0.0024996737500000542,0.0,0.0,0.0024996737500000542,0.9768860802170423,
2016-10-28,0.0012499612499999662,1.6326530612244898,8.836333877133615e-05,0.00116159791122863,0.9780208290473308,0.5412254499744339
2016-10-31,-0.0022041518367347,1.0,5.341383011284748e-05,-0.0022575656668475472,0.9758128828022118,0.5341383011284748
2016-11-01,0.0,1.0,5.667541798489575e-05,-5.667541798489575e-05,0.975757578199204,0.5667541798489575
2016-11-02,-0.004000089999999976,1.0,5.667541798489575e-05,-0.004056765417984872,0.9717991585996287,0.5667541798489575
2016-11-03,0.0,1.0,5.363379266779798e-05,-5.363379266779798e-05,0.9717470373250416,0.5363379266779799
2016-11-04,-0.0009000050000000023,0.3673469387755102,1.917454960245968e-05,-0.000919179549602462,0.9708538273209457,0.5219738502891801
2016-11-07,0.0033060308163265365,1.6326530612244898,8.905101514193267e-05,0.003216979801184604,0.9739770444733399,0.5454374677443377
2016-11-08,0.005999797499999964,1.0,5.651522915351311e-05,0.0059432822708464506,0.9797656649739698,0.5651522915351311
2016-11-09,0.0,0.0,0.0,0.0,0.9797656649739698,
2016-11-10,0.0,0.0,0.0,0.0,0.9797656649739698,
2016-11-14,0.0,0.0,0.0,0.0,0.9797656649739698,
2016-11-15,0.0,0.0,0.0,0.0,0.9797656649739698,
2016-11-16,0.0,0.0,0.0,0.0,0.9797656649739698,
2016-11-17,0.0,1.0,5.404368797379056e-05,-5.404368797379056e-05,0.9797127148240845,0.5404368797379056
2016-11-18,0.003999906249999976,1.0,5.40692799790654e-05,0.00394583697002091,0.983578501474237,0.540692799790654
2016-11-21,0.0,0.0,0.0,0.0,0.983578501474237,
2016-11-22,0.0,0.0,0.0,0.0,0.983578501474237,
2016-11-23,0.0,1.0,5.41143266296952e-05,-5.41143266296952e-05,0.9835252757859422,0.541143266296952
2016-11-25,0.0,0.0,0.0,0.0,0.9835252757859422,
2016-11-28,-0.0032000600000000085,0.0,0.0,-0.0032000600000000085,0.9803779358919106,
2016-11-29,-0.0016000149999999902,0.0,0.0,-0.0016000149999999902,0.9788093164888145,
2016-11-30,0.005599816250000021,0.0,0.0,0.005599816250000021,0.98429046880494,
2016-12-01,0.006399759999999989,0.0,0.0,0.006399759999999989,0.9905896915755792,
2016-12-02,-0.004000093750000004,0.0,0.0,-0.004000093750000004,0.9866272399414933,
2016-12-05,-0.0008000037499999951,0.0,0.0,-0.0008000037499999951,0.9858379344496879,
2016-12-06,0.0,1.0,5.419159772943726e-05,-5.419159772943726e-05,0.9857845103169178,0.5419159772943726
2016-12-07,0.0,0.0,0.0,0.0,0.9857845103169178,
2016-12-08,0.0,0.0,0.0,0.0,0.9857845103169178,
2016-12-09,0.0,0.0,0.0,0.0,0.9857845103169178,
2016-12-12,0.0,0.0,0.0,0.0,0.9857845103169178,
2016-12-13,0.0,0.0,0.0,0.0,0.9857845103169178,
2016-12-14,0.0,0.0,0.0,0.0,0.9857845103169178,
2016-12-15,0.0,0.9999999999999999,5.37725280725563e-05,-5.37725280725563e-05,0.9857315021916633,0.5377252807255631
2016-12-16,3.5526611842105455e-05,1.0,5.3297280646652525e-05,-1.777066880454707e-05,0.9857139850836075,0.5329728064665253
2016-12-19,-0.002364540655526329,1.9473684210526316,0.00010512108724070117,-0.0024696617427670303,0.9832796049653361,0.5398109885333303
2016-12-20,-0.0013499887500000075,1.0,5.3148009031840854e-05,-0.0014031367590318484,0.9818999292072029,0.5314800903184085
2016-12-21,-0.00035000499999999785,0.0,0.0,-0.00035000499999999785,0.9815562593224807,
2016-12-22,0.0,0.8163265306122449,4.2867579741769166e-05,-4.2867579741769166e-05,0.9815141823812631,0.5251278518366723
2016-12-23,0.0,0.8163265306122449,4.285534471868125e-05,-4.285534471868125e-05,0.9814721192526309,0.5249779728038452
2016-12-27,0.00012499812499999925,0.0,0.0,0.00012499812499999925,0.9815948014272773,
2016-12-28,-0.0012750518749999984,1.0,5.419610988252378e-05,-0.001329247984882522,0.9802900185155089,0.5419610988252379
2016-12-29,0.0007300180000000034,1.9473684210526316,0.00010475984537234453,0.0006252581546276588,0.9809029528434857,0.5379559627228503
2016-12-30,-0.00010596118308049552,1.0,5.322194216015512e-05,-0.00015918312524065064,0.9807468096458943,0.5322194216015512
2017-01-03,0.0,0.0,0.0,0.0,0.9807468096458943,
2017-01-04,0.0,0.0,0.0,0.0,0.9807468096458943,
2017-01-05,0.0,1.0,5.3509180042998866e-05,-5.3509180042998866e-05,0.9806943306882804,0.5350918004299887
2017-01-06,-3.75000050000001e-05,1.0,5.351692243485679e-05,-9.101692743485688e-05,0.9806050709035483,0.535169224348568
2017-01-09,7.500004499999998e-05,1.0847457627118642,5.807167460512936e-05,1.6928370394870616e-05,0.9806216709493996,0.5353482502660364
2017-01-10,-2.2881346779660976e-05,0.1593726283835062,8.154428225348327e-06,-3.10357750050093e-05,0.980591236595855,0.5116580122984434
2017-01-11,0.0,0.0847457627118644,4.33056118872153e-06,-4.33056118872153e-06,0.9805869900855038,0.5110062202691406
2017-01-12,-2.3387306933974064e-05,0.0847457627118644,4.330605936544034e-06,-2.77179128705181e-05,0.9805598102607507,0.511011500512196
2017-01-13,0.0001031708609328361,0.12725844461901023,6.4922702659094945e-06,9.667859066692661e-05,0.9806546094012712,0.5101642005248633
2017-01-17,7.236960723684209e-05,0.15937262838350616,8.138120861400331e-06,6.423148637544175e-05,0.980717598304454,0.5106347899224685
2017-01-18,0.0001743861889691375,0.1593726283835062,8.155127696218172e-06,0.00016623106127291933,0.9808806240316292,0.5117019013198482
2017-01-19,-1.2500005000000033e-05,1.0847457627118644,5.716434751981656e-05,-6.966435251981659e-05,0.9808122916180568,0.526983828698309
2017-01-20,5.7203368292299816e-05,0.19089101410851247,9.752639900859906e-06,4.745072839143991e-05,0.9808588318757093,0.5109009424255032
2017-01-23,-0.00015500022249999917,1.0,5.334431057672321e-05,-0.00020834453307672237,0.980654475300368,0.5334431057672321
2017-01-24,0.0,1.0,5.326627819877591e-05,-5.326627819877591e-05,0.9806022394862698,0.5326627819877591
2017-01-25,0.00012816861496268652,1.0,5.327241118777458e-05,7.489620377491195e-05,0.9806756828714205,0.5327241118777458
2017-01-26,0.0,0.0,0.0,0.0,0.9806756828714205,
2017-01-27,0.0,0.0,0.0,0.0,0.9806756828714205,
2017-01-30,0.0,1.0,5.425991697752048e-05,-5.425991697752048e-05,0.980622471490286,0.5425991697752048
2017-01-31,0.0005400022499999999,1.0,5.3038203513722926e-05,0.00048696404648627695,0.9810999993770783,0.5303820351372293
2017-02-01,-0.00031749889999999964,1.0,5.303654190822078e-05,-0.00037053544190822043,0.9807364670552529,0.5303654190822078
2017-02-02,0.0,0.0,0.0,0.0,0.9807364670552529,
2017-02-03,0.0,0.0,0.0,0.0,0.9807364670552529,
2017-02-06,0.0,1.0,5.441671197077287e-05,-5.441671197077287e-05,0.9806830986014058,0.5441671197077287
2017-02-07,9.499994999999942e-05,0.2657342657342658,1.3901547026162092e-05,8.109840297383732e-05,0.9807626304345257,0.5231371644055733
2017-02-08,-0.00032951322342657143,1.7342657342657342,9.383410616127623e-05,-0.00042334732958784765,0.9803474271939717,0.5410595637525203
2017-02-09,0.0010499684999999974,2.0,0.00010889401945564562,0.0009410744805443518,0.9812700071397712,0.544470097278228
2017-02-10,9.499995000000106e-05,1.0,5.265583555336454e-05,4.234411444663652e-05,0.9813115581492565,0.5265583555336455
2017-02-13,8.04268240243892e-05,0.12195121951219512,6.222609119176885e-06,7.420421490521232e-05,0.9813843756030063,0.5102539477725045
2017-02-14,1.4915693050847589e-05,1.0,5.266445347824404e-05,-3.774876042739645e-05,0.9813473295593245,0.5266445347824403
2017-02-15,0.0,1.0,5.290489579302021e-05,-5.290489579302021e-05,0.9812954114811174,0.5290489579302022
2017-02-16,0.0009254339720670321,1.0,5.390473938730003e-05,0.0008715292326797322,0.9821506391181177,0.5390473938730003
2017-02-17,0.00014262490712290272,1.0,5.34003358467784e-05,8.922457127612433e-05,0.9822382710878215,0.5340033584677839
2017-02-21,0.00016983195949721007,0.0,0.0,0.00016983195949721007,0.9824050865380934,
2017-02-22,-0.00016983284497207042,0.21229050279329614,1.0899165016511767e-05,-0.0001807320099885822,0.9822275344921804,0.5134080363041068
2017-02-23,-9.500004999999777e-05,0.0,0.0,-9.500004999999777e-05,0.9821342228272922,
2017-02-24,-9.500005000000107e-05,1.0,5.385309326173347e-05,-0.00014885314326173454,0.9819880290611195,0.5385309326173346
2017-02-27,0.0,0.0,0.0,0.0,0.9819880290611195,
2017-02-28,0.0,1.0,5.422208345495029e-05,-5.422208345495029e-05,0.981934783624256,0.5422208345495029
2017-03-01,0.0003799991999999993,1.0,5.431264072889189e-05,0.00032568655927110745,0.9822545865853632,0.5431264072889189
2017-03-02,0.0,1.0,5.398089272816157e-05,-5.398089272816157e-05,0.9822015636058931,0.5398089272816157
2017-03-03,0.0,1.7877094972067038,9.608424036459715e-05,-9.608424036459715e-05,0.982107189514769,0.5374712195394653
2017-03-06,0.0,1.0,5.336017543605353e-05,-5.336017543605353e-05,0.9820547841028396,0.5336017543605354
2017-03-07,0.0023999662499999855,1.893854748603352,0.00010168000809432126,0.002298286241905664,0.9843118271019408,0.5368944380201623
2017-03-08,-0.000251502878928074,1.0,5.307715923938721e-05,-0.0003045800381674612,0.9840120253680734,0.5307715923938722
2017-03-09,-0.0005006186406249999,1.0,5.317762733039034e-05,-0.0005537962679553903,0.9834670831808013,0.5317762733039034
2017-03-10,0.0,1.0,5.330182645333173e-05,-5.330182645333173e-05,0.983414662589011,0.5330182645333172
2017-03-13,0.0009249756249999926,0.0,0.0,0.0009249756249999926,0.9843242971811735,
2017-03-14,-0.0005750068749999887,1.0,5.417943354286488e-05,-0.0006291863085428536,0.9837049738102212,0.5417943354286489
2017-03-15,-0.0009350605000000003,1.0,5.44936279787061e-05,-0.0009895541279787063,0.9827315444926741,0.5449362797870609
2017-03-16,-0.001349988749999992,2.0,0.00011274077896971914,-0.001462729528969711,0.9812940740434946,0.5637038948485957
2017-03-17,-0.0018600202499999888,0.0,0.0,-0.0018600202499999888,0.9794688471945687,
2017-03-20,-0.0018600202500000103,1.0,5.446420311786215e-05,-0.0019144844531178724,0.9775936693143014,0.5446420311786215
2017-03-21,-0.00034000799999997944,0.0,0.0,-0.00034000799999997944,0.9772612796459852,
2017-03-22,-0.00039500387500000843,1.0,5.4482797206436374e-05,-0.00044948667220644483,0.9768220137255209,0.5448279720643637
2017-03-23,0.0,0.0,0.0,0.0,0.9768220137255209,
2017-03-24,0.0009000050000000101,0.0,0.0,0.0009000050000000101,0.977701158421984,
2017-03-27,0.0,1.0,5.4913769135668066e-05,-5.4913769135668066e-05,0.9776474691662868,0.5491376913566807
2017-03-28,0.0,1.0,5.444562657727862e-05,-5.444562657727862e-05,0.9775942405372563,0.5444562657727863
2017-03-29,-0.0003400080000000009,1.0,5.444115460069121e-05,-0.0003944491546006921,0.9772086293155339,0.5444115460069121
2017-03-30,0.0,1.0,5.436149044135792e-05,-5.436149044135792e-05,0.9771555067979721,0.5436149044135792
2017-03-31,-0.00018000025000000205,0.0,0.0,-0.00018000025000000205,0.9769796185624596,
2017-04-03,-0.0005400022499999999,1.0,5.4219216642602373e-05,-0.0005942214666426023,0.9763990763006376,0.5421921664260237
2017-04-04,0.0,0.0,0.0,0.0,0.9763990763006376,
2017-04-05,0.0,0.0,0.0,0.0,0.9763990763006376,
2017-04-06,0.0,0.0,0.0,0.0,0.9763990763006376,
2017-04-07,0.0,0.0,0.0,0.0,0.9763990763006376,
2017-04-10,0.0,0.0,0.0,0.0,0.9763990763006376,
2017-04-11,0.0,0.0,0.0,0.0,0.9763990763006376,
2017-04-12,0.0,1.0,5.7631283052874594e-05,-5.7631283052874594e-05,0.9763428051690987,0.5763128305287459
2017-04-13,-0.0024800360000000066,1.0,5.734149153661867e-05,-0.002537377491536625,0.9738654549112389,0.5734149153661867
2017-04-17,0.0,0.0,0.0,0.0,0.9738654549112389,
2017-04-18,0.0,0.0,0.0,0.0,0.9738654549112389,
2017-04-19,0.0,0.0,0.0,0.0,0.9738654549112389,
2017-04-20,0.0,0.0,0.0,0.0,0.9738654549112389,
2017-04-21,0.0,0.0,0.0,0.0,0.9738654549112389,
2017-04-24,0.0,0.0,0.0,0.0,0.9738654549112389,
2017-04-25,0.0,0.0,0.0,0.0,0.9738654549112389,
2017-04-26,0.0,0.0,0.0,0.0,0.9738654549112389,
2017-04-27,0.0,0.0,0.0,0.0,0.9738654549112389,
2017-04-28,0.0,1.0,5.548993257687941e-05,-5.548993257687941e-05,0.9738114151828069,0.5548993257687941
2017-05-01,5.00000149999997e-05,0.0,0.0,5.00000149999997e-05,0.9738601057681733,
2017-05-02,-4.9999984999999696e-05,1.0,5.5465867379903144e-05,-0.00010546585237990283,0.9737573967820197,0.5546586737990314
2017-05-03,0.0,0.0,0.0,0.0,0.9737573967820197,
2017-05-04,0.0,0.0,0.0,0.0,0.9737573967820197,
2017-05-05,0.0,0.0,0.0,0.0,0.9737573967820197,
2017-05-08,0.0,0.0,0.0,0.0,0.9737573967820197,
2017-05-09,0.0,0.0,0.0,0.0,0.9737573967820197,
2017-05-10,0.0,0.0,0.0,0.0,0.9737573967820197,
2017-05-11,0.0,0.0,0.0,0.0,0.9737573967820197,
2017-05-12,0.0,0.0,0.0,0.0,0.9737573967820197,
2017-05-15,0.0,1.0,5.4599421412319574e-05,-5.4599421412319574e-05,0.9737042301915595,0.5459942141231957
2017-05-16,0.0005000137500000318,0.0,0.0,0.0005000137500000318,0.9741910956950884,
2017-05-17,-0.0012502137500000092,1.0,5.4824111113376274e-05,-0.0013050378611133855,0.9729197394312469,0.5482411111337628
2017-05-18,0.0,1.0,5.4825879796294375e-05,-5.4825879796294375e-05,0.9728663982505613,0.5482587979629439
2017-05-19,0.0007500062499999954,1.0,5.4809226107425273e-05,0.0006951970238925702,0.9735427320752703,0.5480922610742527
2017-05-22,0.0,0.0,0.0,0.0,0.9735427320752703,
2017-05-23,0.0,0.0,0.0,0.0,0.9735427320752703,
2017-05-24,0.0,0.0,0.0,0.0,0.9735427320752703,
2017-05-25,0.0,0.0,0.0,0.0,0.9735427320752703,
2017-05-26,0.0,0.0,0.0,0.0,0.9735427320752703,
2017-05-30,0.0,0.0,0.0,0.0,0.9735427320752703,
2017-05-31,0.0,0.0,0.0,0.0,0.9735427320752703,
2017-06-01,0.0,0.0,0.0,0.0,0.9735427320752703,
2017-06-02,0.0,0.0,0.0,0.0,0.9735427320752703,
2017-06-05,0.0,0.0,0.0,0.0,0.9735427320752703,
2017-06-06,0.0,0.0,0.0,0.0,0.9735427320752703,
2017-06-07,0.0,0.0,0.0,0.0,0.9735427320752703,
2017-06-08,0.0,0.0,0.0,0.0,0.9735427320752703,
2017-06-09,0.0,0.0,0.0,0.0,0.9735427320752703,
2017-06-12,0.0,0.0,0.0,0.0,0.9735427320752703,
2017-06-13,0.0,1.0,5.60785150686554e-05,-5.60785150686554e-05,0.9734881372444997,0.560785150686554
2017-06-14,-0.0037200809999999988,0.0,0.0,-0.0037200809999999988,0.9698666825214111,
2017-06-15,0.0012399909999999926,0.0,0.0,0.0012399909999999926,0.9710693084789375,
2017-06-16,-0.0006200022499999963,0.0,0.0,-0.0006200022499999963,0.9704672433227746,
2017-06-19,0.003099943750000003,0.0,0.0,0.003099943750000003,0.9734756371882929,
2017-06-20,-0.0018600202499999888,1.0,5.627143620120839e-05,-0.001916291686201197,0.9716101739180295,0.5627143620120839
2017-06-21,0.0,0.0,0.0,0.0,0.9716101739180295,
2017-06-22,0.0,0.0,0.0,0.0,0.9716101739180295,
2017-06-23,0.0,0.0,0.0,0.0,0.9716101739180295,
2017-06-26,0.0,1.0,5.6038349330003524e-05,-5.6038349330003524e-05,0.971555726487691,0.5603834933000352
2017-06-27,0.0043398897500000165,0.0,0.0,0.0043398897500000165,0.9757721712266286,
2017-06-28,0.0006199977499999747,0.0,0.0,0.0006199977499999747,0.9763771477773017,
2017-06-29,0.0030999437500000243,1.0,5.620630000936914e-05,0.0030437374499906553,0.9793489834673066,0.5620630000936914
2017-06-30,0.0,0.0,0.0,0.0,0.9793489834673066,
2017-07-03,0.0,0.0,0.0,0.0,0.9793489834673066,
2017-07-05,0.0,0.0,0.0,0.0,0.9793489834673066,
2017-07-06,0.0,0.0,0.0,0.0,0.9793489834673066,
2017-07-07,0.0,0.0,0.0,0.0,0.9793489834673066,
2017-07-10,0.0,0.0,0.0,0.0,0.9793489834673066,
2017-07-11,0.0,0.0,0.0,0.0,0.9793489834673066,
2017-07-12,0.0,0.0,0.0,0.0,0.9793489834673066,
2017-07-13,0.0,0.0,0.0,0.0,0.9793489834673066,
2017-07-14,0.0,0.0,0.0,0.0,0.9793489834673066,
2017-07-17,0.0,0.0,0.0,0.0,0.9793489834673066,
2017-07-18,0.0,0.0,0.0,0.0,0.9793489834673066,
2017-07-19,0.0,0.0,0.0,0.0,0.9793489834673066,
2017-07-20,0.0,1.0,5.3930660779303975e-05,-5.3930660779303975e-05,0.9792961665294947,0.5393066077930397
2017-07-21,-0.00010000006000000027,1.0,5.282553157236693e-05,-0.0001528255915723672,0.9791465050135203,0.5282553157236693
2017-07-24,3.749997250000021e-05,0.07462686567164178,3.800442117822477e-06,3.369953038217773e-05,0.9791795017909146,0.509259243788212
2017-07-25,0.0002419721788432827,0.0,0.0,0.0002419721788432827,0.9794164359884417,
2017-07-26,-9.944326533582108e-05,0.07462686567164178,3.8038962239871623e-06,-0.00010324716155980824,0.9793153140214409,0.5097220940142798
2017-07-27,2.5000000001748884e-12,1.0,5.294699655016683e-05,-5.2946994050166824e-05,0.9792634622193362,0.5294699655016682
2017-07-28,0.0,0.0,0.0,0.0,0.9792634622193362,
2017-07-31,0.0,0.0,0.0,0.0,0.9792634622193362,
2017-08-01,0.0,0.0,0.0,0.0,0.9792634622193362,
2017-08-02,0.0,0.0,0.0,0.0,0.9792634622193362,
2017-08-03,0.0,0.0,0.0,0.0,0.9792634622193362,
2017-08-04,0.0,0.0,0.0,0.0,0.9792634622193362,
2017-08-07,0.0,0.0,0.0,0.0,0.9792634622193362,
2017-08-08,0.0,0.0,0.0,0.0,0.9792634622193362,
2017-08-09,0.0,0.0,0.0,0.0,0.9792634622193362,
2017-08-10,0.0,0.0,0.0,0.0,0.9792634622193362,
2017-08-11,0.0,0.0,0.0,0.0,0.9792634622193362,
2017-08-14,0.0,0.0,0.0,0.0,0.9792634622193362,
2017-08-15,0.0,0.0,0.0,0.0,0.9792634622193362,
2017-08-16,0.0,0.0,0.0,0.0,0.9792634622193362,
2017-08-17,0.0,0.0,0.0,0.0,0.9792634622193362,
2017-08-18,0.0,1.0,5.286888627773503e-05,-5.286888627773503e-05,0.9792116896507163,0.5286888627773503
2017-08-21,9.500004999999943e-05,1.0,5.283062349642815e-05,4.216942650357127e-05,0.9792529824460945,0.5283062349642815
2017-08-22,0.0,0.0,0.0,0.0,0.9792529824460945,
2017-08-23,0.0,0.0,0.0,0.0,0.9792529824460945,
2017-08-24,0.0,0.0,0.0,0.0,0.9792529824460945,
2017-08-25,0.0,0.0,0.0,0.0,0.9792529824460945,
2017-08-28,0.0,0.0,0.0,0.0,0.9792529824460945,
2017-08-29,0.0,0.0,0.0,0.0,0.9792529824460945,
2017-08-30,0.0,0.0,0.0,0.0,0.9792529824460945,
2017-08-31,0.0,0.0,0.0,0.0,0.9792529824460945,
2017-09-01,0.0,0.0,0.0,0.0,0.9792529824460945,
2017-09-05,0.0,0.0,0.0,0.0,0.9792529824460945,
2017-09-06,0.0,0.0,0.0,0.0,0.9792529824460945,
2017-09-07,0.0,0.0,0.0,0.0,0.9792529824460945,
2017-09-08,0.0,0.0,0.0,0.0,0.9792529824460945,
2017-09-11,0.0,0.0,0.0,0.0,0.9792529824460945,
2017-09-12,0.0,0.0,0.0,0.0,0.9792529824460945,
2017-09-13,0.0,0.0,0.0,0.0,0.9792529824460945,
2017-09-14,0.0,0.0,0.0,0.0,0.9792529824460945,
2017-09-15,0.0,0.0,0.0,0.0,0.9792529824460945,
2017-09-18,0.0,0.0,0.0,0.0,0.9792529824460945,
2017-09-19,0.0,0.0,0.0,0.0,0.9792529824460945,
2017-09-20,0.0,0.0,0.0,0.0,0.9792529824460945,
2017-09-21,0.0,0.0,0.0,0.0,0.9792529824460945,
2017-09-22,0.0,0.0,0.0,0.0,0.9792529824460945,
2017-09-25,0.0,0.0,0.0,0.0,0.9792529824460945,
2017-09-26,0.0,0.0,0.0,0.0,0.9792529824460945,
2017-09-27,0.0,0.0,0.0,0.0,0.9792529824460945,
2017-09-28,0.0,0.0,0.0,0.0,0.9792529824460945,
2017-09-29,0.0,0.0,0.0,0.0,0.9792529824460945,
2017-10-02,0.0,0.0,0.0,0.0,0.9792529824460945,
2017-10-03,0.0,1.0,5.333814573521152e-05,-5.333814573521152e-05,0.9792007509078052,0.5333814573521152
2017-10-04,1.2499997499999924e-05,1.0,5.3334583875127054e-05,-4.0834586375127133e-05,0.9791607656501636,0.5333458387512706
2017-10-05,0.0,0.0,0.0,0.0,0.9791607656501636,
2017-10-06,0.0,0.0,0.0,0.0,0.9791607656501636,
2017-10-10,0.0,0.0,0.0,0.0,0.9791607656501636,
2017-10-11,0.0,1.0,5.2839666636050805e-05,-5.2839666636050805e-05,0.9791090271217235,0.5283966663605081
2017-10-12,-5.894065525423795e-05,1.0,5.280390176883803e-05,-0.00011174455702307599,0.9789996170172105,0.5280390176883802
2017-10-13,0.0,1.0,5.268250943592432e-05,-5.268250943592432e-05,0.9789480408606492,0.5268250943592432
2017-10-16,0.0005399977499999999,1.0,5.272145344461818e-05,0.00048727629655538173,0.9794250590365199,0.5272145344461818
2017-10-17,0.0,0.0,0.0,0.0,0.9794250590365199,
2017-10-18,0.0,0.0,0.0,0.0,0.9794250590365199,
2017-10-19,0.0,1.0,5.4034718676966196e-05,-5.4034718676966196e-05,0.9793721360789898,0.540347186769662
2017-10-20,0.0008099955000000045,0.0,0.0,0.0008099955000000045,0.9801654231020391,
2017-10-23,-0.0005400019999999968,0.0,0.0,-0.0005400019999999968,0.9796361318132332,
2017-10-24,0.0008099954999999952,0.0,0.0,0.0008099954999999952,0.9804296326716393,
2017-10-25,0.00026999949999999837,1.0,5.3906661701468075e-05,0.0002160928382985303,0.9806414964937153,0.5390666170146807
2017-10-26,0.0,0.0,0.0,0.0,0.9806414964937153,
2017-10-27,0.0,0.0,0.0,0.0,0.9806414964937153,
2017-10-30,0.0,0.0,0.0,0.0,0.9806414964937153,
2017-10-31,0.0,0.0,0.0,0.0,0.9806414964937153,
2017-11-01,0.0,0.0,0.0,0.0,0.9806414964937153,
2017-11-02,0.0,0.0,0.0,0.0,0.9806414964937153,
2017-11-03,0.0,0.0,0.0,0.0,0.9806414964937153,
2017-11-06,0.0,0.0,0.0,0.0,0.9806414964937153,
2017-11-07,0.0,0.0,0.0,0.0,0.9806414964937153,
2017-11-08,0.0,1.0,5.532366456102873e-05,-5.532366456102873e-05,0.9805872438125086,0.5532366456102873
2017-11-09,0.0006199977500000178,1.0,5.5221409332321834e-05,0.0005647763406676959,0.9811410562877745,0.5522140933232184
2017-11-10,0.0,0.0,0.0,0.0,0.9811410562877745,
2017-11-13,0.0,0.0,0.0,0.0,0.9811410562877745,
2017-11-14,0.0,0.0,0.0,0.0,0.9811410562877745,
2017-11-15,0.0,0.0,0.0,0.0,0.9811410562877745,
2017-11-16,0.0,0.0,0.0,0.0,0.9811410562877745,
2017-11-17,0.0,0.0,0.0,0.0,0.9811410562877745,
2017-11-20,0.0,0.0,0.0,0.0,0.9811410562877745,
2017-11-21,0.0,0.0,0.0,0.0,0.9811410562877745,
2017-11-22,0.0,0.0,0.0,0.0,0.9811410562877745,
2017-11-24,0.0,0.0,0.0,0.0,0.9811410562877745,
2017-11-27,0.0,0.0,0.0,0.0,0.9811410562877745,
2017-11-28,0.0,0.0,0.0,0.0,0.9811410562877745,
2017-11-29,0.0,0.0,0.0,0.0,0.9811410562877745,
2017-11-30,0.0,0.0,0.0,0.0,0.9811410562877745,
2017-12-01,0.0,0.0,0.0,0.0,0.9811410562877745,
2017-12-04,0.0,0.0,0.0,0.0,0.9811410562877745,
2017-12-05,0.0,0.0,0.0,0.0,0.9811410562877745,
2017-12-06,0.0,0.0,0.0,0.0,0.9811410562877745,
2017-12-07,0.0,1.0,5.283333333333334e-05,-5.283333333333334e-05,0.9810892193353007,0.5283333333333334
2017-12-08,0.0,1.0,5.282867679832436e-05,-5.282867679832436e-05,0.9810373896900221,0.5282867679832436
2017-12-11,0.0,0.0,0.0,0.0,0.9810373896900221,
2017-12-12,0.0,0.0,0.0,0.0,0.9810373896900221,
2017-12-13,0.0,0.0,0.0,0.0,0.9810373896900221,
2017-12-14,0.0,0.0,0.0,0.0,0.9810373896900221,
2017-12-15,0.0,0.0,0.0,0.0,0.9810373896900221,
2017-12-18,0.0,0.0,0.0,0.0,0.9810373896900221,
2017-12-19,0.0,0.0,0.0,0.0,0.9810373896900221,
2017-12-20,0.0,0.0,0.0,0.0,0.9810373896900221,
2017-12-21,0.0,0.0,0.0,0.0,0.9810373896900221,
2017-12-22,0.0,1.0,5.2883997833359954e-05,-5.2883997833359954e-05,0.9809855085108313,0.5288399783335995
2017-12-26,0.00045000124999999727,1.0,5.286859086649214e-05,0.0003971326591335051,0.9813750898943976,0.5286859086649214
2017-12-27,0.0,1.0,5.3810324246063384e-05,-5.3810324246063384e-05,0.9813222817826033,0.5381032424606338
2017-12-28,0.00013190270481343327,1.0746268656716418,5.7025568935278125e-05,7.487713587815514e-05,0.9813957603844364,0.5306545998143938
2017-12-29,0.0006500056174999961,1.0,5.278634810703773e-05,0.0005972192693929583,0.9819818688434386,0.5278634810703773
2018-01-02,0.0,0.0,0.0,0.0,0.9819818688434386,
2018-01-03,0.0,1.0,5.26187222311932e-05,-5.26187222311932e-05,0.9819301982122459,0.5261872223119319
2018-01-04,0.0003574977749999979,1.0,5.261706890354602e-05,0.00030488070609645186,0.9822295697844142,0.5261706890354602
2018-01-05,0.00026999950000000775,1.0,5.337362652529933e-05,0.0002166258734747084,0.9824423461229216,0.5337362652529933
2018-01-08,0.0,1.0,5.2942720598319536e-05,-5.2942720598319536e-05,0.9823903329522868,0.5294272059831954
2018-01-09,-0.0017999800000000046,1.0,5.2982765940426313e-05,-0.001852962765940431,0.9805700002437064,0.5298276594042631
2018-01-10,0.0,0.0,0.0,0.0,0.9805700002437064,
2018-01-11,0.0,0.0,0.0,0.0,0.9805700002437064,
2018-01-12,0.0,0.0,0.0,0.0,0.9805700002437064,
2018-01-16,0.0,0.0,0.0,0.0,0.9805700002437064,
2018-01-17,0.0,1.0,5.289279984797636e-05,-5.289279984797636e-05,0.9805181351509467,0.5289279984797636
2018-01-18,-0.0017999800000000046,0.0,0.0,-0.0017999800000000046,0.9787532221180376,
2018-01-19,-0.0008999949999999946,1.0,5.2725204246076616e-05,-0.0009527202042460712,0.9778207441483548,0.5272520424607662
2018-01-22,0.0003949961250000084,0.0,0.0,0.0003949961250000084,0.9782069795532381,
2018-01-23,-0.0005650123750000074,1.0,5.274291338646549e-05,-0.0006177552883864729,0.9776026870184825,0.527429133864655
2018-01-24,0.0,1.0,5.490515368644562e-05,-5.490515368644562e-05,0.9775490115927075,0.5490515368644562
2018-01-25,-0.0012400089999999927,2.0,0.00010741264135767759,-0.0013474216413576702,0.9762318408989996,0.537063206788388
2018-01-26,-0.0008999937500000009,1.0,5.264992982176202e-05,-0.0009526436798217629,0.9753018398057265,0.5264992982176202
2018-01-29,0.0,1.0,5.219266362851251e-05,-5.219266362851251e-05,0.9752509362048652,0.5219266362851251
2018-01-30,0.00019999889999999565,1.0,5.2350437339897626e-05,0.000147648462660098,0.9753949305063038,0.5235043733989763
2018-01-31,0.00018999980000000214,1.0,5.396367688684091e-05,0.00013603612311316124,0.975527619451154,0.5396367688684091
2018-02-01,0.0,0.0,0.0,0.0,0.975527619451154,
2018-02-02,0.0,0.0,0.0,0.0,0.975527619451154,
2018-02-05,0.0,0.0,0.0,0.0,0.975527619451154,
2018-02-06,0.0,0.0,0.0,0.0,0.975527619451154,
2018-02-07,0.0,1.0,5.3828601845373235e-05,-5.3828601845373235e-05,0.9754751081633374,0.5382860184537324
2018-02-08,0.00027000050000000776,2.0,0.00011111692557597895,0.0001588835744240288,0.975630095135284,0.5555846278798947
2018-02-09,0.0015000124999999388,0.0,0.0,0.0015000124999999388,0.977093552473363,
2018-02-12,0.0,1.0,5.3748901960923235e-05,-5.3748901960923235e-05,0.9770410347678045,0.5374890196092323
2018-02-13,0.0023400561249999887,1.0,5.4655251268764785e-05,0.002285400873731224,0.979273965202334,0.5465525126876478
2018-02-14,0.0006049938824999995,1.0,5.3337771926544516e-05,0.000551656110573455,0.9798141876691633,0.5333777192654452
2018-02-15,0.00035999899999999784,1.0,5.2773909936361006e-05,0.00030722509006363683,0.9801152111712155,0.5277390993636101
2018-02-16,0.000450000500000002,1.0,5.276778579595316e-05,0.00039723271420404884,0.9805045449967817,0.5276778579595316
2018-02-20,0.0007199960000000019,1.0,5.345920535599078e-05,0.0006665367946440112,0.9811580873533376,0.5345920535599078
2018-02-21,0.0,0.0,0.0,0.0,0.9811580873533376,
2018-02-22,0.0,1.0,5.752690090861671e-05,-5.752690090861671e-05,0.9811016443692707,0.5752690090861671
2018-02-23,0.007500312499999955,1.0,5.7663177786356654e-05,0.007442649322213599,0.9884036398577583,0.5766317778635666
2018-02-26,0.0,0.0,0.0,0.0,0.9884036398577583,
2018-02-27,0.0,1.0,5.765233246078572e-05,-5.765233246078572e-05,0.9883466560825077,0.5765233246078572
2018-02-28,0.006000200000000015,0.0,0.0,0.006000200000000015,0.9942769336883341,
2018-03-01,0.007500312500000007,2.0,0.00011120340961403576,0.007389109090385971,1.0016237544174116,0.5560170480701787
2018-03-02,0.0005399977499999967,1.0,5.360966217490628e-05,0.00048638808782509044,1.002110932280043,0.5360966217490628
2018-03-05,0.0,0.0,0.0,0.0,1.002110932280043,
2018-03-06,0.0,0.0,0.0,0.0,1.002110932280043,
2018-03-07,0.0,0.0,0.0,0.0,1.002110932280043,
2018-03-08,0.0,0.0,0.0,0.0,1.002110932280043,
2018-03-09,0.0,0.0,0.0,0.0,1.002110932280043,
2018-03-12,0.0,1.0,5.479936436469296e-05,-5.479936436469296e-05,1.0020560172379311,0.5479936436469296
2018-03-13,0.0005400020000000062,1.0,5.468340923194827e-05,0.00048531859076805794,1.0025423336520878,0.5468340923194827
2018-03-14,0.0,0.0,0.0,0.0,1.0025423336520878,
2018-03-15,0.0,1.0,5.465861391572849e-05,-5.465861391572849e-05,1.0024875360777386,0.5465861391572849
2018-03-16,-0.0005399979999999967,1.0,5.46501928761408e-05,-0.0005946481928761375,1.001891408676029,0.546501928761408
2018-03-19,0.0,1.0,5.356312956107899e-05,-5.356312956107899e-05,1.0018377442367001,0.5356312956107899
2018-03-20,0.0003295057062937071,1.0,5.291331039444391e-05,0.0002765923958992632,1.0021148449386807,0.5291331039444391
2018-03-21,0.0003226245409090937,0.0,0.0,0.0003226245409090937,1.0024381517804672,
2018-03-22,0.00011667516888111542,1.132867132867133,6.019927201132954e-05,5.647589686978588e-05,1.0024947653741454,0.5313886356555632
2018-03-23,-9.500004999999613e-05,1.0,5.347875757162596e-05,-0.0001484788075716221,1.0023459161467858,0.5347875757162596
2018-03-26,4.4999929999998866e-05,1.0,5.323034754138011e-05,-8.230417541381245e-06,1.002337666421375,0.5323034754138012
2018-03-27,-0.00032953031608391124,1.0,5.255876508172469e-05,-0.0003820890811656359,1.0019546841433944,0.525587650817247
2018-03-28,-8.499959999999949e-05,2.0,0.0001089516594423985,-0.000193951259442398,1.0017603537705004,0.5447582972119924
2018-03-29,-0.0024800360000000066,1.0,5.614198428395168e-05,-0.0025361779842839583,0.9992197112157392,0.5614198428395168
2018-04-02,0.0,0.0,0.0,0.0,0.9992197112157392,
2018-04-03,0.0,0.0,0.0,0.0,0.9992197112157392,
2018-04-04,0.0,0.0,0.0,0.0,0.9992197112157392,
2018-04-05,0.0,0.0,0.0,0.0,0.9992197112157392,
2018-04-06,0.0,1.0,5.635663272975688e-05,-5.635663272975688e-05,0.9991633985574578,0.5635663272975688
2018-04-09,0.0012399909999999926,0.0,0.0,0.0012399909999999926,1.0004023521791985,
2018-04-10,0.0012399909999999926,2.0,0.00011148519982174318,0.0011285058001782493,1.0015313120361446,0.5574259991087159
2018-04-11,0.0,1.0,5.509590230861846e-05,-5.509590230861846e-05,1.0014761317648178,0.5509590230861846
2018-04-12,0.0,1.0,5.649454977311341e-05,-5.649454977311341e-05,1.0014195538216453,0.5649454977311341
2018-04-13,-0.0006200022499999963,1.0,5.647862319593684e-05,-0.0006764808731959331,1.0007421126474405,0.5647862319593684
2018-04-16,0.0,1.0,5.305936401876441e-05,-5.305936401876441e-05,1.0006890139073967,0.5305936401876441
2018-04-17,0.0001235659372377629,0.11894273127753308,6.114674992697916e-06,0.00011745126224506498,1.000806546095195,0.5140856382749728
2018-04-18,-0.0010200000901142902,1.0,5.2886767269305696e-05,-0.0010728868573835959,0.9997327939051059,0.5288676726930569
2018-04-19,0.0006590155020978981,1.0,5.304987542389504e-05,0.000605965626674003,1.000338597614071,0.5304987542389505
2018-04-20,-0.0004924960250000002,1.0,5.329236172664224e-05,-0.0005457883867266424,0.9997926244246989,0.5329236172664225
2018-04-23,0.0,0.0,0.0,0.0,0.9997926244246989,
2018-04-24,0.0,0.0,0.0,0.0,0.9997926244246989,
2018-04-25,0.0,0.0,0.0,0.0,0.9997926244246989,
2018-04-26,0.0,0.0,0.0,0.0,0.9997926244246989,
2018-04-27,0.0,0.0,0.0,0.0,0.9997926244246989,
2018-04-30,0.0,0.0,0.0,0.0,0.9997926244246989,
2018-05-01,0.0,0.0,0.0,0.0,0.9997926244246989,
2018-05-02,0.0,1.0,5.485226663791507e-05,-5.485226663791507e-05,0.9997377835330813,0.5485226663791507
2018-05-03,0.0005400019999999968,1.0,5.479642051091374e-05,0.0004852055794890831,1.0002228618836775,0.5479642051091373
2018-05-04,0.0,0.0,0.0,0.0,1.0002228618836775,
2018-05-07,0.0,0.0,0.0,0.0,1.0002228618836775,
2018-05-08,0.0,1.0,5.4572084295183076e-05,-5.4572084295183076e-05,1.0001682776373448,0.5457208429518308
2018-05-09,-0.0005399979999999967,0.0,0.0,-0.0005399979999999967,0.9996281887677572,
2018-05-10,-0.00026999949999999837,1.0,5.452699061936255e-05,-0.0003245264906193609,0.9993037829397322,0.5452699061936255
2018-05-11,0.0,1.0,5.495566072618165e-05,-5.495566072618165e-05,0.9992488655400745,0.5495566072618165
2018-05-14,-4.576266491525475e-05,0.0,0.0,-4.576266491525475e-05,0.9992031372490738,
2018-05-15,-9.152435983050792e-05,0.0,0.0,-9.152435983050792e-05,0.9991116858215965,
2018-05-16,-2.2881313559321896e-05,1.8305084745762712,9.986420233416463e-05,-0.00012274551589348652,0.998989049342285,0.5455544386773808
2018-05-17,0.0002700004999999984,1.152542372881356,6.114007813042149e-05,0.0002088604218695769,0.9991976986165737,0.5304800896610099
2018-05-18,-0.0013368119970241948,1.847457627118644,0.00010122029852086547,-0.0014380322955450603,0.9977608200563287,0.5478896892413819
2018-05-21,0.0015000125000000429,0.0,0.0,0.0015000125000000429,0.9992574737584234,
2018-05-22,-0.001499987500000043,1.0,5.673459740889435e-05,-0.0015567220974089374,0.9977019075680227,0.5673459740889435
2018-05-23,0.0,1.0,5.682393593865848e-05,-5.682393593865848e-05,0.9976452142187412,0.5682393593865848
2018-05-24,0.0045001124999999205,1.0,5.678849142440414e-05,0.004443324008575516,1.0020780751511198,0.5678849142440414
2018-05-25,0.0,1.0,5.678849142440414e-05,-5.678849142440414e-05,1.0020211686489424,0.5678849142440414
2018-05-29,0.021002449999999978,1.0,5.7578962855569435e-05,0.02094487103714441,1.0230083728027832,0.5757896285556944
2018-05-30,0.0,0.0,0.0,0.0,1.0230083728027832,
2018-05-31,0.0,1.0,5.7739837514170575e-05,-5.7739837514170575e-05,1.022949304465562,0.5773983751417058
2018-06-01,-0.007499687500000006,2.0,0.00011243448164967537,-0.007612121981649682,1.0151624895789264,0.5621724082483769
2018-06-04,0.0008349842500000009,1.0,5.460608980602916e-05,0.0007803781601939718,1.0159547002148421,0.5460608980602917
2018-06-05,0.0,0.0,0.0,0.0,1.0159547002148421,
2018-06-06,0.0,0.0,0.0,0.0,1.0159547002148421,
2018-06-07,0.0,0.0,0.0,0.0,1.0159547002148421,
2018-06-08,0.0,0.0,0.0,0.0,1.0159547002148421,
2018-06-11,0.0,0.0,0.0,0.0,1.0159547002148421,
2018-06-12,0.0,0.0,0.0,0.0,1.0159547002148421,
2018-06-13,0.0,1.0,5.72858725393881e-05,-5.72858725393881e-05,1.0158965003633798,0.5728587253938809
2018-06-14,-0.003100056250000024,2.0,0.00011066070783441947,-0.0032107169578344434,1.0126347442422583,0.5533035391720974
2018-06-15,1.229518442622986e-05,0.024390243902438984,1.2348432811082993e-06,1.106034114512156e-05,1.0126459443279852,0.5062857452544035
2018-06-18,0.00014634119999999996,0.0910203082945926,4.640507876455436e-06,0.00014170069212354451,1.0127894369591726,0.509832142233155
2018-06-19,-0.0001156737406716427,1.0,5.3124521119871906e-05,-0.0001687982617915146,1.012618479862653,0.5312452111987191
2018-06-20,0.0,1.0,5.479454175187182e-05,-5.479454175187182e-05,1.0125629938970795,0.5479454175187182
2018-06-21,0.00031680051526718336,1.7633587786259541,9.822468643049187e-05,0.0002185758288366915,1.0127843156927199,0.5570317715322266
2018-06-22,0.0,1.0,5.514032451038768e-05,-5.514032451038768e-05,1.0127284704368935,0.5514032451038768
2018-06-25,-0.0005000199999999971,0.0,0.0,-0.0005000199999999971,1.0122220859471056,
2018-06-26,0.0009999887499999593,0.0,0.0,0.0009999887499999593,1.0132342966455543,
2018-06-27,-0.0022502487499999344,1.0,5.5122962739969565e-05,-0.002305371712739904,1.0108984149596898,0.5512296273996956
2018-06-28,0.0,1.0,5.466389037409611e-05,-5.466389037409611e-05,1.0108431553195552,0.5466389037409611
2018-06-29,0.00023663855916030392,0.7633587786259541,4.1412221399998205e-05,0.00019522633776030573,1.0110404985268182,0.5425001003399765
2018-07-02,0.0002499950000000332,0.7633587786259541,4.135029850722e-05,0.0002086447014928132,1.0112514467698306,0.541688910444582
2018-07-03,0.00059352999999998,1.2366412213740459,6.661035358687003e-05,0.00052691964641311,1.0117842950245972,0.5386392790049367
2018-07-05,0.00012999937499998845,1.0,5.422254669258379e-05,7.577682830740465e-05,1.0118609648294055,0.542225466925838
2018-07-06,0.0001300017499999991,1.0,5.3995684174623924e-05,7.600606582537517e-05,1.0119378724005044,0.5399568417462393
2018-07-09,0.0012274820025000033,1.0,5.377004716505723e-05,0.001173711955334946,1.013125595979397,0.5377004716505722
2018-07-10,0.0006199977500000178,0.0,0.0,0.0006199977500000178,1.0137537315693717,
2018-07-11,-0.0006200022500000178,1.0,5.5068080593584834e-05,-0.0006750703305936027,1.0130693765026606,0.5506808059358483
2018-07-12,0.0003099988750000089,1.0,5.506132825861594e-05,0.00025493754674139294,1.013327645924185,0.5506132825861594
2018-07-13,0.003000050000000034,1.0,5.477938319840015e-05,0.002945270616801634,1.0163121700649183,0.5477938319840014
2018-07-16,-0.0002499887499999641,2.0,0.00011144585820557167,-0.00036143460820553574,1.0159448396739164,0.5572292910278583
2018-07-17,0.0006199977500000178,2.0,0.00011135987257741798,0.0005086378774225998,1.0164615877007466,0.55679936288709
2018-07-18,0.0004999800000000056,1.656215921483097,8.927805274643536e-05,0.0004107019472535702,1.0168790504541239,0.5390483909035801
2018-07-19,-0.0011788015618184253,0.8928571428571429,4.809197118499003e-05,-0.0012268935330034152,1.015631448123275,0.5386300772718884
2018-07-20,-0.0018968657538168262,0.0,0.0,-0.0018968657538168262,1.0137049316108306,
2018-07-23,-0.002686795429389298,0.7633587786259541,4.132447838233818e-05,-0.0027281199077716363,1.010939423006297,0.5413506668086301
2018-07-24,-0.0005000199999999971,0.0,0.0,-0.0005000199999999971,1.0104339330760053,
2018-07-25,-0.000500019999999971,0.7633587786259541,4.129691550896804e-05,-0.0005413169155089391,1.009886968096027,0.5409895931674813
2018-07-26,-0.0016201368225190835,0.7633587786259541,4.132694784842591e-05,-0.0016614637703675095,1.0082090774863692,0.5413830168143795
2018-07-27,0.0005000137499999884,0.8928571428571429,4.822884803267105e-05,0.0004517849019673174,1.0086645711256041,0.5401630979659157
2018-07-30,0.0019196006473214458,0.8928571428571429,4.823012888903652e-05,0.0018713705184324092,1.010552156266996,0.540177443557209
2018-07-31,-0.0015000762499999649,0.0,0.0,-0.0015000762499999649,1.0090362509779935,
2018-08-01,0.001999818749999996,0.7633587786259541,4.138421541452795e-05,0.001958434534585468,1.0110123824185575,0.5421332219303161
2018-08-02,-0.00019656902671758212,0.7633587786259541,4.138470195944828e-05,-0.0002379537286770304,1.0107718082524224,0.5421395956687725
2018-08-03,-0.000750045000000013,0.7633587786259541,4.1379496731834164e-05,-0.0007914244967318472,1.0099718586827655,0.5420714071870276
2018-08-06,4.0076488549600244e-05,0.7633587786259541,4.136483606450315e-05,-1.2883475149029068e-06,1.0099705574880313,0.5418793524449913
2018-08-07,0.0009999200000000027,0.8163265306122449,4.369268711125865e-05,0.000956227312888744,1.0109363189203149,0.5352354171129186
2018-08-08,0.0005663322704081922,0.8163265306122449,4.366353334555344e-05,0.0005226687370626387,1.0114647037293758,0.5348782834830297
2018-08-09,0.001343561125954208,0.8163265306122449,4.358812334900801e-05,0.0012999730026052,1.0127795805373119,0.5339545110253482
2018-08-10,0.0019133571428571186,0.8163265306122449,4.365073405687127e-05,0.0018697064088002474,1.0146731810097445,0.534721492196673
2018-08-13,0.001249961250000027,0.7633587786259541,4.132669992060328e-05,0.0012086345500794237,1.0158995500733519,0.5413797689599029
2018-08-14,-4.007618320609846e-05,0.0,0.0,-4.007618320609846e-05,1.0158588366968642,
2018-08-15,0.000830177232824406,0.23664122137404583,1.2373636452133688e-05,0.0008178035963722723,1.0166896097069213,0.5228859274933912
2018-08-16,0.00030999887499999815,1.0,5.3781213532231365e-05,0.0002562176614677668,1.016950103541159,0.5378121353223136
2018-08-17,0.0,1.816326530612245,9.99220947586286e-05,-9.99220947586286e-05,1.0168484877565482,0.550132881255371
2018-08-20,-0.008000359999999882,0.0,0.0,-0.008000359999999882,1.0087133337890404,
2018-08-21,0.0019999774999999186,1.0,5.471946773462003e-05,0.0019452580322652986,1.0106755415038464,0.5471946773462003
2018-08-22,0.0005000137500000578,0.0,0.0,0.0005000137500000578,1.011180893171387,
2018-08-23,-0.0012500387500000013,1.0,5.381178883190219e-05,-0.0013038505388319034,1.009862464418969,0.5381178883190219
2018-08-24,0.0007500062499999694,1.0,5.3808587937926145e-05,0.0006961976620620433,1.0105655283057018,0.5380858793792614
2018-08-27,0.0007499549999999953,2.0,0.0001091962448169674,0.0006407587551830279,1.01121305701565,0.545981224084837
2018-08-28,0.0018599797499999889,2.0,0.00010762678380232958,0.0017523529661976592,1.012985059215569,0.5381339190116479
2018-08-29,2.2499937499999865e-05,2.0,0.0001062976382213671,-8.379770072136724e-05,1.0129001733967415,0.5314881911068355
2018-08-30,0.0002500112499999635,0.0,0.0,0.0002500112499999635,1.0131534098352175,
2018-08-31,0.0004999800000000316,1.0,5.370359446852536e-05,0.0004462764055315062,1.0136055562972108,0.5370359446852535
2018-09-04,0.0,1.0,5.378973406764551e-05,-5.378973406764551e-05,1.013551034723888,0.5378973406764551
2018-09-05,0.00024999500000005923,1.0,5.37772350654269e-05,0.00019621776493463234,1.0137499114425688,0.537772350654269
2018-09-06,-0.004000089999999976,1.0,5.379106939880067e-05,-0.004053881069398777,1.009640289867467,0.5379106939880067
2018-09-07,0.0012498749999999923,1.0,5.388252566409037e-05,0.001195992474335902,1.0108478120559348,0.5388252566409037
2018-09-10,0.0015000124999999388,2.0,0.00011072135199320456,0.0013892911480067342,1.012252173973206,0.5536067599660228
2018-09-11,0.00799964000000009,1.0,5.2790924770424755e-05,0.007946849075229667,1.0202963892258443,0.5279092477042475
2018-09-12,-0.0012174263858695834,1.0,5.280142138739928e-05,-0.0012702278072569827,1.0190003803806058,0.5280142138739927
2018-09-13,0.0,1.0,5.516206282946722e-05,-5.516206282946722e-05,1.0189441702175999,0.5516206282946722
2018-09-14,0.0,0.0,0.0,0.0,1.0189441702175999,
2018-09-17,0.0,1.0,5.37732552997608e-05,-5.37732552997608e-05,1.0188893782725985,0.537732552997608
2018-09-18,0.0017497549999999458,0.0,0.0,0.0017497549999999458,1.0206721850566778,
2018-09-19,0.0014999237500000256,0.0,0.0,0.0014999237500000256,1.0222031155080087,
2018-09-20,-0.001250038750000036,1.0,5.3968714465268966e-05,-0.001304007464465305,1.0208701550151864,0.5396871446526896
2018-09-21,0.0,0.0,0.0,0.0,1.0208701550151864,
2018-09-24,0.0,0.0,0.0,0.0,1.0208701550151864,
2018-09-25,0.0,1.0,5.302990431377942e-05,-5.302990431377942e-05,1.020816018368549,0.5302990431377942
2018-09-26,0.0,1.0,5.293398811387402e-05,-5.293398811387402e-05,1.0207619825055663,0.5293398811387402
2018-09-27,0.0,1.0,5.226883762030056e-05,-5.226883762030056e-05,1.0207086284632536,0.5226883762030057
2018-09-28,-7.592734800981955e-05,1.1071428571428572,5.795710795556202e-05,-0.00013388445596538158,1.0205719714438326,0.5234835557276569
2018-10-01,-0.00017999974999999892,1.0,5.282734495113225e-05,-0.00023282709495113117,1.0203343546365329,0.5282734495113225
2018-10-02,0.0,1.0,5.399388120839843e-05,-5.399388120839843e-05,1.0202792628245958,0.5399388120839843
2018-10-03,0.0024995000000000026,1.0,5.433080376703438e-05,0.0024451691962329683,1.02277401824961,0.5433080376703439
2018-10-04,-0.007499687499999902,2.0,0.00011237512289957669,-0.007612062622899479,1.0149885983736193,0.5618756144978834
2018-10-05,0.009999437500000008,2.0,0.0001125534181057096,0.009886884081894299,1.0250236729901836,0.562767090528548
2018-10-09,0.006000199999999963,1.0,5.332507108459488e-05,0.005946874928915369,1.0311193605726336,0.5332507108459488
2018-10-10,-0.001882605076530627,1.183673469387755,6.310970138932303e-05,-0.0019457147779199501,1.0291130963949682,0.533168166909798
2018-10-11,-0.002250031250000002,1.183673469387755,6.329311052329201e-05,-0.0023133243605232942,1.026732423999344,0.5347176578691911
2018-10-12,0.0,1.0,5.348402559490995e-05,-5.348402559490995e-05,1.0266775102160997,0.5348402559490995
2018-10-15,0.0,0.0,0.0,0.0,1.0266775102160997,
2018-10-16,0.0,1.0,5.6092429929692336e-05,-5.6092429929692336e-05,1.0266199213797975,0.5609242992969233
2018-10-17,0.005999797500000033,0.0,0.0,0.005999797500000033,1.0327794330175424,
2018-10-18,0.0019999774999999186,1.0,5.589423415156895e-05,0.0019440832658483497,1.0347872422305842,0.5589423415156894
2018-10-19,0.0,0.0,0.0,0.0,1.0347872422305842,
2018-10-22,0.0,1.0,5.278303645360092e-05,-5.278303645360092e-05,1.0347326230178557,0.5278303645360092
2018-10-23,0.0005400022499999968,1.0,5.2444140924136436e-05,0.00048755810907586035,1.0352371152989335,0.5244414092413643
2018-10-24,-0.0023897890887404453,1.0,5.266141568745511e-05,-0.0024424505044279006,1.0327085998844692,0.5266141568745512
2018-10-25,0.0007199905000000003,1.0,5.310719300099976e-05,0.0006668833069990005,1.0333972960107263,0.5310719300099976
2018-10-26,-0.0017200519999999975,1.0,5.309787839825603e-05,-0.0017731498783982536,1.0315649277209678,0.5309787839825604
2018-10-29,0.0,1.0,5.43838510179684e-05,-5.43838510179684e-05,1.0315088272476232,0.5438385101796841
2018-10-30,0.0007499549999999866,1.0,5.4368293673245144e-05,0.0006955867063267414,1.0322263310753153,0.5436829367324514
2018-10-31,0.0,1.0,5.228143623275796e-05,-5.228143623275796e-05,1.0321723648002095,0.5228143623275796
2018-11-01,8.878457943915785e-06,0.7683868346200732,3.998485199131741e-05,-3.1106394047401625e-05,1.0321402576399052,0.5203739859895936
2018-11-02,-0.0012350850399290064,0.34782608695652173,1.81415464262983e-05,-0.0012532265863553047,1.0308467520281832,0.5215694597560763
2018-11-05,6.529451530612191e-05,0.7683868346200732,4.003733554443339e-05,2.5257179761688525e-05,1.0308727883099058,0.5210570215486544
2018-11-06,-0.00026110964445347267,0.7683868346200732,3.998940905699002e-05,-0.0003010990535104627,1.030562393489056,0.5204332929098491
2018-11-07,0.0003673448979591815,0.0,0.0,0.0003673448979591815,1.0309409653263326,
2018-11-08,-0.0004326476020408415,1.0,5.2262891518774896e-05,-0.00048491049355961637,1.0304410512340054,0.522628915187749
2018-11-09,0.0,1.0,5.318283896689001e-05,-5.318283896689001e-05,1.0303862494535128,0.5318283896689001
2018-11-13,-0.0016522885597826586,1.0,5.3239178344862244e-05,-0.0017055277381275208,1.0286288971240847,0.5323917834486225
2018-11-14,0.0,1.0,5.451380768003289e-05,-5.451380768003289e-05,1.0285728226462127,0.5451380768003289
2018-11-15,0.0002499949999999378,2.0,0.00010692184035204807,0.00014307315964788973,1.0287199838098766,0.5346092017602404
2018-11-16,0.00030000687499999034,1.3478260869565217,7.101042284902465e-05,0.00022899645215096568,1.0289555570364257,0.5268515243637312
2018-11-19,7.268599941917574e-05,1.3478260869565217,7.138530087905361e-05,1.3006985401221264e-06,1.0289568953974166,0.5296328774897525
2018-11-20,0.0,1.0,5.3294951303918786e-05,-5.3294951303918786e-05,1.0289020571897827,0.5329495130391879
2018-11-21,0.0,0.0,0.0,0.0,1.0289020571897827,
2018-11-23,0.00040000187500001145,1.0,5.328073771575226e-05,0.0003467211372842592,1.0292587992812057,0.5328073771575226
2018-11-26,0.0019999775000000574,1.0,5.5817290287583967e-05,0.0019441602097124734,1.0312598432842648,0.5581729028758396
2018-11-27,0.0,1.0,5.342518917783451e-05,-5.342518917783451e-05,1.0312047480320459,0.5342518917783451
2018-11-28,0.0,1.0,5.3398238160999e-05,-5.3398238160999e-05,1.0311496835153178,0.53398238160999
2018-11-29,0.0,1.0,5.2474665935712965e-05,-5.2474665935712965e-05,1.0310955742801455,0.5247466593571297
2018-11-30,0.0005750068749999887,0.0,0.0,0.0005750068749999887,1.0316884613241386,
2018-12-03,0.0009750162500000019,0.1836734693877551,9.443377894573754e-06,0.0009655728721054282,1.0326846317148575,0.5141394631490156
2018-12-04,4.473164540816409e-05,0.1836734693877551,9.460350434664222e-06,3.527129497349987e-05,1.0327210558391173,0.515063523665052
2018-12-06,0.0007000200000000018,1.0,5.247734433958597e-05,0.0006475426556604158,1.033389786774172,0.5247734433958597
2018-12-07,0.0016000149999999902,0.0,0.0,0.0016000149999999902,1.0350432259338573,
2018-12-10,0.0,1.0,5.247115673234814e-05,-5.247115673234814e-05,1.0349889160185246,0.5247115673234815
2018-12-11,-0.0006999800000000018,1.0,5.2504387773480756e-05,-0.0007524843877734826,1.034210103017702,0.5250438777348075
2018-12-12,-0.0015999849999999904,1.0,5.251314180210427e-05,-0.0016524981418020947,1.0325010727442323,0.5251314180210427
2018-12-13,-0.00045000249999999726,1.0,5.250193230971869e-05,-0.000502504432309716,1.0319822363788138,0.5250193230971869
2018-12-14,0.0016000149999999902,1.0,5.250743779408479e-05,0.0015475075622059054,1.0335792366936722,0.5250743779408478
2018-12-17,0.0003000068750000042,1.0,5.246442044529626e-05,0.00024754245455470796,1.0338350914349002,0.5246442044529627
2018-12-18,0.0032000600000000085,0.0,0.0,0.0032000600000000085,1.0371434257575973,
2018-12-19,0.004000093750000004,1.893854748603352,0.00010004106570349859,0.003900052684296505,1.0411883397592236,0.5282404354255531
2018-12-20,-0.00018233151925977693,1.893854748603352,0.00010007302215770666,-0.0002824045414174836,1.0408943034436047,0.5284091730451179
2018-12-21,0.0,1.0,5.244408686844042e-05,-5.244408686844042e-05,1.040839714692334,0.5244408686844042
2018-12-24,0.0020750467850000017,1.0,5.258129702715529e-05,0.0020224654879728464,1.0429447770938107,0.5258129702715528
2018-12-26,-2.5000005000000716e-05,2.0,0.0001067561760875872,-0.00013175618108758792,1.0428073626728955,0.533780880437936
2018-12-27,0.00028500044999999824,1.0,5.308083193694965e-05,0.0002319196180630486,1.04304921015816,0.5308083193694965
2018-12-28,0.0,1.0,5.308009831819012e-05,-5.308009831819012e-05,1.0429938450035343,0.5308009831819012
2018-12-31,-0.0005699982000000032,1.0,5.308943315637362e-05,-0.0006230876331563768,1.0423439684372544,0.5308943315637362
2019-01-02,0.000277499975000003,1.0213994886847837,5.405695852513016e-05,0.00022344301647487283,1.0425768729177665,0.5292440335439876
2019-01-03,0.000700452281349778,0.9152542372881356,4.876100328933258e-05,0.0006516912780604454,1.0432563111725546,0.5327591100130782
2019-01-04,0.0008557433666201192,1.0,5.3633000827383145e-05,0.000802110365792736,1.0440931178739248,0.5363300082738314
2019-01-07,-0.0003396611773743085,0.0,0.0,-0.0003396611773743085,1.0437384799762193,
2019-01-08,-0.0004245772444134082,1.7877094972067038,9.665762879947467e-05,-0.0005212348732128828,1.0431944470819414,0.5406786110970614
2019-01-09,-0.0007999962499999952,2.0,0.00011080746572339835,-0.0009108037157233935,1.0422443017033172,0.5540373286169917
2019-01-10,-0.0006200022499999963,1.0,5.685630207382391e-05,-0.0006768585520738203,1.0415388497343592,0.5685630207382391
2019-01-11,0.0,1.0,5.3745581200704806e-05,-5.3745581200704806e-05,1.0414828716235371,0.5374558120070481
2019-01-14,0.0,0.0,0.0,0.0,1.0414828716235371,
2019-01-15,-0.0007999962500000229,1.0,5.3745581200704806e-05,-0.0008537418312007277,1.0405937141295531,0.5374558120070481
2019-01-16,0.0,0.0,0.0,0.0,1.0405937141295531,
2019-01-17,0.0,0.0,0.0,0.0,1.0405937141295531,
2019-01-18,0.0,0.0,0.0,0.0,1.0405937141295531,
2019-01-22,0.0,0.0,0.0,0.0,1.0405937141295531,
2019-01-23,0.0,0.0,0.0,0.0,1.0405937141295531,
2019-01-24,0.0,0.0,0.0,0.0,1.0405937141295531,
2019-01-25,0.0,1.0,5.373243532379699e-05,-5.373243532379699e-05,1.0405378004951102,0.5373243532379699
2019-01-28,0.0008000037499999951,0.0,0.0,0.0008000037499999951,1.041370234637523,
2019-01-29,0.0024000337499999855,0.0,0.0,0.0024000337499999855,1.0438695583468987,
2019-01-30,0.0016000149999999902,1.7877094972067038,9.6401782525099e-05,0.0015036132174748912,1.0454391344121488,0.5392474709997725
2019-01-31,0.0007642654930167611,0.0,0.0,0.0007642654930167611,1.0462381274676291,
2019-02-01,-0.0006793100600558706,0.0,0.0,-0.0006793100600558706,1.0455274073824263,
2019-02-04,-0.0003396611773742967,0.21229050279329614,1.0898989278055396e-05,-0.00035056016665235205,1.0451608871202547,0.5133997580978724
2019-02-05,9.500004999999613e-05,1.0,5.4534238859378535e-05,4.04658111406176e-05,1.0452031804033244,0.5453423885937854
2019-02-06,0.0,0.0,0.0,0.0,1.0452031804033244,
2019-02-07,0.0,0.0,0.0,0.0,1.0452031804033244,
2019-02-08,0.0,0.0,0.0,0.0,1.0452031804033244,
2019-02-11,0.0,1.0,5.449934081800993e-05,-5.449934081800993e-05,1.0451462175189714,0.5449934081800993
2019-02-12,0.0,1.0,5.449620053034111e-05,-5.449620053034111e-05,1.045089261021118,0.5449620053034111
2019-02-13,0.0,0.0,0.0,0.0,1.045089261021118,
2019-02-14,0.0,0.0,0.0,0.0,1.045089261021118,
2019-02-15,0.0,0.0,0.0,0.0,1.045089261021118,
2019-02-19,0.0,0.0,0.0,0.0,1.045089261021118,
2019-02-20,0.0,0.0,0.0,0.0,1.045089261021118,
2019-02-21,0.0,0.0,0.0,0.0,1.045089261021118,
2019-02-22,0.0,0.0,0.0,0.0,1.045089261021118,
2019-02-25,0.0,0.0,0.0,0.0,1.045089261021118,
2019-02-26,0.0,0.0,0.0,0.0,1.045089261021118,
2019-02-27,0.0,0.0,0.0,0.0,1.045089261021118,
2019-02-28,0.0,0.0,0.0,0.0,1.045089261021118,
2019-03-01,0.0,0.0,0.0,0.0,1.045089261021118,
2019-03-04,0.0,0.0,0.0,0.0,1.045089261021118,
2019-03-05,0.0,0.0,0.0,0.0,1.045089261021118,
2019-03-06,0.0,0.0,0.0,0.0,1.045089261021118,
2019-03-07,0.0,0.0,0.0,0.0,1.045089261021118,
2019-03-08,0.0,0.0,0.0,0.0,1.045089261021118,
2019-03-11,0.0,0.0,0.0,0.0,1.045089261021118,
2019-03-12,0.0,0.0,0.0,0.0,1.045089261021118,
2019-03-13,0.0,0.0,0.0,0.0,1.045089261021118,
2019-03-14,0.0,0.0,0.0,0.0,1.045089261021118,
2019-03-15,0.0,0.0,0.0,0.0,1.045089261021118,
2019-03-18,0.0,0.0,0.0,0.0,1.045089261021118,
2019-03-19,0.0,0.0,0.0,0.0,1.045089261021118,
2019-03-20,0.0,0.0,0.0,0.0,1.045089261021118,
2019-03-21,0.0,0.0,0.0,0.0,1.045089261021118,
2019-03-22,0.0,0.0,0.0,0.0,1.045089261021118,
2019-03-25,0.0,0.0,0.0,0.0,1.045089261021118,
2019-03-26,0.0,1.0,5.335170433444309e-05,-5.335170433444309e-05,1.0450335037278609,0.5335170433444308
2019-03-27,-9.152561152542397e-05,1.0,5.2787270213646605e-05,-0.00014431288173907057,1.044882691931424,0.5278727021364661
2019-03-28,-1.2500002499999491e-05,1.0,5.273539888346609e-05,-6.523540138346558e-05,1.0448145285896173,0.5273539888346609
2019-03-29,-7.500004500000041e-05,1.0,5.3394079258252445e-05,-0.00012839412425825285,1.0446803805432068,0.5339407925825245
2019-04-01,0.0,0.0,0.0,0.0,1.0446803805432068,
2019-04-02,0.0,0.0,0.0,0.0,1.0446803805432068,
2019-04-03,0.0,0.0,0.0,0.0,1.0446803805432068,
2019-04-04,0.0,0.0,0.0,0.0,1.0446803805432068,
2019-04-05,0.0,0.0,0.0,0.0,1.0446803805432068,
2019-04-08,0.0,0.0,0.0,0.0,1.0446803805432068,
2019-04-09,0.0,0.0,0.0,0.0,1.0446803805432068,
2019-04-10,0.0,0.0,0.0,0.0,1.0446803805432068,
2019-04-11,0.0,0.0,0.0,0.0,1.0446803805432068,
2019-04-12,0.0,0.0,0.0,0.0,1.0446803805432068,
2019-04-15,0.0,0.0,0.0,0.0,1.0446803805432068,
2019-04-16,0.0,0.0,0.0,0.0,1.0446803805432068,
2019-04-17,0.0,0.0,0.0,0.0,1.0446803805432068,
2019-04-18,0.0,0.0,0.0,0.0,1.0446803805432068,
2019-04-22,0.0,0.0,0.0,0.0,1.0446803805432068,
2019-04-23,0.0,0.0,0.0,0.0,1.0446803805432068,
2019-04-24,0.0,0.0,0.0,0.0,1.0446803805432068,
2019-04-25,0.0,0.0,0.0,0.0,1.0446803805432068,
2019-04-26,0.0,0.0,0.0,0.0,1.0446803805432068,
2019-04-29,0.0,0.0,0.0,0.0,1.0446803805432068,
2019-04-30,0.0,0.0,0.0,0.0,1.0446803805432068,
2019-05-01,0.0,0.0,0.0,0.0,1.0446803805432068,
2019-05-02,0.0,0.0,0.0,0.0,1.0446803805432068,
2019-05-03,0.0,0.0,0.0,0.0,1.0446803805432068,
2019-05-06,0.0,0.0,0.0,0.0,1.0446803805432068,
2019-05-07,0.0,0.0,0.0,0.0,1.0446803805432068,
2019-05-08,0.0,1.0,5.314256363733327e-05,-5.314256363733327e-05,1.0446248635496032,0.5314256363733327
2019-05-09,-4.9999984999999696e-05,1.0,5.314855061863659e-05,-0.00010314853561863629,1.0445171120246572,0.5314855061863659
2019-05-10,0.0,1.0,5.314256363733327e-05,-5.314256363733327e-05,1.0444616037075611,0.5314256363733327
2019-05-13,0.00015000013500000083,1.0,5.328753853278101e-05,9.671259646721982e-05,1.044562616301166,0.5328753853278101
2019-05-14,0.0,0.0,0.0,0.0,1.044562616301166,
2019-05-15,0.0,1.0,5.321806342438895e-05,-5.321806342438895e-05,1.044507026701601,0.5321806342438895
2019-05-16,0.0,0.0,0.0,0.0,1.044507026701601,
2019-05-17,5.000001500000143e-05,0.0,0.0,5.000001500000143e-05,1.0445592520686038,
2019-05-20,0.0,0.0,0.0,0.0,1.0445592520686038,
2019-05-21,0.0,1.0,5.321806342438895e-05,-5.321806342438895e-05,1.0445036626480766,0.5321806342438895
2019-05-22,0.0,0.0,0.0,0.0,1.0445036626480766,
2019-05-23,0.0,0.0,0.0,0.0,1.0445036626480766,
2019-05-24,0.0,1.0,5.215753698710576e-05,-5.215753698710576e-05,1.0444491839096588,0.5215753698710576
2019-05-28,3.0485353048788897e-06,1.1219512195121952,5.8677984959286706e-05,-5.5629449654407816e-05,1.044391081776366,0.5229994311588597
2019-05-29,0.0,1.0,5.3314707850715235e-05,-5.3314707850715235e-05,1.044335400370959,0.5331470785071524
2019-05-30,0.0,1.0,5.3916722157015926e-05,-5.3916722157015926e-05,1.0442790932293384,0.5391672215701593
2019-05-31,0.0018000760000000046,1.8780487804878048,9.990565306011842e-05,0.001700170346939886,1.0460545455775763,0.5319651656447865
2019-06-03,-4.268538304878014e-05,0.0,0.0,-4.268538304878014e-05,1.0460098943386085,
2019-06-04,0.00011585313975609686,0.0,0.0,0.00011585313975609686,1.0461310778690835,
2019-06-05,4.5121690121951804e-05,1.0,5.2408117121179485e-05,-7.286426999227681e-06,1.046123455311353,0.5240811712117949
2019-06-06,0.0,1.0,5.644971860289246e-05,-5.644971860289246e-05,1.0460644019366767,0.5644971860289246
2019-06-07,0.0008100045000000045,1.0,5.384951707198918e-05,0.0007561549829280153,1.0468553887466647,0.5384951707198918
2019-06-10,-0.00016550451256983322,1.0213994886847837,5.434344337253168e-05,-0.0002198479559423649,1.0466252397292817,0.532048860162517
2019-06-11,0.00011222296383082659,1.9152542372881356,0.00010398747524541799,8.2354885854086e-06,1.0466338591994966,0.5429434548212091
2019-06-12,0.0009515488986784165,1.0,5.567413766081099e-05,0.0008958747610176055,1.04757151205798,0.5567413766081099
2019-06-13,0.0,0.0,0.0,0.0,1.04757151205798,
2019-06-14,0.0,1.0,5.4905702128237946e-05,-5.4905702128237946e-05,1.047513994408581,0.5490570212823794
2019-06-17,-9.999994000000113e-05,0.0,0.0,-9.999994000000113e-05,1.047409243071991,
2019-06-18,0.0,1.0,5.492810839511969e-05,-5.492810839511969e-05,1.0473517108635535,0.5492810839511969
2019-06-19,0.0,0.0,0.0,0.0,1.0473517108635535,
2019-06-20,0.0,0.0,0.0,0.0,1.0473517108635535,
2019-06-21,0.0,0.0,0.0,0.0,1.0473517108635535,
2019-06-24,0.0,0.0,0.0,0.0,1.0473517108635535,
2019-06-25,0.0,1.0,5.629530659479034e-05,-5.629530659479034e-05,1.047292749877878,0.5629530659479034
2019-06-26,-9.999993999999939e-05,0.0,0.0,-9.999993999999939e-05,1.0471880206657278,
2019-06-27,0.0,1.0,5.6296353531736476e-05,-5.6296353531736476e-05,1.0471290677987022,0.5629635353173648
2019-06-28,0.0,1.0,5.634595827599569e-05,-5.634595827599569e-05,1.0470700663079384,0.5634595827599569
2019-07-01,-4.999998500000143e-05,1.0,5.634595827599569e-05,-0.00010634594327599712,1.0469587146540609,0.5634595827599569
2019-07-02,0.0,1.0,5.451394574786731e-05,-5.451394574786731e-05,1.04690164080349,0.5451394574786731
2019-07-03,0.0004500012500000129,0.0,0.0,0.0004500012500000129,1.0473727478504784,
2019-07-05,-0.004499875000000004,1.9473684210526314,0.00010595059222737291,-0.0046058255922273765,1.042548731643827,0.5440706087351582
2019-07-08,-5.921037342105268e-05,1.0,5.428951090317823e-05,-0.00011349988432423091,1.0424304024833833,0.5428951090317823
2019-07-09,0.00010368940429285629,0.6551724137931034,3.495697016860295e-05,6.873243412425334e-05,1.042502051262351,0.5335537552049924
2019-07-10,-0.00010358385943738766,0.08474576271186438,4.328936901392356e-06,-0.00010791279633878001,1.0423895519508104,0.5108145543642981
2019-07-11,5.901560320134447e-05,0.3448275862068965,1.8223284304863497e-05,4.079231889648097e-05,1.042432073437828,0.5284752448410415
2019-07-12,4.3644271567796345e-05,1.9152542372881356,0.00010440119807051728,-6.075692650272094e-05,1.0423687384689582,0.5451036005451787
2019-07-15,-0.0017742730616739936,1.0,5.472637946528387e-05,-0.0018289994411392774,1.0404622466288374,0.5472637946528387
2019-07-16,0.0,1.0,5.7090881654387915e-05,-5.7090881654387915e-05,1.0404028457218493,0.5709088165438791
2019-07-17,-0.0001000000599999994,0.0,0.0,-0.0001000000599999994,1.040298805374853,
2019-07-18,-0.00015000013500000256,1.0,5.463724339559213e-05,-0.0002046373783955947,1.040085921354573,0.5463724339559213
2019-07-19,3.749997250000021e-05,1.0,5.4663072758521215e-05,-1.7163100258521007e-05,1.0400680702556273,0.5466307275852123
2019-07-22,0.0,0.0,0.0,0.0,1.0400680702556273,
2019-07-23,0.0,0.0,0.0,0.0,1.0400680702556273,
2019-07-24,0.0,1.0,5.7438258103603256e-05,-5.7438258103603256e-05,1.0400083305573626,0.5743825810360326
2019-07-25,0.0,1.0,5.7440409846354756e-05,-5.7440409846354756e-05,1.039948592052612,0.5744040984635476
2019-07-26,0.0,0.0,0.0,0.0,1.039948592052612,
2019-07-29,0.0,0.0,0.0,0.0,1.039948592052612,
2019-07-30,0.0,0.0,0.0,0.0,1.039948592052612,
2019-07-31,0.0,0.0,0.0,0.0,1.039948592052612,
2019-08-01,0.0,0.0,0.0,0.0,1.039948592052612,
2019-08-02,0.0,0.0,0.0,0.0,1.039948592052612,
2019-08-05,0.0,0.0,0.0,0.0,1.039948592052612,
2019-08-06,0.0,1.0,5.522264801474219e-05,-5.522264801474219e-05,1.0398911633375596,0.5522264801474219
2019-08-07,0.0006750032812500018,1.0,5.514390570924539e-05,0.0006198593755407564,1.0405357496246963,0.5514390570924539
2019-08-08,0.0,1.0,5.52589713500852e-05,-5.52589713500852e-05,1.0404782506895192,0.5525897135008521
2019-08-09,-0.0013499887500000075,1.0,5.5260045541252026e-05,-0.0014052487955412596,1.0390161198809509,0.5526004554125202
2019-08-12,0.0,1.0,5.295708700859716e-05,-5.295708700859716e-05,1.038961096613887,0.5295708700859716
2019-08-13,-0.00034869838010203615,1.0,5.300915652571314e-05,-0.0004017075366277493,1.0385437381111142,0.5300915652571313
2019-08-14,0.006612876734693884,1.0,5.356617701199849e-05,0.0065593105576818855,1.045355869017121,0.5356617701199848
2019-08-15,0.0007760439540816345,0.1836734693877551,9.556332853261807e-06,0.0007664876212283726,1.046157121350501,0.5202892331220317
2019-08-16,-0.0003305967474489764,0.1836734693877551,9.55793854177218e-06,-0.0003401546859907486,1.0458012661033909,0.5203766539409297
2019-08-19,-0.0003903016581632657,0.4205607476635514,2.2336868040482414e-05,-0.0004126385262037481,1.0453697282102439,0.5311210845181374
2019-08-20,0.0007159945696643142,0.0,0.0,0.0007159945696643142,1.046118207258934,
2019-08-21,-0.0005690327418701121,0.8163265306122449,4.3809813956419864e-05,-0.000612842555826532,1.0454771015031008,0.5366702209661434
2019-08-22,0.0005481191179906602,0.0,0.0,0.0005481191179906602,1.046050147489856,
2019-08-23,-0.0013926273364486058,0.4205607476635514,2.2386370946690356e-05,-0.001415013707395296,1.044569972192535,0.5322981536213041
2019-08-26,0.0001249981249999984,0.0,0.0,0.0001249981249999984,1.0447005414804904,
2019-08-27,-0.001325041249999998,0.4205607476635514,2.233648723609328e-05,-0.0013473777372360913,1.0432929352288212,0.5311120298359957
2019-08-28,-0.00014813318925234014,0.4205607476635514,2.2315149163488665e-05,-0.0001704483384158288,1.0431151076815304,0.5306046578873972
2019-08-29,0.0005249887500000037,0.0,0.0,0.0005249887500000037,1.0436627313780182,
2019-08-30,0.00022500062499999863,0.4205607476635514,2.2321619753974037e-05,0.0002026790052460246,1.0438742599022264,0.5307585141500493
2019-09-03,-0.0002873900000000028,0.0,0.0,-0.0002873900000000028,1.043574260878673,
2019-09-04,0.0006518743107476665,0.5794392523364487,3.1027074624999674e-05,0.0006208472361226669,1.0442221610742284,0.5354672556249943
2019-09-05,0.0005899486250000039,1.0,5.451880467832984e-05,0.000535429820321674,1.0447812687583082,0.5451880467832984
2019-09-06,-0.001600015000000018,1.0,5.4514033424656957e-05,-0.001654529033424675,1.0430526478155693,0.5451403342465695
2019-09-09,0.001029935124999986,0.0,0.0,0.001029935124999986,1.0441269243747788,
2019-09-10,0.0008099392500000124,0.0,0.0,0.0008099392500000124,1.0449726037528118,
2019-09-11,0.0005799876250000103,1.0,5.477807749253721e-05,0.0005252095475074731,1.0455214333411864,0.5477807749253721
2019-09-12,-0.0024799640000000064,2.0,0.00011388565591947842,-0.0025938496559194846,1.042809507931058,0.5694282795973922
2019-09-13,3.7499972499999775e-05,1.0,5.4984266965047325e-05,-1.748429446504755e-05,1.0427912751425503,0.5498426696504732
2019-09-16,0.0,0.0,0.0,0.0,1.0427912751425503,
2019-09-17,0.0,0.0,0.0,0.0,1.0427912751425503,
2019-09-18,0.0,1.0,5.893777249876664e-05,-5.893777249876664e-05,1.0427298153476123,0.5893777249876664
2019-09-19,0.0018600202500000103,0.0,0.0,0.0018600202500000103,1.0446693139194378,
2019-09-20,0.003100056250000003,1.0,5.890194091522243e-05,0.0030411543090847802,1.0478463145050325,0.5890194091522243
2019-09-23,0.0,0.0,0.0,0.0,1.0478463145050325,
2019-09-24,0.0,0.0,0.0,0.0,1.0478463145050325,
2019-09-25,0.0,0.0,0.0,0.0,1.0478463145050325,
2019-09-26,0.0,0.0,0.0,0.0,1.0478463145050325,
2019-09-27,0.0,0.0,0.0,0.0,1.0478463145050325,
2019-09-30,0.0,1.0,5.669752744100205e-05,-5.669752744100205e-05,1.047786904209862,0.5669752744100205
2019-10-01,0.0001000000599999994,1.0,5.6713255291598066e-05,4.328680470840133e-05,1.0478322595569605,0.5671325529159806
2019-10-02,0.0,1.0,5.889046428062679e-05,-5.889046428062679e-05,1.0477705522287069,0.5889046428062679
2019-10-03,0.004960144000000013,0.0,0.0,0.004960144000000013,1.0529676450467207,
2019-10-04,0.0012400089999999927,1.0,5.8894684685686635e-05,0.001181114315314306,1.054211320205848,0.5889468468568664
2019-10-07,0.0,0.0,0.0,0.0,1.054211320205848,
2019-10-08,0.0,0.0,0.0,0.0,1.054211320205848,
2019-10-09,0.0,0.0,0.0,0.0,1.054211320205848,
2019-10-10,0.0,0.0,0.0,0.0,1.054211320205848,
2019-10-11,0.0,0.0,0.0,0.0,1.054211320205848,
2019-10-15,0.0,0.0,0.0,0.0,1.054211320205848,
2019-10-16,0.0,0.0,0.0,0.0,1.054211320205848,
2019-10-17,0.0,1.0,5.62322690786397e-05,-5.62322690786397e-05,1.0541520395112245,0.562322690786397
2019-10-18,8.750022500000184e-05,1.0,5.524751712795629e-05,3.225270787204555e-05,1.0541860387690074,0.5524751712795629
2019-10-21,-7.377827682927173e-06,0.12195121951219512,6.30735278253774e-06,-1.3685180465464912e-05,1.0541716120428226,0.5172029281680947
2019-10-22,2.500000999999985e-05,0.12195121951219512,6.306829878311834e-06,1.8693180121688017e-05,1.0541913178626456,0.5171600500215704
2019-10-23,-2.5548744512194964e-05,1.0,5.523295216055832e-05,-8.078169667275328e-05,1.054106158499371,0.5523295216055832
2019-10-24,4.749997499999971e-05,0.0,0.0,4.749997499999971e-05,1.054156228515547,
2019-10-25,-0.0004924960250000018,0.0,0.0,-0.0004924960250000018,1.0536370607632741,
2019-10-28,-0.0004049977499999976,0.0,0.0,-0.0004049977499999976,1.0532103401243484,
2019-10-29,-4.750002499999971e-05,0.0,0.0,-4.750002499999971e-05,1.0531603126068623,
2019-10-30,0.0006750062500000006,0.0,0.0,0.0006750062500000006,1.053871202400124,
2019-10-31,0.0007950151000000007,1.0,5.5703988668529943e-05,0.0007393111113314708,1.0546503410899706,0.5570398866852995
2019-11-01,0.0,1.0,5.98460465552607e-05,-5.98460465552607e-05,1.0545872244365582,0.598460465552607
2019-11-04,-0.01049938750000004,1.0,6.0006551526191587e-05,-0.010559394051526233,1.0434514223720273,0.6000655152619159
2019-11-05,0.0,1.0,6.016051958278168e-05,-6.016051958278168e-05,1.043388647792298,0.6016051958278168
2019-11-06,0.006000200000000015,0.0,0.0,0.006000200000000015,1.0496491883567816,
2019-11-07,-0.016498487500000058,0.0,0.0,-0.016498487500000058,1.032331564343292,
2019-11-08,-0.004499887499999973,1.9836065573770494,0.00011336450642326549,-0.004613252006423239,1.0275691586827913,0.571507015852826
2019-11-12,-9.72111176985085e-05,0.9836065573770493,5.354405920601137e-05,-0.00015075517690451987,1.0274142473124923,0.5443646019277822
2019-11-13,0.00035021800925279527,0.8928571428571429,4.88252942025569e-05,0.00030139271505023836,1.027723902481971,0.5468432950686373
2019-11-14,0.0009188339794763804,0.9536028785152921,5.277288538267611e-05,0.0008660610940937043,1.0286139741693807,0.5534052651439205
2019-11-15,-0.0007974937750000212,1.0,5.582152062878096e-05,-0.0008533152956288021,1.0277362421319245,0.5582152062878096
2019-11-18,0.003000049999999982,1.8928571428571428,0.00010786346699055772,0.002892186533009424,1.0307086470509041,0.5698447312708711
2019-11-19,0.00024107745535714695,0.10614525139664807,5.449420951239723e-06,0.00023562803440590723,1.0309515109034537,0.5133928159325843
2019-11-20,0.0005488415532721462,0.10614525139664804,5.433107623266913e-06,0.0005434084456488792,1.0315117386615331,0.5118559287183039
2019-11-21,-0.000416122518752131,1.8475110808046369,0.00010065400226501213,-0.0005167765210171431,1.0309786776138392,0.5448086526288916
2019-11-22,0.00017856482142856024,0.893854748603352,4.7896362734978674e-05,0.00013066845869358156,1.0311133940085888,0.5358405580975738
2019-11-25,0.0007924640621508338,0.10614525139664804,5.431863075751767e-06,0.0007870321990750821,1.0319249134505712,0.511738679241877
2019-11-26,0.0021593595107398437,0.9999999999999999,5.38617366868758e-05,0.002105497774052968,1.034097629058831,0.538617366868758
2019-11-27,-0.00029999187499998425,1.0,5.5142936872055787e-05,-0.00035513481187204003,1.033730384991878,0.5514293687205578
2019-11-29,-0.001499987499999991,0.0,0.0,-0.001499987499999991,1.03217980233602,
2019-12-02,-0.011999199999999979,1.4150943396226414,8.162113185243686e-05,-0.012080821131852416,1.0197102227680879,0.5767893317572206
2019-12-03,0.010529057547169807,1.4150943396226414,7.840918018000732e-05,0.0104506483669898,1.030366855742462,0.5540915399387185
2019-12-04,-0.0008928147321428576,0.7142857142857142,3.877632588116644e-05,-0.0009315910580240241,1.029406975193168,0.5428685623363302
2019-12-05,-0.0002499887499999641,0.0,0.0,-0.0002499887499999641,1.0291496350301983,
2019-12-06,0.002749774999999931,0.0,0.0,0.002749774999999931,1.0319795649678634,
2019-12-09,-0.0012500387499999666,1.0,5.656778832320651e-05,-0.001306606538323173,1.0306311737208604,0.565677883232065
2019-12-10,0.0,1.0,5.961425495319759e-05,-5.961425495319759e-05,1.0305697334113075,0.5961425495319759
2019-12-11,0.006000200000000015,2.0,0.00011317783568267538,0.00588702216431734,1.0366367202737745,0.5658891784133768
2019-12-12,-6.864302737288075e-05,1.0,5.349692060362954e-05,-0.00012213994797651028,1.0365101055186898,0.5349692060362954
2019-12-13,-0.0007642713296089369,1.0,5.3282981257402755e-05,-0.0008175543108663397,1.0356627022136664,0.5328298125740276
2019-12-16,-0.00018879934818435683,1.2938547486033518,6.898956274528844e-05,-0.00025778891092964525,1.0353957198535724,0.5332094875391464
2019-12-17,0.00018000050000000205,1.0,5.370364134867987e-05,0.0001262968586513222,1.0355264870804508,0.5370364134867986
2019-12-18,4.749997499999971e-05,1.0,5.5397148552675307e-05,-7.897173552675597e-06,1.035518309348064,0.553971485526753
2019-12-19,0.0006550061500000212,1.0,5.4911558466492875e-05,0.0006000945915335283,1.0361397182849377,0.5491155846649287
2019-12-20,0.0,1.0,5.341313567319595e-05,-5.341313567319595e-05,1.0360843748135886,0.5341313567319596
2019-12-23,-4.249989999999893e-05,1.0,5.4280356749929804e-05,-9.678025674992874e-05,1.0359841023017795,0.542803567499298
2019-12-24,0.00040500225000000226,1.106145251396648,5.97190449568035e-05,0.0003452832050431988,1.0363418102129962,0.5398842953165569
2019-12-26,-0.00017999949999999578,1.0,5.342653935113409e-05,-0.00023342603935112987,1.036099901048824,0.5342653935113408
2019-12-27,-0.0003396665754189967,1.0,5.316176935852374e-05,-0.00039282834477752046,1.035692891639671,0.5316176935852374
2019-12-30,0.0003396635539106162,0.3311452513966481,1.7185356494920944e-05,0.00032247819741569524,1.0360268800164432,0.518967323929287
2019-12-31,9.499989999999943e-05,2.0,0.00010966513128173128,-1.4665231281731853e-05,1.0360116864426336,0.5483256564086564
2020-01-02,-0.0015001799999999994,0.0,0.0,-0.0015001799999999994,1.034457482430866,
2020-01-03,-0.0010001512500000115,1.0,5.62359601490481e-05,-0.0010563872101490596,1.033364694776983,0.562359601490481
2020-01-06,-0.0029999500000000338,1.0,5.944182305483797e-05,-0.003059391823054872,1.0302032272795487,0.5944182305483797
2020-01-07,0.0,0.0,0.0,0.0,1.0302032272795487,
2020-01-08,0.0,1.0,5.948451011931505e-05,-5.948451011931505e-05,1.0301419461452508,0.5948451011931505
2020-01-09,0.006000199999999963,1.0,5.612076793519194e-05,0.005944079232064772,1.0362651914934116,0.5612076793519194
2020-01-10,-0.007751068750000022,1.0,5.614520937223085e-05,-0.007807213959372253,1.0281748474247727,0.5614520937223084
2020-01-13,0.0,1.0,5.91700815416345e-05,-5.91700815416345e-05,1.0281140102352115,0.591700815416345
2020-01-14,0.006000200000000015,1.0,5.922848696978069e-05,0.005940971513030234,1.0342220062821663,0.5922848696978069
2020-01-15,0.0,0.0,0.0,0.0,1.0342220062821663,
2020-01-16,0.0,0.0,0.0,0.0,1.0342220062821663,
2020-01-17,0.0,0.0,0.0,0.0,1.0342220062821663,
2020-01-21,0.0,1.0,5.630937346706022e-05,-5.630937346706022e-05,1.0341637698889667,0.5630937346706022
2020-01-22,0.0012500450000000184,0.0,0.0,0.0012500450000000184,1.0354565211386975,
2020-01-23,-0.0010000800000000026,1.0,5.635104295138719e-05,-0.0010564310429513899,1.0343626327261402,0.563510429513872
2020-01-24,0.0,0.0,0.0,0.0,1.0343626327261402,
2020-01-27,0.0,1.0,5.961842628987637e-05,-5.961842628987637e-05,1.034300965653764,0.5961842628987637
2020-01-28,-0.005999800000000016,1.0,5.651639207290226e-05,-0.006056316392072918,1.0280369117611383,0.5651639207290227
2020-01-29,-0.0005000562500000402,1.0,5.647523690456155e-05,-0.0005565314869046018,1.0274647768500431,0.5647523690456155
2020-01-30,0.0,0.0,0.0,0.0,1.0274647768500431,
2020-01-31,0.0,0.0,0.0,0.0,1.0274647768500431,
2020-02-03,0.0,0.0,0.0,0.0,1.0274647768500431,
2020-02-04,0.0,0.0,0.0,0.0,1.0274647768500431,
2020-02-05,0.0,0.0,0.0,0.0,1.0274647768500431,
2020-02-06,0.0,0.0,0.0,0.0,1.0274647768500431,
2020-02-07,0.0,0.0,0.0,0.0,1.0274647768500431,
2020-02-10,0.0,0.0,0.0,0.0,1.0274647768500431,
2020-02-11,0.0,0.0,0.0,0.0,1.0274647768500431,
2020-02-12,0.0,0.0,0.0,0.0,1.0274647768500431,
2020-02-13,0.0,0.0,0.0,0.0,1.0274647768500431,
2020-02-14,0.0,0.0,0.0,0.0,1.0274647768500431,
2020-02-18,0.0,0.0,0.0,0.0,1.0274647768500431,
2020-02-19,0.0,0.0,0.0,0.0,1.0274647768500431,
2020-02-20,0.0,0.0,0.0,0.0,1.0274647768500431,
2020-02-21,0.0,0.0,0.0,0.0,1.0274647768500431,
2020-02-24,0.0,0.0,0.0,0.0,1.0274647768500431,
2020-02-25,0.0,0.0,0.0,0.0,1.0274647768500431,
2020-02-26,0.0,0.0,0.0,0.0,1.0274647768500431,
2020-02-27,0.0,1.0,5.6086186545503394e-05,-5.6086186545503394e-05,1.0274071502688997,0.5608618654550339
2020-02-28,0.006210264500000001,2.0,0.00011393172318730979,0.006096332776812691,1.0336705661542156,0.5696586159365489
2020-03-02,0.00035000098000000004,1.0,5.618489953714694e-05,0.0002938160804628531,1.0339742751884529,0.5618489953714694
2020-03-03,-7.500027000000001e-05,0.0847457627118644,4.3824390532561155e-06,-7.938270905325613e-05,1.033892195509397,0.5171278082842217
2020-03-04,-6.610183300847456e-05,0.0,0.0,-6.610183300847456e-05,1.0338238533401405,
2020-03-05,-0.00018050889512711865,2.0,0.00011330296605274016,-0.0002938118611798588,1.0335201036296586,0.5665148302637008
2020-03-06,0.0004725104750000005,1.5332211942809084,8.611853846931229e-05,0.0003863919365306882,1.0339194474639435,0.5616837204608465
2020-03-09,-0.000107905157413793,0.7771236333052985,4.2992242814595136e-05,-0.00015089740022838813,1.0337634317072757,0.5532226916293681
2020-03-10,0.0011117033545559132,1.9411764705882353,0.00011084040913476451,0.0010008629454211486,1.034798087220403,0.5709960470578777
2020-03-11,-0.0009723913654123153,1.9411764705882353,0.00010836665071936005,-0.0010807580161316752,1.0336797208925619,0.5582524430997335
2020-03-12,0.005540140520581115,1.2857142857142858,7.002631113255712e-05,0.005470114209448558,1.0393340670218352,0.5446490865865554
2020-03-13,0.0009658493282710199,0.5794392523364487,3.14072774655193e-05,0.0009344420508055006,1.040305264478895,0.5420288207758975
2020-03-16,-0.0015802823749999952,0.23664122137404583,1.2902443973851192e-05,-0.0015931848189738463,1.0386478659244287,0.5452323098627438
2020-03-17,-0.000940828029580146,1.2366412213740459,7.108950494043052e-05,-0.0010119175345205764,1.0375968399367075,0.5748595769874318
2020-03-18,-0.010539349750000001,1.775,0.00010345714918324224,-0.010642806899183243,1.0265538971300583,0.5828571784971395
2020-03-19,-0.0009486440359693899,0.1836734693877551,9.889591413233295e-06,-0.0009585336273826232,1.0255699106993383,0.5384333102760349
2020-03-20,-0.0014062857406249994,0.9,5.2036990560460494e-05,-0.00145832273118546,1.0240742987861455,0.5781887840051166
2020-03-23,0.001705586914249999,0.0,0.0,0.001705586914249999,1.0258209465093748,
2020-03-24,-0.0011969661192499997,1.675,9.621204528395513e-05,-0.001293178164533955,1.0244943772606272,0.5744002703519709
2020-03-25,0.0002799945000000007,0.0,0.0,0.0002799945000000007,1.024781230051541,
2020-03-26,0.0004250125000000004,1.0,5.7917748035412185e-05,0.0003670947519645882,1.0251574218630048,0.5791774803541219
2020-03-27,0.007440323999999998,0.0,0.0,0.007440323999999998,1.0327849252326704,
2020-03-30,0.0018600202500000048,2.0,0.00013014629013740286,0.001729873959862602,1.034571512980969,0.6507314506870142
2020-03-31,0.00014999986500000007,1.0,6.613268897251765e-05,8.386717602748241e-05,1.034658279572161,0.6613268897251765
2020-04-01,0.0,1.0,6.409765248358812e-05,-6.409765248358812e-05,1.0345919604053178,0.6409765248358812
2020-04-02,-0.0010000112499999939,1.0,6.40747084595633e-05,-0.0010640859584595572,1.0334910656275154,0.6407470845956329
2020-04-03,0.0,0.0,0.0,0.0,1.0334910656275154,
2020-04-06,0.0,0.0,0.0,0.0,1.0334910656275154,
2020-04-07,0.0,0.0,0.0,0.0,1.0334910656275154,
2020-04-08,0.0,0.0,0.0,0.0,1.0334910656275154,
2020-04-09,0.0,0.0,0.0,0.0,1.0334910656275154,
2020-04-13,0.0,0.0,0.0,0.0,1.0334910656275154,
2020-04-14,0.0,0.0,0.0,0.0,1.0334910656275154,
2020-04-15,0.0,0.0,0.0,0.0,1.0334910656275154,
2020-04-16,0.0,0.0,0.0,0.0,1.0334910656275154,
2020-04-17,0.0,0.0,0.0,0.0,1.0334910656275154,
2020-04-20,0.0,0.0,0.0,0.0,1.0334910656275154,
2020-04-21,0.0,0.0,0.0,0.0,1.0334910656275154,
2020-04-22,0.0,0.0,0.0,0.0,1.0334910656275154,
2020-04-23,0.0,0.0,0.0,0.0,1.0334910656275154,
2020-04-24,0.0,0.0,0.0,0.0,1.0334910656275154,
2020-04-27,0.0,0.0,0.0,0.0,1.0334910656275154,
2020-04-28,0.0,0.0,0.0,0.0,1.0334910656275154,
2020-04-29,0.0,0.0,0.0,0.0,1.0334910656275154,
2020-04-30,0.0,0.0,0.0,0.0,1.0334910656275154,
2020-05-01,0.0,0.0,0.0,0.0,1.0334910656275154,
2020-05-04,0.0,0.0,0.0,0.0,1.0334910656275154,
2020-05-05,0.0,0.0,0.0,0.0,1.0334910656275154,
2020-05-06,0.0,0.0,0.0,0.0,1.0334910656275154,
2020-05-07,0.0,0.0,0.0,0.0,1.0334910656275154,
2020-05-08,0.0,0.0,0.0,0.0,1.0334910656275154,
2020-05-11,0.0,0.0,0.0,0.0,1.0334910656275154,
2020-05-12,0.0,0.0,0.0,0.0,1.0334910656275154,
2020-05-13,0.0,0.0,0.0,0.0,1.0334910656275154,
2020-05-14,0.0,0.0,0.0,0.0,1.0334910656275154,
2020-05-15,0.0,0.0,0.0,0.0,1.0334910656275154,
2020-05-18,0.0,0.0,0.0,0.0,1.0334910656275154,
2020-05-19,0.0,0.0,0.0,0.0,1.0334910656275154,
2020-05-20,0.0,0.0,0.0,0.0,1.0334910656275154,
2020-05-21,0.0,1.0,6.466179051904647e-05,-6.466179051904647e-05,1.0334242382447265,0.6466179051904646
2020-05-22,-1.250000000209417e-09,1.0,6.46666044499933e-05,-6.466785444999352e-05,1.0333574089165025,0.646666044499933
2020-05-26,0.0,0.0,0.0,0.0,1.0333574089165025,
2020-05-27,0.0,0.0,0.0,0.0,1.0333574089165025,
2020-05-28,0.0,0.0,0.0,0.0,1.0333574089165025,
2020-05-29,0.0,1.0,6.992178680374481e-05,-6.992178680374481e-05,1.033285154720064,0.6992178680374481
2020-06-01,0.009999437500000008,1.0,6.445127725520446e-05,0.009934986222744803,1.0435508284963748,0.6445127725520445
2020-06-02,0.0004999800000000012,0.0,0.0,0.0004999800000000012,1.0440725830396065,
2020-06-03,0.001999680000000002,0.0,0.0,0.001999680000000002,1.046160394102459,
2020-06-04,0.0004999437499999884,0.0,0.0,0.0004999437499999884,1.046683415452988,
2020-06-05,0.0009998487499999894,0.0,0.0,0.0009998487499999894,1.0477299405575744,
2020-06-08,-0.0007500449999999826,0.0,0.0,-0.0007500449999999826,1.0469440959543088,
2020-06-09,-0.0015001799999999994,0.0,0.0,-0.0015001799999999994,1.0453734913604402,
2020-06-10,-0.0015001799999999994,0.8163265306122449,4.629319712430745e-05,-0.001546473197124307,1.043756849275067,0.5670916647727663
2020-06-11,0.006612846836734702,0.0,0.0,0.006612846836734702,1.050659053454116,
2020-06-12,-0.0028315099744898003,0.8163265306122449,4.558977323215791e-05,-0.0028770997477219583,1.0476362025564814,0.5584747220939343
2020-06-15,0.0,0.8163265306122449,4.551046129135024e-05,-4.551046129135024e-05,1.0475885241496377,0.5575031508190404
2020-06-16,-0.0034131269387755138,0.8163265306122449,4.515262447535492e-05,-0.0034582795632508686,1.0439656701658748,0.5531196498230978
2020-06-17,-0.00125003875000001,0.8163265306122449,4.4718180032142685e-05,-0.0012947569300321526,1.0426139883797119,0.5477977053937478
2020-06-18,0.0035818059948979704,0.8163265306122449,4.457984222184604e-05,0.0035372261526761244,1.0463019498465544,0.5461030672176139
2020-06-19,0.0007500062499999954,1.0,5.775661135675912e-05,0.0006922496386432363,1.0470262519932474,0.5775661135675912
2020-06-22,-0.0020000224999999878,1.0,6.0430651629148734e-05,-0.0020604531516291366,1.0448689034524894,0.6043065162914874
2020-06-23,0.0,0.0,0.0,0.0,1.0448689034524894,
2020-06-24,0.0,0.0,0.0,0.0,1.0448689034524894,
2020-06-25,0.0,1.0,6.000263618736574e-05,-6.000263618736574e-05,1.0448062085638121,0.6000263618736574
2020-06-26,-0.012000809999999997,1.0,5.992153775821869e-05,-0.012060731537758216,1.032205081373341,0.5992153775821869
2020-06-29,0.0,0.0,0.0,0.0,1.032205081373341,
2020-06-30,0.0,1.0,5.992111066924908e-05,-5.992111066924908e-05,1.0321432304984266,0.5992111066924908
2020-07-01,0.00399991000000001,1.0,5.990843198907423e-05,0.003940001568010936,1.0362098764450023,0.5990843198907423
2020-07-02,0.0,0.0,0.0,0.0,1.0362098764450023,
2020-07-06,0.0,1.0,5.32736274941019e-05,-5.32736274941019e-05,1.036154673786039,0.532736274941019
2020-07-07,-0.003306329030612243,1.0,5.321363664362535e-05,-0.0033595426672558683,1.032673667949578,0.5321363664362535
2020-07-08,0.0,0.0,0.0,0.0,1.032673667949578,
2020-07-09,0.0,0.0,0.0,0.0,1.032673667949578,
2020-07-10,0.0,0.0,0.0,0.0,1.032673667949578,
2020-07-13,0.0,0.0,0.0,0.0,1.032673667949578,
2020-07-14,0.0,0.0,0.0,0.0,1.032673667949578,
2020-07-15,0.0,0.0,0.0,0.0,1.032673667949578,
2020-07-16,0.0,0.0,0.0,0.0,1.032673667949578,
2020-07-17,0.0,0.0,0.0,0.0,1.032673667949578,
2020-07-20,0.0,0.0,0.0,0.0,1.032673667949578,
2020-07-21,0.0,0.0,0.0,0.0,1.032673667949578,
2020-07-22,0.0,0.0,0.0,0.0,1.032673667949578,
2020-07-23,0.0,0.0,0.0,0.0,1.032673667949578,
2020-07-24,0.0,0.0,0.0,0.0,1.032673667949578,
2020-07-27,0.0,0.0,0.0,0.0,1.032673667949578,
2020-07-28,0.0,0.0,0.0,0.0,1.032673667949578,
2020-07-29,0.0,0.0,0.0,0.0,1.032673667949578,
2020-07-30,0.0,0.0,0.0,0.0,1.032673667949578,
2020-07-31,0.0,0.0,0.0,0.0,1.032673667949578,
2020-08-03,0.0,0.0,0.0,0.0,1.032673667949578,
2020-08-04,0.0,0.0,0.0,0.0,1.032673667949578,
2020-08-05,0.0,1.0,5.27073607554013e-05,-5.27073607554013e-05,1.0326192384460189,0.527073607554013
2020-08-06,0.0,1.0,5.268114888099e-05,-5.268114888099e-05,1.032564838878181,0.5268114888099
2020-08-07,0.0,0.0,0.0,0.0,1.032564838878181,
2020-08-10,0.0,0.0,0.0,0.0,1.032564838878181,
2020-08-11,0.0,0.0,0.0,0.0,1.032564838878181,
2020-08-12,0.0,1.0,5.3478099357586386e-05,-5.3478099357586386e-05,1.0325096192731342,0.5347809935758638
2020-08-13,-0.0015999849999999973,0.0,0.0,-0.0015999849999999973,1.0308576193699415,
2020-08-14,0.0,1.0,5.3456386866294246e-05,-5.3456386866294246e-05,1.0308025134462364,0.5345638686629425
2020-08-17,0.0,1.0,5.215675302040526e-05,-5.215675302040526e-05,1.0307487501341297,0.5215675302040526
2020-08-18,0.00035000499999999937,1.0,5.2160702681244905e-05,0.0002978442973187545,1.0310557527713256,0.5216070268124491
2020-08-19,0.0,1.0,5.344689330358913e-05,-5.344689330358913e-05,1.0310006460445171,0.5344689330358913
2020-08-20,0.0024000337499999994,2.0,0.00011110713461157638,0.002288926615388423,1.0333605308637313,0.555535673057882
2020-08-21,-0.006000202499999964,1.0,5.763429668507233e-05,-0.006057836796685036,1.027100601415623,0.5763429668507233
2020-08-24,0.0,0.0,0.0,0.0,1.027100601415623,
2020-08-25,0.0,0.0,0.0,0.0,1.027100601415623,
2020-08-26,0.0,0.0,0.0,0.0,1.027100601415623,
2020-08-27,0.0,1.0,5.2471789298735034e-05,-5.2471789298735034e-05,1.0270467076092769,0.5247178929873504
2020-08-28,-0.0003673726530612206,1.6326530612244898,8.768179994959466e-05,-0.00045505445301081526,1.026579345431529,0.5370510246912673
2020-08-31,-0.000750045,1.4685004436557232,7.793461259827055e-05,-0.0008279796125982705,1.0257293586627974,0.5307088120740237
2020-09-01,0.0011393292945873976,1.1641526175687666,6.152927629165679e-05,0.0010778000182957409,1.0268348897843307,0.5285327315601922
2020-09-02,-0.004200273750000002,0.0,0.0,-0.004200273750000002,1.0225219021511853,
2020-09-03,-0.0028001631249999935,1.0,5.3552101838246954e-05,-0.0028537152268382406,1.019603915829241,0.5355210183824695
2020-09-04,-0.007199696249999998,2.0,0.00011007407822238055,-0.007309770328222379,1.012150845378773,0.5503703911119027
2020-09-08,-0.0060002024999999985,1.0,5.5264594032828845e-05,-0.006055467094032828,1.0060217992403844,0.5526459403282884
2020-09-09,-0.0002499887500000248,0.7633587786259541,4.0764207760108343e-05,-0.00029075295776013316,1.005729295426684,0.5340111216574193
2020-09-10,0.001303477280534367,0.6521739130434783,3.4509319556303515e-05,0.0012689679609780634,1.0070055336799977,0.5291428998633205
2020-09-11,4.8456563433452914e-05,0.7633587786259541,4.068614582410248e-05,7.770417609350436e-06,1.0070133585335292,0.5329885102957426
2020-09-14,-0.00026086834239130507,1.4155326916694324,7.513954027982114e-05,-0.0003360078826711262,1.006674994107107,0.5308216526684667
2020-09-15,0.00023663855916030804,1.4155326916694324,7.513818127595202e-05,0.00016150037788435602,1.006837572499062,0.5308120520151077
2020-09-16,0.0012173562228260748,1.0,5.346601806758659e-05,0.0011638902047584883,1.0080094208874764,0.5346601806758658
2020-09-17,-0.004000089999999976,0.0,0.0,-0.004000089999999976,1.0039772924830785,
2020-09-18,0.0039999099999999755,1.0,5.4962303323742405e-05,0.003944947696676233,1.0079379303905749,0.5496230332374241
2020-09-21,-0.0005000199999999841,0.0,0.0,-0.0005000199999999841,1.0074339412666211,
2020-09-22,-0.0002500050000000158,0.7633587786259541,4.058584629278733e-05,-0.00029059084629280316,1.0071411901850444,0.5316745864355141
2020-09-23,0.0,1.7633587786259541,9.702552219372103e-05,-9.702552219372103e-05,1.007043471785144,0.5502313163366863
2020-09-24,-0.004000090000000011,2.0,0.0001101847221142217,-0.004110274722114233,1.0029042464589955,0.5509236105711086
2020-09-25,-0.0006200022499999963,1.0,5.350843558559547e-05,-0.0006735106855855918,1.002228779732386,0.5350843558559547
2020-09-28,0.0,0.0,0.0,0.0,1.002228779732386,
2020-09-29,0.0,0.0,0.0,0.0,1.002228779732386,
2020-09-30,0.0,0.0,0.0,0.0,1.002228779732386,
2020-10-01,0.0,0.0,0.0,0.0,1.002228779732386,
2020-10-02,0.0,1.0,5.6305469481812134e-05,-5.6305469481812134e-05,1.002172348770415,0.5630546948181213
2020-10-05,0.01799817750000003,1.0,5.6631545908002424e-05,0.01794154595409203,1.0201528700198,0.5663154590800242
2020-10-06,0.0,0.0,0.0,0.0,1.0201528700198,
2020-10-07,0.0,0.0,0.0,0.0,1.0201528700198,
2020-10-08,0.0,1.0,5.277009861334998e-05,-5.277009861334998e-05,1.0200990364522482,0.5277009861334998
2020-10-09,-0.0007999962500000021,1.0,5.275614362536056e-05,-0.0008527523936253627,1.0192291445571786,0.5275614362536056
2020-10-13,0.0,0.0,0.0,0.0,1.0192291445571786,
2020-10-14,0.0,0.0,0.0,0.0,1.0192291445571786,
2020-10-15,0.0,0.0,0.0,0.0,1.0192291445571786,
2020-10-16,0.0,0.0,0.0,0.0,1.0192291445571786,
2020-10-19,0.0,0.0,0.0,0.0,1.0192291445571786,
2020-10-20,0.0,0.0,0.0,0.0,1.0192291445571786,
2020-10-21,0.0,0.0,0.0,0.0,1.0192291445571786,
2020-10-22,0.0,0.0,0.0,0.0,1.0192291445571786,
2020-10-23,0.0,0.0,0.0,0.0,1.0192291445571786,
2020-10-26,0.0,0.0,0.0,0.0,1.0192291445571786,
2020-10-27,0.0,0.0,0.0,0.0,1.0192291445571786,
2020-10-28,0.0,0.0,0.0,0.0,1.0192291445571786,
2020-10-29,0.0,0.0,0.0,0.0,1.0192291445571786,
2020-10-30,0.0,0.0,0.0,0.0,1.0192291445571786,
2020-11-02,0.0,0.0,0.0,0.0,1.0192291445571786,
2020-11-03,0.0,0.0,0.0,0.0,1.0192291445571786,
2020-11-04,0.0,0.0,0.0,0.0,1.0192291445571786,
2020-11-05,0.0,0.0,0.0,0.0,1.0192291445571786,
2020-11-06,0.0,0.0,0.0,0.0,1.0192291445571786,
2020-11-09,0.0,0.0,0.0,0.0,1.0192291445571786,
2020-11-10,0.0,0.0,0.0,0.0,1.0192291445571786,
2020-11-12,0.0,0.0,0.0,0.0,1.0192291445571786,
2020-11-13,0.0,0.0,0.0,0.0,1.0192291445571786,
2020-11-16,0.0,0.0,0.0,0.0,1.0192291445571786,
2020-11-17,0.0,0.0,0.0,0.0,1.0192291445571786,
2020-11-18,0.0,0.0,0.0,0.0,1.0192291445571786,
2020-11-19,0.0,0.0,0.0,0.0,1.0192291445571786,
2020-11-20,0.0,0.0,0.0,0.0,1.0192291445571786,
2020-11-23,0.0,0.0,0.0,0.0,1.0192291445571786,
2020-11-24,0.0,0.0,0.0,0.0,1.0192291445571786,
2020-11-25,0.0,0.0,0.0,0.0,1.0192291445571786,
2020-11-27,0.0,0.0,0.0,0.0,1.0192291445571786,
2020-11-30,0.0,0.0,0.0,0.0,1.0192291445571786,
2020-12-01,0.0,0.0,0.0,0.0,1.0192291445571786,
2020-12-02,0.0,0.0,0.0,0.0,1.0192291445571786,
2020-12-03,0.0,0.0,0.0,0.0,1.0192291445571786,
2020-12-04,0.0,0.0,0.0,0.0,1.0192291445571786,
2020-12-07,0.0,0.0,0.0,0.0,1.0192291445571786,
2020-12-08,0.0,0.0,0.0,0.0,1.0192291445571786,
2020-12-09,0.0,0.0,0.0,0.0,1.0192291445571786,
2020-12-10,0.0,0.0,0.0,0.0,1.0192291445571786,
2020-12-11,0.0,1.0,5.3909860055004186e-05,-5.3909860055004186e-05,1.0191741980566316,0.5390986005500419
2020-12-14,0.0,1.0,5.39092458850564e-05,-5.39092458850564e-05,1.0191192551441888,0.539092458850564
2020-12-15,0.0,0.0,0.0,0.0,1.0191192551441888,
2020-12-16,0.0,1.0,5.391419263128453e-05,-5.391419263128453e-05,1.0190643101523527,0.5391419263128453
2020-12-17,-0.0015999849999999904,0.0,0.0,-0.0015999849999999904,1.0174338225420736,
2020-12-18,-0.0007999962500000091,0.0,0.0,-0.0007999962500000091,1.0166198792994168,
2020-12-21,0.0,1.0,5.390751123706593e-05,-5.390751123706593e-05,1.0165650758518496,0.5390751123706593
2020-12-22,0.0,1.0,5.391592431960017e-05,-5.391592431960017e-05,1.016510266806154,0.5391592431960017
2020-12-23,-0.0023999662499999855,0.0,0.0,-0.0023999662499999855,1.014070676473041,
2020-12-24,0.001600015000000004,1.0,5.234248522813129e-05,0.0015476725147718729,1.0156401257870544,0.523424852281313
2020-12-28,0.00022499937499999962,0.0,0.0,0.00022499937499999962,1.0158686441805815,
2020-12-29,-0.0002250006249999996,1.0,5.231171298313092e-05,-0.0002773123379831305,1.01558693127178,0.5231171298313091
2020-12-30,0.0008000037499999813,0.0,0.0,0.0008000037499999813,1.0163994046252485,
2020-12-31,0.0,1.0,5.3914733866169926e-05,-5.3914733866169926e-05,1.0163446057218464,0.5391473386616993
2021-01-04,0.0,0.0,0.0,0.0,1.0163446057218464,
2021-01-05,0.0,0.0,0.0,0.0,1.0163446057218464,
2021-01-06,0.0,0.0,0.0,0.0,1.0163446057218464,
2021-01-07,0.0,0.0,0.0,0.0,1.0163446057218464,
2021-01-08,0.0,0.0,0.0,0.0,1.0163446057218464,
2021-01-11,0.0,1.0,5.184063773440165e-05,-5.184063773440165e-05,1.0162919177693277,0.5184063773440165
2021-01-12,0.0,1.4,7.318686206365482e-05,-7.318686206365482e-05,1.0162175385529255,0.5227633004546772
2021-01-13,0.0008760100249999998,1.4,7.295874010385033e-05,0.0008030512848961495,1.0170336133529945,0.5211338578846453
2021-01-14,0.0001799994999999999,1.0,5.130116558674903e-05,0.00012869833441325087,1.0171645038850754,0.5130116558674903
2021-01-15,-0.0005400022500000002,2.0,0.00010371760156746686,-0.0006437198515674671,1.0165097349016148,0.5185880078373343
2021-01-19,0.0,1.0,5.181760070323055e-05,-5.181760070323055e-05,1.0164570618060607,0.5181760070323055
2021-01-20,0.0,0.0,0.0,0.0,1.0164570618060607,
2021-01-21,0.0,0.0,0.0,0.0,1.0164570618060607,
2021-01-22,0.0,0.0,0.0,0.0,1.0164570618060607,
2021-01-25,0.0,0.0,0.0,0.0,1.0164570618060607,
2021-01-26,0.0,0.0,0.0,0.0,1.0164570618060607,
2021-01-27,0.0,0.0,0.0,0.0,1.0164570618060607,
2021-01-28,0.0,0.0,0.0,0.0,1.0164570618060607,
2021-01-29,0.0,0.0,0.0,0.0,1.0164570618060607,
2021-02-01,0.0,1.0,5.1751378257366665e-05,-5.1751378257366665e-05,1.0164044587521728,0.5175137825736666
2021-02-02,0.0,1.0,5.1741808917500656e-05,-5.1741808917500656e-05,1.016351868146885,0.5174180891750065
2021-02-03,0.0,1.0,5.1671039461340154e-05,-5.1671039461340154e-05,1.0162993521893995,0.5167103946134015
2021-02-04,0.0,1.0,5.1671039461340154e-05,-5.1671039461340154e-05,1.016246838945468,0.5167103946134015
2021-02-05,0.0,0.0,0.0,0.0,1.016246838945468,
2021-02-08,0.0,0.0,0.0,0.0,1.016246838945468,
2021-02-09,0.0,0.0,0.0,0.0,1.016246838945468,
2021-02-10,0.0,0.0,0.0,0.0,1.016246838945468,
2021-02-11,0.0,0.0,0.0,0.0,1.016246838945468,
2021-02-12,0.0,0.0,0.0,0.0,1.016246838945468,
2021-02-16,0.0,0.0,0.0,0.0,1.016246838945468,
2021-02-17,0.0,0.0,0.0,0.0,1.016246838945468,
2021-02-18,0.0,1.0,5.227450559599547e-05,-5.227450559599547e-05,1.0161937151443987,0.5227450559599547
2021-02-19,-0.0013499887499999958,1.0,5.2299824974917496e-05,-0.0014022885749749134,1.0147687183076903,0.522998249749175
2021-02-22,0.0,1.0,5.154575538125597e-05,-5.154575538125597e-05,1.014716411287568,0.5154575538125596
2021-02-23,0.0,1.0,5.1372035477835495e-05,-5.1372035477835495e-05,1.0146642832400874,0.513720354778355
2021-02-24,-0.0005849945,1.0,5.138295075708828e-05,-0.0006363774507570883,1.0140185737701448,0.5138295075708829
2021-02-25,0.0,1.0,5.25505267247711e-05,-5.25505267247711e-05,1.0139652865599844,0.5255052672477111
2021-02-26,-0.0026501650000000003,1.2368872782757965,6.43388805714628e-05,-0.002714503880571463,1.0112128738548525,0.5201676959694362
2021-03-01,0.000912626428571426,0.0,0.0,0.000912626428571426,1.0121357334484442,
2021-03-02,0.0008225927559364875,0.0,0.0,0.0008225927559364875,1.0129683089708033,
2021-03-03,-0.001123648296419032,0.8163265306122449,4.229511564831225e-05,-0.0011659434120673442,1.0117872452443257,0.5181151666918251
2021-03-04,0.0013658249532710301,0.8163265306122449,4.230669471853263e-05,0.0013235182585524974,1.013126364137177,0.5182570103020248
2021-03-05,-0.0003745545880221258,0.18367346938775508,9.340973328023762e-06,-0.00038389556135014956,1.0127374294228981,0.508564103414627
2021-03-08,-0.0012944575327102801,0.18367346938775508,9.34252353545345e-06,-0.0013038000562457335,1.0114170223054544,0.50864850359691
2021-03-09,0.0007491226805979401,0.0,0.0,0.0007491226805979401,1.0121746977364063,
2021-03-10,0.0005618408653204279,0.42056074766355145,2.207322428835968e-05,0.0005397676410320683,1.012721036885316,0.5248522219676635
2021-03-11,-0.0006244368494897915,0.8163265306122449,4.22835558358431e-05,-0.0006667204053256346,1.0120458351051218,0.5179735589890779
2021-03-12,0.0006939650765306004,0.0,0.0,0.0006939650765306004,1.012748159570533,
2021-03-15,-6.529451530610478e-05,1.2368872782757965,6.44312326653638e-05,-0.00012972574797146858,1.012616780058026,0.5209143452035504
2021-03-16,0.00020384347963951844,0.0,0.0,0.00020384347963951844,1.0128231953860143,
2021-03-17,0.0004480289192733151,0.0,0.0,0.0004480289192733151,1.0132769694676582,
2021-03-18,-0.0010170500209803557,0.8163265306122449,4.209091712019601e-05,-0.0010591409381005517,1.0122037663476606,0.5156137347224011
2021-03-19,-0.0006098072897196271,0.6000000000000001,3.072640685405149e-05,-0.0006405336965736785,1.0115554157275162,0.5121067809008581
2021-03-22,0.0008046274768691603,0.0,0.0,0.0008046274768691603,1.0123693410093864,
2021-03-23,0.0011193820086448595,0.0,0.0,0.0011193820086448595,1.013502569035816,
2021-03-24,0.00020674948107476718,0.6000000000000001,3.0735422338343344e-05,0.00017601405873642382,1.0136809597365317,0.512257038972389
2021-03-25,-0.00013037223714953584,0.6000000000000001,3.0735960240578617e-05,-0.00016110819739011446,1.0135176474243799,0.5122660040096434
2021-03-26,-0.0007282355731308434,0.0,0.0,-0.0007282355731308434,1.0127795678195295,
2021-03-29,-0.0011193469633177567,0.9999999999999999,5.213449155604409e-05,-0.0011714814548738008,1.0115931153379538,0.521344915560441
2021-03-30,-0.001173747501523766,0.8474576271186441,4.443238390983145e-05,-0.0012181798854335975,1.010360812952606,0.524302130136011
2021-03-31,6.650288402898838e-05,0.0,0.0,6.650288402898838e-05,1.0104280048605772,
2021-04-01,-0.00014901930807460708,0.8928571428571429,4.6150921219622405e-05,-0.00019517022929422948,1.0102307993951831,0.5168903176597709
2021-04-02,-0.0011626771666388511,1.4722963951935915,7.692130721660347e-05,-0.0012395984738554546,1.0089785188380112,0.5224580286124326
2021-04-05,0.0007583830523979328,0.8163265306122449,4.377240455082293e-05,0.0007146106478471099,1.0096995456310218,0.5362119557475808
2021-04-06,-0.0007719883340727452,1.7636949516648766,9.191618666391617e-05,-0.0008639045207366613,1.0088272616289653,0.521156941437917
2021-04-07,8.531118152524137e-05,1.7636949516648763,9.183282283385816e-05,-6.521641308616794e-06,1.0088206824194226,0.5206842756292446
2021-04-08,-0.0006816420153061257,1.1641526175687666,6.229223791914624e-05,-0.0007439342532252719,1.0080701861584087,0.5350865254182761
2021-04-09,-0.00013972264748588858,0.8163265306122449,4.383743835103482e-05,-0.0001835600858369234,1.0078851447085078,0.5370086198001766
2021-04-12,0.00041525673247560233,0.0,0.0,0.00041525673247560233,1.00830367580041,
2021-04-13,-0.0009849494127107544,0.0,0.0,-0.0009849494127107544,1.0073105476870963,
2021-04-14,-0.00010647750665482612,0.0,0.0,-0.00010647750665482612,1.0072032917715514,
2021-04-15,-0.0016797491759094972,0.0,0.0,-0.0016797491759094972,1.0055114428722247,
2021-04-16,0.00020231049744898286,1.3478260869565217,7.205410170820327e-05,0.0001302563957407796,1.0056424171686493,0.5345949481576372
2021-04-19,0.0015999849999999904,2.0,0.00010854518353860464,0.0014914398164613857,1.007142272310737,0.5427259176930233
2021-04-20,0.002204114489795912,0.3673469387755102,1.9396889014648e-05,0.002184717600781264,1.009342593759545,0.5280264231765288
2021-04-21,0.0,2.0,0.00011257714392956219,-0.00011257714392956219,1.0092289648530932,0.562885719647811
2021-04-22,0.0,1.0,5.790663843844445e-05,-5.790663843844445e-05,1.009170523796324,0.5790663843844445
2021-04-23,0.0,0.0,0.0,0.0,1.009170523796324,
2021-04-26,0.0,1.0,5.212766355465951e-05,-5.212766355465951e-05,1.0091179180947902,0.5212766355465951
2021-04-27,-7.406710987654247e-05,1.9753086419753085,0.00010292623671390868,-0.00017699334659045115,1.008939310937362,0.5210640733641627
2021-04-28,0.0003248908566868098,0.7660152931180968,3.9743611357447226e-05,0.0002851472453293626,1.0092270072025804,0.5188357427652549
2021-04-29,-0.00016146431091758633,0.9248937977909941,4.845822506025819e-05,-0.00020992253597784452,1.009015147709851,0.5239328577615642
2021-04-30,0.0,1.2708276797829037,6.702095078132493e-05,-6.702095078132493e-05,1.0089475225552986,0.5273803195156574
2021-05-03,7.736031198100402e-05,0.9612403100775193,4.9553641076193465e-05,2.780667090481056e-05,1.0089755780270184,0.5155177176474965
2021-05-04,3.604656484496117e-05,0.34545454545454546,1.753156557982722e-05,1.851499926513395e-05,1.0089942592091041,0.5074926878371037
2021-05-05,3.604690406976743e-05,1.9612403100775193,0.0001071561014248211,-7.110919735505367e-05,1.008922510437196,0.5463690546957282
2021-05-06,0.0,1.0,5.7913729755562015e-05,-5.7913729755562015e-05,1.0088640799715822,0.5791372975556202
2021-05-07,0.0,1.0,5.1839921393555545e-05,-5.1839921393555545e-05,1.0088117805369796,0.5183992139355554
2021-05-10,0.0,1.0,5.1822334753771204e-05,-5.1822334753771204e-05,1.0087595015551851,0.518223347537712
2021-05-11,0.0,0.0,0.0,0.0,1.0087595015551851,
2021-05-12,0.0,0.0,0.0,0.0,1.0087595015551851,
2021-05-13,0.0,1.0,5.136672863593028e-05,-5.136672863593028e-05,1.00870768487961,0.5136672863593028
2021-05-14,5.999997749999997e-05,1.0,5.136580272174104e-05,8.634174778258929e-06,1.0087163942380613,0.5136580272174105
2021-05-17,0.0,0.0,0.0,0.0,1.0087163942380613,
2021-05-18,0.0,0.0,0.0,0.0,1.0087163942380613,
2021-05-19,0.0,0.0,0.0,0.0,1.0087163942380613,
2021-05-20,0.0,0.0,0.0,0.0,1.0087163942380613,
2021-05-21,0.0,0.0,0.0,0.0,1.0087163942380613,
2021-05-24,0.0,1.0,5.159943492846555e-05,-5.159943492846555e-05,1.0086643450421156,0.5159943492846555
2021-05-25,0.0,0.0,0.0,0.0,1.0086643450421156,
2021-05-26,0.0,0.0,0.0,0.0,1.0086643450421156,
2021-05-27,0.0,0.0,0.0,0.0,1.0086643450421156,
2021-05-28,9.499994999999999e-05,2.0,0.00010767749650448269,-1.26775465044827e-05,1.008651557652974,0.5383874825224134
2021-06-01,-0.0024799640000000064,1.0,5.601853472952983e-05,-0.0025359825347295363,1.0060936349191383,0.5601853472952983
2021-06-02,0.0,1.0,5.161734943937285e-05,-5.161734943937285e-05,1.006041703032416,0.5161734943937285
2021-06-03,-9.500005e-05,1.0,5.1556470002941466e-05,-0.00014655652000294147,1.0058942610614416,0.5155647000294147
2021-06-04,0.0,1.0,5.1580602759945035e-05,-5.1580602759945035e-05,1.0058423764291433,0.5158060275994504
2021-06-07,0.0,1.0,5.1556470002941466e-05,-5.1556470002941466e-05,1.0057905187468352,0.5155647000294147
2021-06-08,0.0,0.0,0.0,0.0,1.0057905187468352,
2021-06-09,0.0,0.0,0.0,0.0,1.0057905187468352,
2021-06-10,0.0,0.0,0.0,0.0,1.0057905187468352,
2021-06-11,0.0,1.0,5.3360790867375885e-05,-5.3360790867375885e-05,1.005736848969308,0.5336079086737588
2021-06-14,0.0031999400000000083,0.0,0.0,0.0031999400000000083,1.0089551465417987,
2021-06-15,0.0,0.0,0.0,0.0,1.0089551465417987,
2021-06-16,0.0047998650000000125,0.0,0.0,0.0047998650000000125,1.0137979950362546,
2021-06-17,-0.0040000937500000175,1.7877094972067038,9.355663947074306e-05,-0.00409365038947076,1.0096478604790298,0.5233324520394691
2021-06-18,-0.0005095167555865931,1.0,5.153241146813994e-05,-0.000561049167054733,1.0090813983878895,0.5153241146813994
2021-06-21,-0.0010959504859812236,1.0213994886847837,5.259207244526209e-05,-0.0011485425584264856,1.0079224254569246,0.5149020831504708
2021-06-22,5.720373110169484e-05,0.0,0.0,5.720373110169484e-05,1.0079800823803218,
2021-06-23,-9.326254389830495e-05,0.0847457627118644,4.282217414747848e-06,-9.75447613130528e-05,1.0078817592037776,0.505301654940246
2021-06-24,0.0,0.0,0.0,0.0,1.0078817592037776,
2021-06-25,3.499997749999998e-05,0.0847457627118644,4.28184672990713e-06,3.071813077009285e-05,1.0079127194474578,0.5052579141290413
2021-06-28,-2.461864559322028e-05,0.0847457627118644,4.281328772086998e-06,-2.889997436530728e-05,1.0078835907957033,0.5051967951062658
2021-06-29,1.2500002499999999e-05,0.0847457627118644,4.281091878725089e-06,8.21891062127491e-06,1.0078918745008527,0.5051688416895606
2021-06-30,-4.750000152542377e-05,0.9152542372881356,4.730956906046474e-05,-9.480957058588852e-05,1.0077963167050343,0.5169008471421147
2021-07-01,-3.999984999999924e-05,0.9152542372881356,4.73079188029456e-05,-8.730776880294485e-05,1.007708328257215,0.5168828165507019
2021-07-02,-2.4618584322034006e-05,0.0,0.0,-2.4618584322034006e-05,1.0076835199047638,
2021-07-06,-1.3177800423728694e-05,0.0,0.0,-1.3177800423728694e-05,1.0076702408524483,
2021-07-07,5.894067415254237e-05,0.9152542372881356,4.729875915620762e-05,1.1641914996334755e-05,1.0076819720637364,0.516782738928935
2021-07-08,0.0004925039749999992,0.6551724137931034,3.3359858611698074e-05,0.0004591441163883011,1.0081446433124002,0.5091767893364444
2021-07-09,-0.000539996013534482,0.6551724137931034,3.3363460143198025e-05,-0.00057335947367768,1.0075666140303197,0.509231760080391
2021-07-12,-0.0002699990000000007,0.6551724137931034,3.33699232152425e-05,-0.00030336892321524317,1.0072609496315537,0.5093304069694907
2021-07-13,-0.0005399959999999992,0.6551724137931034,3.33699232152425e-05,-0.0005733659232152417,1.0066834205272495,0.5093304069694907
2021-07-14,0.00040500224999999874,0.0,0.0,0.00040500224999999874,1.0070911295776006,
2021-07-15,8.750022500000039e-05,0.6551724137931034,3.336171413386054e-05,5.4138510866139846e-05,1.0071456519916624,0.5092051104641873
2021-07-16,1.637930172413792e-05,0.0,0.0,1.637930172413792e-05,1.0071621483341764,
2021-07-19,0.0006750062364655172,0.0,0.0,0.0006750062364655172,1.007841989065434,
2021-07-20,0.00015137955172413772,0.6551724137931034,3.336470533581455e-05,0.00011801484638832317,1.0079609293829572,0.5092507656519064
2021-07-21,-0.0003174990250000001,1.0,5.182632851784883e-05,-0.00036932535351784894,1.0075886638563807,0.5182632851784883
2021-07-22,0.0005400020000000004,2.0,0.00010473188262368453,0.00043527011737631583,1.0080272370923644,0.5236594131184227
2021-07-23,0.0,1.0,5.116476539670173e-05,-5.116476539670173e-05,1.007975661615265,0.5116476539670173
2021-07-26,0.0,1.0,5.1171575123588424e-05,-5.1171575123588424e-05,1.007924081912974,0.5117157512358843
2021-07-27,-4.750002499999997e-05,1.0,5.11795202204154e-05,-9.867954522041537e-05,1.0078246204229542,0.5117952022041541
2021-07-28,0.0,1.0,5.145507100803297e-05,-5.145507100803297e-05,1.0077727627355466,0.5145507100803297
2021-07-29,-2.4999994999999984e-05,1.0,5.135713223733155e-05,-7.635712723733153e-05,1.0076958121024762,0.5135713223733155
2021-07-30,0.0,1.0,5.135713223733155e-05,-5.135713223733155e-05,1.007644059735399,0.5135713223733155
2021-08-02,2.5000004999999985e-05,0.0,0.0,2.5000004999999985e-05,1.0076692508419307,
2021-08-03,0.0,1.0,5.139156051897361e-05,-5.139156051897361e-05,1.007617465146643,0.5139156051897361
2021-08-04,0.0,0.0,0.0,0.0,1.007617465146643,
2021-08-05,0.0,0.0,0.0,0.0,1.007617465146643,
2021-08-06,0.0,0.0,0.0,0.0,1.007617465146643,
2021-08-09,0.0,1.0,5.135713223733155e-05,-5.135713223733155e-05,1.0075657168032408,0.5135713223733155
2021-08-10,2.5000004999999985e-05,1.0,5.107594556267095e-05,-2.6075940562670964e-05,1.0075394435794964,0.5107594556267094
2021-08-11,0.0,0.0847457627118644,4.280848857150186e-06,-4.280848857150186e-06,1.0075351304554208,0.505140165143722
2021-08-12,2.4618642542372926e-05,0.9152542372881356,4.731851703639366e-05,-2.2699874494020736e-05,1.007512259534411,0.5169986120643011
2021-08-13,0.00022250097499999962,1.8305084745762712,9.427237413708252e-05,0.0001282286008629171,1.0076414514218033,0.5150064883414693
2021-08-16,4.576288135593232e-05,1.0,5.1043841421475056e-05,-5.280960065542735e-06,1.0076361301075378,0.5104384142147506
2021-08-17,-7.038135745762714e-05,1.9152542372881358,9.853507320517898e-05,-0.0001689164306628061,1.007465923809033,0.5144751609827929
2021-08-18,-2.5000007499999985e-05,1.9152542372881358,9.852110973609463e-05,-0.0001235211172360946,1.007341480492547,0.5144022543742992
2021-08-19,-4.750000152542381e-05,0.7399181765049679,3.767830859619864e-05,-8.517831012162245e-05,1.0072556768475232,0.5092226382945961
2021-08-20,1.2500002499999992e-05,0.7399181765049679,3.7678581135084344e-05,-2.517857863508435e-05,1.007230315581258,0.5092263216597892
2021-08-23,5.8940674152542474e-05,0.0,0.0,5.8940674152542474e-05,1.0072896824150852,
2021-08-24,-5.8940681779661117e-05,0.9152542372881356,4.731696647110591e-05,-0.00010625764825076703,1.0071826501823244,0.5169816707028239
2021-08-25,-0.00035749777499999866,1.0,5.192597157538233e-05,-0.000409423746575381,1.006770285688201,0.5192597157538232
2021-08-26,0.0,1.3454545454545455,6.889740339902262e-05,-6.889740339902262e-05,1.0067009218296978,0.5120752955332762
2021-08-27,-9.327311590909089e-05,0.34545454545454546,1.757622298053652e-05,-0.00011084933888962742,1.0065893296980535,0.5087854020681625
2021-08-30,4.749997499999997e-05,1.0,5.109459826891113e-05,-3.5946232689111656e-06,1.0065857113886267,0.5109459826891113
2021-08-31,2.5000004999999998e-05,1.0,5.1424165926979934e-05,-2.6424160926979936e-05,1.0065591132058023,0.5142416592697994
2021-09-01,0.0,0.0,0.0,0.0,1.0065591132058023,
2021-09-02,0.0,0.0,0.0,0.0,1.0065591132058023,
2021-09-03,0.0,0.0,0.0,0.0,1.0065591132058023,
2021-09-07,0.0,0.0,0.0,0.0,1.0065591132058023,
2021-09-08,0.0,1.0,5.242048694732009e-05,-5.242048694732009e-05,1.0065063488869468,0.5242048694732009
2021-09-09,0.00017999974999999968,1.0,5.2425053632893625e-05,0.00012757469636710605,1.0066347536287976,0.5242505363289363
2021-09-10,0.0,0.0,0.0,0.0,1.0066347536287976,
2021-09-13,0.0,0.0,0.0,0.0,1.0066347536287976,
2021-09-14,0.0,1.0,5.1339253876364746e-05,-5.1339253876364746e-05,1.0065830737516204,0.5133925387636475
2021-09-15,0.0,1.0,5.1336588448817795e-05,-5.1336588448817795e-05,1.0065313992106237,0.5133658844881779
2021-09-16,0.0,0.0,0.0,0.0,1.0065313992106237,
2021-09-17,0.0,0.0,0.0,0.0,1.0065313992106237,
2021-09-20,0.0,1.0,5.131588690461366e-05,-5.131588690461366e-05,1.0064797481591758,0.5131588690461366
2021-09-21,-7.750012249999984e-05,1.0,5.1306728410715195e-05,-0.00012880685091071502,1.00635010667231,0.513067284107152
2021-09-22,0.0,0.0,0.0,0.0,1.00635010667231,
2021-09-23,0.0,0.0,0.0,0.0,1.00635010667231,
2021-09-24,0.0,1.0,5.1424165926979934e-05,-5.1424165926979934e-05,1.0062983559574439,0.5142416592697994
2021-09-27,-2.499999500000001e-05,1.0,5.1035200932367345e-05,-7.603519593236735e-05,1.0062218418647821,0.5103520093236734
2021-09-28,0.0,0.0,0.0,0.0,1.0062218418647821,
2021-09-29,0.0,0.0,0.0,0.0,1.0062218418647821,
2021-09-30,0.0,1.0,5.101004741608935e-05,-5.101004741608935e-05,1.0061705144409174,0.5101004741608934
2021-10-01,0.0,1.0,5.126666462439499e-05,-5.126666462439499e-05,1.0061189314345986,0.5126666462439499
2021-10-04,0.0,1.0,5.123064962775279e-05,-5.123064962775279e-05,1.0060673873081385,0.5123064962775279
2021-10-05,0.0,0.0,0.0,0.0,1.0060673873081385,
2021-10-06,0.0,1.0,5.121077711849717e-05,-5.121077711849717e-05,1.0060158658154008,0.5121077711849717
2021-10-07,0.0001674995025000001,1.0,5.119564532659751e-05,0.00011630385717340258,1.0061328693409728,0.5119564532659752
2021-10-08,0.0,1.0,5.136543281770325e-05,-5.136543281770325e-05,1.0060811888906669,0.5136543281770325
2021-10-12,-2.4999994999999984e-05,2.0,0.00010277176332451279,-0.00012777175832451277,1.0059526401281451,0.5138588166225639
2021-10-13,9.499995000000003e-05,1.0,5.164681368112899e-05,4.335313631887104e-05,1.0059962513300829,0.5164681368112899
2021-10-14,0.0004925039750000003,1.118942731277533,5.719838168889979e-05,0.0004353055933111005,1.006434167125137,0.5111823875346556
2021-10-15,-0.0011436434262438425,0.4637703174844296,2.356299525567579e-05,-0.0011672064214995183,1.005259450702452,0.5080746733315221
2021-10-18,-0.0002863783189655179,1.6551724137931036,8.51945161942775e-05,-0.0003715728351597954,1.0048859235982832,0.5147168686737599
2021-10-19,1.2500002499999992e-05,0.6551724137931034,3.337293733812059e-05,-2.08729348381206e-05,1.0048649486798802,0.5093764120028932
2021-10-20,-1.6379318965517248e-05,0.6551724137931034,3.3367997039708086e-05,-4.9747316005225334e-05,1.0048149593457356,0.5093010074481761
2021-10-21,8.249990249999996e-05,0.0,0.0,8.249990249999996e-05,1.0048978564819122,
2021-10-22,4.7499975000000014e-05,0.0847457627118644,4.285431081418452e-06,4.3214543918581565e-05,1.0049412826844648,0.5056808676073773
2021-10-25,8.182219957627139e-05,0.6551724137931034,3.3388391371705185e-05,4.843380820456621e-05,1.0049899558178073,0.5096122893576055
2021-10-26,-1.1440656779661046e-05,0.9152542372881356,4.746871780437262e-05,-5.890937458403367e-05,1.0049307524880466,0.5186396945292564
2021-10-27,-1.637934974137933e-05,0.0,0.0,-1.637934974137933e-05,1.0049142923757857,
2021-10-28,3.275853818965517e-05,0.0,0.0,3.275853818965517e-05,1.0049472118990097,
2021-10-29,0.0002863803054310352,0.0,0.0,0.0002863803054310352,1.0052350089884954,
2021-11-01,-0.0005563753152586222,1.3448275862068964,6.97322343661225e-05,-0.0006261075496247447,1.0046056237602206,0.5185217427224493
2021-11-02,-4.705972000000018e-05,1.0,5.210547065325701e-05,-9.91651906532572e-05,1.0045060018520091,0.52105470653257
2021-11-03,-0.00044588011764705936,1.0,5.212643002576752e-05,-0.0004980065476728269,1.0040057512859102,0.5212643002576752
2021-11-04,0.0,1.0,5.225452740867639e-05,-5.225452740867639e-05,1.0039532874398611,0.5225452740867639
2021-11-05,0.00040500224999999993,1.0,5.2253535304682406e-05,0.0003527487146953175,1.0043074306716195,0.522535353046824
2021-11-08,0.0,1.0,5.489284904236913e-05,-5.489284904236913e-05,1.0042523013754356,0.5489284904236913
2021-11-09,0.0010800080000000006,1.0,5.2390802975450086e-05,0.0010276171970245505,1.0052842883104804,0.5239080297545009
2021-11-10,-0.0015949640075000008,0.0,0.0,-0.0015949640075000008,1.00368089605332,
2021-11-12,-0.0002699990000000007,0.05882352941176471,2.971491533141739e-06,-0.0002729704915331424,1.0034069207857816,0.5051535606340956
2021-11-15,-0.0001758841173529403,0.49736995908825243,2.544691411831656e-05,-0.00020133103147125688,1.0032049038354345,0.5116294953753189
2021-11-16,-0.00011440583980567245,0.3448275862068965,1.753009317647928e-05,-0.00013193593298215173,1.0030725450604747,0.5083727021178993
2021-11-17,0.0004326317721610142,1.9836065573770494,0.0001028247517757785,0.0003298070203852357,1.0034033654277914,0.518372715563842
2021-11-18,3.688616803278751e-05,1.9836065573770494,0.00010281158098329399,-6.592541295050648e-05,1.0033372156465696,0.5183063173537961
2021-11-19,0.0004576622881355886,0.0,0.0,0.0004576622881355886,1.003796405252454,
2021-11-22,-0.0019198370837711846,0.0,0.0,-0.0019198370837711846,1.001869279689094,
2021-11-23,-0.0005720100635593226,0.3448275862068965,1.752991117569991e-05,-0.0005895399747350225,1.0012786376992584,0.5083674240952974
2021-11-24,0.00044152076144506134,0.3448275862068965,1.75538529445848e-05,0.0004239669085004765,1.0017031467078312,0.5090617353929593
2021-11-26,0.0034324444915254213,0.0,0.0,0.0034324444915254213,1.0051414371558922,
2021-11-29,-0.0006864245762711824,1.847457627118644,0.00010374021933038955,-0.0007901647956015719,1.0043472097776514,0.5615296275681636
2021-11-30,0.012000799999999928,1.694915254237288,9.78315857119592e-05,0.011902968414287968,1.016301922892613,0.5772063557005593
2021-12-01,-0.0006864319915254159,1.0,5.2754166014877e-05,-0.0007391861575402928,1.0155506865793291,0.52754166014877
2021-12-02,-0.0009402403676694942,0.0,0.0,-0.0009402403676694942,1.0145958248283928,
2021-12-03,0.0016017936440677989,0.07462686567164178,3.8080770449002852e-06,0.0015979855670228986,1.0162171343128303,0.5102823240166382
2021-12-06,-0.0010952242657576523,0.0,0.0,-0.0010952242657576523,1.015104148648052,
2021-12-07,-0.001187780076850489,0.0,0.0,-0.001187780076850489,1.0138984281643597,
2021-12-08,-0.0005951445036339496,0.9253731343283582,4.982544042808393e-05,-0.0006449699440620335,1.013244494151862,0.5384362110776812
2021-12-09,-0.0003911871271186471,0.9253731343283582,4.983762927531364e-05,-0.00044102475639396074,1.012797628245661,0.538567929265486
2021-12-10,0.0001375413129433335,0.6000000000000001,3.1743303596378334e-05,0.00010579800934695517,1.0129047802186006,0.5290550599396389
2021-12-13,5.4058549850746684e-05,0.6000000000000001,3.1750727934736664e-05,2.230782191601002e-05,1.0129273759180555,0.5291787989122777
2021-12-14,-0.00036508730862382956,0.0,0.0,-0.00036508730862382956,1.0125575689885502,
2021-12-15,-0.0006170223467935724,0.9253731343283582,4.8701063989541205e-05,-0.0006657234107831136,1.0118834857101089,0.5262856914998808
2021-12-16,-0.0006565933741644744,0.9253731343283582,4.870024964075445e-05,-0.0007052936238052288,1.0111698107396037,0.5262768912791207
2021-12-17,0.00029696681254742807,0.9253731343283582,4.989004205621808e-05,0.00024707677049121,1.0114196473108594,0.5391343254462276
2021-12-20,-0.00011439735169491258,0.8928571428571429,4.8124671300946345e-05,-0.00016252202299585892,1.0112552693436807,0.538996318570599
2021-12-21,0.0012974649687499961,0.0,0.0,0.0012974649687499961,1.012567337630118,
2021-12-22,9.17910624999994e-05,0.0,0.0,9.17910624999994e-05,1.012660282261892,
2021-12-23,0.0002871504776785716,0.39999999999999997,2.1048214697565054e-05,0.0002661022629810066,1.0129297534546329,0.5262053674391264
2021-12-27,-0.000633999149999998,0.39999999999999997,2.1048372912202473e-05,-0.0006550475229122005,1.0122662363287482,0.5262093228050619
2021-12-28,3.124999997921457e-09,0.9612403100775194,5.1493337299380744e-05,-5.149021229938282e-05,1.0122141145253363,0.5356968154532352
2021-12-29,-0.000502399834040697,0.0,0.0,-0.000502399834040697,1.011705578322185,
2021-12-30,0.0003657452834302336,0.0,0.0,0.0003657452834302336,1.0120756048656765,
2021-12-31,0.0002530929568300096,0.0,0.0,0.0002530929568300096,1.0123317540730474,
2022-01-03,-0.0011294342041375948,0.0,0.0,-0.0011294342041375948,1.0111883919640627,
2022-01-04,-0.0002973808854166693,0.9612403100775194,5.1627750293816875e-05,-0.0003490086357104862,1.010835478482937,0.5370951441856755
2022-01-05,0.000907121428571431,1.1071428571428572,6.076780867340893e-05,0.0008463536198980221,1.0116910027492723,0.5488705299533709
2022-01-06,-0.0008999937500000009,1.0,5.500205747320148e-05,-0.0009549958074732024,1.0107248420831885,0.5500205747320148
2022-01-07,0.0010199899999999954,0.9253731343283582,5.0064363883550516e-05,0.0009699256361164448,1.0117051700185846,0.5410181258383684
2022-01-10,-0.0003111913517164177,0.9253731343283582,5.0138112125124445e-05,-0.00036132946384154213,1.011339611131936,0.5418150826424738
2022-01-11,-0.00044000400000000816,0.0,0.0,-0.00044000400000000816,1.0108946176576794,
2022-01-12,-0.0008000039999999952,1.3612403100775194,7.278816868571185e-05,-0.0008727921686857071,1.0100123167520212,0.5347194624405939
2022-01-13,0.000179954070930232,0.0,0.0,0.000179954070930232,1.0101940725801104,
2022-01-14,-0.0007558520582170535,0.0,0.0,-0.0007558520582170535,1.009430515311152,
2022-01-18,-0.0007077910567054276,0.0,0.0,-0.0007077910567054276,1.0087160494200493,
2022-01-19,0.0001799534882945741,0.0,0.0,0.0001799534882945741,1.008897571391841,
2022-01-20,-0.00028201424748062033,0.0,0.0,-0.00028201424748062033,1.00861304790246,
2022-01-21,0.0006178966112403107,2.0,0.00010932772810833078,0.0005085688831319799,1.009125997113744,0.5466386405416539
2022-01-24,0.0014999237500000256,0.8163265306122449,4.4854455407251224e-05,0.0014550692945927745,1.0105943453665196,0.5494670787388275
2022-01-25,-0.0013315892602040965,1.784068466096116,9.794379193243465e-05,-0.0014295330521365312,1.0091496673475158,0.5489912175105838
2022-01-26,0.003878855491129043,1.784068466096116,9.797301172370925e-05,0.0037808824794053337,1.0129651436438876,0.5491549992926729
2022-01-27,0.0024643407142857124,0.0,0.0,0.0024643407142857124,1.0154614348895215,
2022-01-28,0.0009643209438775387,1.8805114638447973,0.00010143049079117804,0.0008628904530863607,1.0163376668671649,0.5393771468098284
2022-01-31,-0.0003957183172508806,0.0,0.0,-0.0003957183172508806,1.0159354834358736,
2022-02-01,-0.0001854031262786583,0.0,0.0,-0.0001854031262786583,1.0157471258211472,
2022-02-02,0.00030908587852733596,0.9404388714733543,5.0296693566591706e-05,0.00025878918496074425,1.0160099901919648,0.5348215082580917
2022-02-03,-0.00017396932403730827,0.9876543209876543,5.206440784235901e-05,-0.00022603373187966727,1.0157803376622547,0.527152129403885
2022-02-04,0.0029635180850553365,1.9280931924610085,0.00010410108857314049,0.002859416996482196,1.0186848772244586,0.5399173078364866
2022-02-07,0.0007870431086419968,0.9930704504207227,5.459275867969227e-05,0.0007324503499623045,1.019431013319283,0.5497370167097771
2022-02-08,-0.0002324960325103125,1.0203735144312396,5.462585674250162e-05,-0.0002871218892528141,1.0191383123607758,0.535351574398227
2022-02-09,6.0732802349661605e-05,0.9876543209876543,5.210108393984141e-05,8.631718409820198e-06,1.0191471092757087,0.5275234748908942
2022-02-10,0.0029332020029460143,0.967741935483871,5.3487692244583905e-05,0.0028797143107014305,1.022081961791,0.5527061531940337
2022-02-11,-0.002680859063959432,0.0,0.0,-0.002680859063959432,1.0193419040996232,
2022-02-14,0.001528968980231586,0.0,0.0,0.001528968980231586,1.0209004462512417,
2022-02-15,0.0019806053271543785,0.0,0.0,0.0019806053271543785,1.022922447113581,
2022-02-16,-0.001062383369586091,0.0,0.0,-0.001062383369586091,1.0218357113173913,
2022-02-17,-0.0011120460036945724,0.0,0.0,-0.0011120460036945724,1.0206993829981883,
2022-02-18,-0.0015241352104791712,0.0,0.0,-0.0015241352104791712,1.0191436991292464,
2022-02-22,-0.00011904189919070668,0.0,0.0,-0.00011904189919070668,1.0190223783277539,
2022-02-23,0.001474327347418581,0.0,0.0,0.001474327347418581,1.020524750887754,
2022-02-24,-0.0007446873618930398,0.9473684210526316,5.083109083083113e-05,-0.0007955184527238709,1.0197129046169613,0.5365504032143287
2022-02-25,-0.00023249793649645321,0.9473684210526316,5.080627588838331e-05,-0.0002833042123848365,1.01942401565566,0.5362884677107127
2022-02-28,-0.003887438716332929,0.0,0.0,-0.003887438716332929,1.0154610672688407,
2022-03-01,-0.003142582746145486,0.9404388714733543,5.264135741564659e-05,-0.0031952241035611327,1.0122164415904753,0.5597531005197087
2022-03-02,0.003122087924107152,0.0,0.0,0.003122087924107152,1.0153766703193476,
2022-03-03,-0.00024107042410714423,0.0,0.0,-0.00024107042410714423,1.0151318930348052,
2022-03-04,-0.00215828159119898,0.0,0.0,-0.00215828159119898,1.012940952557429,
2022-03-07,0.000769122586096935,1.0,5.459875817200112e-05,0.0007145238279249339,1.0136647230043123,0.5459875817200112
2022-03-08,0.0,1.0,6.03933920771833e-05,-6.03933920771833e-05,1.0136035043532612,0.6039339207718329
2022-03-09,-0.00014999986499999996,1.0,6.041475123632345e-05,-0.0002104146162363234,1.013390227360877,0.6041475123632345
2022-03-10,0.0,0.0,0.0,0.0,1.013390227360877,
2022-03-11,0.0,0.0,0.0,0.0,1.013390227360877,
2022-03-14,0.0,0.0,0.0,0.0,1.013390227360877,
2022-03-15,0.0,1.0,6.06308544300715e-05,-6.06308544300715e-05,1.013328784645521,0.606308544300715
2022-03-16,0.0,1.0,6.06308544300715e-05,-6.06308544300715e-05,1.0132673456554893,0.606308544300715
2022-03-17,0.0,0.0,0.0,0.0,1.0132673456554893,
2022-03-18,0.0,0.0,0.0,0.0,1.0132673456554893,
2022-03-21,0.0,0.0,0.0,0.0,1.0132673456554893,
2022-03-22,0.0,0.0,0.0,0.0,1.0132673456554893,
2022-03-23,0.0,0.0,0.0,0.0,1.0132673456554893,
2022-03-24,0.0,0.0,0.0,0.0,1.0132673456554893,
2022-03-25,0.0,0.0,0.0,0.0,1.0132673456554893,
2022-03-28,0.0,0.0,0.0,0.0,1.0132673456554893,
2022-03-29,0.0,0.0,0.0,0.0,1.0132673456554893,
2022-03-30,0.0,0.0,0.0,0.0,1.0132673456554893,
2022-03-31,0.0,0.0,0.0,0.0,1.0132673456554893,
2022-04-01,0.0,1.0,6.172591894655779e-05,-6.172591894655779e-05,1.0132048007974401,0.6172591894655779
2022-04-04,-0.00024999962499999934,0.0,0.0,-0.00024999962499999934,1.0129514999771925,
2022-04-05,5.00000149999997e-05,1.0,6.18129648843844e-05,-1.1812949884384699e-05,1.0129395340318879,0.6181296488438439
2022-04-06,0.0,0.0,0.0,0.0,1.0129395340318879,
2022-04-07,0.0,0.0,0.0,0.0,1.0129395340318879,
2022-04-08,0.0,0.0,0.0,0.0,1.0129395340318879,
2022-04-11,0.0,0.0,0.0,0.0,1.0129395340318879,
2022-04-12,0.0,0.0,0.0,0.0,1.0129395340318879,
2022-04-13,0.0,0.0,0.0,0.0,1.0129395340318879,
2022-04-14,0.0,0.0,0.0,0.0,1.0129395340318879,
2022-04-18,0.0,0.0,0.0,0.0,1.0129395340318879,
2022-04-19,0.0,0.0,0.0,0.0,1.0129395340318879,
2022-04-20,0.0,0.0,0.0,0.0,1.0129395340318879,
2022-04-21,0.0,0.0,0.0,0.0,1.0129395340318879,
2022-04-22,0.0,0.0,0.0,0.0,1.0129395340318879,
2022-04-25,0.0,1.0,6.083774356123353e-05,-6.083774356123353e-05,1.0128779090762734,0.6083774356123353
2022-04-26,-0.004000089999999976,1.0,6.083774356123353e-05,-0.00406092774356121,1.0087646850744652,0.6083774356123353
2022-04-27,0.0,1.0,6.19083126262506e-05,-6.19083126262506e-05,1.0087022341549754,0.6190831262625061
2022-04-28,5.00000149999997e-05,0.0,0.0,5.00000149999997e-05,1.0087526692818138,
2022-04-29,-0.00014999986499999996,0.0,0.0,-0.00014999986499999996,1.0086013565176033,
2022-05-02,-0.00039999904000000017,1.0,6.200274607625264e-05,-0.0004620017860762528,1.0081353808894533,0.6200274607625264
2022-05-03,0.0,1.0,6.195558320903558e-05,-6.195558320903558e-05,1.0080729212739767,0.6195558320903557
2022-05-04,5.00000149999997e-05,1.0,6.198272453919798e-05,-1.1982709539198285e-05,1.0080608418289667,0.6198272453919799
2022-05-05,0.0,0.0,0.0,0.0,1.0080608418289667,
2022-05-06,0.0,0.0,0.0,0.0,1.0080608418289667,
2022-05-09,0.0,0.0,0.0,0.0,1.0080608418289667,
2022-05-10,0.0,0.0,0.0,0.0,1.0080608418289667,
2022-05-11,0.0,1.0,6.0955396644160586e-05,-6.0955396644160586e-05,1.0079993950805115,0.6095539664416059
2022-05-12,-4.9999984999999696e-05,1.0,6.081743727287301e-05,-0.00011081742227287271,1.007887691185896,0.6081743727287301
2022-05-13,0.0,0.0,0.0,0.0,1.007887691185896,
2022-05-16,0.0,0.0,0.0,0.0,1.007887691185896,
2022-05-17,0.0,0.0,0.0,0.0,1.007887691185896,
2022-05-18,0.0,0.0,0.0,0.0,1.007887691185896,
2022-05-19,0.0,0.0,0.0,0.0,1.007887691185896,
2022-05-20,0.0,0.0,0.0,0.0,1.007887691185896,
2022-05-23,0.0,0.0,0.0,0.0,1.007887691185896,
2022-05-24,0.0,0.0,0.0,0.0,1.007887691185896,
2022-05-25,0.0,0.0,0.0,0.0,1.007887691185896,
2022-05-26,0.0,0.0,0.0,0.0,1.007887691185896,
2022-05-27,0.0,0.0,0.0,0.0,1.007887691185896,
2022-05-31,0.0,0.0,0.0,0.0,1.007887691185896,
2022-06-01,0.0,1.0,5.973625836398768e-05,-5.973625836398768e-05,1.0078274837463734,0.5973625836398768
2022-06-02,-4.9999984999999696e-05,1.0,5.961950310175481e-05,-0.0001096194881017545,1.0077170062135103,0.5961950310175481
2022-06-03,0.0,0.0,0.0,0.0,1.0077170062135103,
2022-06-06,0.0,0.0,0.0,0.0,1.0077170062135103,
2022-06-07,0.0,0.0,0.0,0.0,1.0077170062135103,
2022-06-08,0.0,0.0,0.0,0.0,1.0077170062135103,
2022-06-09,0.0,0.0,0.0,0.0,1.0077170062135103,
2022-06-10,0.0,0.0,0.0,0.0,1.0077170062135103,
2022-06-13,0.0,1.0,6.343912830102925e-05,-6.343912830102925e-05,1.007653077525062,0.6343912830102925
2022-06-14,-0.0008999951400000015,1.0,6.440861847133005e-05,-0.0009644037584713316,1.0066812931098617,0.6440861847133006
2022-06-15,0.0,1.0,6.003522984005587e-05,-6.003522984005587e-05,1.006620856767054,0.6003522984005587
2022-06-16,-0.00030250387499999496,0.6551724137931034,3.862164823137062e-05,-0.0003411255232313656,1.0062774727005936,0.5894883151103938
2022-06-17,0.000286378224741375,0.0,0.0,0.000286378224741375,1.0065656486568229,
2022-06-21,-8.224090198276097e-05,0.3448275862068965,1.955480846025202e-05,-0.000101795710443013,1.0064631845915104,0.5670894453473088
2022-06-22,-0.001200027854999995,0.8780487804878049,5.149518219582128e-05,-0.0012515230371958164,1.0052035727299047,0.5864729083412978
2022-06-23,-0.00011097590597560948,0.0,0.0,-0.00011097590597560948,1.005092019352731,
2022-06-24,-5.426820286585344e-05,1.0,6.0148681803269964e-05,-0.00011441688466912341,1.004977019855071,0.6014868180326997
2022-06-27,0.0,0.0,0.0,0.0,1.004977019855071,
2022-06-28,0.0,0.0,0.0,0.0,1.004977019855071,
2022-06-29,0.0,0.0,0.0,0.0,1.004977019855071,
2022-06-30,0.0,0.0,0.0,0.0,1.004977019855071,
2022-07-01,0.0,0.0,0.0,0.0,1.004977019855071,
2022-07-05,0.0,1.0,5.822114883307639e-05,-5.822114883307639e-05,1.0049185089384243,0.5822114883307639
2022-07-06,0.00879954625000003,1.0,5.815907430484782e-05,0.008741387175695182,1.0137028907050774,0.5815907430484782
2022-07-07,0.000949936249999968,0.5633802816901408,3.1679480454263017e-05,0.0009182567695457049,1.0146337302467752,0.5623107780631686
2022-07-08,-0.0030306896478872808,1.5633802816901408,9.141202394133733e-05,-0.0031221016718286183,1.011465940581278,0.5847075405256713
2022-07-11,-0.008000374999999952,0.0,0.0,-0.008000374999999952,1.0033738337569,
2022-07-12,-0.0024000337500000133,1.1267605633802815,6.633513246679625e-05,-0.0024663688824668093,1.0008991437558405,0.5887243006428169
2022-07-13,-0.002095816848591549,1.9253731343283582,0.00011578767853383292,-0.002211604527125382,0.9986855506783142,0.6013778652532408
2022-07-14,0.00028376712037313175,2.0,0.00011988104414303721,0.00016388607623009453,0.9988492213346025,0.599405220715186
2022-07-15,-0.0009300158749999943,1.0,5.819718507148338e-05,-0.0009882130600714777,0.9978621454890375,0.5819718507148338
2022-07-18,0.0,1.0,5.915434808909433e-05,-5.915434808909433e-05,0.9978031176043383,0.5915434808909433
2022-07-19,0.0018999532449999875,0.0,0.0,0.0018999532449999875,0.9996988968755016,
2022-07-20,0.0012499831550000073,0.0,0.0,0.0012499831550000073,1.000948503656668,
2022-07-21,-0.005100316754999995,1.0,5.923668357828374e-05,-0.0051595534385782795,0.9957840563627866,0.5923668357828373
2022-07-22,0.0001500001349999991,0.0,0.0,0.0001500001349999991,0.9959334241056719,
2022-07-25,-0.0004499987850000007,1.0,5.9338914098521574e-05,-0.0005093376990985222,0.9954261576669825,0.5933891409852158
2022-07-26,0.000125000187500001,0.0,0.0,0.000125000187500001,0.9955505861233332,
2022-07-27,-0.0010000163950000078,1.0,6.200596302534465e-05,-0.0010620223580253526,0.994493289142325,0.6200596302534465
2022-07-28,-0.0023801514999999855,1.0,5.8516218327967284e-05,-0.002438667718327953,0.992068050462,0.5851621832796727
2022-07-29,0.0,1.0,5.8694374748402046e-05,-5.8694374748402046e-05,0.9920098216480703,0.5869437474840206
2022-08-01,-0.0021354852165492906,0.5633802816901408,3.173252513596593e-05,-0.0021672177416852565,0.9898599203626686,0.5632523211633953
2022-08-02,0.0032996781249999886,0.5633802816901408,3.1798989040986876e-05,0.003267879135959002,0.9930946629439438,0.5644320554775172
2022-08-03,-0.0007939465704225304,0.0,0.0,-0.0007939465704225304,0.9923061988421945,
2022-08-04,-0.001055463315140846,0.0,0.0,-0.001055463315140846,0.9912588560519298,
2022-08-05,0.0026581229806338044,2.0,0.00012751241356865004,0.0025306105670651544,0.9937673461877515,0.6375620678432502
2022-08-08,-0.0002499996250000002,0.0,0.0,-0.0002499996250000002,0.9935189047238673,
2022-08-09,-4.999998500000143e-05,0.0,0.0,-4.999998500000143e-05,0.9934692287935338,
2022-08-10,0.00015000013500000083,0.0,0.0,0.00015000013500000083,0.9936182493119713,
2022-08-11,0.00025000037500000024,0.0,0.0,0.00025000037500000024,0.993866654246906,
2022-08-12,-0.0002499996250000002,1.0,6.857767325320437e-05,-0.0003185772982532046,0.993550030893372,0.6857767325320437
2022-08-15,0.0,1.0,6.85587579135001e-05,-6.85587579135001e-05,0.9934819143373291,0.685587579135001
2022-08-16,5.00000149999997e-05,1.0,6.846460450661448e-05,-1.8464589506614786e-05,0.9934635701015987,0.6846460450661448
2022-08-17,0.0,0.0,0.0,0.0,0.9934635701015987,
2022-08-18,0.0,1.0,6.533268031992957e-05,-6.533268031992957e-05,0.9933986644637638,0.6533268031992957
2022-08-19,-0.00037968534437499775,1.6875,0.0001110029782928899,-0.0004906883226678876,0.9929112153393576,0.657795426920829
2022-08-22,-0.0021599680000000056,2.0,0.00013440785129926656,-0.002294375851299272,0.9906331038243986,0.6720392564963329
2022-08-23,0.00010000006000000287,0.0,0.0,0.00010000006000000287,0.9907321671942191,
2022-08-24,-0.0003499992649999996,0.0,0.0,-0.0003499992649999996,0.9903854116638893,
2022-08-25,0.00015000013499999736,0.0,0.0,0.00015000013499999736,0.990533969609341,
2022-08-26,-4.999998499999796e-05,2.0,0.0001342317209633321,-0.00018423170596333006,0.9903514818463053,0.6711586048166605
2022-08-29,-0.0013499875000000014,1.0,6.587281725729921e-05,-0.0014158603172573006,0.9889492824830222,0.6587281725729921
2022-08-30,0.0,0.0,0.0,0.0,0.9889492824830222,
2022-08-31,0.0,0.0,0.0,0.0,0.9889492824830222,
2022-09-01,0.0,0.0,0.0,0.0,0.9889492824830222,
2022-09-02,0.0,0.0,0.0,0.0,0.9889492824830222,
2022-09-06,0.0,0.0,0.0,0.0,0.9889492824830222,
2022-09-07,0.0,1.0,6.176950238713082e-05,-6.176950238713082e-05,0.988888195577957,0.6176950238713083
2022-09-08,0.0005399977499999905,0.0,0.0,0.0005399977499999905,0.9894221929785707,
2022-09-09,0.0014399840000000037,0.0,0.0,0.0014399840000000037,0.9908469451057047,
2022-09-12,0.00035999899999999784,1.0,5.841577031323885e-05,0.000301583229686759,0.9911457679275348,0.5841577031323886
2022-09-13,0.0010549665825000003,1.0,5.8763265263606355e-05,0.000996203317236394,0.9921331506294091,0.5876326526360636
2022-09-14,0.000539997750000003,1.0,5.978726160078419e-05,0.00048021048839921887,0.9926095833742299,0.5978726160078419
2022-09-15,0.0,0.0,0.0,0.0,0.9926095833742299,
2022-09-16,0.0,0.0,0.0,0.0,0.9926095833742299,
2022-09-19,0.0,0.0,0.0,0.0,0.9926095833742299,
2022-09-20,0.0,0.0,0.0,0.0,0.9926095833742299,
2022-09-21,0.0,0.0,0.0,0.0,0.9926095833742299,
2022-09-22,0.0,0.0,0.0,0.0,0.9926095833742299,
2022-09-23,0.0,0.0,0.0,0.0,0.9926095833742299,
2022-09-26,0.0,0.0,0.0,0.0,0.9926095833742299,
2022-09-27,0.0,0.0,0.0,0.0,0.9926095833742299,
2022-09-28,0.0,0.0,0.0,0.0,0.9926095833742299,
2022-09-29,0.0,0.0,0.0,0.0,0.9926095833742299,
2022-09-30,0.0,0.0,0.0,0.0,0.9926095833742299,
2022-10-03,0.0,0.0,0.0,0.0,0.9926095833742299,
2022-10-04,0.0,1.0,6.0329780845627576e-05,-6.0329780845627576e-05,0.9925496994555997,0.6032978084562757
2022-10-05,0.003124799749999998,0.0,0.0,0.003124799749999998,0.9956512185083211,
2022-10-06,0.0015349402500000075,1.0,6.043773664782779e-05,0.0014745025133521797,0.9971193087324338,0.6043773664782779
2022-10-07,0.0,0.0,0.0,0.0,0.9971193087324338,
2022-10-11,0.0,0.0,0.0,0.0,0.9971193087324338,
2022-10-12,0.0,0.0,0.0,0.0,0.9971193087324338,
2022-10-13,0.0,0.0,0.0,0.0,0.9971193087324338,
2022-10-14,0.0,0.0,0.0,0.0,0.9971193087324338,
2022-10-17,0.0,0.0,0.0,0.0,0.9971193087324338,
2022-10-18,0.0,0.0,0.0,0.0,0.9971193087324338,
2022-10-19,0.0,0.0,0.0,0.0,0.9971193087324338,
2022-10-20,0.0,0.0,0.0,0.0,0.9971193087324338,
2022-10-21,0.0,0.0,0.0,0.0,0.9971193087324338,
2022-10-24,0.0,0.0,0.0,0.0,0.9971193087324338,
2022-10-25,0.0,0.0,0.0,0.0,0.9971193087324338,
2022-10-26,0.0,0.0,0.0,0.0,0.9971193087324338,
2022-10-27,0.0,0.0,0.0,0.0,0.9971193087324338,
2022-10-28,0.0,1.0,6.525513449069846e-05,-6.525513449069846e-05,0.9970542415778392,0.6525513449069845
2022-10-31,0.004959856000000013,1.0,6.51387182733695e-05,0.004894717281726644,1.0019345402049091,0.651387182733695
2022-11-01,0.0,0.0,0.0,0.0,1.0019345402049091,
2022-11-02,0.0,0.0,0.0,0.0,1.0019345402049091,
2022-11-03,0.0,0.0,0.0,0.0,1.0019345402049091,
2022-11-04,0.0,0.0,0.0,0.0,1.0019345402049091,
2022-11-07,0.0,0.0,0.0,0.0,1.0019345402049091,
2022-11-08,0.0,0.0,0.0,0.0,1.0019345402049091,
2022-11-09,0.0,0.0,0.0,0.0,1.0019345402049091,
2022-11-10,0.0,0.0,0.0,0.0,1.0019345402049091,
2022-11-14,0.0,0.0,0.0,0.0,1.0019345402049091,
2022-11-15,0.0,0.0,0.0,0.0,1.0019345402049091,
2022-11-16,0.0,0.0,0.0,0.0,1.0019345402049091,
2022-11-17,0.0,0.0,0.0,0.0,1.0019345402049091,
2022-11-18,0.0,0.0,0.0,0.0,1.0019345402049091,
2022-11-21,0.0,0.0,0.0,0.0,1.0019345402049091,
2022-11-22,0.0,0.0,0.0,0.0,1.0019345402049091,
2022-11-23,0.0,0.0,0.0,0.0,1.0019345402049091,
2022-11-25,0.0,0.0,0.0,0.0,1.0019345402049091,
2022-11-28,0.0,0.0,0.0,0.0,1.0019345402049091,
2022-11-29,0.0,0.0,0.0,0.0,1.0019345402049091,
2022-11-30,0.0,0.0,0.0,0.0,1.0019345402049091,
2022-12-01,0.0,0.0,0.0,0.0,1.0019345402049091,
2022-12-02,0.0,0.0,0.0,0.0,1.0019345402049091,
2022-12-05,0.0,0.0,0.0,0.0,1.0019345402049091,
2022-12-06,0.0,0.0,0.0,0.0,1.0019345402049091,
2022-12-07,0.0,0.0,0.0,0.0,1.0019345402049091,
2022-12-08,0.0,0.0,0.0,0.0,1.0019345402049091,
2022-12-09,0.0,0.0,0.0,0.0,1.0019345402049091,
2022-12-12,0.0,0.0,0.0,0.0,1.0019345402049091,
2022-12-13,0.0,0.0,0.0,0.0,1.0019345402049091,
2022-12-14,0.0,0.0,0.0,0.0,1.0019345402049091,
2022-12-15,0.0,0.0,0.0,0.0,1.0019345402049091,
2022-12-16,0.0,0.0,0.0,0.0,1.0019345402049091,
2022-12-19,0.0,0.0,0.0,0.0,1.0019345402049091,
2022-12-20,0.0,0.0,0.0,0.0,1.0019345402049091,
2022-12-21,0.0,0.0,0.0,0.0,1.0019345402049091,
2022-12-22,0.0,0.0,0.0,0.0,1.0019345402049091,
2022-12-23,0.0,0.0,0.0,0.0,1.0019345402049091,
2022-12-27,0.0,0.0,0.0,0.0,1.0019345402049091,
2022-12-28,0.0,0.0,0.0,0.0,1.0019345402049091,
2022-12-29,0.0,0.0,0.0,0.0,1.0019345402049091,
2022-12-30,0.0,0.0,0.0,0.0,1.0019345402049091,
2023-01-03,0.0,0.0,0.0,0.0,1.0019345402049091,
2023-01-04,0.0,0.0,0.0,0.0,1.0019345402049091,
2023-01-05,0.0,0.0,0.0,0.0,1.0019345402049091,
2023-01-06,0.0,0.0,0.0,0.0,1.0019345402049091,
2023-01-09,0.0,0.0,0.0,0.0,1.0019345402049091,
2023-01-10,0.0,0.0,0.0,0.0,1.0019345402049091,
2023-01-11,0.0,0.0,0.0,0.0,1.0019345402049091,
2023-01-12,0.0,0.0,0.0,0.0,1.0019345402049091,
2023-01-13,0.0,0.0,0.0,0.0,1.0019345402049091,
2023-01-17,0.0,0.0,0.0,0.0,1.0019345402049091,
2023-01-18,0.0,0.0,0.0,0.0,1.0019345402049091,
2023-01-19,0.0,1.0,6.621173460747028e-05,-6.621173460747028e-05,1.001868200381039,0.6621173460747029
2023-01-20,0.011999199999999927,1.0,6.624845929245385e-05,0.011932951540707473,1.0138234450663617,0.6624845929245385
2023-01-23,0.0,1.0,6.620417048919618e-05,-6.620417048919618e-05,1.0137563257261586,0.6620417048919619
2023-01-24,-0.010500612499999989,0.0,0.0,-0.010500612499999989,1.0031112633802843,
2023-01-25,0.001499987500000043,0.0,0.0,0.001499987500000043,1.0046159177364642,
2023-01-26,0.001499987499999939,0.0,0.0,0.001499987499999939,1.0061228290553699,
2023-01-27,0.0029999499999999817,1.0,6.573721344475091e-05,0.002934212786555231,1.0090750075252293,0.6573721344475091
2023-01-30,0.0,0.0,0.0,0.0,1.0090750075252293,
2023-01-31,0.0,0.0,0.0,0.0,1.0090750075252293,
2023-02-01,0.0,0.0,0.0,0.0,1.0090750075252293,
2023-02-02,0.0,0.0,0.0,0.0,1.0090750075252293,
2023-02-03,0.0,1.0,6.584586777124332e-05,-6.584586777124332e-05,1.0090085641057125,0.6584586777124333
2023-02-06,0.007499687500000006,1.0,6.581714009876482e-05,0.007433870359901241,1.0165094029633046,0.6581714009876481
2023-02-07,0.0,0.0,0.0,0.0,1.0165094029633046,
2023-02-08,0.0,0.0,0.0,0.0,1.0165094029633046,
2023-02-09,0.0,0.0,0.0,0.0,1.0165094029633046,
2023-02-10,0.0,0.0,0.0,0.0,1.0165094029633046,
2023-02-13,0.0,0.0,0.0,0.0,1.0165094029633046,
2023-02-14,0.0,0.0,0.0,0.0,1.0165094029633046,
2023-02-15,0.0,1.0,6.357011505473956e-05,-6.357011505473956e-05,1.0164447833436039,0.6357011505473956
2023-02-16,0.011999200000000031,1.0,5.916713453064849e-05,0.011940032865469383,1.0285811674626613,0.5916713453064848
2023-02-17,0.0010000799999999419,1.0,5.919082492754143e-05,0.0009408891750724005,1.0295489483488103,0.5919082492754144
2023-02-21,0.0,0.0,0.0,0.0,1.0295489483488103,
2023-02-22,0.0,0.0,0.0,0.0,1.0295489483488103,
2023-02-23,0.0,0.0,0.0,0.0,1.0295489483488103,
2023-02-24,0.0,0.0,0.0,0.0,1.0295489483488103,
2023-02-27,0.0,0.0,0.0,0.0,1.0295489483488103,
2023-02-28,0.0,1.0,6.006298432295275e-05,-6.006298432295275e-05,1.029487110566466,0.6006298432295275
2023-03-01,-0.0001499998650000043,1.0,5.989540401982817e-05,-0.00020989526901983246,1.0292710260924411,0.5989540401982817
2023-03-02,0.0,0.0,0.0,0.0,1.0292710260924411,
2023-03-03,0.0,0.0,0.0,0.0,1.0292710260924411,
2023-03-06,0.0,0.0,0.0,0.0,1.0292710260924411,
2023-03-07,0.0,1.0,6.012911003279646e-05,-6.012911003279646e-05,1.0292091369416596,0.6012911003279646
2023-03-08,-9.999993999999592e-05,1.0,6.0111525001359004e-05,-0.0001601114650013549,1.0290443487589511,0.60111525001359
2023-03-09,0.0,0.0,0.0,0.0,1.0290443487589511,
2023-03-10,0.0,0.0,0.0,0.0,1.0290443487589511,
2023-03-13,0.0,0.0,0.0,0.0,1.0290443487589511,
2023-03-14,0.0,1.0,6.124988495432504e-05,-6.124988495432504e-05,1.0289813199109767,0.6124988495432504
2023-03-15,0.005765534349999924,0.975609756097561,5.907461559341743e-05,0.005706459734406507,1.0348531603805051,0.6055148098325287
2023-03-16,0.0008883956353658512,0.0,0.0,0.0008883956353658512,1.0357725194114316,
2023-03-17,-0.0002632078603658552,1.024390243902439,6.358728625877158e-05,-0.0003267951466246268,1.0354340339790808,0.6207330325261036
2023-03-20,0.00013749850500000048,0.0,0.0,0.00013749850500000048,1.0355764046107792,
2023-03-21,-0.00043749810249999865,1.0,6.277998382396045e-05,-0.0005002780863239591,1.0350583284288384,0.6277998382396044
2023-03-22,0.0,1.0,6.214071312649642e-05,-6.214071312649642e-05,1.0349940091661822,0.6214071312649643
2023-03-23,8.962965725609802e-05,0.0,0.0,8.962965725609802e-05,1.035086775324486,
2023-03-24,0.00011097572756097704,0.0,0.0,0.00011097572756097704,1.0352016448324664,
2023-03-27,0.00013414151804877887,1.0,6.254377925919164e-05,7.159773878958723e-05,1.0352757629294276,0.6254377925919163
2023-03-28,0.0,0.0,0.0,0.0,1.0352757629294276,
2023-03-29,0.0,0.0,0.0,0.0,1.0352757629294276,
2023-03-30,0.0,0.0,0.0,0.0,1.0352757629294276,
2023-03-31,0.0,0.0,0.0,0.0,1.0352757629294276,
2023-04-03,0.0,1.0,6.227503782773465e-05,-6.227503782773465e-05,1.035211291092129,0.6227503782773465
2023-04-04,0.005850211250000011,1.0,6.20459923710498e-05,0.005788165257628961,1.0412032651215337,0.620459923710498
2023-04-05,0.0,0.0,0.0,0.0,1.0412032651215337,
2023-04-06,0.0,0.0,0.0,0.0,1.0412032651215337,
2023-04-07,0.0,1.0,6.790447292324278e-05,-6.790447292324278e-05,1.0411325627626096,0.6790447292324278
2023-04-10,0.000539997750000003,1.0,6.786610590232225e-05,0.00047213164409768077,1.0416241143911902,0.6786610590232225
2023-04-11,0.0,0.0,0.0,0.0,1.0416241143911902,
2023-04-12,0.0,0.0,0.0,0.0,1.0416241143911902,
2023-04-13,0.0,0.0,0.0,0.0,1.0416241143911902,
2023-04-14,0.0,0.0,0.0,0.0,1.0416241143911902,
2023-04-17,0.0,0.0,0.0,0.0,1.0416241143911902,
2023-04-18,0.0,0.0,0.0,0.0,1.0416241143911902,
2023-04-19,0.0,0.0,0.0,0.0,1.0416241143911902,
2023-04-20,0.0,0.0,0.0,0.0,1.0416241143911902,
2023-04-21,0.0,0.0,0.0,0.0,1.0416241143911902,
2023-04-24,0.0,0.0,0.0,0.0,1.0416241143911902,
2023-04-25,0.0,0.0,0.0,0.0,1.0416241143911902,
2023-04-26,0.0,0.0,0.0,0.0,1.0416241143911902,
2023-04-27,0.0,0.0,0.0,0.0,1.0416241143911902,
2023-04-28,0.0,0.0,0.0,0.0,1.0416241143911902,
2023-05-01,0.0,0.0,0.0,0.0,1.0416241143911902,
2023-05-02,0.0,0.0,0.0,0.0,1.0416241143911902,
2023-05-03,0.0,0.0,0.0,0.0,1.0416241143911902,
2023-05-04,0.0,0.0,0.0,0.0,1.0416241143911902,
2023-05-05,0.0,0.0,0.0,0.0,1.0416241143911902,
2023-05-08,0.0,0.0,0.0,0.0,1.0416241143911902,
2023-05-09,0.0,0.0,0.0,0.0,1.0416241143911902,
2023-05-10,0.0,1.0,6.239263210575037e-05,-6.239263210575037e-05,1.0415591247210285,0.6239263210575037
2023-05-11,0.0004500012500000129,1.0,6.23704587056249e-05,0.000387630791294388,1.041962865108724,0.623704587056249
2023-05-12,0.0,0.0,0.0,0.0,1.041962865108724,
2023-05-15,0.0,0.0,0.0,0.0,1.041962865108724,
2023-05-16,0.0,1.0,6.784629129523414e-05,-6.784629129523414e-05,1.041892171792659,0.6784629129523414
2023-05-17,7.499995499999868e-05,1.0,6.784253155254011e-05,7.157423447458575e-06,1.041899629056119,0.6784253155254011
2023-05-18,0.0,0.0,0.0,0.0,1.041899629056119,
2023-05-19,0.0,0.0,0.0,0.0,1.041899629056119,
2023-05-22,0.0,0.0,0.0,0.0,1.041899629056119,
2023-05-23,0.0,0.0,0.0,0.0,1.041899629056119,
2023-05-24,0.0,0.0,0.0,0.0,1.041899629056119,
2023-05-25,0.0,0.0,0.0,0.0,1.041899629056119,
2023-05-26,0.0,1.0,7.33343018362358e-05,-7.33343018362358e-05,1.041823222074239,0.733343018362358
2023-05-30,0.00039999903999999757,1.0,6.507749920549323e-05,0.00033492154079450435,1.0421721511130115,0.6507749920549323
2023-05-31,-0.0001125002474999989,1.0,6.496515651525413e-05,-0.00017746540401525302,1.0419872016111609,0.6496515651525412
2023-06-01,0.0,0.0,0.0,0.0,1.0419872016111609,
2023-06-02,0.0,0.0,0.0,0.0,1.0419872016111609,
2023-06-05,0.0,0.0,0.0,0.0,1.0419872016111609,
2023-06-06,0.0,0.0,0.0,0.0,1.0419872016111609,
2023-06-07,0.0,0.0,0.0,0.0,1.0419872016111609,
2023-06-08,0.0,0.0,0.0,0.0,1.0419872016111609,
2023-06-09,0.0,0.0,0.0,0.0,1.0419872016111609,
2023-06-12,0.0,0.0,0.0,0.0,1.0419872016111609,
2023-06-13,0.0,0.0,0.0,0.0,1.0419872016111609,
2023-06-14,0.0,1.0,5.9830455025382704e-05,-5.9830455025382704e-05,1.041924859042758,0.5983045502538271
2023-06-15,-3.750004500000021e-05,0.0,0.0,-3.750004500000021e-05,1.041885786813657,
2023-06-16,3.749997250000021e-05,0.0,0.0,3.749997250000021e-05,1.0419248575020106,
2023-06-20,8.749979250000076e-05,0.0,0.0,8.749979250000076e-05,1.0420160257108426,
2023-06-21,-1.2499997500001225e-05,1.0,5.9028129375864586e-05,-7.152812687586581e-05,1.041941492256349,0.5902812937586459
2023-06-22,0.0,0.0,0.0,0.0,1.041941492256349,
2023-06-23,0.0,1.0,5.8857359359025375e-05,-5.8857359359025375e-05,1.0418801663315083,0.5885735935902537
2023-06-26,-1.2499917500000349e-05,1.0,5.865588509840879e-05,-7.115580259840914e-05,1.0418060305120616,0.5865588509840879
2023-06-27,0.0,1.0,5.8513943583609726e-05,-5.8513943583609726e-05,1.041745070332767,0.5851394358360973
2023-06-28,2.499999249999898e-05,1.0,5.841120691274186e-05,-3.341121441274287e-05,1.0417102643648588,0.5841120691274185
2023-06-29,-4.9999979999999696e-05,1.0,6.250062145347836e-05,-0.00011250060145347806,1.0415930713335775,0.6250062145347837
2023-06-30,0.0,1.0,5.829831773692533e-05,-5.829831773692533e-05,1.0415323482097523,0.5829831773692533
2023-07-03,0.00013749973249999959,0.0,0.0,0.00013749973249999959,1.0416755586290214,
2023-07-05,-2.5000007500000717e-05,1.0,5.813408754288968e-05,-8.31340950428904e-05,1.0415889598741264,0.5813408754288968
2023-07-06,0.0,0.0,0.0,0.0,1.0415889598741264,
2023-07-07,0.0,0.0,0.0,0.0,1.0415889598741264,
2023-07-10,0.0,0.0,0.0,0.0,1.0415889598741264,
2023-07-11,0.0,0.0,0.0,0.0,1.0415889598741264,
2023-07-12,0.0,0.0,0.0,0.0,1.0415889598741264,
2023-07-13,0.0,0.0,0.0,0.0,1.0415889598741264,
2023-07-14,0.0,0.0,0.0,0.0,1.0415889598741264,
2023-07-17,0.0,0.0,0.0,0.0,1.0415889598741264,
2023-07-18,0.0,0.0,0.0,0.0,1.0415889598741264,
2023-07-19,0.0,0.0,0.0,0.0,1.0415889598741264,
2023-07-20,0.0,0.0,0.0,0.0,1.0415889598741264,
2023-07-21,0.0,0.0,0.0,0.0,1.0415889598741264,
2023-07-24,0.0,0.0,0.0,0.0,1.0415889598741264,
2023-07-25,0.0,0.0,0.0,0.0,1.0415889598741264,
2023-07-26,0.0,0.0,0.0,0.0,1.0415889598741264,
2023-07-27,0.0,0.0,0.0,0.0,1.0415889598741264,
2023-07-28,0.0,0.0,0.0,0.0,1.0415889598741264,
2023-07-31,0.0,0.0,0.0,0.0,1.0415889598741264,
2023-08-01,0.0,0.0,0.0,0.0,1.0415889598741264,
2023-08-02,0.0,0.0,0.0,0.0,1.0415889598741264,
2023-08-03,0.0,0.0,0.0,0.0,1.0415889598741264,
2023-08-04,0.0,0.0,0.0,0.0,1.0415889598741264,
2023-08-07,0.0,0.0,0.0,0.0,1.0415889598741264,
2023-08-08,0.0,0.0,0.0,0.0,1.0415889598741264,
2023-08-09,0.0,0.0,0.0,0.0,1.0415889598741264,
2023-08-10,0.0,0.0,0.0,0.0,1.0415889598741264,
2023-08-11,0.0,0.0,0.0,0.0,1.0415889598741264,
2023-08-14,0.0,0.0,0.0,0.0,1.0415889598741264,
2023-08-15,0.0,0.0,0.0,0.0,1.0415889598741264,
2023-08-16,0.0,0.0,0.0,0.0,1.0415889598741264,
2023-08-17,0.0,0.0,0.0,0.0,1.0415889598741264,
2023-08-18,0.0,0.0,0.0,0.0,1.0415889598741264,
2023-08-21,0.0,0.0,0.0,0.0,1.0415889598741264,
2023-08-22,0.0,0.0,0.0,0.0,1.0415889598741264,
2023-08-23,0.0,0.0,0.0,0.0,1.0415889598741264,
2023-08-24,0.0,0.0,0.0,0.0,1.0415889598741264,
2023-08-25,0.0,0.0,0.0,0.0,1.0415889598741264,
2023-08-28,0.0,0.0,0.0,0.0,1.0415889598741264,
2023-08-29,0.0,0.0,0.0,0.0,1.0415889598741264,
2023-08-30,0.0,0.0,0.0,0.0,1.0415889598741264,
2023-08-31,0.0,0.0,0.0,0.0,1.0415889598741264,
2023-09-01,0.0,0.0,0.0,0.0,1.0415889598741264,
2023-09-05,0.0,0.0,0.0,0.0,1.0415889598741264,
2023-09-06,0.0,0.0,0.0,0.0,1.0415889598741264,
2023-09-07,0.0,0.0,0.0,0.0,1.0415889598741264,
2023-09-08,0.0,0.0,0.0,0.0,1.0415889598741264,
2023-09-11,0.0,0.0,0.0,0.0,1.0415889598741264,
2023-09-12,0.0,0.0,0.0,0.0,1.0415889598741264,
2023-09-13,0.0,0.0,0.0,0.0,1.0415889598741264,
2023-09-14,0.0,0.0,0.0,0.0,1.0415889598741264,
2023-09-15,0.0,0.0,0.0,0.0,1.0415889598741264,
2023-09-18,0.0,0.0,0.0,0.0,1.0415889598741264,
2023-09-19,0.0,0.0,0.0,0.0,1.0415889598741264,
2023-09-20,0.0,0.0,0.0,0.0,1.0415889598741264,
2023-09-21,0.0,1.0,5.313784084965116e-05,-5.313784084965116e-05,1.0415336120857457,0.5313784084965116
2023-09-22,2.5000005000000716e-05,1.0,5.31569133176118e-05,-2.815690831761108e-05,1.0415042857193204,0.531569133176118
2023-09-25,0.0,0.0,0.0,0.0,1.0415042857193204,
2023-09-26,0.0,0.0,0.0,0.0,1.0415042857193204,
2023-09-27,0.0,0.0,0.0,0.0,1.0415042857193204,
2023-09-28,0.0,0.0,0.0,0.0,1.0415042857193204,
2023-09-29,0.0,0.0,0.0,0.0,1.0415042857193204,
2023-10-02,0.0,0.0,0.0,0.0,1.0415042857193204,
2023-10-03,0.0,0.0,0.0,0.0,1.0415042857193204,
2023-10-04,0.0,0.0,0.0,0.0,1.0415042857193204,
2023-10-05,0.0,0.0,0.0,0.0,1.0415042857193204,
2023-10-06,0.0,0.0,0.0,0.0,1.0415042857193204,
2023-10-10,0.0,0.0,0.0,0.0,1.0415042857193204,
2023-10-11,0.0,0.0,0.0,0.0,1.0415042857193204,
2023-10-12,0.0,0.0,0.0,0.0,1.0415042857193204,
2023-10-13,0.0,0.0,0.0,0.0,1.0415042857193204,
2023-10-16,0.0,0.0,0.0,0.0,1.0415042857193204,
2023-10-17,0.0,0.0,0.0,0.0,1.0415042857193204,
2023-10-18,0.0,0.0,0.0,0.0,1.0415042857193204,
2023-10-19,0.0,0.0,0.0,0.0,1.0415042857193204,
2023-10-20,0.0,0.0,0.0,0.0,1.0415042857193204,
2023-10-23,0.0,0.0,0.0,0.0,1.0415042857193204,
2023-10-24,0.0,0.0,0.0,0.0,1.0415042857193204,
2023-10-25,0.0,0.0,0.0,0.0,1.0415042857193204,
2023-10-26,0.0,0.0,0.0,0.0,1.0415042857193204,
2023-10-27,0.0,0.0,0.0,0.0,1.0415042857193204,
2023-10-30,0.0,0.0,0.0,0.0,1.0415042857193204,
2023-10-31,0.0,1.0,5.663859201599271e-05,-5.663859201599271e-05,1.0414452963829985,0.5663859201599271
2023-11-01,0.00880045375000003,1.0,5.6818386574566293e-05,0.008743635363425465,1.0505513143055258,0.5681838657456629
2023-11-02,0.0,1.0,5.69189890253876e-05,-5.69189890253876e-05,1.0504915179867962,0.5691898902538759
2023-11-03,-0.0010000937500000981,1.0,5.69885876169603e-05,-0.0010570823376170584,1.0493810619573158,0.5698858761696031
2023-11-06,0.0,0.0,0.0,0.0,1.0493810619573158,
2023-11-07,0.0,1.0,5.7117179026000075e-05,-5.7117179026000075e-05,1.0493211242713336,0.5711717902600008
2023-11-08,0.007200303749999984,2.0,0.00011747244155529588,0.007082831308444688,1.0567532887829352,0.5873622077764794
2023-11-09,0.003239927999999962,1.0,6.0540847369962046e-05,0.00317938715263,1.060113116612791,0.6054084736996205
2023-11-10,0.0,0.0,0.0,0.0,1.060113116612791,
2023-11-13,0.0,0.0,0.0,0.0,1.060113116612791,
2023-11-14,0.0,0.0,0.0,0.0,1.060113116612791,
2023-11-15,0.0,0.0,0.0,0.0,1.060113116612791,
2023-11-16,0.0,0.0,0.0,0.0,1.060113116612791,
2023-11-17,0.0,0.0,0.0,0.0,1.060113116612791,
2023-11-20,0.0,1.0,6.490895154456513e-05,-6.490895154456513e-05,1.0600443057818731,0.6490895154456513
2023-11-21,-0.001499987499999939,1.0,6.490895154456513e-05,-0.0015648964515445041,1.0583854462092752,0.6490895154456513
2023-11-22,0.0,0.0,0.0,0.0,1.0583854462092752,
2023-11-24,0.0,0.0,0.0,0.0,1.0583854462092752,
2023-11-27,0.0,0.0,0.0,0.0,1.0583854462092752,
2023-11-28,0.0,1.0,5.8588275413391876e-05,-5.8588275413391876e-05,1.058323437231259,0.5858827541339188
2023-11-29,-0.0031500612500000276,1.0,5.8604028586052284e-05,-0.00320866527858608,1.0549276315647014,0.5860402858605228
2023-11-30,0.0,0.0,0.0,0.0,1.0549276315647014,
2023-12-01,0.0,0.0,0.0,0.0,1.0549276315647014,
2023-12-04,0.0,1.0,6.405031984543217e-05,-6.405031984543217e-05,1.0548600631124858,0.6405031984543217
2023-12-05,-0.02600380250000005,1.0,6.4369714700194e-05,-0.026068172214700244,1.0273617893248599,0.64369714700194
2023-12-06,0.0,1.0,5.798535028718461e-05,-5.798535028718461e-05,1.0273022173916342,0.5798535028718461
2023-12-07,-0.0015999849999999904,1.0,5.798747253604819e-05,-0.0016579724725360387,1.0255989785942237,0.5798747253604819
2023-12-08,0.0,1.0,5.8071642486469436e-05,-5.8071642486469436e-05,1.0255394203770043,0.5807164248646943
2023-12-11,0.0,1.0,5.805426510866621e-05,-5.805426510866621e-05,1.0254798834396144,0.5805426510866621
2023-12-12,0.0,0.0,0.0,0.0,1.0254798834396144,
2023-12-13,0.0,0.0,0.0,0.0,1.0254798834396144,
2023-12-14,0.0,0.0,0.0,0.0,1.0254798834396144,
2023-12-15,0.0,1.0,5.839666331361808e-05,-5.839666331361808e-05,1.0254199988361263,0.5839666331361808
2023-12-18,-0.0031999399999999806,0.0,0.0,-0.0031999399999999806,1.0221387163650506,
2023-12-19,0.0016000149999999902,0.0,0.0,0.0016000149999999902,1.0237741536433154,
2023-12-20,0.00560018375000005,1.0,5.806714407701523e-05,0.0055421166059230345,1.029448029380937,0.5806714407701523
2023-12-21,0.0,0.0,0.0,0.0,1.029448029380937,
2023-12-22,0.0,0.0,0.0,0.0,1.029448029380937,
2023-12-26,0.0,0.0,0.0,0.0,1.029448029380937,
2023-12-27,0.0,0.0,0.0,0.0,1.029448029380937,
2023-12-28,0.0,0.0,0.0,0.0,1.029448029380937,
2023-12-29,0.0,0.0,0.0,0.0,1.029448029380937,
2024-01-02,0.0,0.0,0.0,0.0,1.029448029380937,
2024-01-03,0.0,0.0,0.0,0.0,1.029448029380937,
2024-01-04,0.0,0.0,0.0,0.0,1.029448029380937,
2024-01-05,0.0,0.0,0.0,0.0,1.029448029380937,
2024-01-08,0.0,0.0,0.0,0.0,1.029448029380937,
2024-01-09,0.0,0.0,0.0,0.0,1.029448029380937,
2024-01-10,0.0,0.0,0.0,0.0,1.029448029380937,
2024-01-11,0.0,0.0,0.0,0.0,1.029448029380937,
2024-01-12,0.0,0.0,0.0,0.0,1.029448029380937,
2024-01-16,0.0,0.0,0.0,0.0,1.029448029380937,
2024-01-17,0.0,0.0,0.0,0.0,1.029448029380937,
2024-01-18,0.0,0.0,0.0,0.0,1.029448029380937,
2024-01-19,0.0,0.0,0.0,0.0,1.029448029380937,
2024-01-22,0.0,0.0,0.0,0.0,1.029448029380937,
2024-01-23,0.0,0.0,0.0,0.0,1.029448029380937,
2024-01-24,0.0,0.0,0.0,0.0,1.029448029380937,
2024-01-25,0.0,0.0,0.0,0.0,1.029448029380937,
2024-01-26,0.0,0.0,0.0,0.0,1.029448029380937,
2024-01-29,0.0,0.0,0.0,0.0,1.029448029380937,
2024-01-30,0.0,0.0,0.0,0.0,1.029448029380937,
2024-01-31,0.0,0.0,0.0,0.0,1.029448029380937,
2024-02-01,0.0,0.0,0.0,0.0,1.029448029380937,
2024-02-02,0.0,0.0,0.0,0.0,1.029448029380937,
2024-02-05,0.0,0.0,0.0,0.0,1.029448029380937,
2024-02-06,0.0,0.0,0.0,0.0,1.029448029380937,
2024-02-07,0.0,0.0,0.0,0.0,1.029448029380937,
2024-02-08,0.0,0.0,0.0,0.0,1.029448029380937,
2024-02-09,0.0,0.0,0.0,0.0,1.029448029380937,
2024-02-12,0.0,0.0,0.0,0.0,1.029448029380937,
2024-02-13,0.0,0.0,0.0,0.0,1.029448029380937,
2024-02-14,0.0,0.0,0.0,0.0,1.029448029380937,
2024-02-15,0.0,0.0,0.0,0.0,1.029448029380937,
2024-02-16,0.0,0.0,0.0,0.0,1.029448029380937,
2024-02-20,0.0,0.0,0.0,0.0,1.029448029380937,
2024-02-21,0.0,0.0,0.0,0.0,1.029448029380937,
2024-02-22,0.0,1.0,6.310621537118675e-05,-6.310621537118675e-05,1.0293830648118814,0.6310621537118675
2024-02-23,-0.010500612499999989,0.0,0.0,-0.010500612499999989,1.0185739121342294,
2024-02-26,0.0029999499999999817,1.0,6.311276602278714e-05,0.0029368372339771947,1.021565297924943,0.6311276602278715
2024-02-27,0.0,0.0,0.0,0.0,1.021565297924943,
2024-02-28,0.0,0.0,0.0,0.0,1.021565297924943,
2024-02-29,0.0,0.0,0.0,0.0,1.021565297924943,
2024-03-01,0.0,0.0,0.0,0.0,1.021565297924943,
2024-03-04,0.0,0.0,0.0,0.0,1.021565297924943,
2024-03-05,0.0,0.0,0.0,0.0,1.021565297924943,
2024-03-06,0.0,0.0,0.0,0.0,1.021565297924943,
2024-03-07,0.0,0.0,0.0,0.0,1.021565297924943,
2024-03-08,0.0,1.0,6.174661869847903e-05,-6.174661869847903e-05,1.0215022197220165,0.6174661869847904
2024-03-11,0.0,0.0,0.0,0.0,1.0215022197220165,
2024-03-12,0.008999549999999945,0.0,0.0,0.008999549999999945,1.0306952800235156,
2024-03-13,0.004499887500000129,0.0,0.0,0.004499887500000129,1.0353332928304027,
2024-03-14,0.01349898749999997,0.0,0.0,0.01349898749999997,1.049309244008654,
2024-03-15,0.001499987499999939,0.0,0.0,0.001499987499999939,1.0508831947583013,
2024-03-18,0.002999950000000086,1.0,6.090088888719967e-05,0.0029390491111128863,1.0539717920777392,0.6090088888719967
2024-03-19,0.0,1.0,6.0805470470571624e-05,-6.0805470470571624e-05,1.053907704827059,0.6080547047057162
2024-03-20,-0.0015000125000000429,0.0,0.0,-0.0015000125000000429,1.052326830095972,
2024-03-21,0.0,0.0,0.0,0.0,1.052326830095972,
2024-03-22,-0.00900045000000005,0.0,0.0,-0.00900045000000005,1.0428554150780347,
2024-03-25,0.005999800000000068,0.0,0.0,0.005999800000000068,1.04911233899742,
2024-03-26,-0.003000049999999982,0.0,0.0,-0.003000049999999982,1.0459649495248107,
2024-03-27,-0.006000199999999963,0.0,0.0,-0.006000199999999963,1.0396889506346718,
2024-03-28,0.0,0.0,0.0,0.0,1.0396889506346718,
2024-04-01,0.019497887499999936,1.0,6.0930235884791085e-05,0.019436957264115144,1.0598973403361307,0.6093023588479108
2024-04-02,0.0,0.0,0.0,0.0,1.0598973403361307,
2024-04-03,0.0,1.0,6.059068986725634e-05,-6.059068986725634e-05,1.0598331204250913,0.6059068986725634
2024-04-04,-0.006000199999999963,0.0,0.0,-0.006000199999999963,1.0534739097359167,
2024-04-05,0.011999200000000031,1.0,6.077011978698418e-05,0.011938429880213047,1.0660507341379328,0.6077011978698418
2024-04-08,0.0,0.0,0.0,0.0,1.0660507341379328,
2024-04-09,0.0,1.0,6.0820361638535934e-05,-6.0820361638535934e-05,1.0659858965467575,0.6082036163853594
2024-04-10,0.02399679999999996,1.0,6.153839084434375e-05,0.023935261609155618,1.0915005478522746,0.6153839084434375
2024-04-11,0.0,0.0,0.0,0.0,1.0915005478522746,
2024-04-12,0.0,0.0,0.0,0.0,1.0915005478522746,
2024-04-15,0.0,0.0,0.0,0.0,1.0915005478522746,
2024-04-16,0.0,0.0,0.0,0.0,1.0915005478522746,
2024-04-17,0.0,0.0,0.0,0.0,1.0915005478522746,
2024-04-18,0.0,1.0,6.0421620291083596e-05,-6.0421620291083596e-05,1.0914345976206248,0.604216202910836
2024-04-19,0.004000090000000115,1.0,6.042320134013655e-05,0.003939666798659978,1.0957344862677796,0.6042320134013656
2024-04-22,0.0,0.0,0.0,0.0,1.0957344862677796,
2024-04-23,0.0,1.0,5.866866556696382e-05,-5.866866556696382e-05,1.0956702009876547,0.5866866556696382
2024-04-24,0.00028499955000000157,1.0,5.866312400431415e-05,0.00022633642599568742,1.0959181910650162,0.5866312400431415
2024-04-25,0.0,0.0,0.0,0.0,1.0959181910650162,
2024-04-26,0.0,0.0,0.0,0.0,1.0959181910650162,
2024-04-29,0.0,0.0,0.0,0.0,1.0959181910650162,
2024-04-30,0.0,0.0,0.0,0.0,1.0959181910650162,
2024-05-01,0.0,0.0,0.0,0.0,1.0959181910650162,
2024-05-02,0.0,0.0,0.0,0.0,1.0959181910650162,
2024-05-03,0.0,0.0,0.0,0.0,1.0959181910650162,
2024-05-06,0.0,0.0,0.0,0.0,1.0959181910650162,
2024-05-07,0.0,0.0,0.0,0.0,1.0959181910650162,
2024-05-08,0.0,1.0,6.022653024754505e-05,-6.022653024754505e-05,1.0958521877149332,0.6022653024754505
2024-05-09,-0.004500112500000025,1.0,5.9877155060562456e-05,-0.004559989655060587,1.0908551130754776,0.5987715506056246
2024-05-10,0.0,0.0,0.0,0.0,1.0908551130754776,
2024-05-13,0.0,0.0,0.0,0.0,1.0908551130754776,
2024-05-14,0.0,0.0,0.0,0.0,1.0908551130754776,
2024-05-15,0.0,0.0,0.0,0.0,1.0908551130754776,
2024-05-16,0.0,0.0,0.0,0.0,1.0908551130754776,
2024-05-17,0.0,0.0,0.0,0.0,1.0908551130754776,
2024-05-20,0.0,0.0,0.0,0.0,1.0908551130754776,
2024-05-21,0.0,0.0,0.0,0.0,1.0908551130754776,
2024-05-22,0.0,0.0,0.0,0.0,1.0908551130754776,
2024-05-23,0.0,1.0,5.9924232740127834e-05,-5.9924232740127834e-05,1.0907897444197958,0.5992423274012784
2024-05-24,-0.003000049999999878,0.0,0.0,-0.003000049999999878,1.0875173206470492,
2024-05-28,0.01349898749999997,1.0,5.668914462403931e-05,0.013442298355375932,1.102136052937826,0.5668914462403931
2024-05-29,-0.0019996800000000583,1.0,5.6807519536489e-05,-0.0020564875195365475,1.099869523900128,0.5680751953648899
2024-05-30,-0.00900045000000005,0.0,0.0,-0.00900045000000005,1.089970203243741,
2024-05-31,-0.0045001124999999205,1.0,5.669100867165524e-05,-0.004556803508671576,1.0850034231972525,0.5669100867165524
2024-06-03,0.0025005000000000712,1.0,5.694209505606602e-05,0.0024435579049440054,1.0876546918888974,0.5694209505606602
2024-06-04,-0.010500612500000093,1.0,6.0632005832513344e-05,-0.010561244505832606,1.0761677047499427,0.6063200583251335
2024-06-05,0.0,0.0,0.0,0.0,1.0761677047499427,
2024-06-06,0.0,0.0,0.0,0.0,1.0761677047499427,
2024-06-07,0.0,0.0,0.0,0.0,1.0761677047499427,
2024-06-10,0.0,0.0,0.0,0.0,1.0761677047499427,
2024-06-11,0.0,1.0,5.7839581592663114e-05,-5.7839581592663114e-05,1.0761054596601765,0.5783958159266311
2024-06-12,0.0010800089999999935,1.0,5.790468168031091e-05,0.0010221043183196827,1.0772053516974625,0.5790468168031091
2024-06-13,0.0,0.0,0.0,0.0,1.0772053516974625,
2024-06-14,0.0,0.0,0.0,0.0,1.0772053516974625,
2024-06-17,0.0,0.0,0.0,0.0,1.0772053516974625,
2024-06-18,0.0,0.0,0.0,0.0,1.0772053516974625,
2024-06-20,0.0,0.0,0.0,0.0,1.0772053516974625,
2024-06-21,0.0,0.0,0.0,0.0,1.0772053516974625,
2024-06-24,0.0,0.0,0.0,0.0,1.0772053516974625,
2024-06-25,0.0,0.0,0.0,0.0,1.0772053516974625,
2024-06-26,0.0,0.0,0.0,0.0,1.0772053516974625,
2024-06-27,0.0,0.0,0.0,0.0,1.0772053516974625,
2024-06-28,0.0,0.0,0.0,0.0,1.0772053516974625,
2024-07-01,0.0,0.0,0.0,0.0,1.0772053516974625,
2024-07-02,0.0,0.0,0.0,0.0,1.0772053516974625,
2024-07-03,0.0,0.0,0.0,0.0,1.0772053516974625,
2024-07-05,0.0,0.0,0.0,0.0,1.0772053516974625,
2024-07-08,0.0,0.0,0.0,0.0,1.0772053516974625,
2024-07-09,0.0,1.0,6.043968803939889e-05,-6.043968803939889e-05,1.0771402457420516,0.6043968803939889
2024-07-10,-0.0006200022500000178,1.0,6.034275391348609e-05,-0.0006803450039135039,1.076407418757347,0.6034275391348609
2024-07-11,0.0,0.0,0.0,0.0,1.076407418757347,
2024-07-12,0.0,0.0,0.0,0.0,1.076407418757347,
2024-07-15,0.0,0.0,0.0,0.0,1.076407418757347,
2024-07-16,0.0,0.0,0.0,0.0,1.076407418757347,
2024-07-17,0.0,0.0,0.0,0.0,1.076407418757347,
2024-07-18,0.0,0.0,0.0,0.0,1.076407418757347,
2024-07-19,0.0,0.0,0.0,0.0,1.076407418757347,
2024-07-22,0.0,0.0,0.0,0.0,1.076407418757347,
2024-07-23,0.0,0.0,0.0,0.0,1.076407418757347,
2024-07-24,0.0,0.0,0.0,0.0,1.076407418757347,
2024-07-25,0.0,1.0,5.861954814183965e-05,-5.861954814183965e-05,1.076344320240843,0.5861954814183965
2024-07-26,0.0016200179999999904,1.0,5.85226103398929e-05,0.0015614953896600976,1.078025026934586,0.585226103398929
2024-07-29,0.0,1.0,5.6434066605689546e-05,-5.6434066605689546e-05,1.0779641895984133,0.5643406660568955
2024-07-30,-0.00021500225000000616,0.0,0.0,-0.00021500225000000616,1.0777324248722302,
2024-07-31,-0.0010500314999999842,1.0,5.631765719581725e-05,-0.0011063491571958015,1.0765400765122903,0.5631765719581725
2024-08-01,-0.00682027224999998,0.0,0.0,-0.00682027224999998,1.0691977801024408,
2024-08-02,-0.01302099225000003,1.0,6.0818742890933e-05,-0.013081810992890963,1.0552107368291221,0.60818742890933
2024-08-05,0.0,1.0,6.079454470178367e-05,-6.079454470178367e-05,1.0551465857728122,0.6079454470178367
2024-08-06,0.008059619750000017,1.0,5.622172745745265e-05,0.008003398022542565,1.0635913438708788,0.5622172745745265
2024-08-07,0.0015359620749999872,1.0,5.621335568344328e-05,0.001479748719316544,1.065165191799848,0.5621335568344328
2024-08-08,0.0,0.0,0.0,0.0,1.065165191799848,
2024-08-09,0.0,0.0,0.0,0.0,1.065165191799848,
2024-08-12,0.0,0.0,0.0,0.0,1.065165191799848,
2024-08-13,0.0,0.0,0.0,0.0,1.065165191799848,
2024-08-14,0.0,0.0,0.0,0.0,1.065165191799848,
2024-08-15,0.0,1.0,6.142399525007646e-05,-6.142399525007646e-05,1.0650997650981662,0.6142399525007646
2024-08-16,-0.0012400089999999927,0.0,0.0,-0.0012400089999999927,1.0637790318035465,
2024-08-19,-0.0018600202500000103,1.0,6.141215528003337e-05,-0.0019214324052800437,1.0617350522997817,0.6141215528003336
2024-08-20,0.0,1.0,6.133291790531406e-05,-6.133291790531406e-05,1.0616699329909818,0.6133291790531405
2024-08-21,-0.0024800359999999854,0.0,0.0,-0.0024800359999999854,1.0590369533370465,
2024-08-22,0.004959855999999971,0.0,0.0,0.004959855999999971,1.064289624124277,
2024-08-23,-0.0037200809999999775,1.0,6.127884160532592e-05,-0.0037813598416053034,1.0602651620797763,0.6127884160532592
2024-08-26,0.0,0.0,0.0,0.0,1.0602651620797763,
2024-08-27,0.0,0.0,0.0,0.0,1.0602651620797763,
2024-08-28,0.0,0.0,0.0,0.0,1.0602651620797763,
2024-08-29,0.0,1.0,5.724810027711529e-05,-5.724810027711529e-05,1.0602044639134574,0.5724810027711529
2024-08-30,0.002249968750000002,1.0,5.6221167385529905e-05,0.002193747582614472,1.0625302848932445,0.5622116738552991
2024-09-03,-0.000540013500000003,1.0,5.6249829287220176e-05,-0.0005962633292872231,1.0618967370481056,0.5624982928722018
2024-09-04,0.0,0.0,0.0,0.0,1.0618967370481056,
2024-09-05,0.0,1.0,5.68962243006242e-05,-5.68962243006242e-05,1.0618363191331703,0.568962243006242
2024-09-06,-0.0018000199999999892,1.0,5.6859645153972473e-05,-0.0018568796451539616,1.059864616885687,0.5685964515397247
2024-09-09,0.0,0.0,0.0,0.0,1.059864616885687,
2024-09-10,0.0,0.0,0.0,0.0,1.059864616885687,
2024-09-11,0.0,0.0,0.0,0.0,1.059864616885687,
2024-09-12,0.0,0.0,0.0,0.0,1.059864616885687,
2024-09-13,0.0,0.0,0.0,0.0,1.059864616885687,
2024-09-16,0.0,0.0,0.0,0.0,1.059864616885687,
2024-09-17,0.0,0.0,0.0,0.0,1.059864616885687,
2024-09-18,0.0,0.0,0.0,0.0,1.059864616885687,
2024-09-19,0.0,0.0,0.0,0.0,1.059864616885687,
2024-09-20,0.0,0.0,0.0,0.0,1.059864616885687,
2024-09-23,0.0,0.0,0.0,0.0,1.059864616885687,
2024-09-24,0.0,0.0,0.0,0.0,1.059864616885687,
2024-09-25,0.0,0.0,0.0,0.0,1.059864616885687,
2024-09-26,0.0,0.0,0.0,0.0,1.059864616885687,
2024-09-27,0.0,0.0,0.0,0.0,1.059864616885687,
2024-09-30,0.0,0.0,0.0,0.0,1.059864616885687,
2024-10-01,0.0,1.0,5.626565835138421e-05,-5.626565835138421e-05,1.0598049829052545,0.5626565835138421
2024-10-02,5.00000199999997e-05,0.0,0.0,5.00000199999997e-05,1.059857973175596,
2024-10-03,2.500000500000245e-05,1.0,5.6247711445408166e-05,-3.1247706445405715e-05,1.0598248550447764,0.5624771144540817
2024-10-04,0.0,0.0,0.0,0.0,1.0598248550447764,
2024-10-07,0.0,1.0,5.621863522790201e-05,-5.621863522790201e-05,1.0597652731378453,0.56218635227902
2024-10-08,2.4999982654514124e-12,0.0,0.0,2.4999982654514124e-12,1.0597652731404947,
2024-10-09,4.9999969999999695e-05,0.12195121951219512,6.341136161641402e-06,4.365883383835829e-05,1.0598115412564624,0.5199731652545949
2024-10-10,-1.4024382499998666e-05,0.12195121951219512,6.341136161641402e-06,-2.0365518661640067e-05,1.059789957644741,0.5199731652545949
2024-10-11,2.4999991328131504e-12,0.0,0.0,2.4999991328131504e-12,1.0597899576473904,
2024-10-15,-5.0000030000001434e-05,0.0,0.0,-5.0000030000001434e-05,1.0597369681177142,
2024-10-16,1.2500002500000358e-05,0.0,0.0,1.2500002500000358e-05,1.0597502148324651,
2024-10-17,4.999994250000143e-05,0.0,0.0,4.999994250000143e-05,1.0598032022822712,
2024-10-18,1.2500002500000358e-05,0.0,0.0,1.2500002500000358e-05,1.0598164498249492,
2024-10-21,4.999996999999796e-05,0.0,0.0,4.999996999999796e-05,1.059869440615646,
2024-10-22,1.2500002500000358e-05,1.0,5.628450696303743e-05,-4.378450446303707e-05,1.059823034757393,0.5628450696303744
2024-10-23,4.99999850000049e-05,1.0,6.106903521042562e-05,-1.106905021042072e-05,1.059811303523007,0.6106903521042563
2024-10-24,0.0,1.0,6.107209723132035e-05,-6.107209723132035e-05,1.0597465786240314,0.6107209723132035
2024-10-25,0.00014999986499999736,1.0,6.115301889662502e-05,8.884684610337234e-05,1.059840733765211,0.6115301889662501
2024-10-28,0.0,0.0,0.0,0.0,1.059840733765211,
2024-10-29,0.0,1.0,5.546924127989132e-05,-5.546924127989132e-05,1.0597819452038315,0.5546924127989132
2024-10-30,1.2500014999999488e-05,0.0,0.0,1.2500014999999488e-05,1.0597951924940432,
2024-10-31,1.2500014999999488e-05,0.0,0.0,1.2500014999999488e-05,1.0598084399498462,
2024-11-01,1.2500014999998621e-05,1.0,5.511609508435395e-05,-4.2616080084355326e-05,1.059763275068495,0.5511609508435396
2024-11-04,0.0,0.0,0.0,0.0,1.059763275068495,
2024-11-05,0.0,1.0,5.487918509857186e-05,-5.487918509857186e-05,1.059705116123562,0.5487918509857186
2024-11-06,-3.780393243902167e-05,0.0,0.0,-3.780393243902167e-05,1.0596650551029467,
2024-11-07,5.1829811768292866e-05,0.09999999999999999,5.1601823042208845e-06,4.666962946407198e-05,1.0597145092784244,0.5160182304220885
2024-11-08,5.7621742817071656e-05,0.09999999999999999,5.159672933912835e-06,5.2462069883158823e-05,1.0597701040950664,0.5159672933912836
2024-11-12,-1.2803969939022484e-05,0.0,0.0,-1.2803969939022484e-05,1.0597565348305114,
2024-11-13,-1.524332323170658e-05,0.12195121951219512,6.307013781852309e-06,-2.155033701355889e-05,1.0597336967200335,0.5171751301118893
2024-11-14,6.249993499999832e-05,0.0,0.0,6.249993499999832e-05,1.0597999300071959,
2024-11-15,3.7499995000001074e-05,0.12195121951219512,6.307345811096627e-06,3.1192649188904445e-05,1.059832987974623,0.5172023565099234
2024-11-18,-1.0975529024390554e-05,1.0,5.4870928987979474e-05,-6.584645801237002e-05,1.0597632017262804,0.5487092898797947
2024-11-19,0.0,1.0,5.6320534197547914e-05,-5.6320534197547914e-05,1.0597035152966363,0.5632053419754791
2024-11-20,0.0,2.0,0.00011210896911079045,-0.00011210896911079045,1.0595847130279734,0.5605448455539523
2024-11-21,0.0008999949999999634,2.0,0.00011087482015866075,0.0007891201798413026,1.0604208527072752,0.5543741007933037
2024-11-22,2.499999249999898e-05,0.0,0.0,2.499999249999898e-05,1.0604473632206397,
2024-11-25,1.2500002500000358e-05,0.0,0.0,1.2500002500000358e-05,1.0604606188153312,
2024-11-26,-1.2500004999999491e-05,2.0,0.00011420313573989467,-0.00012670314073989417,1.0603262551242962,0.5710156786994733
2024-11-27,0.0010800079999999934,2.0,0.00011873854450580805,0.0009612694554941854,1.0613455143662056,0.5936927225290403
2024-11-29,0.00038000080000000425,2.0,0.00011409897372340138,0.0002659018262766029,1.061627728076786,0.570494868617007
2024-12-02,0.00047312587616820827,1.7476635514018692,9.596882317882574e-05,0.00037715705298938256,1.0620281284620794,0.549126421397559
2024-12-03,-0.0031999399999999806,1.0,5.538096666593345e-05,-0.003255320966665914,1.0585708860283078,0.5538096666593345
2024-12-04,0.0,0.0,0.0,0.0,1.0585708860283078,
2024-12-05,0.0,1.0,5.541213848103068e-05,-5.541213848103068e-05,1.0585122283517792,0.5541213848103068
2024-12-06,0.0016000149999999902,1.0,5.5371508851769005e-05,0.0015446434911482213,1.0601472523756035,0.55371508851769
2024-12-09,0.0,0.0,0.0,0.0,1.0601472523756035,
2024-12-10,0.0,0.0,0.0,0.0,1.0601472523756035,
2024-12-11,0.0,1.0,5.5393027513624594e-05,-5.5393027513624594e-05,1.060088527609684,0.5539302751362459
2024-12-12,-0.004799865000000026,1.0,5.540503531715205e-05,-0.004855270035317178,1.0549415115467973,0.5540503531715205
2024-12-13,0.0,0.0,0.0,0.0,1.0549415115467973,
2024-12-16,0.0,0.0,0.0,0.0,1.0549415115467973,
2024-12-17,0.0,0.0,0.0,0.0,1.0549415115467973,
2024-12-18,0.0,0.0,0.0,0.0,1.0549415115467973,
2024-12-19,0.0,0.0,0.0,0.0,1.0549415115467973,
2024-12-20,0.0,0.0,0.0,0.0,1.0549415115467973,
2024-12-23,0.0,0.0,0.0,0.0,1.0549415115467973,
2024-12-24,0.0,0.0,0.0,0.0,1.0549415115467973,
2024-12-26,0.0,0.0,0.0,0.0,1.0549415115467973,
2024-12-27,0.0,1.0,5.564433118945647e-05,-5.564433118945647e-05,1.0548828100319432,0.5564433118945648
2024-12-30,0.005600183749999994,1.0,5.564433118945647e-05,0.005544539418810538,1.0607316493543908,0.5564433118945648
2024-12-31,0.0,0.0,0.0,0.0,1.0607316493543908,
2025-01-02,0.0,1.0,5.542823552863154e-05,-5.542823552863154e-05,1.0606728548706976,0.5542823552863154
2025-01-03,-0.0008816246173469335,1.0,5.458875091939012e-05,-0.0009362133682663236,1.0596798387646105,0.5458875091939012
2025-01-06,0.0,0.0,0.0,0.0,1.0596798387646105,
2025-01-07,0.0,1.0,5.557165276205738e-05,-5.557165276205738e-05,1.0596209506045717,0.5557165276205738
2025-01-08,0.00036000099999998535,0.0,0.0,0.00036000099999998535,1.0600024152064103,
2025-01-09,0.00018000025000001766,2.0,0.00011097210720740663,6.902814279261103e-05,1.0600755852044876,0.5548605360370331
2025-01-10,-0.0071996962499999845,1.0,5.547668401467623e-05,-0.007255172934014661,1.0523845535107024,0.5547668401467623
2025-01-13,0.0,0.0,0.0,0.0,1.0523845535107024,
2025-01-14,0.0,0.0,0.0,0.0,1.0523845535107024,
2025-01-15,0.0,0.0,0.0,0.0,1.0523845535107024,
2025-01-16,0.0,1.0,5.567507684310452e-05,-5.567507684310452e-05,1.052325961919817,0.5567507684310452
2025-01-17,0.0,0.0,0.0,0.0,1.052325961919817,
2025-01-21,0.0032000599999999807,1.0,5.5551276129563954e-05,0.0031445087238704166,1.0556350100874292,0.5555127612956395
2025-01-22,0.0,0.0,0.0,0.0,1.0556350100874292,
2025-01-23,0.0,0.0,0.0,0.0,1.0556350100874292,
2025-01-24,0.0,1.0,5.7251622102966503e-05,-5.7251622102966503e-05,1.0555745732707529,0.572516221029665
2025-01-27,0.0022504049999999423,1.0,5.74311540429518e-05,0.0021929738459569906,1.0578894207023928,0.574311540429518
2025-01-28,0.0,0.0,0.0,0.0,1.0578894207023928,
2025-01-29,0.0,1.0,5.570568157715508e-05,-5.570568157715508e-05,1.0578304902511793,0.5570568157715509
2025-01-30,0.0024000337500000133,1.0,5.572002133455781e-05,0.0023443137286654554,1.0603103767920758,0.5572002133455781
2025-01-31,0.0,1.0,5.5656329887533974e-05,-5.5656329887533974e-05,1.0602513638079618,0.5565632988753397
2025-02-03,0.0032000599999999807,1.0,5.562407556747778e-05,0.003144435924432503,1.0635852562852481,0.5562407556747778
2025-02-04,0.0,0.0,0.0,0.0,1.0635852562852481,
2025-02-05,0.0,0.0,0.0,0.0,1.0635852562852481,
2025-02-06,0.0,1.0,5.536705801060114e-05,-5.536705801060114e-05,1.0635263686986642,0.5536705801060113
2025-02-07,0.0021498737500000127,0.0,0.0,0.0021498737500000127,1.0658128161211624,
2025-02-10,-4.9998750000025726e-05,1.0,5.511561303307319e-05,-0.00010511436303309891,1.0657007838858834,0.551156130330732
2025-02-11,0.0,1.0,5.5128617548868574e-05,-5.5128617548868574e-05,1.065642033274947,0.5512861754886857
2025-02-12,0.004299495000000026,0.0,0.0,0.004299495000000026,1.0702237558688024,
2025-02-13,-0.004250568750000024,2.0,0.0001132269617270547,-0.0043637957117270785,1.0655535180323537,0.5661348086352735
2025-02-14,-0.0013500125000000013,1.0,5.7814001268185764e-05,-0.0014078265012681872,1.0640534035511482,0.5781400126818577
2025-02-18,0.0,0.0,0.0,0.0,1.0640534035511482,
2025-02-19,0.0,0.0,0.0,0.0,1.0640534035511482,
2025-02-20,0.0,1.0,5.70833247151955e-05,-5.70833247151955e-05,1.0639926638451989,0.570833247151955
2025-02-21,0.0010001512500001503,0.9404388714733543,5.225441944667519e-05,0.0009478968305534751,1.0650012191189897,0.5556386601163129
2025-02-24,0.0010000112499999592,0.0,0.0,0.0010000112499999592,1.0660662323193724,
2025-02-25,0.010420602809561162,0.9404388714733543,5.2117228037585426e-05,0.010368485581523576,1.077119724678125,0.5541798581329918
2025-02-26,0.001000079999999994,1.0,5.697073335624602e-05,0.0009431092666437479,1.0781355662717536,0.5697073335624603
2025-02-27,0.0,0.0,0.0,0.0,1.0781355662717536,
2025-02-28,0.0,1.0,6.03617615150569e-05,-6.03617615150569e-05,1.0780704881098213,0.603617615150569
2025-03-03,-0.009000449999999946,1.0,6.043131963744426e-05,-0.009060881319637391,1.0683022193628546,0.6043131963744426
2025-03-04,0.0,0.0,0.0,0.0,1.0683022193628546,
2025-03-05,0.0,0.0,0.0,0.0,1.0683022193628546,
2025-03-06,0.0,0.0,0.0,0.0,1.0683022193628546,
2025-03-07,0.0,0.0,0.0,0.0,1.0683022193628546,
2025-03-10,0.0,0.0,0.0,0.0,1.0683022193628546,
2025-03-11,0.0,0.0,0.0,0.0,1.0683022193628546,
2025-03-12,0.0,0.0,0.0,0.0,1.0683022193628546,
2025-03-13,0.0,0.0,0.0,0.0,1.0683022193628546,
2025-03-14,0.0,0.0,0.0,0.0,1.0683022193628546,
2025-03-17,0.0,0.0,0.0,0.0,1.0683022193628546,
2025-03-18,0.0,0.0,0.0,0.0,1.0683022193628546,
2025-03-19,0.0,0.0,0.0,0.0,1.0683022193628546,
2025-03-20,0.0,1.0,6.0171190065308575e-05,-6.0171190065308575e-05,1.0682379383469662,0.6017119006530858
2025-03-21,0.004499887499999921,0.0,0.0,0.004499887499999921,1.0730448888927595,
2025-03-24,0.011999199999999927,0.0,0.0,0.011999199999999927,1.0859205691235614,
2025-03-25,-0.0015000124999999388,1.0,6.030298075458639e-05,-0.0015603154807545252,1.084226190448688,0.6030298075458639
2025-03-26,0.0,1.0,5.635160351656481e-05,-5.635160351656481e-05,1.0841650925642816,0.5635160351656481
2025-03-27,-0.00044999874999998167,1.0,5.626216330556276e-05,-0.0005062609133055444,1.0836162221543462,0.5626216330556276
2025-03-28,0.0,1.0,5.423575522433028e-05,-5.423575522433028e-05,1.0835574514101642,0.5423575522433028
2025-03-31,0.0016000299999999626,1.0,5.424227777503407e-05,0.0015457877222249286,1.0852324012148793,0.5424227777503406
2025-04-01,0.0,0.0,0.0,0.0,1.0852324012148793,
2025-04-02,0.0,0.0,0.0,0.0,1.0852324012148793,
2025-04-03,0.0,0.0,0.0,0.0,1.0852324012148793,
2025-04-04,0.0,0.0,0.0,0.0,1.0852324012148793,
2025-04-07,0.0,0.0,0.0,0.0,1.0852324012148793,
2025-04-08,0.0,0.0,0.0,0.0,1.0852324012148793,
2025-04-09,0.0,1.0,6.083670091074779e-05,-6.083670091074779e-05,1.085166379255868,0.6083670091074779
2025-04-10,0.02799559000000011,2.0,0.00011884169036644848,0.02787674830963366,1.11541728928446,0.5942084518322424
2025-04-11,-0.004949848750000017,0.0,0.0,-0.004949848750000017,1.109896142409367,
2025-04-14,0.0058502112500000425,2.0,0.00011874105749846056,0.005731470192501582,1.1162574790663586,0.5937052874923029
2025-04-15,-0.002000022500000057,1.0,6.113497907251676e-05,-0.002061157479072574,1.1139566966148104,0.6113497907251676
2025-04-16,0.0,0.0,0.0,0.0,1.1139566966148104,
2025-04-17,0.0,0.0,0.0,0.0,1.1139566966148104,
2025-04-21,0.0,0.0,0.0,0.0,1.1139566966148104,
2025-04-22,0.0,1.0,5.508005107149015e-05,-5.508005107149015e-05,1.1138953398230695,0.5508005107149015
2025-04-23,-2.463698474110222e-08,0.9764235559428015,5.3869904379021265e-05,-5.389454136376237e-05,1.1138353069446025,0.5517063169067682
2025-04-24,0.00014950830167597345,0.0,0.0,0.00014950830167597345,1.1140018345696907,
2025-04-25,-5.770874162010681e-05,0.8938547486033519,4.933449183775935e-05,-0.00010704323345786616,1.1138825882112404,0.5519296274349328
2025-04-28,0.00177006137499998,0.0,0.0,0.00177006137499998,1.1158542287569182,
2025-04-29,0.0014200294999999914,1.4414290621779458,7.789659176150116e-05,0.0013421329082384903,1.1173518534381301,0.5404122464674211
2025-04-30,0.0008183699856149105,1.4414290621779458,7.784515634489967e-05,0.0007405248292700108,1.1181792802286319,0.5400554102001978
2025-05-01,-0.0022998925000000075,1.0,5.7055891476604507e-05,-0.002356948391476612,1.1155437893727145,0.570558914766045
2025-05-02,0.0017998387499999543,1.0,5.62260126877336e-05,0.0017436127373122207,1.1174888657328943,0.562260126877336
2025-05-05,-0.0023999662500000132,0.0,0.0,-0.0023999662500000132,1.1148069301703845,
2025-05-06,0.0048001350000000265,1.0,5.614386758274799e-05,0.004743991132417279,1.12009556436147,0.5614386758274799
2025-05-07,0.0014650297499999958,1.0,5.462427793874312e-05,0.0014104054720612527,1.1216753532746768,0.5462427793874312
2025-05-08,-0.0015042587102803828,0.0,0.0,-0.0015042587102803828,1.1199880633544066,
2025-05-09,0.0,1.0,5.63243449542148e-05,-5.63243449542148e-05,1.1199249807603817,0.563243449542148
2025-05-12,0.0032399279999999996,2.0,0.00011936984811153604,0.0031205581518884635,1.1234197717885972,0.5968492405576802
2025-05-13,-0.0013499887500000075,1.0,5.791861409291692e-05,-0.0014079073640929243,1.1218381008189284,0.5791861409291692
2025-05-14,0.0,0.0,0.0,0.0,1.1218381008189284,
2025-05-15,0.0,0.0,0.0,0.0,1.1218381008189284,
2025-05-16,0.0,0.0,0.0,0.0,1.1218381008189284,
2025-05-19,0.0,0.0,0.0,0.0,1.1218381008189284,
2025-05-20,0.0,0.0,0.0,0.0,1.1218381008189284,
2025-05-21,0.0,0.0,0.0,0.0,1.1218381008189284,
2025-05-22,0.0,1.0,6.173503546242097e-05,-6.173503546242097e-05,1.1217688441039912,0.6173503546242097
2025-05-23,0.0018600202500000103,1.0,6.174039885585633e-05,0.001798279851144154,1.1237860984139847,0.6174039885585633
2025-05-27,0.0,0.0,0.0,0.0,1.1237860984139847,
2025-05-28,0.0,1.0,5.386856404402337e-05,-5.386856404402337e-05,1.1237255616705706,0.5386856404402337
2025-05-29,0.0010920885496341478,1.0,5.6895766774397946e-05,0.0010351927828597498,1.124888834261927,0.5689576677439795
2025-05-30,0.0005870775335366038,1.0,5.633233584619614e-05,0.0005307451976904077,1.125485863608647,0.5633233584619615
2025-06-02,-0.0018572707197560998,0.5633802816901408,3.085607111316175e-05,-0.0018881267908692615,1.123360803596823,0.547695262258621
2025-06-03,-0.0001636717069357785,1.0,5.372221698178483e-05,-0.00021739392391756333,1.123116591783754,0.5372221698178483
2025-06-04,0.0,0.0,0.0,0.0,1.123116591783754,
2025-06-05,0.0,0.0,0.0,0.0,1.123116591783754,
2025-06-06,0.0,0.0,0.0,0.0,1.123116591783754,
2025-06-09,0.0,0.0,0.0,0.0,1.123116591783754,
2025-06-10,0.0,0.0,0.0,0.0,1.123116591783754,
2025-06-11,0.0,0.0,0.0,0.0,1.123116591783754,
2025-06-12,0.0,0.0,0.0,0.0,1.123116591783754,
2025-06-13,0.0,0.0,0.0,0.0,1.123116591783754,
2025-06-16,0.0,0.0,0.0,0.0,1.123116591783754,
2025-06-17,0.0,0.0,0.0,0.0,1.123116591783754,
2025-06-18,0.0,0.0,0.0,0.0,1.123116591783754,
2025-06-20,0.0,0.0,0.0,0.0,1.123116591783754,
2025-06-23,0.0,0.0,0.0,0.0,1.123116591783754,
2025-06-24,0.0,0.0,0.0,0.0,1.123116591783754,
2025-06-25,0.0,0.0,0.0,0.0,1.123116591783754,
2025-06-26,0.0,0.0,0.0,0.0,1.123116591783754,
2025-06-27,0.0,0.0,0.0,0.0,1.123116591783754,
2025-06-30,0.0,0.0,0.0,0.0,1.123116591783754,
2025-07-01,0.0,0.0,0.0,0.0,1.123116591783754,
2025-07-02,0.0,0.0,0.0,0.0,1.123116591783754,
2025-07-03,0.0,0.0,0.0,0.0,1.123116591783754,
2025-07-07,0.0,0.0,0.0,0.0,1.123116591783754,
2025-07-08,0.0,0.0,0.0,0.0,1.123116591783754,
2025-07-09,0.0,0.0,0.0,0.0,1.123116591783754,
2025-07-10,0.0,0.0,0.0,0.0,1.123116591783754,
2025-07-11,0.0,0.0,0.0,0.0,1.123116591783754,
2025-07-14,0.0,0.0,0.0,0.0,1.123116591783754,
2025-07-15,0.0,0.0,0.0,0.0,1.123116591783754,
2025-07-16,0.0,0.0,0.0,0.0,1.123116591783754,
2025-07-17,0.0,0.0,0.0,0.0,1.123116591783754,
2025-07-18,0.0,0.0,0.0,0.0,1.123116591783754,
2025-07-21,0.0,0.0,0.0,0.0,1.123116591783754,
2025-07-22,0.0,0.0,0.0,0.0,1.123116591783754,
2025-07-23,0.0,0.0,0.0,0.0,1.123116591783754,
2025-07-24,0.0,0.0,0.0,0.0,1.123116591783754,
2025-07-25,0.0,0.0,0.0,0.0,1.123116591783754,
2025-07-28,0.0,0.0,0.0,0.0,1.123116591783754,
2025-07-29,0.0,0.0,0.0,0.0,1.123116591783754,
2025-07-30,0.0,0.0,0.0,0.0,1.123116591783754,
2025-07-31,0.0,0.0,0.0,0.0,1.123116591783754,
2025-08-01,0.0,0.0,0.0,0.0,1.123116591783754,
2025-08-04,0.0,0.0,0.0,0.0,1.123116591783754,
2025-08-05,0.0,1.0,5.576140191071709e-05,-5.576140191071709e-05,1.1230539652280869,0.557614019107171
2025-08-06,-8.237770909090858e-05,1.0,5.576481115627708e-05,-0.00013814252024718567,1.1228988237229567,0.5576481115627708
2025-08-07,0.0,0.0,0.0,0.0,1.1228988237229567,
2025-08-08,0.0,0.0,0.0,0.0,1.1228988237229567,
2025-08-11,0.0,0.0,0.0,0.0,1.1228988237229567,
2025-08-12,0.0,0.0,0.0,0.0,1.1228988237229567,
2025-08-13,0.0,0.0,0.0,0.0,1.1228988237229567,
2025-08-14,0.0,0.0,0.0,0.0,1.1228988237229567,
2025-08-15,0.0,0.0,0.0,0.0,1.1228988237229567,
2025-08-18,0.0,0.0,0.0,0.0,1.1228988237229567,
2025-08-19,0.0,0.0,0.0,0.0,1.1228988237229567,
2025-08-20,0.0,0.0,0.0,0.0,1.1228988237229567,
2025-08-21,0.0,0.0,0.0,0.0,1.1228988237229567,
2025-08-22,0.0,0.0,0.0,0.0,1.1228988237229567,
2025-08-25,0.0,0.0,0.0,0.0,1.1228988237229567,
2025-08-26,0.0,0.0,0.0,0.0,1.1228988237229567,
2025-08-27,0.0,1.0,5.867719916279064e-05,-5.867719916279064e-05,1.1228329351650375,0.5867719916279064
2025-08-28,-0.00026999950000000775,1.0,5.520514679877597e-05,-0.00032520464679878375,1.122467784676943,0.5520514679877597
2025-08-29,4.500037500000133e-05,1.0,5.5074783269747275e-05,-1.0074408269745945e-05,1.1224564764782106,0.5507478326974727
2025-09-02,-0.0013499875000000014,0.0,0.0,-0.0013499875000000014,1.120941174265671,
2025-09-03,0.0013500125000000013,0.0,0.0,0.0013500125000000013,1.1224544588626943,
2025-09-04,0.0008100045000000045,1.0,5.571170787568002e-05,0.0007542927921243245,1.1233011181705022,0.5571170787568002
2025-09-05,-0.001225042874999999,2.0,0.00011025932950122064,-0.0013353022045012198,1.1218011717110905,0.5512966475061032
2025-09-08,0.004000093749999948,0.0,0.0,0.004000093749999948,1.1262884815667946,
2025-09-09,-0.0023999662500000132,0.0,0.0,-0.0023999662500000132,1.1235854272232706,
2025-09-10,0.0032000600000000362,1.0,5.4389773225946105e-05,0.00314567022677409,1.127119856448924,0.543897732259461
2025-09-11,0.0012000168750000066,1.0,5.435875758333691e-05,0.0011456581174166696,1.1284111504617662,0.543587575833369
2025-09-12,0.0,0.0,0.0,0.0,1.1284111504617662,
2025-09-15,0.0,0.0,0.0,0.0,1.1284111504617662,
2025-09-16,0.0,0.0,0.0,0.0,1.1284111504617662,
2025-09-17,0.0,1.0,5.433146417749285e-05,-5.433146417749285e-05,1.1283498422317673,0.5433146417749285
2025-09-18,-0.003999906250000059,1.0,5.4362753238404496e-05,-0.004054269003238463,1.123775208441598,0.5436275323840449
2025-09-19,0.0,0.0,0.0,0.0,1.123775208441598,
2025-09-22,0.0,0.0,0.0,0.0,1.123775208441598,
2025-09-23,0.0,1.0,5.5725081764385775e-05,-5.5725081764385775e-05,1.1237125859762227,0.5572508176438578
2025-09-24,-0.0002649980999999984,1.0,5.574610184339002e-05,-0.00032074420184338844,1.1233521616797324,0.5574610184339002
2025-09-25,0.0,1.0,5.5390768160098535e-05,-5.5390768160098535e-05,1.1232899383405828,0.5539076816009854
2025-09-26,0.00044999874999998167,0.0,0.0,0.00044999874999998167,1.1237954174087235,
2025-09-29,-0.0009000049999999633,0.0,0.0,-0.0009000049999999633,1.1227839959140786,
2025-09-30,0.0,1.0,5.526407180587433e-05,-5.526407180587433e-05,1.122721946298706,0.5526407180587433
2025-10-01,0.0,0.0,0.0,0.0,1.122721946298706,
2025-10-02,0.0,0.0,0.0,0.0,1.122721946298706,
2025-10-03,0.0,0.0,0.0,0.0,1.122721946298706,
2025-10-06,0.0,0.0,0.0,0.0,1.122721946298706,
2025-10-07,0.0,0.0,0.0,0.0,1.122721946298706,
2025-10-08,0.0,0.0,0.0,0.0,1.122721946298706,
2025-10-09,0.0,0.0,0.0,0.0,1.122721946298706,
2025-10-10,0.0,0.0,0.0,0.0,1.122721946298706,
2025-10-14,0.0,0.0,0.0,0.0,1.122721946298706,
2025-10-15,0.0,0.0,0.0,0.0,1.122721946298706,
2025-10-16,0.0,0.0,0.0,0.0,1.122721946298706,
2025-10-17,0.0,0.0,0.0,0.0,1.122721946298706,
2025-10-20,0.0,0.0,0.0,0.0,1.122721946298706,
2025-10-21,0.0,0.0,0.0,0.0,1.122721946298706,
2025-10-22,0.0,0.0,0.0,0.0,1.122721946298706,
2025-10-23,0.0,0.0,0.0,0.0,1.122721946298706,
2025-10-24,0.0,0.0,0.0,0.0,1.122721946298706,
2025-10-27,0.0,0.0,0.0,0.0,1.122721946298706,
2025-10-28,0.0,0.0,0.0,0.0,1.122721946298706,
2025-10-29,0.0,1.0,5.741779811086547e-05,-5.741779811086547e-05,1.1226574820766586,0.5741779811086547
2025-10-30,0.0,0.0,0.0,0.0,1.1226574820766586,
2025-10-31,0.0,0.0,0.0,0.0,1.1226574820766586,
2025-11-03,0.0,0.0,0.0,0.0,1.1226574820766586,
2025-11-04,0.00028500045000000817,0.0,0.0,0.00028500045000000817,1.1229774399642463,
2025-11-05,-0.00037999920000000425,1.0,5.6996044079932725e-05,-0.00043699524407993695,1.122486704163773,0.5699604407993273
2025-11-06,0.0,1.0,5.711447954590072e-05,-5.711447954590072e-05,1.1224225939198673,0.5711447954590072
2025-11-07,0.00019000019999999883,1.0,5.7064752965481315e-05,0.00013293544703451752,1.1225718036691517,0.5706475296548131
2025-11-10,0.0,0.0,0.0,0.0,1.1225718036691517,
2025-11-12,0.0,1.0,5.6517902334912465e-05,-5.6517902334912465e-05,1.122508358265588,0.5651790233491246
2025-11-13,0.0005399979999999967,1.0,5.6534566930696403e-05,0.0004834634330693003,1.1230510500101238,0.5653456693069641
2025-11-14,0.0,0.0,0.0,0.0,1.1230510500101238,
2025-11-17,0.0,0.0,0.0,0.0,1.1230510500101238,
2025-11-18,0.0,0.0,0.0,0.0,1.1230510500101238,
2025-11-19,0.0,0.0,0.0,0.0,1.1230510500101238,
2025-11-20,0.0,0.0,0.0,0.0,1.1230510500101238,
2025-11-21,0.0,0.0,0.0,0.0,1.1230510500101238,
2025-11-24,0.0,0.0,0.0,0.0,1.1230510500101238,
2025-11-25,0.0,1.0,5.6600376637087654e-05,-5.6600376637087654e-05,1.1229874848977106,0.5660037663708766
2025-11-26,-9.499994999999613e-05,0.0,0.0,-9.499994999999613e-05,1.1228808011427946,
2025-11-28,0.0,1.0,5.6595581469078707e-05,-5.6595581469078707e-05,1.1228172510509336,0.565955814690787
2025-12-01,0.0,0.0,0.0,0.0,1.1228172510509336,
2025-12-02,0.0,0.0,0.0,0.0,1.1228172510509336,
2025-12-03,0.0,0.0,0.0,0.0,1.1228172510509336,
2025-12-04,0.0,0.0,0.0,0.0,1.1228172510509336,
2025-12-05,0.0,0.0,0.0,0.0,1.1228172510509336,
2025-12-08,0.0,0.0,0.0,0.0,1.1228172510509336,
2025-12-09,0.0,0.0,0.0,0.0,1.1228172510509336,
2025-12-10,0.0,1.0,5.4546487748521655e-05,-5.4546487748521655e-05,1.1227560053135053,0.5454648774852165
2025-12-11,0.0,2.0,0.00011113591697677995,-0.00011113591697677995,1.1226312267953136,0.5556795848838998
2025-12-12,-0.002479963999999985,1.0,5.6646316802405204e-05,-0.0025366103168023902,1.11978354884346,0.566463168024052
2025-12-15,0.0,0.0,0.0,0.0,1.11978354884346,
2025-12-16,0.0,0.0,0.0,0.0,1.11978354884346,
2025-12-17,0.0,0.0,0.0,0.0,1.11978354884346,
2025-12-18,0.0,0.0,0.0,0.0,1.11978354884346,
2025-12-19,0.0,0.0,0.0,0.0,1.11978354884346,
2025-12-22,0.0,0.0,0.0,0.0,1.11978354884346,
2025-12-23,0.0,1.0,5.3723875908563115e-05,-5.3723875908563115e-05,1.1197233897310375,0.5372387590856311
2025-12-24,4.999975000003081e-06,1.0,5.3728944777911136e-05,-4.8728969777908055e-05,1.1196688267638197,0.5372894477791113
2025-12-26,0.0,0.0,0.0,0.0,1.1196688267638197,
2025-12-29,0.0,0.0,0.0,0.0,1.1196688267638197,
2025-12-30,0.0,0.0,0.0,0.0,1.1196688267638197,
2025-12-31,0.0,0.0,0.0,0.0,1.1196688267638197,
2026-01-02,0.0,0.0,0.0,0.0,1.1196688267638197,
2026-01-05,0.0,0.0,0.0,0.0,1.1196688267638197,
2026-01-06,0.0,0.0,0.0,0.0,1.1196688267638197,
2026-01-07,0.0,0.0,0.0,0.0,1.1196688267638197,
2026-01-08,0.0,0.0,0.0,0.0,1.1196688267638197,
2026-01-09,0.0,0.0,0.0,0.0,1.1196688267638197,
2026-01-12,0.0,0.0,0.0,0.0,1.1196688267638197,
2026-01-13,0.0,0.0,0.0,0.0,1.1196688267638197,
2026-01-14,0.0,0.0,0.0,0.0,1.1196688267638197,
2026-01-15,0.0,0.0,0.0,0.0,1.1196688267638197,
2026-01-16,0.0,0.0,0.0,0.0,1.1196688267638197,
2026-01-20,0.0,0.0,0.0,0.0,1.1196688267638197,
2026-01-21,0.0,0.0,0.0,0.0,1.1196688267638197,
2026-01-22,0.0,0.0,0.0,0.0,1.1196688267638197,
2026-01-23,0.0,0.0,0.0,0.0,1.1196688267638197,
2026-01-26,0.0,0.0,0.0,0.0,1.1196688267638197,
2026-01-27,0.0,0.0,0.0,0.0,1.1196688267638197,
2026-01-28,0.0,0.0,0.0,0.0,1.1196688267638197,
2026-01-29,0.0,0.0,0.0,0.0,1.1196688267638197,
2026-01-30,0.0,0.0,0.0,0.0,1.1196688267638197,
2026-02-02,0.0,0.0,0.0,0.0,1.1196688267638197,
2026-02-03,0.0,0.0,0.0,0.0,1.1196688267638197,
2026-02-04,0.0,0.0,0.0,0.0,1.1196688267638197,
2026-02-05,0.0,0.0,0.0,0.0,1.1196688267638197,
2026-02-06,0.0,0.0,0.0,0.0,1.1196688267638197,
2026-02-09,0.0,0.0,0.0,0.0,1.1196688267638197,
2026-02-10,0.0,0.0,0.0,0.0,1.1196688267638197,
2026-02-11,0.0,0.0,0.0,0.0,1.1196688267638197,
2026-02-12,0.0,0.0,0.0,0.0,1.1196688267638197,
2026-02-13,0.0,0.0,0.0,0.0,1.1196688267638197,
2026-02-17,0.0,0.0,0.0,0.0,1.1196688267638197,
2026-02-18,0.0,0.0,0.0,0.0,1.1196688267638197,
2026-02-19,0.0,0.0,0.0,0.0,1.1196688267638197,
2026-02-20,0.0,0.0,0.0,0.0,1.1196688267638197,
2026-02-23,0.0,0.0,0.0,0.0,1.1196688267638197,
2026-02-24,0.0,0.0,0.0,0.0,1.1196688267638197,
2026-02-25,0.0,0.0,0.0,0.0,1.1196688267638197,
2026-02-26,0.0,0.0,0.0,0.0,1.1196688267638197,
2026-02-27,0.0,1.0,5.639243903656168e-05,-5.639243903656168e-05,1.1196056859077654,0.5639243903656168
2026-03-02,0.010499387499999884,1.0,5.6655697189982814e-05,0.010442731802809902,1.1312974278106014,0.5665569718998281
2026-03-03,0.0,0.0,0.0,0.0,1.1312974278106014,
2026-03-04,0.0,0.0,0.0,0.0,1.1312974278106014,
2026-03-05,0.0,0.0,0.0,0.0,1.1312974278106014,
2026-03-06,0.0,0.0,0.0,0.0,1.1312974278106014,
2026-03-09,0.0,0.0,0.0,0.0,1.1312974278106014,
2026-03-10,0.0,0.0,0.0,0.0,1.1312974278106014,
2026-03-11,0.0,0.0,0.0,0.0,1.1312974278106014,
2026-03-12,0.0,0.0,0.0,0.0,1.1312974278106014,
2026-03-13,0.0,1.0,5.34706147028431e-05,-5.34706147028431e-05,1.1312369366417245,0.5347061470284309
2026-03-16,0.000355003025000001,2.0,0.0001105288321252956,0.0002444741928747054,1.13151349487876,0.552644160626478
2026-03-17,0.003000050000000086,1.0,5.704874072176804e-05,0.002943001259278318,1.1348435405190787,0.5704874072176804
2026-03-18,0.0,1.0,5.509558355356994e-05,-5.509558355356994e-05,1.1347810156519718,0.5509558355356994
2026-03-19,0.0004749987500000004,0.0,0.0,0.0004749987500000004,1.13532003521593,
2026-03-20,0.0006649975499999993,1.0,5.547939128129752e-05,0.0006095181587187018,1.1360120333933512,0.5547939128129752
2026-03-23,0.0,1.0,5.805594842862992e-05,-5.805594842862992e-05,1.135946081137326,0.5805594842862992
2026-03-24,-0.002999950000000086,1.0,5.535084150157517e-05,-0.003055300841501661,1.1324754241197268,0.5535084150157517
2026-03-25,-0.0012501250000000706,1.0,5.5424524905837576e-05,-0.0013055495249059083,1.1309969213677997,0.5542452490583758
2026-03-26,-0.008999549999999945,0.0,0.0,-0.008999549999999945,1.120818458024104,
2026-03-27,-0.004499887500000025,0.0,0.0,-0.004499887500000025,1.115774901055072,
2026-03-30,0.010500612499999989,1.0,5.84780207689172e-05,0.010442134479231072,1.1274259726204399,0.5847802076891719
2026-03-31,0.0,1.0,5.8533814428528676e-05,-5.8533814428528676e-05,1.1273599800777765,0.5853381442852867
2026-04-01,-0.004499887500000129,2.0,0.0001149869248625618,-0.004614874424862691,1.122157355338102,0.5749346243128091
2026-04-02,0.0,0.21229050279329614,1.0993522472696427e-05,-1.0993522472696427e-05,1.122145018875998,0.5178527691085947
2026-04-03,0.0006793225251396666,0.21229050279329614,1.099609324077129e-05,0.0006683264318988952,1.1228949780525366,0.517973865815279
2026-04-06,0.0,2.0,0.00011101102590252166,-0.00011101102590252166,1.1227703243290421,0.5550551295126083
2026-04-07,-0.0008000037500000229,2.0,0.0001110387537940367,-0.0009110425037940596,1.1217474328415797,0.5551937689701836
2026-04-08,9.499995000000271e-05,1.0,5.447933971666213e-05,4.0520610283340585e-05,1.1217928867321423,0.5447933971666212
2026-04-09,4.250010000000122e-05,1.0,5.4472819044386597e-05,-1.1972719044385374e-05,1.1217794558210834,0.5447281904438659
2026-04-10,0.0,0.0,0.0,0.0,1.1217794558210834,
2026-04-13,0.0,0.0,0.0,0.0,1.1217794558210834,
2026-04-14,0.0,0.0,0.0,0.0,1.1217794558210834,
2026-04-15,0.0,0.0,0.0,0.0,1.1217794558210834,
2026-04-16,0.0,0.0,0.0,0.0,1.1217794558210834,
2026-04-17,0.0,0.0,0.0,0.0,1.1217794558210834,
2026-04-20,0.0,0.0,0.0,0.0,1.1217794558210834,
2026-04-21,0.0,0.0,0.0,0.0,1.1217794558210834,
2026-04-22,0.0,0.0,0.0,0.0,1.1217794558210834,
2026-04-23,0.0,0.0,0.0,0.0,1.1217794558210834,
2026-04-24,0.0,1.0,5.663929408813172e-05,-5.663929408813172e-05,1.1217159190245831,0.5663929408813172
2026-04-27,0.00018999980000000544,0.0,0.0,0.00018999980000000544,1.1219290448248544,
2026-04-28,0.00018999979999999886,1.0,5.663801753810266e-05,0.0001333617824618962,1.1220786672820682,0.5663801753810266
2026-04-29,0.0,0.0,0.0,0.0,1.1220786672820682,
2026-04-30,0.0,1.0,5.676072071844183e-05,-5.676072071844183e-05,1.1220149772882104,0.5676072071844183
2026-05-01,9.499994999999613e-05,0.0,0.0,9.499994999999613e-05,1.122121568654952,
2026-05-04,0.0004749987500000004,2.0,0.00011122773725658351,0.0003637710127434169,1.1225297639544027,0.5561386862829176
2026-05-05,-0.0016000150000000457,2.0,0.00011121717112907284,-0.0017112321711291185,1.120608854909274,0.5560858556453643
2026-05-06,-0.0003800007999999977,0.0,0.0,-0.0003800007999999977,1.1201830226479215,
2026-05-07,0.00028499954999999496,0.0,0.0,0.00028499954999999496,1.120502274305294,
2026-05-08,-9.500004999999613e-05,0.0,0.0,-9.500004999999613e-05,1.12039582653321,
2026-05-11,0.00037999920000000425,0.0,0.0,0.00037999920000000425,1.1208215760509759,
2026-05-12,9.499994999999613e-05,1.0,5.637225625014518e-05,3.862769374985094e-05,1.1208648708035638,0.5637225625014518
2026-05-13,0.0,1.0,5.415377951394793e-05,-5.415377951394793e-05,1.1208041717344854,0.5415377951394793
2026-05-14,-0.0001375415984636878,1.0,5.4154122814263056e-05,-0.00019169572127795086,1.1205893183703735,0.5415412281426305
2026-05-15,0.0012736852960893808,0.0,0.0,0.0012736852960893808,1.1220165965081366,
2026-05-18,8.491456424581838e-05,1.0,5.3954307461096844e-05,3.096025678472154e-05,1.122051334430081,0.5395430746109684
2026-05-19,-0.0005442502622206755,1.0,5.397073773512041e-05,-0.0005982209999557959,1.1213800997587966,0.5397073773512041
2026-05-20,-0.0011888673351955234,1.0,5.409738599368069e-05,-0.001242964721189204,1.1199862638557527,0.5409738599368069
2026-05-21,-0.00016999840000000527,1.0,5.4636615313430684e-05,-0.00022463501531343595,1.1197346757242206,0.5463661531343069
2026-05-22,0.00028499954999999496,0.21229050279329614,1.1003457770696517e-05,0.00027399609222929845,1.1200414786497026,0.5183207739354411
2026-05-26,-0.0008491770558659166,1.0,5.414109069440312e-05,-0.0009033181465603197,1.1190297248571381,0.5414109069440313
2026-05-27,7.787696458408616e-05,1.0,5.5088592870919566e-05,2.2788371713166594e-05,1.1190552257224664,0.5508859287091956
2026-05-28,0.00014262490712290272,0.0,0.0,0.00014262490712290272,1.1192148308701004,
2026-05-29,9.254212709497767e-05,0.0,0.0,9.254212709497767e-05,1.1193184053912253,
2026-06-01,-0.00015025030027933636,0.0,0.0,-0.00015025030027933636,1.119150227464707,
2026-06-02,-8.4916422486033e-05,1.0,5.400396310410083e-05,-0.00013892038559013383,1.1189947546835741,0.5400396310410083
2026-06-03,0.00016838632257255723,0.0,0.0,0.00016838632257255723,1.1191831780952932,
2026-06-04,-0.0001369063212460843,0.12195121951219512,6.280294903023203e-06,-0.0001431866161491075,1.1190229260431708,0.5149841820479027
2026-06-05,0.0004571147811760273,0.0,0.0,0.0004571147811760273,1.11953444796314,
2026-06-08,-9.635724888410462e-05,0.12195121951219512,6.28065694562682e-06,-0.00010263790582973144,1.1194195412918968,0.5150138695413993
2026-06-09,0.00011784074369601026,0.8780487804878048,4.642736324626715e-05,7.141338044974311e-05,1.119499482825482,0.5287560814158204
2026-06-10,3.091550502793091e-05,1.2938547486033518,6.938955754918634e-05,-3.847405252125543e-05,1.1194564111435823,0.5363009845122779
2026-06-11,-0.00328017949999998,1.0,5.4087392790399204e-05,-0.003334266892790379,1.1157238446939843,0.540873927903992
2026-06-12,0.0,1.0,5.483662463429892e-05,-5.483662463429892e-05,1.1156626621643173,0.5483662463429891
2026-06-15,-0.0008000037500000784,1.893854748603352,0.00010303050289160425,-0.0009030342528916827,1.1146551805657106,0.5440253692506537
2026-06-16,1.0164913407821201e-05,0.0,0.0,1.0164913407821201e-05,1.1146665109391007,
2026-06-17,-0.0005008214085195507,1.0,5.4641547789277576e-05,-0.0005554629563088283,1.114047354983636,0.5464154778927758
2026-06-18,0.0029576412688546946,1.0,5.5159232087231464e-05,0.0029024820367674633,1.1172808574195845,0.5515923208723146
2026-06-22,-0.0004278734280726218,1.0,5.4986527630895354e-05,-0.0004828599557035171,1.1167413672342625,0.5498652763089534
2026-06-23,0.0,0.0,0.0,0.0,1.1167413672342625,
2026-06-24,0.0,0.0,0.0,0.0,1.1167413672342625,
2026-06-25,0.0,1.0,5.798020148988788e-05,-5.798020148988788e-05,1.1166766183447783,0.5798020148988788
2026-06-26,0.0010800079999999934,0.0,0.0,0.0010800079999999934,1.1178826380260036,
2026-06-29,-0.000269999499999989,1.0,5.800141230471573e-05,-0.0003280009123047047,1.1175159715008816,0.5800141230471573
2026-06-30,0.0,1.0,5.427500763607056e-05,-5.427500763607056e-05,1.117455318312995,0.5427500763607056
2026-07-01,0.00011999990749999841,0.0,0.0,0.00011999990749999841,1.1175894128478279,
2026-07-02,-0.0001400003700000024,0.10614525139664807,5.4398249736219685e-06,-0.0001454401949736244,1.1174268704257229,0.5124887738307011
2026-07-06,-8.491642248603006e-05,0.10614525139664807,5.439537437867513e-06,-9.035595992389757e-05,1.1173259042482009,0.5124616849359392
2026-07-07,0.0004974969824999977,1.0,5.4471695629218644e-05,0.0004430252868707791,1.1178209078774586,0.5447169562921864
2026-07-08,0.0,1.0,5.704657628129687e-05,-5.704657628129687e-05,1.1177571400217685,0.5704657628129687
2026-07-09,0.0,1.0,5.564219750233605e-05,-5.564219750233605e-05,1.117694945558224,0.5564219750233605
2026-07-10,-0.0013499887500000075,1.0,5.55924118787397e-05,-0.0014055811618787473,1.1161239345980203,0.555924118787397
2026-07-13,0.0,0.0,0.0,0.0,1.1161239345980203,
2026-07-14,0.0,0.0,0.0,0.0,1.1161239345980203,
2026-07-15,0.0,0.0,0.0,0.0,1.1161239345980203,
2026-07-16,0.0,0.0,0.0,0.0,1.1161239345980203,
2026-07-17,0.0,0.0,0.0,0.0,1.1161239345980203,
2026-07-20,0.0,0.0,0.0,0.0,1.1161239345980203,
2026-07-21,0.0,0.0,0.0,0.0,1.1161239345980203,
2026-07-22,0.0,1.0,5.438873751199048e-05,-5.438873751199048e-05,1.1160632300263107,0.5438873751199048
2026-07-23,0.003199940000000036,1.0,5.438873751199048e-05,0.0031455512624880455,1.1195738641285364,0.5438873751199048
2026-07-24,0.0,0.0,0.0,0.0,1.1195738641285364,
2026-07-27,0.0,0.0,0.0,0.0,1.1195738641285364,
2026-07-28,0.0,0.0,0.0,0.0,1.1195738641285364,
2026-07-29,0.0,1.0,5.762639879423693e-05,-5.762639879423693e-05,1.1195093471185626,0.5762639879423693
2026-07-30,-4.999998500000143e-05,1.0,5.7470721255867e-05,-0.00010747070625586843,1.1193890326583678,0.57470721255867
2026-07-31,0.0,0.0,0.0,0.0,1.1193890326583678,
2026-08-03,0.0,0.0,0.0,0.0,1.1193890326583678,
2026-08-04,0.0,0.0,0.0,0.0,1.1193890326583678,
2026-08-05,0.0,0.0,0.0,0.0,1.1193890326583678,
2026-08-06,0.0,0.0,0.0,0.0,1.1193890326583678,
2026-08-07,0.0,0.0,0.0,0.0,1.1193890326583678,
2026-08-10,0.0,0.0,0.0,0.0,1.1193890326583678,
2026-08-11,0.0,0.0,0.0,0.0,1.1193890326583678,
2026-08-12,0.0,0.0,0.0,0.0,1.1193890326583678,
2026-08-13,0.0,1.0,5.351001063098807e-05,-5.351001063098807e-05,1.1193291341393299,0.5351001063098807
2026-08-14,0.0010999631249999794,1.0,5.349653043280929e-05,0.00104646659456717,1.1205004746865324,0.5349653043280929
2026-08-17,0.003199940000000036,1.0,5.420502121157912e-05,0.003145734978788457,1.124025272223503,0.5420502121157912
2026-08-18,0.0,0.0,0.0,0.0,1.124025272223503,
2026-08-19,0.0,0.0,0.0,0.0,1.124025272223503,
2026-08-20,0.0,0.0,0.0,0.0,1.124025272223503,
2026-08-21,0.0,1.0,5.702189205164347e-05,-5.702189205164347e-05,1.123961178175767,0.5702189205164347
2026-08-24,0.008000359999999812,1.0,5.705340136457529e-05,0.007943306598635238,1.1328891464189803,0.5705340136457528
2026-08-25,0.0,1.0,5.7211885983224365e-05,-5.7211885983224365e-05,1.1328243316943039,0.5721188598322436
2026-08-26,-0.0019999775000000574,1.0,5.721338732396222e-05,-0.00205719088732402,1.1304938958022035,0.5721338732396222
2026-08-27,0.0,1.0,5.7584691316914694e-05,-5.7584691316914694e-05,1.130428796660178,0.5758469131691469
2026-08-28,-0.0029699395000000106,1.0,5.783530147170753e-05,-0.003027774801471718,1.1270061128347924,0.5783530147170753
2026-08-31,0.0,1.0,5.72131915146308e-05,-5.72131915146308e-05,1.1269416332182205,0.572131915146308
