DATE,Gross Return,Turnover,Transaction Cost,Net Return,Equity Curve,Avg Cost Bps
2010-01-04,0.0,0.0,0.0,0.0,1.0,
2010-01-05,0.0,0.0,0.0,0.0,1.0,
2010-01-06,0.0,0.0,0.0,0.0,1.0,
2010-01-07,0.0,0.0,0.0,0.0,1.0,
2010-01-08,0.0,0.0,0.0,0.0,1.0,
2010-01-11,0.0,0.0,0.0,0.0,1.0,
2010-01-12,0.0,0.0,0.0,0.0,1.0,
2010-01-13,0.0,0.0,0.0,0.0,1.0,
2010-01-14,0.0,0.0,0.0,0.0,1.0,
2010-01-15,0.0,0.0,0.0,0.0,1.0,
2010-01-19,0.0,0.0,0.0,0.0,1.0,
2010-01-20,0.0,0.0,0.0,0.0,1.0,
2010-01-21,0.0,0.0,0.0,0.0,1.0,
2010-01-22,0.0,0.0,0.0,0.0,1.0,
2010-01-25,0.0,0.0,0.0,0.0,1.0,
2010-01-26,0.0,0.0,0.0,0.0,1.0,
2010-01-27,0.0,0.0,0.0,0.0,1.0,
2010-01-28,0.0,0.0,0.0,0.0,1.0,
2010-01-29,0.0,0.0,0.0,0.0,1.0,
2010-02-01,0.0,0.0,0.0,0.0,1.0,
2010-02-02,0.0,0.0,0.0,0.0,1.0,
2010-02-03,0.0,0.0,0.0,0.0,1.0,
2010-02-04,0.0,0.0,0.0,0.0,1.0,
2010-02-05,0.0,0.0,0.0,0.0,1.0,
2010-02-08,0.0,0.0,0.0,0.0,1.0,
2010-02-09,0.0,0.0,0.0,0.0,1.0,
2010-02-10,0.0,0.0,0.0,0.0,1.0,
2010-02-11,0.0,0.0,0.0,0.0,1.0,
2010-02-12,0.0,0.0,0.0,0.0,1.0,
2010-02-16,0.0,0.0,0.0,0.0,1.0,
2010-02-17,0.0,0.0,0.0,0.0,1.0,
2010-02-18,0.0,0.0,0.0,0.0,1.0,
2010-02-19,0.0,0.0,0.0,0.0,1.0,
2010-02-22,0.0,0.0,0.0,0.0,1.0,
2010-02-23,0.0,0.0,0.0,0.0,1.0,
2010-02-24,0.0,0.0,0.0,0.0,1.0,
2010-02-25,0.0,0.0,0.0,0.0,1.0,
2010-02-26,0.0,0.0,0.0,0.0,1.0,
2010-03-01,0.0,0.0,0.0,0.0,1.0,
2010-03-02,0.0,0.0,0.0,0.0,1.0,
2010-03-03,0.0,0.0,0.0,0.0,1.0,
2010-03-04,0.0,0.0,0.0,0.0,1.0,
2010-03-05,0.0,0.0,0.0,0.0,1.0,
2010-03-08,0.0,0.0,0.0,0.0,1.0,
2010-03-09,0.0,0.0,0.0,0.0,1.0,
2010-03-10,0.0,0.0,0.0,0.0,1.0,
2010-03-11,0.0,0.0,0.0,0.0,1.0,
2010-03-12,0.0,0.0,0.0,0.0,1.0,
2010-03-15,0.0,0.0,0.0,0.0,1.0,
2010-03-16,0.0,0.0,0.0,0.0,1.0,
2010-03-17,0.0,0.0,0.0,0.0,1.0,
2010-03-18,0.0,0.0,0.0,0.0,1.0,
2010-03-19,0.0,0.0,0.0,0.0,1.0,
2010-03-22,0.0,0.0,0.0,0.0,1.0,
2010-03-23,0.0,0.0,0.0,0.0,1.0,
2010-03-24,0.0,0.0,0.0,0.0,1.0,
2010-03-25,0.0,0.0,0.0,0.0,1.0,
2010-03-26,0.0,0.0,0.0,0.0,1.0,
2010-03-29,0.0,0.0,0.0,0.0,1.0,
2010-03-30,0.0,0.0,0.0,0.0,1.0,
2010-03-31,0.0,0.0,0.0,0.0,1.0,
2010-04-01,0.0,0.0,0.0,0.0,1.0,
2010-04-02,0.0,0.0,0.0,0.0,1.0,
2010-04-05,0.0,0.0,0.0,0.0,1.0,
2010-04-06,0.0,0.0,0.0,0.0,1.0,
2010-04-07,0.0,0.0,0.0,0.0,1.0,
2010-04-08,0.0,0.0,0.0,0.0,1.0,
2010-04-09,0.0,0.0,0.0,0.0,1.0,
2010-04-12,0.0,0.0,0.0,0.0,1.0,
2010-04-13,0.0,0.0,0.0,0.0,1.0,
2010-04-14,0.0,0.0,0.0,0.0,1.0,
2010-04-15,0.0,0.0,0.0,0.0,1.0,
2010-04-16,0.0,0.0,0.0,0.0,1.0,
2010-04-19,0.0,0.0,0.0,0.0,1.0,
2010-04-20,0.0,0.0,0.0,0.0,1.0,
2010-04-21,0.0,0.0,0.0,0.0,1.0,
2010-04-22,0.0,0.0,0.0,0.0,1.0,
2010-04-23,0.0,0.0,0.0,0.0,1.0,
2010-04-26,0.0,0.0,0.0,0.0,1.0,
2010-04-27,0.0,0.0,0.0,0.0,1.0,
2010-04-28,0.0,0.0,0.0,0.0,1.0,
2010-04-29,0.0,0.0,0.0,0.0,1.0,
2010-04-30,0.0,0.0,0.0,0.0,1.0,
2010-05-03,0.0,0.0,0.0,0.0,1.0,
2010-05-04,0.0,0.0,0.0,0.0,1.0,
2010-05-05,0.0,0.0,0.0,0.0,1.0,
2010-05-06,0.0,0.0,0.0,0.0,1.0,
2010-05-07,0.0,0.0,0.0,0.0,1.0,
2010-05-10,0.0,0.0,0.0,0.0,1.0,
2010-05-11,0.0,0.0,0.0,0.0,1.0,
2010-05-12,0.0,0.0,0.0,0.0,1.0,
2010-05-13,0.0,0.0,0.0,0.0,1.0,
2010-05-14,0.0,0.0,0.0,0.0,1.0,
2010-05-17,0.0,0.0,0.0,0.0,1.0,
2010-05-18,0.0,0.0,0.0,0.0,1.0,
2010-05-19,0.0,0.0,0.0,0.0,1.0,
2010-05-20,0.0,0.0,0.0,0.0,1.0,
2010-05-21,0.0,0.0,0.0,0.0,1.0,
2010-05-24,0.0,0.0,0.0,0.0,1.0,
2010-05-25,0.0,0.0,0.0,0.0,1.0,
2010-05-26,0.0,0.0,0.0,0.0,1.0,
2010-05-27,0.0,0.0,0.0,0.0,1.0,
2010-05-28,0.0,0.0,0.0,0.0,1.0,
2010-06-01,0.0,0.0,0.0,0.0,1.0,
2010-06-02,0.0,0.0,0.0,0.0,1.0,
2010-06-03,0.0,0.0,0.0,0.0,1.0,
2010-06-04,0.0,0.0,0.0,0.0,1.0,
2010-06-07,0.0,0.0,0.0,0.0,1.0,
2010-06-08,0.0,0.0,0.0,0.0,1.0,
2010-06-09,0.0,0.0,0.0,0.0,1.0,
2010-06-10,0.0,0.0,0.0,0.0,1.0,
2010-06-11,0.0,0.0,0.0,0.0,1.0,
2010-06-14,0.0,0.0,0.0,0.0,1.0,
2010-06-15,0.0,0.0,0.0,0.0,1.0,
2010-06-16,0.0,0.0,0.0,0.0,1.0,
2010-06-17,0.0,0.0,0.0,0.0,1.0,
2010-06-18,0.0,0.0,0.0,0.0,1.0,
2010-06-21,0.0,0.0,0.0,0.0,1.0,
2010-06-22,0.0,0.0,0.0,0.0,1.0,
2010-06-23,0.0,0.0,0.0,0.0,1.0,
2010-06-24,0.0,0.0,0.0,0.0,1.0,
2010-06-25,0.0,0.0,0.0,0.0,1.0,
2010-06-28,0.0,0.0,0.0,0.0,1.0,
2010-06-29,0.0,0.0,0.0,0.0,1.0,
2010-06-30,0.0,0.0,0.0,0.0,1.0,
2010-07-01,0.0,1.0,5.4135564711002246e-05,-5.4135564711002246e-05,0.999945864435289,0.5413556471100225
2010-07-02,-0.0014693113265306036,0.1836734693877551,9.726533323595245e-06,-0.0014790378598541988,0.9984669066439846,0.529555703173519
2010-07-06,0.0012600223749999996,1.0,5.445988433904711e-05,0.0012055624906609525,0.999670620894801,0.5445988433904712
2010-07-07,0.00017999975000000047,1.0,5.539861180454715e-05,0.00012460113819545333,0.999795180991985,0.5539861180454715
2010-07-08,0.0,0.0,0.0,0.0,0.999795180991985,
2010-07-09,0.0,1.0,5.415372054427412e-05,-5.415372054427412e-05,0.9997410383631521,0.5415372054427412
2010-07-12,-3.6719030612293244e-06,1.0,5.4153365026125796e-05,-5.782526808735512e-05,0.9996832280695908,0.541533650261258
2010-07-13,0.0,0.0,0.0,0.0,0.9996832280695908,
2010-07-14,0.0,0.0,0.0,0.0,0.9996832280695908,
2010-07-15,0.0,0.0,0.0,0.0,0.9996832280695908,
2010-07-16,0.0,0.0,0.0,0.0,0.9996832280695908,
2010-07-19,0.0,0.0,0.0,0.0,0.9996832280695908,
2010-07-20,0.0,1.0,5.520479823532413e-05,-5.520479823532413e-05,0.9996280407586859,0.5520479823532413
2010-07-21,0.0005400022499999999,1.0,5.521744682890295e-05,0.00048478480317109694,1.0001126452416693,0.5521744682890295
2010-07-22,0.0,1.0,5.795338644428921e-05,-5.795338644428921e-05,1.0000546853270518,0.5795338644428921
2010-07-23,0.0005399979999999967,0.0,0.0,0.0005399979999999967,1.000594712857019,
2010-07-26,0.0008099955000000045,1.0,5.7878804793352326e-05,0.0007521166952066522,1.0013472768456944,0.5787880479335232
2010-07-27,0.0,0.0,0.0,0.0,1.0013472768456944,
2010-07-28,0.0,1.0,5.7878804793352326e-05,-5.7878804793352326e-05,1.0012893200621273,0.5787880479335232
2010-07-29,-0.0008100044999999999,0.0,0.0,-0.0008100044999999999,1.000478271207075,
2010-07-30,-0.0021600320000000014,1.9152542372881354,0.00010515731481473553,-0.002265189314814737,0.9982119985174324,0.549051466731805
2010-08-02,-0.00014694607187198358,1.9152542372881358,0.00010150283206429061,-0.0002484489039362742,0.9979639938405047,0.5299705390967385
2010-08-03,-0.00040500512499999994,1.0989277066758907,5.827255136683675e-05,-0.0004632776763668367,0.9975016594003404,0.530267378034388
2010-08-04,-0.00044563598062954127,1.183673469387755,6.215684465969342e-05,-0.0005077928252892347,0.9969951352144828,0.5251181704008582
2010-08-05,0.0005400022500000014,1.0,5.2373478618625806e-05,0.0004876287713813756,0.9974812987273406,0.523734786186258
2010-08-06,0.00023567890042372868,2.0,0.00010844853709879922,0.00012723036332492945,0.9976082086353875,0.5422426854939961
2010-08-09,0.0,2.0,0.00011015737814333465,-0.00011015737814333465,0.9974983147307099,0.5507868907166733
2010-08-10,-0.0002250017500000006,1.183673469387755,6.425461554081354e-05,-0.00028925636554081414,0.9972097819935579,0.5428407174999764
2010-08-11,-8.263827806122666e-05,1.0,5.3582389506622874e-05,-0.00013622066756784954,0.9970739414113496,0.5358238950662287
2010-08-12,-0.0004408133673469374,0.36734693877551017,1.9161330766049196e-05,-0.0004599746981129866,0.9966153126261527,0.5216140041868949
2010-08-13,0.00018000025000000048,1.0,5.40642208075015e-05,0.00012593602919249897,0.9967408224012573,0.540642208075015
2010-08-16,0.0,0.0,0.0,0.0,0.9967408224012573,
2010-08-17,0.0,0.0,0.0,0.0,0.9967408224012573,
2010-08-18,0.0,0.0,0.0,0.0,0.9967408224012573,
2010-08-19,0.0,0.0,0.0,0.0,0.9967408224012573,
2010-08-20,0.0,1.0,5.825475919073514e-05,-5.825475919073514e-05,0.9966827575046727,0.5825475919073515
2010-08-23,0.0012500387500000187,1.0,5.7851718091134006e-05,0.0011921870319088848,0.9978709897630971,0.5785171809113401
2010-08-24,-0.013501012500000074,2.0,0.00011820230523081652,-0.01361921480523089,0.9842807704056051,0.5910115261540827
2010-08-25,0.0013499875000000014,1.0,5.6387830502688173e-05,0.0012935996694973134,0.9855540356848944,0.5638783050268817
2010-08-26,0.0,0.0,0.0,0.0,0.9855540356848944,
2010-08-27,0.0,0.0,0.0,0.0,0.9855540356848944,
2010-08-30,0.0,1.0,6.22532135759503e-05,-6.22532135759503e-05,0.9854926817790203,0.6225321357595031
2010-08-31,-0.010500612499999989,1.0,6.234622932441615e-05,-0.010562958729324405,0.9750829632533372,0.6234622932441615
2010-09-01,0.0,1.0,6.280585141677329e-05,-6.280585141677329e-05,0.9750217223376281,0.6280585141677328
2010-09-02,0.008999549999999945,0.0,0.0,0.008999549999999945,0.9837964790788917,
2010-09-03,0.011999200000000031,1.0,5.844972618402564e-05,0.011940750273816005,0.9955437471558322,0.5844972618402564
2010-09-07,0.0030007200000000695,0.0,0.0,0.0030007200000000695,0.9985310951887978,
2010-09-08,-0.0012498750000000704,1.0,5.853963700908322e-05,-0.0013084146370091537,0.997224602488344,0.5853963700908322
2010-09-09,0.017998199999999995,1.0,5.8799761211926016e-05,0.01793940023878807,1.0151142137603486,0.5879976121192602
2010-09-10,-0.0009999200000000634,0.0,0.0,-0.0009999200000000634,1.0140991807557254,
2010-09-13,0.0005000562500000316,0.0,0.0,0.0005000562500000316,1.0146062873891821,
2010-09-14,0.0010000799999999419,1.0,5.881282742716763e-05,0.0009412671725727742,1.0155613029805874,0.5881282742716762
2010-09-15,0.0,0.0,0.0,0.0,1.0155613029805874,
2010-09-16,0.0,0.0,0.0,0.0,1.0155613029805874,
2010-09-17,0.0,0.0,0.0,0.0,1.0155613029805874,
2010-09-20,0.0,0.0,0.0,0.0,1.0155613029805874,
2010-09-21,0.0,1.0,5.203111391330313e-05,-5.203111391330313e-05,1.015508462194746,0.5203111391330313
2010-09-22,9.500004999999983e-05,1.0,5.2026658489427454e-05,4.297339151057238e-05,1.0155521020374743,0.5202665848942746
2010-09-23,0.0,1.0,5.5905087340351125e-05,-5.5905087340351125e-05,1.0154953275085112,0.5590508734035112
2010-09-24,0.0005399979999999991,1.0,5.5919600211726015e-05,0.0004840783997882731,1.015986906861644,0.5591960021172602
2010-09-27,0.0,1.0,5.200676820885418e-05,-5.200676820885418e-05,1.0159340686660756,0.5200676820885418
2010-09-28,0.0,1.0,5.125522150510556e-05,-5.125522150510556e-05,1.0158819967403516,0.5125522150510556
2010-09-29,2.459147848837154e-05,0.05263157894736847,2.6879047837079737e-06,2.1903573704663566e-05,1.0159042481865423,0.5107019089045145
2010-09-30,-1.184213815789487e-05,0.052631578947368446,2.6649169098937213e-06,-1.4507055067788591e-05,1.0158895104076704,0.5063342128798068
2010-10-01,4.7500025000000126e-05,0.15877683034401652,8.074758980932547e-06,3.942526601906758e-05,1.015929562121864,0.5085602832250292
2010-10-04,9.878263764480933e-05,0.0,0.0,9.878263764480933e-05,1.0160299183236718,
2010-10-05,6.931673168185689e-06,0.05263157894736847,2.687258360623265e-06,4.244414807562424e-06,1.016034230776102,0.5105790885184198
2010-10-06,0.0003645180571926299,0.0,0.0,0.0003645180571926299,1.016404593599946,
2010-10-07,3.0442575424407773e-05,0.34545454545454546,1.7682296720141887e-05,1.2760278704265886e-05,1.0164175632058368,0.5118559576883178
2010-10-08,6.924178214940115e-05,0.39808612440191393,2.037042934970241e-05,4.8871352799698743e-05,1.0164672369071601,0.5117091026547841
2010-10-12,-8.000438784328082e-05,1.8412231696559835,9.690121290235228e-05,-0.0001769056007456331,1.0162874181599768,0.5262871687654106
2010-10-13,-0.0009303666939252419,0.8163265306122449,4.33894582484704e-05,-0.0009737561521737123,1.0152978020341668,0.5315208635437624
2010-10-14,0.0009198128487983986,0.8163265306122449,4.340754443597135e-05,0.0008764053043624273,1.016187614413377,0.5317424193406491
2010-10-15,-0.001887304579439252,1.8412231696559835,9.689817109807307e-05,-0.001984202750537325,1.014171292153796,0.5262706482027252
2010-10-18,0.00019554666489855885,0.8938547486033519,4.624345365065966e-05,0.00014930321124789918,1.01432271118447,0.5173486377167549
2010-10-19,0.00017304092338345787,0.0,0.0,0.00017304092338345787,1.0144982305230221,
2010-10-20,7.347014030612585e-05,0.0,0.0,7.347014030612585e-05,1.0145727658503592,
2010-10-21,-0.0005522165088131045,0.6545454545454545,3.365061563918338e-05,-0.0005858671244522879,1.0139783610214828,0.5141066278208571
2010-10-22,0.0001169569953110049,0.0,0.0,0.0001169569953110049,1.0140969528838981,
2010-10-25,-7.699527555023919e-05,0.08474576271186438,4.3136494046917055e-06,-8.13089249549309e-05,1.014014497750859,0.5090106297536214
2010-10-26,-4.750996575500776e-05,0.0,0.0,-4.750996575500776e-05,1.0139663219567958,
2010-10-27,5.720286016949158e-05,1.0,5.119545175571927e-05,6.00740841377231e-06,1.0139724132666097,0.5119545175571928
2010-10-28,0.0,0.9999999999999999,5.1206777040218543e-05,-5.1206777040218543e-05,1.0139204910073187,0.5120677704021855
2010-10-29,4.146811794258345e-05,0.0,0.0,4.146811794258345e-05,1.0139625363818243,
2010-11-01,1.1842102894736847e-05,2.0,0.00010708516412951652,-9.524306123477967e-05,1.013865963485882,0.5354258206475826
2010-11-02,0.007199811313559271,0.847457627118644,4.745408727819629e-05,0.007152357226281074,1.0211174950363007,0.5599582298827163
2010-11-03,-0.006248176249999952,0.7142857142857142,3.9700816365518476e-05,-0.006287877066365471,1.0146968337571973,0.5558114291172588
2010-11-04,-0.0013215919642857023,0.816326530612245,4.323618270992315e-05,-0.0013648281469956255,1.013311946957818,0.5296432381965585
2010-11-05,0.004515011033163259,0.7075471698113207,4.040659180984942e-05,0.00447460444135341,1.0178461170961521,0.5710798309125386
2010-11-08,7.133197860512494e-05,0.9253731343283582,4.93968083618295e-05,2.193517024329544e-05,1.0178684437240122,0.5338042193939639
2010-11-09,-0.0009481953687557115,1.0,5.170989102733231e-05,-0.0009999052597830438,1.0168506717133654,0.5170989102733231
2010-11-10,-0.00032388882462686537,0.0,0.0,-0.00032388882462686537,1.0165213251444831,
2010-11-12,0.0006939969264179099,0.0,0.0,0.0006939969264179099,1.0172267878197716,
2010-11-15,0.000925318675820897,1.0,5.187770114696932e-05,0.0008734409746739277,1.0181152753767895,0.5187770114696932
2010-11-16,0.0,0.0,0.0,0.0,1.0181152753767895,
2010-11-17,0.0,1.0,5.934950738418927e-05,-5.934950738418927e-05,1.0180548507367355,0.5934950738418927
2010-11-18,0.002000044999999988,1.0,5.934699501783147e-05,0.0019406980049821566,1.0200305877545226,0.5934699501783147
2010-11-19,0.0,1.0,5.411124565555716e-05,-5.411124565555716e-05,1.0199753926288124,0.5411124565555715
2010-11-22,0.0013822814143030072,1.816326530612245,0.00010543311723925015,0.001276848297063757,1.0212777464719374,0.5804744656992424
2010-11-23,0.004000090000000115,1.7633587786259541,0.00010602886460844262,0.003894061135391672,1.0252546644529141,0.6012892321950641
2010-11-24,0.004110003998091572,0.7633587786259541,4.381643811460236e-05,0.00406618755997697,1.029423542215321,0.5739953393012909
2010-11-26,0.0020003200000000563,0.7633587786259541,4.374898104414417e-05,0.001956571018955912,1.0314376824842506,0.5731116516782886
2010-11-29,-0.0020935977099236693,0.0,0.0,-0.0020935977099236693,1.0292782669142726,
2010-11-30,-0.0005935173759542209,0.8928571428571429,4.972122385275119e-05,-0.0006432385998069721,1.0286161954030508,0.5568777071508132
2010-12-01,-0.005013907400831515,0.5794392523364486,3.1417807882335005e-05,-0.005045325208713851,1.0234264921822924,0.5422105553886848
2010-12-02,-0.000721551843291058,0.5794392523364486,3.1403789656107e-05,-0.0007529556329471651,1.0226558974400963,0.5419686279360402
2010-12-03,-0.001107226489231202,0.0,0.0,-0.001107226489231202,1.021523585741082,
2010-12-06,0.0028980788084446577,0.0,0.0,0.0028980788084446577,1.0244840415972447,
2010-12-07,-0.006897801558410549,0.0,0.0,-0.006897801558410549,1.0174173539785485,
2010-12-08,-0.002737028578414706,0.8928571428571429,4.833488654584861e-05,-0.0027853634649605548,1.0145834768521598,0.5413507293135044
2010-12-09,0.0008321912732889272,0.5794392523364486,3.1566977695159826e-05,0.0008006242955937673,1.0153957770336357,0.5447849376422744
2010-12-10,-0.0011706922572469456,0.8928571428571429,4.826545776185644e-05,-0.001218957715008802,1.0141580525174332,0.5405731269327921
2010-12-13,0.0011323828723714944,0.42056074766355145,2.2906690146149604e-05,0.0011094761822253447,1.0152832367217135,0.5446701879195572
2010-12-14,-0.004109277822066342,0.0,0.0,-0.004109277822066342,1.0111111558339372,
2010-12-15,-0.000906848692602025,0.0,0.0,-0.000906848692602025,1.0101942310041938,
2010-12-16,0.0007232181186224278,0.0,0.0,0.0007232181186224278,1.010924821775384,
2010-12-17,0.0031458625095663406,0.0,0.0,0.0031458625095663406,1.014105052272197,
2010-12-20,-0.0006772780707908299,0.42056074766355145,2.3014302830425135e-05,-0.0007002923736212551,1.01339488223804,0.5472289784123309
2010-12-21,0.00021073133615654604,0.42056074766355145,2.3014757864547425e-05,0.00018771657829199861,1.0135851132577924,0.5472397981125721
2010-12-22,-0.00041326177295918066,0.42056074766355145,2.3011351213542163e-05,-0.0004362731241727228,1.0131429133138166,0.5471587955220025
2010-12-23,-0.0012930457939752996,0.0,0.0,-0.0012930457939752996,1.0118328731310602,
2010-12-27,0.0004911369125500653,0.9473684210526316,5.054789423908558e-05,0.00044058901831097976,1.0122786755833277,0.5335611058570144
2010-12-28,0.0012712229300563876,0.6545454545454545,3.4012601968339595e-05,0.001237210328088048,1.0135310772156627,0.5196369745162994
2010-12-29,-0.0001717729501913872,1.6019138755980862,8.478185043649652e-05,-0.00025655480062788374,1.0132710509522174,0.5292534868944972
2010-12-30,-0.00020006614819760514,0.9000000000000001,4.799351180914134e-05,-0.0002480596600067465,1.0130196992798235,0.5332612423237926
2010-12-31,-0.0009096869352142869,0.9000000000000001,4.8006600925602153e-05,-0.0009576935361398891,1.012049536861841,0.5334066769511351
2011-01-03,-0.00011972173356142085,0.42056074766355145,2.3079239582315155e-05,-0.000142800973143736,1.0119050152031073,0.5487730300683825
2011-01-04,-0.0003328624681122515,0.0,0.0,-0.0003328624681122515,1.0115681900022515,
2011-01-05,-0.002720447327806127,0.0,0.0,-0.002720447327806127,1.0088162720228662,
2011-01-06,0.0008035854177295965,0.9473684210526316,5.0619991185263936e-05,0.0007529654265443325,1.0095758757974347,0.534322129177786
2011-01-07,-0.0009592362147368397,1.0545112781954888,5.6295791687512445e-05,-0.0010155320064243521,1.0085506191826485,0.5338567054858577
2011-01-10,0.0006447004107143065,0.0,0.0,0.0006447004107143065,1.009200832181062,
2011-01-11,-0.0011956933903061336,0.9473684210526316,5.0682682467869395e-05,-0.001246376072774003,1.0079429884112079,0.534983870494177
2011-01-12,7.815780263157807e-05,1.0545112781954888,5.629340577000641e-05,2.1864396861571654e-05,1.0079650264767201,0.533834079672788
2011-01-13,0.00098726036989796,0.0,0.0,0.00098726036989796,1.0089601504016037,
2011-01-14,-0.0006772813073979707,0.0,0.0,-0.0006772813073979707,1.0082768005518272,
2011-01-18,-0.0005165718207908007,0.0,0.0,-0.0005165718207908007,1.0077559531691052,
2011-01-19,0.0005969486989795764,0.8928571428571429,5.077316890654168e-05,0.0005461755300730347,1.0083063648110115,0.5686594917532668
2011-01-20,0.0034435342857143244,1.8402255639097744,0.00010151344768270496,0.0033420208380316196,1.0116761456933299,0.5516358954770075
2011-01-21,-0.00037810784539473873,0.0,0.0,-0.00037810784539473873,1.0112936230056446,
2011-01-24,1.1839013157896464e-05,1.8402255639097744,0.00010145469266338639,-8.961567950548992e-05,1.0112029952404393,0.5513166138602816
2011-01-25,-0.0034288451785714083,0.0,0.0,-0.0034288451785714083,1.007735736725652,
2011-01-26,0.004943396326530609,1.8402255639097744,0.0001015320595251914,0.004841864267005417,1.0126150563798884,0.5517370343963414
2011-01-27,-0.0004110964320770689,1.0,5.477751896667386e-05,-0.0004658739510437428,1.0121433054026863,0.5477751896667387
2011-01-28,0.0022728570745297223,0.9876543209876543,5.417309584866352e-05,0.002218683978681059,1.0143889315385126,0.5485025954677181
2011-01-31,0.0008221690503747783,1.0,5.275525108286344e-05,0.0007694137992919149,1.0151694163802873,0.5275525108286344
2011-02-01,0.0,1.0,5.5828651136656056e-05,-5.5828651136656056e-05,1.0151127408410956,0.5582865113665606
2011-02-02,-0.0010136059848691345,0.9876543209876543,5.4091956501150895e-05,-0.0010676979413702854,1.0140289070574409,0.5476810595741527
2011-02-03,0.0006305002237213433,0.6545454545454545,3.419822300906406e-05,0.0005963020007122792,1.0146335745234993,0.5224728515273676
2011-02-04,0.00016231090210998863,0.39808612440191393,2.05548184515374e-05,0.00014175608365845125,1.0147774050053722,0.5163409923523216
2011-02-07,-3.5526181842105127e-05,0.0,0.0,-3.5526181842105127e-05,1.0147413538387526,
2011-02-08,-0.00010657565552631588,0.052631578947368446,2.6806131189661255e-06,-0.000109256268645282,1.0146304869847922,0.5093164926035636
2011-02-09,-3.5000022499999934e-05,0.15877683034401652,8.116389880918059e-06,-4.311641238091799e-05,1.014586739758301,0.5111822589815243
2011-02-10,0.00015307662223464012,0.0,0.0,0.00015307662223464012,1.0147420492693873,
2011-02-11,-0.0002310714260511626,0.34545454545454546,1.7883571954782982e-05,-0.0002489549980059456,1.0144894241645348,0.5176823460595074
2011-02-14,6.21816807177025e-05,0.34545454545454546,1.788282966771152e-05,4.429885104999098e-05,1.0145343648804277,0.5176608588021756
2011-02-15,-1.877395747574338e-05,0.34545454545454546,1.7884752682308204e-05,-3.665871015805159e-05,1.0144971733592003,0.5177165250141849
2011-02-16,1.9248748684210334e-05,0.34545454545454546,1.7885052648790535e-05,1.3636960354197983e-06,1.0144985568249736,0.5177252082544628
2011-02-17,-0.00013632919130549985,0.3980861244019139,2.0571185837479496e-05,-0.00015690037714297935,1.0143393816187967,0.5167521442347613
2011-02-18,-4.3591095681818e-05,0.052631578947368446,2.6797741031685345e-06,-4.627086978498654e-05,1.0142924472533519,0.5091570796020213
2011-02-22,1.77473927272725e-05,0.39808612440191393,2.0533975147909796e-05,-2.7865824206372956e-06,1.014289620843849,0.5158174045568685
2011-02-23,-4.7500025000000126e-05,0.34545454545454546,1.78540178380017e-05,-6.535404283800183e-05,1.0142233329165182,0.5168268321526808
2011-02-24,-7.46818752272729e-05,0.0,0.0,-7.46818752272729e-05,1.0141475888161167,
2011-02-25,-5.954545455208416e-11,0.0,0.0,-5.954545455208416e-11,1.0141475887557287,
2011-02-28,-0.00018045498954545456,0.0,0.0,-0.00018045498954545456,1.0139645807632023,
2011-03-01,-8.077311340909091e-05,0.6545454545454545,3.420859506468853e-05,-0.00011498170847377944,1.0138479933833742,0.522631313488297
2011-03-02,0.00028249887749999997,1.0,5.2939265174361475e-05,0.0002295596123256385,1.0140807319356924,0.5293926517436147
2011-03-03,0.0017999750000000016,1.6545454545454545,8.836241177297498e-05,0.0017116125882270267,1.015816445281952,0.5340585326938048
2011-03-04,-0.00042277809704545464,1.6545454545454545,8.836942333815286e-05,-0.0005111475203836075,1.0152972132247813,0.5341009102855392
2011-03-07,0.00035999899999999784,1.309090909090909,6.956427563503869e-05,0.00029043472436495913,1.0155920907910527,0.531393772212101
2011-03-08,0.00024872646272727306,0.0,0.0,0.00024872646272727306,1.015844695419369,
2011-03-09,-0.00018654623181818233,1.0,5.235948410908494e-05,-0.00023890571592726726,1.0156020043151388,0.5235948410908494
2011-03-10,0.0,0.0,0.0,0.0,1.0156020043151388,
2011-03-11,0.0,0.0,0.0,0.0,1.0156020043151388,
2011-03-14,0.0,0.0,0.0,0.0,1.0156020043151388,
2011-03-15,0.0,0.0,0.0,0.0,1.0156020043151388,
2011-03-16,0.0,0.0,0.0,0.0,1.0156020043151388,
2011-03-17,0.0,0.0,0.0,0.0,1.0156020043151388,
2011-03-18,0.0,1.0,5.2390738564779184e-05,-5.2390738564779184e-05,1.0155487961760448,0.5239073856477918
2011-03-21,-9.999993999999993e-05,1.0,5.246405419755984e-05,-0.00015246399419755976,1.0153939615502772,0.5246405419755984
2011-03-22,0.0,0.0,0.0,0.0,1.0153939615502772,
2011-03-23,0.0,0.0,0.0,0.0,1.0153939615502772,
2011-03-24,0.0,1.0,5.232241189000085e-05,-5.232241189000085e-05,1.0153408336891903,0.5232241189000085
2011-03-25,-4.999998499999991e-05,0.0,0.0,-4.999998499999991e-05,1.015290066662736,
2011-03-28,0.0,1.0,5.2327272192261544e-05,-5.2327272192261544e-05,1.0152369393030636,0.5232727219226154
2011-03-29,0.0,0.0,0.0,0.0,1.0152369393030636,
2011-03-30,0.0,0.0,0.0,0.0,1.0152369393030636,
2011-03-31,0.0,0.0,0.0,0.0,1.0152369393030636,
2011-04-01,0.0,1.0,5.2849125150689916e-05,-5.2849125150689916e-05,1.0151832849190008,0.5284912515068991
2011-04-04,-0.0002850004500000003,0.0,0.0,-0.0002850004500000003,1.0148939572259663,
2011-04-05,0.0005699982000000002,1.0,5.332411153755772e-05,0.0005166740884624425,1.015418326636202,0.5332411153755772
2011-04-06,0.0,0.0,0.0,0.0,1.015418326636202,
2011-04-07,0.0,0.0,0.0,0.0,1.015418326636202,
2011-04-08,0.0,0.0,0.0,0.0,1.015418326636202,
2011-04-11,0.0,1.0,5.333446308538521e-05,-5.333446308538521e-05,1.0153641698449438,0.5333446308538521
2011-04-12,-0.00019000020000000005,1.0,5.33633115238972e-05,-0.00024336351152389726,1.0151170672550949,0.533633115238972
2011-04-13,0.0,0.0,0.0,0.0,1.0151170672550949,
2011-04-14,0.0,0.0,0.0,0.0,1.0151170672550949,
2011-04-15,0.0,0.0,0.0,0.0,1.0151170672550949,
2011-04-18,0.0,0.0,0.0,0.0,1.0151170672550949,
2011-04-19,0.0,0.0,0.0,0.0,1.0151170672550949,
2011-04-20,0.0,0.0,0.0,0.0,1.0151170672550949,
2011-04-21,0.0,0.0,0.0,0.0,1.0151170672550949,
2011-04-25,0.0,0.0,0.0,0.0,1.0151170672550949,
2011-04-26,0.0,0.0,0.0,0.0,1.0151170672550949,
2011-04-27,0.0,0.0,0.0,0.0,1.0151170672550949,
2011-04-28,0.0,0.0,0.0,0.0,1.0151170672550949,
2011-04-29,0.0,0.0,0.0,0.0,1.0151170672550949,
2011-05-02,0.0,0.0,0.0,0.0,1.0151170672550949,
2011-05-03,0.0,0.0,0.0,0.0,1.0151170672550949,
2011-05-04,0.0,0.0,0.0,0.0,1.0151170672550949,
2011-05-05,0.0,0.0,0.0,0.0,1.0151170672550949,
2011-05-06,0.0,0.0,0.0,0.0,1.0151170672550949,
2011-05-09,0.0,0.0,0.0,0.0,1.0151170672550949,
2011-05-10,0.0,0.0,0.0,0.0,1.0151170672550949,
2011-05-11,0.0,0.0,0.0,0.0,1.0151170672550949,
2011-05-12,0.0,0.0,0.0,0.0,1.0151170672550949,
2011-05-13,0.0,0.0,0.0,0.0,1.0151170672550949,
2011-05-16,0.0,0.0,0.0,0.0,1.0151170672550949,
2011-05-17,0.0,0.0,0.0,0.0,1.0151170672550949,
2011-05-18,0.0,0.0,0.0,0.0,1.0151170672550949,
2011-05-19,0.0,0.0,0.0,0.0,1.0151170672550949,
2011-05-20,0.0,0.0,0.0,0.0,1.0151170672550949,
2011-05-23,0.0,0.0,0.0,0.0,1.0151170672550949,
2011-05-24,0.0,0.0,0.0,0.0,1.0151170672550949,
2011-05-25,0.0,0.0,0.0,0.0,1.0151170672550949,
2011-05-26,0.0,0.0,0.0,0.0,1.0151170672550949,
2011-05-27,0.0,1.0,5.2572855551208096e-05,-5.2572855551208096e-05,1.0150636996521505,0.525728555512081
2011-05-31,-4.999998499999991e-05,0.0,0.0,-4.999998499999991e-05,1.0150129464823938,
2011-06-01,5.0000014999999915e-05,1.0,5.261640485933413e-05,-2.616389859334218e-06,1.0150102908128136,0.5261640485933413
2011-06-02,0.0,1.0,5.261640485933413e-05,-5.261640485933413e-05,1.0149568846204158,0.5261640485933413
2011-06-03,5.0000015000000024e-05,1.0,5.261640485933413e-05,-2.6163898593341094e-06,1.0149542290975153,0.5261640485933413
2011-06-06,0.0,0.0,0.0,0.0,1.0149542290975153,
2011-06-07,0.0,0.0,0.0,0.0,1.0149542290975153,
2011-06-08,0.0,1.0,5.257870461940182e-05,-5.257870461940182e-05,1.0149008641189015,0.5257870461940182
2011-06-09,5.0000015000000024e-05,1.0,5.259798560238642e-05,-2.5979706023863955e-06,1.014898227436292,0.5259798560238642
2011-06-10,0.0,1.0,5.6394018656234214e-05,-5.6394018656234214e-05,1.01484099324672,0.5639401865623421
2011-06-13,0.0002699995000000007,1.0,5.633459695987582e-05,0.00021366490304012488,1.0150578291491432,0.5633459695987582
2011-06-14,0.0,0.0,0.0,0.0,1.0150578291491432,
2011-06-15,0.0,1.0,5.66438876373591e-05,-5.66438876373591e-05,1.0150003323275234,0.566438876373591
2011-06-16,0.0,1.0,5.662152797837188e-05,-5.662152797837188e-05,1.0149428614578084,0.5662152797837188
2011-06-17,0.0,0.0,0.0,0.0,1.0149428614578084,
2011-06-20,0.0,1.0,5.3148013385270445e-05,-5.3148013385270445e-05,1.0148889192610224,0.5314801338527044
2011-06-21,0.00013499974999999918,1.0,5.306861200644258e-05,8.19311379935566e-05,1.0149720702651146,0.5306861200644257
2011-06-22,-0.0002700004999999984,1.0,5.305555292751135e-05,-0.00032305605292750976,1.0146441773942632,0.5305555292751135
2011-06-23,-0.0007600089700000011,1.0,5.309503244786637e-05,-0.0008131040024478675,1.0138191661525635,0.5309503244786637
2011-06-24,0.0,1.0,5.631444179173766e-05,-5.631444179173766e-05,1.0137620734921438,0.5631444179173766
2011-06-27,0.0018899755000000029,0.0,0.0,0.0018899755000000029,1.015678058973873,
2011-06-28,0.002969939499999999,0.0,0.0,0.002969939499999999,1.0186945613605027,
2011-06-29,0.001079992000000003,2.0,0.00010945747995441362,0.0009705345200455893,1.0196832395976858,0.5472873997720681
2011-06-30,5.0000015000000024e-05,0.0,0.0,5.0000015000000024e-05,1.0197342237749611,
2011-07-01,0.0,1.0,5.246405419755984e-05,-5.246405419755984e-05,1.0196807243833779,0.5246405419755984
2011-07-05,0.0,1.0,5.675666651336896e-05,-5.675666651336896e-05,1.019622850704554,0.5675666651336896
2011-07-06,-0.0005400020000000014,1.0,5.67113088639003e-05,-0.0005967133088639017,1.0190144281795168,0.567113088639003
2011-07-07,0.0,0.0,0.0,0.0,1.0190144281795168,
2011-07-08,0.0,0.0,0.0,0.0,1.0190144281795168,
2011-07-11,0.0,0.0,0.0,0.0,1.0190144281795168,
2011-07-12,0.0,0.0,0.0,0.0,1.0190144281795168,
2011-07-13,0.0,0.0,0.0,0.0,1.0190144281795168,
2011-07-14,0.0,0.0,0.0,0.0,1.0190144281795168,
2011-07-15,0.0,0.0,0.0,0.0,1.0190144281795168,
2011-07-18,0.0,0.0,0.0,0.0,1.0190144281795168,
2011-07-19,0.0,0.0,0.0,0.0,1.0190144281795168,
2011-07-20,0.0,1.0,5.718692118769868e-05,-5.718692118769868e-05,1.0189561538817233,0.5718692118769868
2011-07-21,0.001349987499999999,1.0,5.725250784601418e-05,0.0012927349921539849,1.0202733941573168,0.5725250784601418
2011-07-22,0.0,1.0,5.726666213134156e-05,-5.726666213134156e-05,1.020214966505572,0.5726666213134156
2011-07-25,0.0008099954999999998,1.0,5.7221476131243834e-05,0.000752774023868756,1.0209829578311196,0.5722147613124383
2011-07-26,0.0,0.0,0.0,0.0,1.0209829578311196,
2011-07-27,0.0,0.0,0.0,0.0,1.0209829578311196,
2011-07-28,0.0,0.0,0.0,0.0,1.0209829578311196,
2011-07-29,0.0,1.0,5.7765771268189045e-05,-5.7765771268189045e-05,1.020923979963109,0.5776577126818905
2011-08-01,0.0,0.0,0.0,0.0,1.020923979963109,
2011-08-02,-0.0013500125000000013,1.0,5.7802469549664795e-05,-0.001407814969549666,1.0194867079013445,0.5780246954966479
2011-08-03,0.0,0.0,0.0,0.0,1.0194867079013445,
2011-08-04,0.0,0.0,0.0,0.0,1.0194867079013445,
2011-08-05,0.0,0.0,0.0,0.0,1.0194867079013445,
2011-08-08,0.0,0.0,0.0,0.0,1.0194867079013445,
2011-08-09,0.0,0.0,0.0,0.0,1.0194867079013445,
2011-08-10,0.0,0.0,0.0,0.0,1.0194867079013445,
2011-08-11,0.0,0.0,0.0,0.0,1.0194867079013445,
2011-08-12,0.0,0.0,0.0,0.0,1.0194867079013445,
2011-08-15,0.0,0.0,0.0,0.0,1.0194867079013445,
2011-08-16,0.0,0.0,0.0,0.0,1.0194867079013445,
2011-08-17,0.0,0.0,0.0,0.0,1.0194867079013445,
2011-08-18,0.0,0.0,0.0,0.0,1.0194867079013445,
2011-08-19,0.0,0.0,0.0,0.0,1.0194867079013445,
2011-08-22,0.0,0.0,0.0,0.0,1.0194867079013445,
2011-08-23,0.0,0.0,0.0,0.0,1.0194867079013445,
2011-08-24,0.0,0.0,0.0,0.0,1.0194867079013445,
2011-08-25,0.0,0.0,0.0,0.0,1.0194867079013445,
2011-08-26,0.0,1.0,5.351991910538787e-05,-5.351991910538787e-05,1.0194321450552086,0.5351991910538787
2011-08-29,0.000149999865,1.0,5.3660498149751136e-05,9.633936685024888e-05,1.0195303565026101,0.5366049814975113
2011-08-30,0.0,0.0,0.0,0.0,1.0195303565026101,
2011-08-31,0.0,0.0,0.0,0.0,1.0195303565026101,
2011-09-01,0.0,0.0,0.0,0.0,1.0195303565026101,
2011-09-02,0.0,0.0,0.0,0.0,1.0195303565026101,
2011-09-06,0.0,0.0,0.0,0.0,1.0195303565026101,
2011-09-07,0.0,0.0,0.0,0.0,1.0195303565026101,
2011-09-08,0.0,0.0,0.0,0.0,1.0195303565026101,
2011-09-09,0.0,0.0,0.0,0.0,1.0195303565026101,
2011-09-12,0.0,0.0,0.0,0.0,1.0195303565026101,
2011-09-13,0.0,0.0,0.0,0.0,1.0195303565026101,
2011-09-14,0.0,0.0,0.0,0.0,1.0195303565026101,
2011-09-15,0.0,0.0,0.0,0.0,1.0195303565026101,
2011-09-16,0.0,0.0,0.0,0.0,1.0195303565026101,
2011-09-19,0.0,0.0,0.0,0.0,1.0195303565026101,
2011-09-20,0.0,0.0,0.0,0.0,1.0195303565026101,
2011-09-21,0.0,0.0,0.0,0.0,1.0195303565026101,
2011-09-22,0.0,0.0,0.0,0.0,1.0195303565026101,
2011-09-23,0.0,1.0,5.370752784370724e-05,-5.370752784370724e-05,1.0194756000476008,0.5370752784370724
2011-09-26,4.999998499999998e-05,0.0,0.0,4.999998499999998e-05,1.0195265738123112,
2011-09-27,4.999998500000002e-05,1.0,5.3734100001989604e-05,-3.734115001989582e-06,1.019522766782837,0.537341000019896
2011-09-28,0.0,0.0,0.0,0.0,1.019522766782837,
2011-09-29,0.0,0.0,0.0,0.0,1.019522766782837,
2011-09-30,0.0,0.0,0.0,0.0,1.019522766782837,
2011-10-03,0.0,0.0,0.0,0.0,1.019522766782837,
2011-10-04,0.0,0.0,0.0,0.0,1.019522766782837,
2011-10-05,0.0,0.0,0.0,0.0,1.019522766782837,
2011-10-06,0.0,0.0,0.0,0.0,1.019522766782837,
2011-10-07,0.0,0.0,0.0,0.0,1.019522766782837,
2011-10-11,0.0,0.0,0.0,0.0,1.019522766782837,
2011-10-12,0.0,0.0,0.0,0.0,1.019522766782837,
2011-10-13,0.0,0.0,0.0,0.0,1.019522766782837,
2011-10-14,0.0,0.0,0.0,0.0,1.019522766782837,
2011-10-17,0.0,0.0,0.0,0.0,1.019522766782837,
2011-10-18,0.0,0.0,0.0,0.0,1.019522766782837,
2011-10-19,0.0,0.0,0.0,0.0,1.019522766782837,
2011-10-20,0.0,0.0,0.0,0.0,1.019522766782837,
2011-10-21,0.0,0.0,0.0,0.0,1.019522766782837,
2011-10-24,0.0,0.0,0.0,0.0,1.019522766782837,
2011-10-25,0.0,0.0,0.0,0.0,1.019522766782837,
2011-10-26,0.0,0.0,0.0,0.0,1.019522766782837,
2011-10-27,0.0,0.0,0.0,0.0,1.019522766782837,
2011-10-28,0.0,0.0,0.0,0.0,1.019522766782837,
2011-10-31,0.0,0.0,0.0,0.0,1.019522766782837,
2011-11-01,0.0,0.0,0.0,0.0,1.019522766782837,
2011-11-02,0.0,0.0,0.0,0.0,1.019522766782837,
2011-11-03,0.0,1.0,5.617540227194464e-05,-5.617540227194464e-05,1.0194654946812876,0.5617540227194464
2011-11-04,-0.0013500112499999996,1.8,9.762597985363801e-05,-0.0014476372298536375,1.0179896784766358,0.5423665547424333
2011-11-07,4.499998650000002e-05,1.7999999999999998,9.465785081470151e-05,-4.965786431470149e-05,1.0179391272833083,0.525876948970564
2011-11-08,0.0008999899999999984,1.0,5.296153243943239e-05,0.000847028467560566,1.018801350702361,0.5296153243943239
2011-11-09,-0.001800019999999997,1.0,5.6017248043025934e-05,-0.001856037248043023,1.0169104174471009,0.5601724804302594
2011-11-10,0.0,0.0,0.0,0.0,1.0169104174471009,
2011-11-14,0.0,0.0,0.0,0.0,1.0169104174471009,
2011-11-15,0.0,0.0,0.0,0.0,1.0169104174471009,
2011-11-16,0.0,0.0,0.0,0.0,1.0169104174471009,
2011-11-17,0.0,1.0,5.1783922138037386e-05,-5.1783922138037386e-05,1.0168577578372224,0.517839221380374
2011-11-18,-0.00017999949999999968,1.0,5.179151626333337e-05,-0.00023179101626333304,1.016622059344138,0.5179151626333338
2011-11-21,0.0,0.0,0.0,0.0,1.016622059344138,
2011-11-22,0.0,0.0,0.0,0.0,1.016622059344138,
2011-11-23,0.0,0.0,0.0,0.0,1.016622059344138,
2011-11-25,0.0,0.0,0.0,0.0,1.016622059344138,
2011-11-28,0.0,0.0,0.0,0.0,1.016622059344138,
2011-11-29,0.0,0.0,0.0,0.0,1.016622059344138,
2011-11-30,0.0,0.0,0.0,0.0,1.016622059344138,
2011-12-01,0.0,0.0,0.0,0.0,1.016622059344138,
2011-12-02,0.0,0.0,0.0,0.0,1.016622059344138,
2011-12-05,0.0,0.0,0.0,0.0,1.016622059344138,
2011-12-06,0.0,1.0,6.740562932511747e-05,-6.740562932511747e-05,1.016553533294442,0.6740562932511748
2011-12-07,0.0,1.0,6.734124113400758e-05,-6.734124113400758e-05,1.0164850773178307,0.6734124113400758
2011-12-08,0.0,0.0,0.0,0.0,1.0164850773178307,
2011-12-09,0.0,0.0,0.0,0.0,1.0164850773178307,
2011-12-12,0.0,0.0,0.0,0.0,1.0164850773178307,
2011-12-13,0.0,0.0,0.0,0.0,1.0164850773178307,
2011-12-14,0.0,0.0,0.0,0.0,1.0164850773178307,
2011-12-15,0.0,0.0,0.0,0.0,1.0164850773178307,
2011-12-16,0.0,0.0,0.0,0.0,1.0164850773178307,
2011-12-19,0.0,0.0,0.0,0.0,1.0164850773178307,
2011-12-20,0.0,0.0,0.0,0.0,1.0164850773178307,
2011-12-21,0.0,0.0,0.0,0.0,1.0164850773178307,
2011-12-22,0.0,1.0,5.232889003895833e-05,-5.232889003895833e-05,1.0164318857819934,0.5232889003895833
2011-12-23,4.999998500000002e-05,1.0,5.232889003895833e-05,-2.328905038958309e-06,1.016429518608653,0.5232889003895833
2011-12-27,0.0,0.0,0.0,0.0,1.016429518608653,
2011-12-28,0.0,0.0,0.0,0.0,1.016429518608653,
2011-12-29,0.0,0.0,0.0,0.0,1.016429518608653,
2011-12-30,0.0,0.0,0.0,0.0,1.016429518608653,
2012-01-03,0.0,0.0,0.0,0.0,1.016429518608653,
2012-01-04,0.0,0.0,0.0,0.0,1.016429518608653,
2012-01-05,0.0,0.0,0.0,0.0,1.016429518608653,
2012-01-06,0.0,0.0,0.0,0.0,1.016429518608653,
2012-01-09,0.0,1.0,5.95389689681317e-05,-5.95389689681317e-05,1.0163690014430862,0.595389689681317
2012-01-10,0.0012399910000000032,1.0,5.95033658707473e-05,0.0011804876341292559,1.017568812481002,0.595033658707473
2012-01-11,0.0,1.0,5.9558916327488796e-05,-5.9558916327488796e-05,1.0175082071852422,0.595589163274888
2012-01-12,0.0018599797499999995,1.0,5.953833436389442e-05,0.001800441415636105,1.019340171102208,0.5953833436389442
2012-01-13,0.0,0.0,0.0,0.0,1.019340171102208,
2012-01-17,0.0,0.0,0.0,0.0,1.019340171102208,
2012-01-18,0.0,0.0,0.0,0.0,1.019340171102208,
2012-01-19,0.0,0.0,0.0,0.0,1.019340171102208,
2012-01-20,0.0,0.0,0.0,0.0,1.019340171102208,
2012-01-23,0.0,0.0,0.0,0.0,1.019340171102208,
2012-01-24,0.0,0.0,0.0,0.0,1.019340171102208,
2012-01-25,0.0,0.0,0.0,0.0,1.019340171102208,
2012-01-26,0.0,0.0,0.0,0.0,1.019340171102208,
2012-01-27,0.0,0.0,0.0,0.0,1.019340171102208,
2012-01-30,0.0,0.0,0.0,0.0,1.019340171102208,
2012-01-31,0.0,0.0,0.0,0.0,1.019340171102208,
2012-02-01,0.0,0.0,0.0,0.0,1.019340171102208,
2012-02-02,0.0,1.0,5.7712080813644926e-05,-5.7712080813644926e-05,1.0192813428598768,0.5771208081364493
2012-02-03,0.0061997750000000055,1.0,5.80143132650635e-05,0.006141760686734942,1.025541524940176,0.580143132650635
2012-02-06,0.0,0.0,0.0,0.0,1.025541524940176,
2012-02-07,0.0,0.0,0.0,0.0,1.025541524940176,
2012-02-08,0.0,0.0,0.0,0.0,1.025541524940176,
2012-02-09,0.0,0.0,0.0,0.0,1.025541524940176,
2012-02-10,0.0,0.0,0.0,0.0,1.025541524940176,
2012-02-13,0.0,0.0,0.0,0.0,1.025541524940176,
2012-02-14,0.0,0.0,0.0,0.0,1.025541524940176,
2012-02-15,0.0,0.0,0.0,0.0,1.025541524940176,
2012-02-16,0.0,0.0,0.0,0.0,1.025541524940176,
2012-02-17,0.0,0.0,0.0,0.0,1.025541524940176,
2012-02-21,0.0,0.0,0.0,0.0,1.025541524940176,
2012-02-22,0.0,0.0,0.0,0.0,1.025541524940176,
2012-02-23,0.0,0.0,0.0,0.0,1.025541524940176,
2012-02-24,0.0,0.0,0.0,0.0,1.025541524940176,
2012-02-27,0.0,0.0,0.0,0.0,1.025541524940176,
2012-02-28,0.0,0.0,0.0,0.0,1.025541524940176,
2012-02-29,0.0,0.0,0.0,0.0,1.025541524940176,
2012-03-01,0.0,0.0,0.0,0.0,1.025541524940176,
2012-03-02,0.0,1.0,5.8046425020427516e-05,-5.8046425020427516e-05,1.0254819959209434,0.5804642502042752
2012-03-05,0.0012399909999999926,1.0,5.803020930618936e-05,0.0011819607906938033,1.0266940754316842,0.5803020930618936
2012-03-06,0.0,1.0,5.799813335769197e-05,-5.799813335769197e-05,1.0266345290917798,0.5799813335769197
2012-03-07,0.0012399909999999926,0.0,0.0,0.0012399909999999926,1.0279075466681429,
2012-03-08,0.0024799639999999955,0.0,0.0,0.0024799639999999955,1.030456720379208,
2012-03-09,0.0012399910000000032,0.0,0.0,0.0012399910000000032,1.0317344774383679,
2012-03-12,0.0,0.0,0.0,0.0,1.0317344774383679,
2012-03-13,0.005579817749999999,0.0,0.0,0.005579817749999999,1.0374913677888653,
2012-03-14,0.010539349749999991,1.0,5.8772020601883615e-05,0.010480577729398107,1.0483648767125562,0.5877202060188361
2012-03-15,0.0,0.0,0.0,0.0,1.0483648767125562,
2012-03-16,0.0,0.0,0.0,0.0,1.0483648767125562,
2012-03-19,0.0,0.0,0.0,0.0,1.0483648767125562,
2012-03-20,0.0,0.0,0.0,0.0,1.0483648767125562,
2012-03-21,0.0,0.0,0.0,0.0,1.0483648767125562,
2012-03-22,0.0,0.0,0.0,0.0,1.0483648767125562,
2012-03-23,0.0,0.0,0.0,0.0,1.0483648767125562,
2012-03-26,0.0,0.0,0.0,0.0,1.0483648767125562,
2012-03-27,0.0,0.0,0.0,0.0,1.0483648767125562,
2012-03-28,0.0,0.0,0.0,0.0,1.0483648767125562,
2012-03-29,0.0,0.0,0.0,0.0,1.0483648767125562,
2012-03-30,0.0,1.0,5.2062580250108e-05,-5.2062580250108e-05,1.048310296132031,0.52062580250108
2012-04-02,5.0000014999999915e-05,1.0,5.2077137679986474e-05,-2.0771226799865585e-06,1.0483081186629393,0.5207713767998647
2012-04-03,0.0,0.0,0.0,0.0,1.0483081186629393,
2012-04-04,0.0,0.0,0.0,0.0,1.0483081186629393,
2012-04-05,0.0,0.0,0.0,0.0,1.0483081186629393,
2012-04-06,0.0,1.0,5.92239642970202e-05,-5.92239642970202e-05,1.0482460337003472,0.592239642970202
2012-04-09,0.0,0.0,0.0,0.0,1.0482460337003472,
2012-04-10,-0.003100056249999992,0.0,0.0,-0.003100056249999992,1.0449964120320367,
2012-04-11,0.0024799639999999955,0.0,0.0,0.0024799639999999955,1.0475879655140052,
2012-04-12,0.0018599797499999995,1.0,5.923812852061267e-05,0.0018007416214793869,1.0494744007656671,0.5923812852061267
2012-04-13,0.0,0.0,0.0,0.0,1.0494744007656671,
2012-04-16,0.0,1.0,5.90581477331254e-05,-5.90581477331254e-05,1.0494124207514646,0.590581477331254
2012-04-17,0.0018599797499999889,1.0,5.9038479305266734e-05,0.0018009412706947222,1.0513023508899755,0.5903847930526673
2012-04-18,0.0,0.0,0.0,0.0,1.0513023508899755,
2012-04-19,0.0,0.0,0.0,0.0,1.0513023508899755,
2012-04-20,0.0,0.0,0.0,0.0,1.0513023508899755,
2012-04-23,0.0,0.0,0.0,0.0,1.0513023508899755,
2012-04-24,0.0,0.0,0.0,0.0,1.0513023508899755,
2012-04-25,0.0,0.0,0.0,0.0,1.0513023508899755,
2012-04-26,0.0,0.0,0.0,0.0,1.0513023508899755,
2012-04-27,0.0,0.0,0.0,0.0,1.0513023508899755,
2012-04-30,0.0,0.0,0.0,0.0,1.0513023508899755,
2012-05-01,0.0,0.0,0.0,0.0,1.0513023508899755,
2012-05-02,0.0,0.0,0.0,0.0,1.0513023508899755,
2012-05-03,0.0,0.0,0.0,0.0,1.0513023508899755,
2012-05-04,0.0,1.0,5.4625151743712295e-05,-5.4625151743712295e-05,1.0512449233395296,0.546251517437123
2012-05-07,-8.999924999999944e-05,1.0,5.453993673077921e-05,-0.00014453918673077863,1.0510929772532553,0.545399367307792
2012-05-08,0.0,1.0,5.815923052600135e-05,-5.815923052600135e-05,1.051031846494487,0.5815923052600135
2012-05-09,0.0,1.0,5.805830248267836e-05,-5.805830248267836e-05,1.0509708253696242,0.5805830248267836
2012-05-10,0.0,0.0,0.0,0.0,1.0509708253696242,
2012-05-11,0.0,0.0,0.0,0.0,1.0509708253696242,
2012-05-14,0.0,0.0,0.0,0.0,1.0509708253696242,
2012-05-15,0.0,0.0,0.0,0.0,1.0509708253696242,
2012-05-16,0.0,1.0,5.782970482478492e-05,-5.782970482478492e-05,1.0509100480370135,0.5782970482478492
2012-05-17,-0.0018600202499999994,1.0,5.784967728088507e-05,-0.0019178699272808845,1.0488945392596059,0.5784967728088507
2012-05-18,0.0,1.0,5.412896600853379e-05,-5.412896600853379e-05,1.0488377636827437,0.5412896600853379
2012-05-21,0.0007549957500000019,1.0,5.408428399588599e-05,0.000700911466004116,1.0495729060972872,0.5408428399588598
2012-05-22,0.0012399910000000032,0.0,0.0,0.0012399910000000032,1.0508743670546916,
2012-05-23,-0.003100056250000003,1.0,5.409172427127956e-05,-0.0031541479742712825,1.0475597537986325,0.5409172427127956
2012-05-24,0.001279972875000002,0.0,0.0,0.001279972875000002,1.0489006018684364,
2012-05-25,-0.0007950098750000048,1.0,5.4066733089287605e-05,-0.0008490766080892924,1.048010004903179,0.540667330892876
2012-05-29,0.0,1.0,5.405466955973331e-05,-5.405466955973331e-05,1.0479533550686686,0.540546695597333
2012-05-30,-0.0028701321249999957,0.0,0.0,-0.0028701321249999957,1.0449455904787845,
2012-05-31,-0.0005250078749999992,1.0,5.41755449090204e-05,-0.0005791834199090196,1.0443403753180722,0.5417554490902041
2012-06-01,-0.006200224999999995,1.0,5.423662575634804e-05,-0.006254461625756343,1.0378085885164172,0.5423662575634804
2012-06-04,0.002344928249999997,1.0,5.430128566215679e-05,0.00229062696433784,1.0401858208530943,0.543012856621568
2012-06-05,0.0018599797499999995,0.0,0.0,0.0018599797499999995,1.0421205454161182,
2012-06-06,0.004339889750000006,0.0,0.0,0.004339889750000006,1.046643233689434,
2012-06-07,-0.0006200022499999963,0.0,0.0,-0.0006200022499999963,1.0459943125295992,
2012-06-08,-0.0006200022500000071,1.0,5.37081070815846e-05,-0.0006737103570815916,1.0452896153277995,0.537081070815846
2012-06-11,-0.0009700169999999977,1.0,5.370224950293344e-05,-0.001023719249502931,1.044219532227283,0.5370224950293344
2012-06-12,0.004339889750000006,0.0,0.0,0.004339889750000006,1.048751329871946,
2012-06-13,-0.0037200810000000096,1.0,5.373056367168278e-05,-0.0037738115636716924,1.044793539975859,0.5373056367168277
2012-06-14,0.001104982250000004,0.0,0.0,0.001104982250000004,1.045948018292447,
2012-06-15,-0.0007000140000000042,1.0,5.3727449762596296e-05,-0.0007537414497626005,1.045159643916763,0.5372744976259629
2012-06-18,0.0,0.0,0.0,0.0,1.045159643916763,
2012-06-19,0.0018599797499999995,0.0,0.0,0.0018599797499999995,1.0471036196899655,
2012-06-20,0.0018599797500000103,1.0,5.737833794723442e-05,0.0018026014120527758,1.048991130153384,0.5737833794723441
2012-06-21,0.0,1.0,5.7372264406942784e-05,-5.7372264406942784e-05,1.0489309471569044,0.5737226440694279
2012-06-22,0.003099943749999992,1.0,5.746452465528097e-05,0.003042479225344711,1.0521222977724505,0.5746452465528097
2012-06-25,0.0,0.0,0.0,0.0,1.0521222977724505,
2012-06-26,0.0,1.0,5.747424957970101e-05,-5.747424957970101e-05,1.05206182783292,0.5747424957970101
2012-06-27,-0.0012400090000000033,0.0,0.0,-0.0012400090000000033,1.0507572616978507,
2012-06-28,-0.0024800360000000066,0.0,0.0,-0.0024800360000000066,1.0481513458615785,
2012-06-29,0.003099943750000003,1.2366412213740459,6.938159411416214e-05,0.003030562155885841,1.0513278336639875,0.5610486931453852
2012-07-02,0.002687250372137394,1.0,5.5133896711340614e-05,0.002632116475426053,1.0540950509760485,0.5513389671134061
2012-07-03,0.0005297206965648847,1.0,5.355820397072597e-05,0.0004761624925941587,1.0545969715029524,0.5355820397072597
2012-07-05,-0.0023664489694656425,1.0,5.290403702169836e-05,-0.002419353006487341,1.0520455291493143,0.5290403702169836
2012-07-06,-0.0014512323871134708,0.0,0.0,-0.0014512323871134708,1.050518766604695,
2012-07-09,-0.0010844895096390305,0.0,0.0,-0.0010844895096390305,1.0493794900226332,
2012-07-10,-0.00035888228651830256,0.0,0.0,-0.00035888228651830256,1.0490028863118286,
2012-07-11,0.00035104735412084246,1.0,5.2862335972430144e-05,0.0002981850181484123,1.0493156832565214,0.5286233597243014
2012-07-12,-0.001893179408396968,1.0,5.543619881835158e-05,-0.0019486156072153196,1.047270970339232,0.5543619881835158
2012-07-13,0.0,0.0,0.0,0.0,1.047270970339232,
2012-07-16,0.0,0.0,0.0,0.0,1.047270970339232,
2012-07-17,0.0,0.0,0.0,0.0,1.047270970339232,
2012-07-18,0.0,0.0,0.0,0.0,1.047270970339232,
2012-07-19,0.0,1.0,5.919853218455438e-05,-5.919853218455438e-05,1.0472089734349885,0.5919853218455438
2012-07-20,-0.012000809999999997,1.0,5.923026219091281e-05,-0.01206004026219091,1.034579591052435,0.5923026219091281
2012-07-23,0.0,0.0,0.0,0.0,1.034579591052435,
2012-07-24,0.0,0.0,0.0,0.0,1.034579591052435,
2012-07-25,0.0,1.0,5.685694990198055e-05,-5.685694990198055e-05,1.0345207680124568,0.5685694990198056
2012-07-26,0.0014999237499999996,1.0,5.683861330239944e-05,0.0014430851366976003,1.0360136695563806,0.5683861330239943
2012-07-27,0.0,0.0,0.0,0.0,1.0360136695563806,
2012-07-30,0.0,0.0,0.0,0.0,1.0360136695563806,
2012-07-31,0.0,0.0,0.0,0.0,1.0360136695563806,
2012-08-01,0.0,0.0,0.0,0.0,1.0360136695563806,
2012-08-02,0.0,1.0,6.086803221810576e-05,-6.086803221810576e-05,1.0359506094429638,0.6086803221810576
2012-08-03,-0.014998749999999962,1.0,6.121394410423384e-05,-0.015059963944104195,1.02034923061688,0.6121394410423384
2012-08-06,0.0,0.0,0.0,0.0,1.02034923061688,
2012-08-07,0.0,0.0,0.0,0.0,1.02034923061688,
2012-08-08,0.0,0.0,0.0,0.0,1.02034923061688,
2012-08-09,0.0,0.0,0.0,0.0,1.02034923061688,
2012-08-10,0.0,0.0,0.0,0.0,1.02034923061688,
2012-08-13,0.0,0.0,0.0,0.0,1.02034923061688,
2012-08-14,0.0,0.0,0.0,0.0,1.02034923061688,
2012-08-15,0.0,0.0,0.0,0.0,1.02034923061688,
2012-08-16,0.0,0.0,0.0,0.0,1.02034923061688,
2012-08-17,0.0,0.0,0.0,0.0,1.02034923061688,
2012-08-20,0.0,0.0,0.0,0.0,1.02034923061688,
2012-08-21,0.0,0.0,0.0,0.0,1.02034923061688,
2012-08-22,0.0,1.0,5.2044237687080594e-05,-5.2044237687080594e-05,1.0202961273189979,0.520442376870806
2012-08-23,0.0,0.0,0.0,0.0,1.0202961273189979,
2012-08-24,0.0,1.0,5.198819491517196e-05,-5.198819491517196e-05,1.0202430839650596,0.5198819491517196
2012-08-27,0.0,0.0,0.0,0.0,1.0202430839650596,
2012-08-28,0.0,0.0,0.0,0.0,1.0202430839650596,
2012-08-29,0.0,0.0,0.0,0.0,1.0202430839650596,
2012-08-30,0.0,0.0,0.0,0.0,1.0202430839650596,
2012-08-31,0.0,0.0,0.0,0.0,1.0202430839650596,
2012-09-04,0.0,0.0,0.0,0.0,1.0202430839650596,
2012-09-05,0.0,0.0,0.0,0.0,1.0202430839650596,
2012-09-06,0.0,0.0,0.0,0.0,1.0202430839650596,
2012-09-07,0.0,0.0,0.0,0.0,1.0202430839650596,
2012-09-10,0.0,0.0,0.0,0.0,1.0202430839650596,
2012-09-11,0.0,0.0,0.0,0.0,1.0202430839650596,
2012-09-12,0.0,0.0,0.0,0.0,1.0202430839650596,
2012-09-13,0.0,0.0,0.0,0.0,1.0202430839650596,
2012-09-14,0.0,1.0,5.1267399613679884e-05,-5.1267399613679884e-05,1.020190778755171,0.5126739961367989
2012-09-17,0.00020250043750000017,1.0,5.1266765342322056e-05,0.00015123367215767812,1.0203450659529434,0.5126676534232205
2012-09-18,0.0,0.0,0.0,0.0,1.0203450659529434,
2012-09-19,0.0,0.0,0.0,0.0,1.0203450659529434,
2012-09-20,0.0,0.0,0.0,0.0,1.0203450659529434,
2012-09-21,0.0,1.0,5.168519933583539e-05,-5.168519933583539e-05,1.0202923292148183,0.5168519933583539
2012-09-24,0.00010800020000000028,2.0,0.00010860153083459454,-6.013308345942609e-07,1.0202917156815805,0.5430076541729727
2012-09-25,-0.0005000562500000316,2.0,0.0001088593582175033,-0.0006089156082175348,1.019670444130967,0.5442967910875165
2012-09-26,0.00018000025000000048,2.0,0.00011115848693716242,6.884176306283805e-05,1.0197406400420839,0.5557924346858121
2012-09-27,0.007999640000000021,1.0,5.913072048072742e-05,0.007940509279519293,1.027837900057041,0.5913072048072742
2012-09-28,0.0,0.0,0.0,0.0,1.027837900057041,
2012-10-01,0.0,0.0,0.0,0.0,1.027837900057041,
2012-10-02,0.0,1.0,5.89473770209797e-05,-5.89473770209797e-05,1.02777731170883,0.589473770209797
2012-10-03,0.001999977499999988,0.0,0.0,0.001999977499999988,1.029832843207258,
2012-10-04,0.013998897500000053,1.0,5.906655657959089e-05,0.013939830943420462,1.0441885389415493,0.5906655657959089
2012-10-05,0.0,0.0,0.0,0.0,1.0441885389415493,
2012-10-09,0.0,0.0,0.0,0.0,1.0441885389415493,
2012-10-10,0.0,0.0,0.0,0.0,1.0441885389415493,
2012-10-11,0.0,1.0,5.218398122961244e-05,-5.218398122961244e-05,1.044134049026433,0.5218398122961244
2012-10-12,0.00018000025000000048,1.0,5.212984796500807e-05,0.0001278704020349924,1.0442675628670606,0.5212984796500807
2012-10-15,0.0,0.0,0.0,0.0,1.0442675628670606,
2012-10-16,0.0,0.0,0.0,0.0,1.0442675628670606,
2012-10-17,0.0,0.0,0.0,0.0,1.0442675628670606,
2012-10-18,0.0,0.0,0.0,0.0,1.0442675628670606,
2012-10-19,0.0,0.0,0.0,0.0,1.0442675628670606,
2012-10-22,0.0,0.0,0.0,0.0,1.0442675628670606,
2012-10-23,0.0,0.0,0.0,0.0,1.0442675628670606,
2012-10-24,0.0,0.0,0.0,0.0,1.0442675628670606,
2012-10-25,0.0,0.0,0.0,0.0,1.0442675628670606,
2012-10-26,0.0,0.0,0.0,0.0,1.0442675628670606,
2012-10-29,0.0,1.0,5.166689264004804e-05,-5.166689264004804e-05,1.0442136088070024,0.5166689264004805
2012-10-31,0.0,1.0,5.164540105529575e-05,-5.164540105529575e-05,1.0441596799763881,0.5164540105529575
2012-11-01,0.0,0.0,0.0,0.0,1.0441596799763881,
2012-11-02,0.0,0.0,0.0,0.0,1.0441596799763881,
2012-11-05,0.0,0.0,0.0,0.0,1.0441596799763881,
2012-11-06,0.0,0.0,0.0,0.0,1.0441596799763881,
2012-11-07,0.0,0.0,0.0,0.0,1.0441596799763881,
2012-11-08,0.0,0.0,0.0,0.0,1.0441596799763881,
2012-11-09,0.0,0.0,0.0,0.0,1.0441596799763881,
2012-11-13,0.0,0.0,0.0,0.0,1.0441596799763881,
2012-11-14,0.0,0.0,0.0,0.0,1.0441596799763881,
2012-11-15,0.0,0.0,0.0,0.0,1.0441596799763881,
2012-11-16,0.0,0.0,0.0,0.0,1.0441596799763881,
2012-11-19,0.0,0.0,0.0,0.0,1.0441596799763881,
2012-11-20,0.0,0.0,0.0,0.0,1.0441596799763881,
2012-11-21,0.0,0.0,0.0,0.0,1.0441596799763881,
2012-11-23,0.0,0.0,0.0,0.0,1.0441596799763881,
2012-11-26,0.0,0.0,0.0,0.0,1.0441596799763881,
2012-11-27,0.0,0.0,0.0,0.0,1.0441596799763881,
2012-11-28,0.0,0.0,0.0,0.0,1.0441596799763881,
2012-11-29,0.0,0.0,0.0,0.0,1.0441596799763881,
2012-11-30,0.0,1.0,5.328689402268832e-05,-5.328689402268832e-05,1.0441040399501784,0.5328689402268832
2012-12-03,0.0008999950000000024,1.0,5.327090192990073e-05,0.0008467240980701016,1.0449881080016965,0.5327090192990073
2012-12-04,0.0,0.0,0.0,0.0,1.0449881080016965,
2012-12-05,0.0,0.0,0.0,0.0,1.0449881080016965,
2012-12-06,0.0,0.0,0.0,0.0,1.0449881080016965,
2012-12-07,0.0,0.0,0.0,0.0,1.0449881080016965,
2012-12-10,0.0,0.0,0.0,0.0,1.0449881080016965,
2012-12-11,0.0,0.0,0.0,0.0,1.0449881080016965,
2012-12-12,0.0,0.0,0.0,0.0,1.0449881080016965,
2012-12-13,0.0,0.0,0.0,0.0,1.0449881080016965,
2012-12-14,0.0,0.0,0.0,0.0,1.0449881080016965,
2012-12-17,0.0,0.0,0.0,0.0,1.0449881080016965,
2012-12-18,0.0,0.0,0.0,0.0,1.0449881080016965,
2012-12-19,0.0,0.0,0.0,0.0,1.0449881080016965,
2012-12-20,0.0,0.0,0.0,0.0,1.0449881080016965,
2012-12-21,0.0,0.0,0.0,0.0,1.0449881080016965,
2012-12-24,0.0,0.0,0.0,0.0,1.0449881080016965,
2012-12-26,0.0,0.0,0.0,0.0,1.0449881080016965,
2012-12-27,0.0,0.0,0.0,0.0,1.0449881080016965,
2012-12-28,0.0,1.0,5.215873821970686e-05,-5.215873821970686e-05,1.0449336027405285,0.5215873821970686
2012-12-31,2.499996749999999e-05,1.0,5.223481912494188e-05,-2.7234851624941893e-05,1.0449051441289,0.5223481912494188
2013-01-02,0.0,0.0,0.0,0.0,1.0449051441289,
2013-01-03,0.0,0.0,0.0,0.0,1.0449051441289,
2013-01-04,0.0,0.0,0.0,0.0,1.0449051441289,
2013-01-07,0.0,0.0,0.0,0.0,1.0449051441289,
2013-01-08,0.0,0.0,0.0,0.0,1.0449051441289,
2013-01-09,0.0,0.0,0.0,0.0,1.0449051441289,
2013-01-10,0.0,0.0,0.0,0.0,1.0449051441289,
2013-01-11,0.0,0.0,0.0,0.0,1.0449051441289,
2013-01-14,0.0,0.0,0.0,0.0,1.0449051441289,
2013-01-15,0.0,0.0,0.0,0.0,1.0449051441289,
2013-01-16,0.0,0.0,0.0,0.0,1.0449051441289,
2013-01-17,0.0,0.0,0.0,0.0,1.0449051441289,
2013-01-18,0.0,1.0,5.370447888937269e-05,-5.370447888937269e-05,1.0448490280426457,0.5370447888937269
2013-01-22,0.0,1.0,5.370447888937269e-05,-5.370447888937269e-05,1.0447929149700765,0.5370447888937269
2013-01-23,0.0,0.0,0.0,0.0,1.0447929149700765,
2013-01-24,0.0,0.0,0.0,0.0,1.0447929149700765,
2013-01-25,0.0,1.0,5.3692066620769916e-05,-5.3692066620769916e-05,1.044736817879281,0.5369206662076992
2013-01-28,2.5000004999999985e-05,1.0,5.3689004887791134e-05,-2.868899988779115e-05,1.04470684542483,0.5368900488779114
2013-01-29,0.0,0.0,0.0,0.0,1.04470684542483,
2013-01-30,0.0,0.0,0.0,0.0,1.04470684542483,
2013-01-31,0.0,0.0,0.0,0.0,1.04470684542483,
2013-02-01,0.0,0.0,0.0,0.0,1.04470684542483,
2013-02-04,0.0,0.0,0.0,0.0,1.04470684542483,
2013-02-05,0.0,0.0,0.0,0.0,1.04470684542483,
2013-02-06,0.0,0.0,0.0,0.0,1.04470684542483,
2013-02-07,0.0,0.0,0.0,0.0,1.04470684542483,
2013-02-08,0.0,0.0,0.0,0.0,1.04470684542483,
2013-02-11,0.0,0.0,0.0,0.0,1.04470684542483,
2013-02-12,0.0,1.0,5.17219093330987e-05,-5.17219093330987e-05,1.0446528111920914,0.517219093330987
2013-02-13,9.499994999999983e-05,1.0,5.181016556800231e-05,4.318978443199752e-05,1.044697929521813,0.5181016556800231
2013-02-14,3.4999977500000006e-05,1.0,5.179574959293789e-05,-1.6795772092937888e-05,1.044680383013483,0.5179574959293789
2013-02-15,0.0,0.0,0.0,0.0,1.044680383013483,
2013-02-19,0.0,1.0,5.329011531060268e-05,-5.329011531060268e-05,1.0446247118754095,0.5329011531060268
2013-02-20,0.0,0.0,0.0,0.0,1.0446247118754095,
2013-02-21,-2.499999500000001e-05,0.0,0.0,-2.499999500000001e-05,1.0445985962628357,
2013-02-22,0.0,1.0,5.3252769354654004e-05,-5.3252769354654004e-05,1.0445429684947207,0.5325276935465401
2013-02-25,0.0,0.0,0.0,0.0,1.0445429684947207,
2013-02-26,0.0,1.0,5.2123068147407655e-05,-5.2123068147407655e-05,1.044488523710391,0.5212306814740766
2013-02-27,1.2500014999999949e-05,1.0,5.2159053823405924e-05,-3.965903882340598e-05,1.0444471002994784,0.5215905382340592
2013-02-28,0.0,0.0,0.0,0.0,1.0444471002994784,
2013-03-01,0.0,1.0,5.260233127412013e-05,-5.260233127412013e-05,1.0443921599471102,0.5260233127412013
2013-03-04,0.0,1.0,5.257870461940183e-05,-5.257870461940183e-05,1.0443372471602255,0.5257870461940183
2013-03-05,0.0,0.0,0.0,0.0,1.0443372471602255,
2013-03-06,0.0,0.0,0.0,0.0,1.0443372471602255,
2013-03-07,0.0,1.0,5.3505242240393926e-05,-5.3505242240393926e-05,1.0442813696428355,0.5350524224039392
2013-03-08,0.0,0.0,0.0,0.0,1.0442813696428355,
2013-03-11,0.0,1.0,5.349252632244832e-05,-5.349252632244832e-05,1.0442255083941818,0.5349252632244832
2013-03-12,0.0,0.0,0.0,0.0,1.0442255083941818,
2013-03-13,0.0,0.0,0.0,0.0,1.0442255083941818,
2013-03-14,0.0,0.0,0.0,0.0,1.0442255083941818,
2013-03-15,0.0,0.0,0.0,0.0,1.0442255083941818,
2013-03-18,0.0,0.0,0.0,0.0,1.0442255083941818,
2013-03-19,0.0,0.0,0.0,0.0,1.0442255083941818,
2013-03-20,0.0,0.0,0.0,0.0,1.0442255083941818,
2013-03-21,0.0,0.0,0.0,0.0,1.0442255083941818,
2013-03-22,0.0,0.0,0.0,0.0,1.0442255083941818,
2013-03-25,0.0,0.0,0.0,0.0,1.0442255083941818,
2013-03-26,0.0,0.0,0.0,0.0,1.0442255083941818,
2013-03-27,0.0,0.0,0.0,0.0,1.0442255083941818,
2013-03-28,0.0,0.0,0.0,0.0,1.0442255083941818,
2013-04-01,0.0,0.0,0.0,0.0,1.0442255083941818,
2013-04-02,0.0,0.0,0.0,0.0,1.0442255083941818,
2013-04-03,0.0,0.0,0.0,0.0,1.0442255083941818,
2013-04-04,0.0,0.0,0.0,0.0,1.0442255083941818,
2013-04-05,0.0,0.0,0.0,0.0,1.0442255083941818,
2013-04-08,0.0,1.0,5.695120198523594e-05,-5.695120198523594e-05,1.0441660384963352,0.5695120198523594
2013-04-09,0.005999797499999964,0.0,0.0,0.005999797499999964,1.0504308232836903,
2013-04-10,0.013998897499999984,1.0,5.714551470604552e-05,0.013941751985293939,1.0650756692996197,0.5714551470604552
2013-04-11,0.0,0.0,0.0,0.0,1.0650756692996197,
2013-04-12,0.0,0.0,0.0,0.0,1.0650756692996197,
2013-04-15,0.0,0.0,0.0,0.0,1.0650756692996197,
2013-04-16,0.0,0.0,0.0,0.0,1.0650756692996197,
2013-04-17,0.0,0.0,0.0,0.0,1.0650756692996197,
2013-04-18,0.0,0.0,0.0,0.0,1.0650756692996197,
2013-04-19,0.0,0.0,0.0,0.0,1.0650756692996197,
2013-04-22,0.0,0.0,0.0,0.0,1.0650756692996197,
2013-04-23,0.0,0.0,0.0,0.0,1.0650756692996197,
2013-04-24,0.0,0.0,0.0,0.0,1.0650756692996197,
2013-04-25,0.0,0.0,0.0,0.0,1.0650756692996197,
2013-04-26,0.0,0.0,0.0,0.0,1.0650756692996197,
2013-04-29,0.0,0.0,0.0,0.0,1.0650756692996197,
2013-04-30,0.0,0.0,0.0,0.0,1.0650756692996197,
2013-05-01,0.0,0.0,0.0,0.0,1.0650756692996197,
2013-05-02,0.0,0.0,0.0,0.0,1.0650756692996197,
2013-05-03,0.0,0.0,0.0,0.0,1.0650756692996197,
2013-05-06,0.0,0.0,0.0,0.0,1.0650756692996197,
2013-05-07,0.0,0.0,0.0,0.0,1.0650756692996197,
2013-05-08,0.0,0.0,0.0,0.0,1.0650756692996197,
2013-05-09,0.0,0.0,0.0,0.0,1.0650756692996197,
2013-05-10,0.0,1.0,5.1156656002165135e-05,-5.1156656002165135e-05,1.065021183589989,0.5115665600216514
2013-05-13,0.0001899997999999999,2.0,0.00010301421333499191,8.698558666500798e-05,1.0651138250824541,0.5150710666749596
2013-05-14,0.00035999900000000017,2.0,0.00010300692929546344,0.00025699207070453673,1.065387550889898,0.5150346464773172
2013-05-15,0.0,1.0,5.123736552656347e-05,-5.123736552656347e-05,1.0653329632385256,0.5123736552656347
2013-05-16,0.0,0.0,0.0,0.0,1.0653329632385256,
2013-05-17,0.0,0.0,0.0,0.0,1.0653329632385256,
2013-05-20,0.0,0.0,0.0,0.0,1.0653329632385256,
2013-05-21,0.0,0.0,0.0,0.0,1.0653329632385256,
2013-05-22,0.0,1.0,5.1522588750311564e-05,-5.1522588750311564e-05,1.0652780745263786,0.5152258875031157
2013-05-23,4.749997499999991e-05,1.0,5.185541621109073e-05,-4.355441211090817e-06,1.0652734347703514,0.5185541621109073
2013-05-24,-0.0001750012500000128,0.0,0.0,-0.0001750012500000128,1.0650870105876749,
2013-05-28,0.0028997225000000084,1.7636949516648763,9.162896619883951e-05,0.002808093533801169,1.0680778745350417,0.5195284258898879
2013-05-29,-7.347086734693767e-05,0.0,0.0,-7.347086734693767e-05,1.0679994019272054,
2013-05-30,9.71535315037594e-05,0.8938547486033519,4.558552302553665e-05,5.1568008478222754e-05,1.0680544765294189,0.5099880388481912
2013-05-31,0.00012246269395030943,0.8938547486033519,4.559593313378605e-05,7.686676081652338e-05,1.0681365744174052,0.5101045019342315
2013-06-03,-0.00020856902354457685,0.0,0.0,-0.00020856902354457685,1.0679137942150667,
2013-06-04,0.00020856543939849835,1.7636949516648766,9.107227544335015e-05,0.0001174931639551482,1.0680392667855805,0.5163720367707612
2013-06-05,0.00037850462032710153,1.7636949516648766,9.109598874744889e-05,0.00028740863157965263,1.0683462304897207,0.5165064891831603
2013-06-06,-0.00013509801490333125,0.0,0.0,-0.00013509801490333125,1.0682018990347522,
2013-06-07,0.0007134007864715371,0.0,0.0,0.0007134007864715371,1.068963955109634,
2013-06-10,0.00031997020645005414,0.0,0.0,0.00031997020645005414,1.069305991727038,
2013-06-11,1.1840352443609747e-05,0.8938547486033519,4.5602892096279614e-05,-3.376253965266987e-05,1.0692698892410915,0.5101823553271283
2013-06-12,0.0001767595074977937,0.0,0.0,0.0001767595074977937,1.0694588928600959,
2013-06-13,-0.00020738682078800353,0.8938547486033519,4.559354194433189e-05,-0.0002529803627323354,1.0691883407614529,0.510077750502213
2013-06-14,-0.0005048682814178282,0.0,0.0,-0.0005048682814178282,1.0686485414813407,
2013-06-17,0.00019671506646079274,0.0,0.0,0.00019671506646079274,1.0688587607502014,
2013-06-18,6.162697099892785e-05,0.39999999999999997,2.0484970082453527e-05,4.114200091647433e-05,1.0689027357383158,0.5121242520613382
2013-06-19,0.0005546825171052631,1.3473684210526315,6.980826411515816e-05,0.000484874252990105,1.069421019153826,0.5181082102296896
2013-06-20,-0.0020202733673469458,0.42056074766355145,2.22665396947509e-05,-0.002042539907041697,1.0672366840447751,0.5294488327418547
2013-06-21,-0.0016926572479973284,1.6019138755980862,8.272183715593956e-05,-0.001775379085153268,1.0653419343570136,0.516393786307986
2013-06-24,0.00013474197519138735,0.0,0.0,0.00013474197519138735,1.065485480633503,
2013-06-25,5.033968626794274e-05,0.0,0.0,5.033968626794274e-05,1.065539116838321,
2013-06-26,-0.00010808630535885148,1.6019138755980862,8.278664652581459e-05,-0.00019087295188466606,1.0653357342417415,0.5167983609287709
2013-06-27,0.00169646464948979,0.39999999999999997,2.0654684620990693e-05,0.0016758099648687993,1.0671210344811146,0.5163671155247674
2013-06-28,-0.0001836606122449,0.0,0.0,-0.0001836606122449,1.0669250463785824,
2013-07-01,0.0007002837308673552,0.0,0.0,0.0007002837308673552,1.0676721966306162,
2013-07-02,0.0002869917028061172,0.1836734693877551,9.464124195211745e-06,0.00027752757861090546,1.0679685051100973,0.5152689839615283
2013-07-03,-0.0006612139795918329,1.0,5.210469733045822e-05,-0.0007133186769222911,1.0672067032290375,0.5210469733045823
2013-07-05,0.0015842767118834054,1.1449137794652746,6.0614444038841164e-05,0.0015236622678445643,1.0688327658147383,0.5294236572744436
2013-07-08,0.002353217997716748,0.892857142857143,4.692730144033224e-05,0.0023062906962764158,1.0712978048784123,0.525585776131721
2013-07-09,0.0007341602252737918,0.8163265306122449,4.4635436719621826e-05,0.0006895247885541699,1.0720364912707996,0.5467840998153674
2013-07-10,0.0008784142030834319,0.892857142857143,4.688387245103334e-05,0.0008315303306323986,1.072927922128836,0.5250993714515733
2013-07-11,0.0024222923405612246,0.8163265306122449,4.486098399801422e-05,0.0023774313565632105,1.0754787346142372,0.5495470539756743
2013-07-12,8.478653472600685e-05,1.7567654020855992,9.32178273743578e-05,-8.431292648350947e-06,1.0754696669382886,0.5306219445333528
2013-07-15,0.0008787037935033022,0.9876543209876543,5.178523116376164e-05,0.0008269185623395405,1.076358992769113,0.5243254655330866
2013-07-16,-8.463008320562179e-05,0.9876543209876544,5.0602210824027386e-05,-0.00013523229402964918,1.0762134342733214,0.5123473845932773
2013-07-17,-1.1406070545729569e-10,1.0746268656716418,5.533270254053301e-05,-5.533281660123847e-05,1.076153884352739,0.5149015375299599
2013-07-18,-1.5401734850746853e-05,0.6000000000000001,3.124527723455686e-05,-4.6647012085303714e-05,1.0761036849894898,0.5207546205759477
2013-07-19,-0.0009140348398368315,0.9253731343283582,4.938094582556135e-05,-0.0009634157856623928,1.0750669497123615,0.5336328016633243
2013-07-22,0.00023664388358779302,1.7009663374747797,8.973806274421517e-05,0.00014690582084357786,1.0752248833050708,0.5275710680873231
2013-07-23,0.00010541100389402165,1.7009663374747797,8.975634864926155e-05,1.56546552447601e-05,1.0752417155799296,0.5276785711262929
2013-07-24,-0.002291008439966364,0.0,0.0,-0.002291008439966364,1.0727783277345322,
2013-07-25,-0.00022881440677966164,0.0,0.0,-0.00022881440677966164,1.0725328605978655,
2013-07-26,0.0007334421935243865,0.0,0.0,0.0007334421935243865,1.0733195014517694,
2013-07-29,-0.0009699939828891203,0.0,0.0,-0.0009699939828891203,1.0722783879936435,
2013-07-30,-0.00048110517272608843,0.0,0.0,-0.00048110517272608843,1.0717625093145775,
2013-07-31,0.000840009137501603,0.0,0.0,0.000840009137501603,1.0726627996156335,
2013-08-01,-0.004566179279499273,0.0,0.0,-0.004566179279499273,1.0677648289661388,
2013-08-02,0.0034902590259089086,0.0,0.0,0.0034902590259089086,1.0714916047979859,
2013-08-05,-0.0010844137548518616,0.0,0.0,-0.0010844137548518616,1.0703296645635345,
2013-08-06,0.00011440656779661047,0.8928571428571429,4.706882406034613e-05,6.733774373626434e-05,1.0704017381482003,0.5271708294758767
2013-08-07,0.0017280488328107993,0.8928571428571429,4.706177746476641e-05,0.001680987055346033,1.0722010696140474,0.5270919076053837
2013-08-08,0.0011832335019084062,1.9612403100775195,0.00010421331818620189,0.0010790201837222043,1.0733579962091695,0.5313643496450609
2013-08-09,7.346863520407962e-05,0.8163265306122449,4.3183250599875266e-05,3.028538460420436e-05,1.0733905032689026,0.528994819848472
2013-08-12,0.0015519083793410896,0.8163265306122449,4.314979409966617e-05,0.0015087585852414235,1.0750099904060262,0.5285849777209106
2013-08-13,0.0007374180386805888,0.0,0.0,0.0007374180386805888,1.0758027221647133,
2013-08-14,2.4031053759689843e-05,0.0,0.0,2.4031053759689843e-05,1.0758285748377643,
2013-08-15,0.0005156508424299948,0.9612403100775195,5.0635227188578516e-05,0.00046501561524141624,1.0763288519243868,0.5267697022037603
2013-08-16,-0.001180554753004005,0.0,0.0,-0.001180554753004005,1.075058186782452,
2013-08-19,-0.000618733952174326,0.9612403100775195,5.0629144159180604e-05,-0.0006693630963335067,1.0743385825058087,0.5267064190753465
2013-08-20,-0.0003326870433657649,0.0,0.0,-0.0003326870433657649,1.0739811639792212,
2013-08-21,0.00041815545611849445,0.0,0.0,0.00041815545611849445,1.0744302550627076,
2013-08-22,0.00047823517059246835,0.05263157894736847,2.6910801462110308e-06,0.0004755440904462573,1.0749411940210993,0.5113052277800955
2013-08-23,-0.0006755049778464004,0.0,0.0,-0.0006755049778464004,1.074215065893646,
2013-08-26,-9.957273125134168e-05,0.9464863275507204,4.868924522936955e-05,-0.00014826197648071124,1.0740558006448113,0.5144210097082506
2013-08-27,-0.00025556325867805586,0.39808612440191393,2.0321904703547518e-05,-0.00027588516338160335,1.0737594845847696,0.5104901542117104
2013-08-28,7.699617081339708e-05,0.6545454545454545,3.3571697483304905e-05,4.342447333009218e-05,1.0738061120248708,0.5129009337727137
2013-08-29,-0.0002583543028141766,0.0,0.0,-0.0002583543028141766,1.073528689595441,
2013-08-30,0.00018487888193340332,0.05263157894736847,2.692834698504737e-06,0.0001821860472348986,1.0737242715439916,0.5116385927158994
2013-09-03,0.0008095180953670324,0.8550862205347255,4.506948484193903e-05,0.0007644486105250933,1.0745450785714605,0.5270753259683563
2013-09-04,0.0015528435903113167,1.0,5.2511977057193845e-05,0.0015003316132541228,1.0761572525227079,0.5251197705719384
2013-09-05,0.00014996910951739584,0.052631578947368474,2.6713942485746156e-06,0.00014729771526882123,1.0763157680272744,0.5075649072291765
2013-09-06,-0.00015398994535885136,0.0,0.0,-0.00015398994535885136,1.076150026220967,
2013-09-09,-2.2219020119617152e-05,0.39808612440191393,2.0363944503254235e-05,-4.258296462287139e-05,1.0761042005624715,0.51154620206492
2013-09-10,0.00022510806327140546,0.05263157894736847,2.6940084893378752e-06,0.0002224140547820676,1.0763435412610864,0.5118616129741959
2013-09-11,-9.878039999264849e-05,0.15877683034401652,8.078504857341723e-06,-0.00010685890484999021,1.076228524369025,0.5087962040707258
2013-09-12,5.999997750000002e-05,0.0,0.0,5.999997750000002e-05,1.076293098056272,
2013-09-13,0.0,0.01234567901234565,6.228231769758372e-07,-6.228231769758372e-07,1.0762924277159853,0.5044867733504294
2013-09-16,-4.938146358024712e-05,1.0123456790123457,5.2054489189527604e-05,-0.00010143595276977473,1.076183252968121,0.5141967834575288
2013-09-17,2.5000005e-05,2.0,0.00010896394000080707,-8.396393500080707e-05,1.0760928923874198,0.5448197000040353
2013-09-18,0.0007501550000000041,1.0,5.7234089980616844e-05,0.0006929209100193872,1.0768385396536784,0.5723408998061684
2013-09-19,0.0,0.0,0.0,0.0,1.0768385396536784,
2013-09-20,0.0,0.0,0.0,0.0,1.0768385396536784,
2013-09-23,0.0,0.0,0.0,0.0,1.0768385396536784,
2013-09-24,0.0,0.0,0.0,0.0,1.0768385396536784,
2013-09-25,0.0,0.0,0.0,0.0,1.0768385396536784,
2013-09-26,0.0,0.0,0.0,0.0,1.0768385396536784,
2013-09-27,0.0,0.0,0.0,0.0,1.0768385396536784,
2013-09-30,0.0,0.0,0.0,0.0,1.0768385396536784,
2013-10-01,0.0,0.0,0.0,0.0,1.0768385396536784,
2013-10-02,0.0,0.0,0.0,0.0,1.0768385396536784,
2013-10-03,0.0,0.0,0.0,0.0,1.0768385396536784,
2013-10-04,0.0,0.0,0.0,0.0,1.0768385396536784,
2013-10-07,0.0,0.0,0.0,0.0,1.0768385396536784,
2013-10-08,0.0,0.0,0.0,0.0,1.0768385396536784,
2013-10-09,0.0,0.0,0.0,0.0,1.0768385396536784,
2013-10-10,0.0,0.0,0.0,0.0,1.0768385396536784,
2013-10-11,0.0,0.0,0.0,0.0,1.0768385396536784,
2013-10-15,0.0,1.0,5.3943814437366975e-05,-5.3943814437366975e-05,1.0767804508753163,0.5394381443736698
2013-10-16,0.000250000375,1.0,5.4301272093181943e-05,0.00019569910290681807,1.0769911758435802,0.5430127209318194
2013-10-17,0.0,0.0,0.0,0.0,1.0769911758435802,
2013-10-18,0.0,0.0,0.0,0.0,1.0769911758435802,
2013-10-21,0.0,0.0,0.0,0.0,1.0769911758435802,
2013-10-22,0.0,0.0,0.0,0.0,1.0769911758435802,
2013-10-23,0.0,0.0,0.0,0.0,1.0769911758435802,
2013-10-24,0.0,0.0,0.0,0.0,1.0769911758435802,
2013-10-25,0.0,0.0,0.0,0.0,1.0769911758435802,
2013-10-28,0.0,0.0,0.0,0.0,1.0769911758435802,
2013-10-29,0.0,0.0,0.0,0.0,1.0769911758435802,
2013-10-30,0.0,1.0,5.439546933320365e-05,-5.439546933320365e-05,1.0769325924031026,0.5439546933320365
2013-10-31,5.000001499999997e-05,1.0,5.4408517692897195e-05,-4.408502692897226e-06,1.076927844742869,0.544085176928972
2013-11-01,0.0,1.0,5.4408517692897195e-05,-5.4408517692897195e-05,1.0768692506951743,0.544085176928972
2013-11-04,-4.999998499999997e-05,0.0,0.0,-4.999998499999997e-05,1.0768154072487925,
2013-11-05,5.000001499999997e-05,1.0,5.442110160024611e-05,-4.421086600246143e-06,1.0768106465546246,0.5442110160024611
2013-11-06,0.0,0.0,0.0,0.0,1.0768106465546246,
2013-11-07,0.0,1.0,5.524882284354672e-05,-5.524882284354672e-05,1.076751154033977,0.5524882284354672
2013-11-08,0.0018899754999999981,1.0,5.544846166025574e-05,0.0018345270383397425,1.0787264831396157,0.5544846166025574
2013-11-12,0.0,0.0,0.0,0.0,1.0787264831396157,
2013-11-13,0.0,0.0,0.0,0.0,1.0787264831396157,
2013-11-14,0.0,0.0,0.0,0.0,1.0787264831396157,
2013-11-15,0.0,0.0,0.0,0.0,1.0787264831396157,
2013-11-18,0.0,1.0,5.5474646236281336e-05,-5.5474646236281336e-05,1.078666641169578,0.5547464623628133
2013-11-19,0.0005399979999999967,1.0,5.5337745350213775e-05,0.00048466025464978296,1.0791894280185694,0.5533774535021377
2013-11-20,0.0,1.0,5.439032492180485e-05,-5.439032492180485e-05,1.0791307305549274,0.5439032492180484
2013-11-21,5.0000015000000024e-05,2.0,0.00010973150054887501,-5.9731485548874986e-05,1.07906627247329,0.5486575027443751
2013-11-22,0.0005399979999999967,0.0,0.0,0.0005399979999999967,1.079648966102293,
2013-11-25,0.0,0.0,0.0,0.0,1.079648966102293,
2013-11-26,-0.0005400019999999968,0.0,0.0,-0.0005400019999999968,1.0790659535012999,
2013-11-27,0.0,1.0,5.34339990187954e-05,-5.34339990187954e-05,1.0790082946921993,0.534339990187954
2013-11-29,0.00013499975000000035,0.0,0.0,0.00013499975000000035,1.0791539605422307,
2013-12-02,0.00042999775749999876,0.0,0.0,0.00042999775749999876,1.079617994325261,
2013-12-03,-0.00013500025000000036,0.0,0.0,-0.00013500025000000036,1.0794722456261225,
2013-12-04,0.0002699990000000007,1.0,5.321695133082568e-05,0.00021678204866917503,1.0797062558310109,0.5321695133082568
2013-12-05,0.00026999949999999837,1.0,5.468830736926458e-05,0.00021531119263073378,1.0799387286726445,0.5468830736926458
2013-12-06,0.0,0.0,0.0,0.0,1.0799387286726445,
2013-12-09,0.0,0.0,0.0,0.0,1.0799387286726445,
2013-12-10,0.0,0.0,0.0,0.0,1.0799387286726445,
2013-12-11,0.0,0.0,0.0,0.0,1.0799387286726445,
2013-12-12,0.0,0.0,0.0,0.0,1.0799387286726445,
2013-12-13,0.0,0.0,0.0,0.0,1.0799387286726445,
2013-12-16,0.0,0.0,0.0,0.0,1.0799387286726445,
2013-12-17,0.0,0.0,0.0,0.0,1.0799387286726445,
2013-12-18,0.0,1.0,5.3854247785067864e-05,-5.3854247785067864e-05,1.079880569384758,0.5385424778506787
2013-12-19,0.0016199819999999972,1.0,5.404389754378529e-05,0.001565938102456212,1.0815715955144596,0.5404389754378529
2013-12-20,0.0,0.0,0.0,0.0,1.0815715955144596,
2013-12-23,0.0,0.0,0.0,0.0,1.0815715955144596,
2013-12-24,0.0,0.0,0.0,0.0,1.0815715955144596,
2013-12-26,0.0,0.0,0.0,0.0,1.0815715955144596,
2013-12-27,0.0,0.0,0.0,0.0,1.0815715955144596,
2013-12-30,0.0,0.0,0.0,0.0,1.0815715955144596,
2013-12-31,0.0,0.0,0.0,0.0,1.0815715955144596,
2014-01-02,0.0,0.0,0.0,0.0,1.0815715955144596,
2014-01-03,0.0,0.0,0.0,0.0,1.0815715955144596,
2014-01-06,0.0,0.0,0.0,0.0,1.0815715955144596,
2014-01-07,0.0,0.0,0.0,0.0,1.0815715955144596,
2014-01-08,0.0,0.0,0.0,0.0,1.0815715955144596,
2014-01-09,0.0,0.0,0.0,0.0,1.0815715955144596,
2014-01-10,0.0,0.0,0.0,0.0,1.0815715955144596,
2014-01-13,0.0,0.0,0.0,0.0,1.0815715955144596,
2014-01-14,0.0,0.0,0.0,0.0,1.0815715955144596,
2014-01-15,0.0,0.0,0.0,0.0,1.0815715955144596,
2014-01-16,0.0,0.0,0.0,0.0,1.0815715955144596,
2014-01-17,0.0,0.0,0.0,0.0,1.0815715955144596,
2014-01-21,0.0,0.0,0.0,0.0,1.0815715955144596,
2014-01-22,0.0,0.0,0.0,0.0,1.0815715955144596,
2014-01-23,0.0,0.0,0.0,0.0,1.0815715955144596,
2014-01-24,0.0,0.0,0.0,0.0,1.0815715955144596,
2014-01-27,0.0,0.0,0.0,0.0,1.0815715955144596,
2014-01-28,0.0,0.0,0.0,0.0,1.0815715955144596,
2014-01-29,0.0,0.0,0.0,0.0,1.0815715955144596,
2014-01-30,0.0,0.0,0.0,0.0,1.0815715955144596,
2014-01-31,0.0,0.0,0.0,0.0,1.0815715955144596,
2014-02-03,0.0,0.0,0.0,0.0,1.0815715955144596,
2014-02-04,0.0,0.0,0.0,0.0,1.0815715955144596,
2014-02-05,0.0,0.0,0.0,0.0,1.0815715955144596,
2014-02-06,0.0,0.0,0.0,0.0,1.0815715955144596,
2014-02-07,0.0,0.0,0.0,0.0,1.0815715955144596,
2014-02-10,0.0,0.0,0.0,0.0,1.0815715955144596,
2014-02-11,0.0,1.0,5.184114923579666e-05,-5.184114923579666e-05,1.0815155255999673,0.5184114923579666
2014-02-12,5.0000015000000024e-05,1.0,5.187108033488296e-05,-1.8710653348829332e-06,1.0815135020137583,0.5187108033488296
2014-02-13,0.0,0.0,0.0,0.0,1.0815135020137583,
2014-02-14,0.0,0.0,0.0,0.0,1.0815135020137583,
2014-02-18,0.0,0.0,0.0,0.0,1.0815135020137583,
2014-02-19,0.0,0.0,0.0,0.0,1.0815135020137583,
2014-02-20,0.0,0.0,0.0,0.0,1.0815135020137583,
2014-02-21,0.0,0.0,0.0,0.0,1.0815135020137583,
2014-02-24,0.0,0.0,0.0,0.0,1.0815135020137583,
2014-02-25,0.0,0.0,0.0,0.0,1.0815135020137583,
2014-02-26,0.0,0.0,0.0,0.0,1.0815135020137583,
2014-02-27,0.0,0.0,0.0,0.0,1.0815135020137583,
2014-02-28,0.0,0.0,0.0,0.0,1.0815135020137583,
2014-03-03,0.0,0.0,0.0,0.0,1.0815135020137583,
2014-03-04,0.0,0.0,0.0,0.0,1.0815135020137583,
2014-03-05,0.0,0.0,0.0,0.0,1.0815135020137583,
2014-03-06,0.0,0.0,0.0,0.0,1.0815135020137583,
2014-03-07,0.0,0.0,0.0,0.0,1.0815135020137583,
2014-03-10,0.0,0.0,0.0,0.0,1.0815135020137583,
2014-03-11,0.0,0.0,0.0,0.0,1.0815135020137583,
2014-03-12,0.0,0.0,0.0,0.0,1.0815135020137583,
2014-03-13,0.0,0.0,0.0,0.0,1.0815135020137583,
2014-03-14,0.0,0.0,0.0,0.0,1.0815135020137583,
2014-03-17,0.0,0.0,0.0,0.0,1.0815135020137583,
2014-03-18,0.0,0.0,0.0,0.0,1.0815135020137583,
2014-03-19,0.0,0.0,0.0,0.0,1.0815135020137583,
2014-03-20,0.0,1.0,5.593657627367048e-05,-5.593657627367048e-05,1.081453005851262,0.5593657627367048
2014-03-21,-0.00026999949999999837,0.0,0.0,-0.00026999949999999837,1.0811610140804087,
2014-03-24,-0.0005399980000000014,1.0,5.266649489697231e-05,-0.0005926644948969737,1.0805202483340965,0.526664948969723
2014-03-25,8.750022500000142e-05,1.0,5.2667511140197336e-05,3.483271385980408e-05,1.0805578857867264,0.5266751114019734
2014-03-26,-9.500005000000004e-05,1.0,5.267429457750474e-05,-0.00014767434457750478,1.0803983151091647,0.5267429457750474
2014-03-27,-0.00013499975000000154,0.0,0.0,-0.00013499975000000154,1.0802524616067246,
2014-03-28,-0.0003574977749999999,0.0,0.0,-0.0003574977749999999,1.0798662737552618,
2014-03-31,0.00040500224999999993,1.0,5.268490105439326e-05,0.00035231734894560667,1.080246729378047,0.5268490105439325
2014-04-01,0.0,1.0,5.589808692531155e-05,-5.589808692531155e-05,1.0801863456524676,0.5589808692531155
2014-04-02,-0.0008099954999999952,2.0,0.00010755473084510964,-0.0009175502308451048,1.0791952204216586,0.5377736542255482
2014-04-03,-9.500004999999983e-05,1.106145251396648,5.8123262305691794e-05,-0.00015312331230569163,1.0790299704748831,0.52545777538984
2014-04-04,0.0005552532318435768,1.0,5.2619050665593397e-05,0.0005026341811779834,1.0795723278205593,0.5261905066559339
2014-04-07,0.0005400020000000014,0.0,0.0,0.0005400020000000014,1.080155299036727,
2014-04-08,-0.0002699995000000031,0.0,0.0,-0.0002699995000000031,1.0798636576460647,
2014-04-09,0.0008100044999999999,0.0,0.0,0.0008100044999999999,1.0807383520681444,
2014-04-10,0.0010800079999999982,0.0,0.0,0.0010800079999999982,1.0819055581342847,
2014-04-11,0.0002700005000000031,1.0,5.555016923445344e-05,0.00021445033076554967,1.0821375731390837,0.5555016923445344
2014-04-14,0.0,1.0,5.556141875163825e-05,-5.556141875163825e-05,1.0820774480402355,0.5556141875163825
2014-04-15,-0.0005399980000000014,0.0,0.0,-0.0005399980000000014,1.0814931283824487,
2014-04-16,-0.0008099954999999998,1.0,5.5589790936328875e-05,-0.0008655852909363287,1.0805570038382721,0.5558979093632888
2014-04-17,0.0,0.0,0.0,0.0,1.0805570038382721,
2014-04-21,0.0,0.0,0.0,0.0,1.0805570038382721,
2014-04-22,0.0,0.0,0.0,0.0,1.0805570038382721,
2014-04-23,0.0,0.0,0.0,0.0,1.0805570038382721,
2014-04-24,0.0,0.0,0.0,0.0,1.0805570038382721,
2014-04-25,0.0,0.0,0.0,0.0,1.0805570038382721,
2014-04-28,0.0,0.0,0.0,0.0,1.0805570038382721,
2014-04-29,0.0,0.0,0.0,0.0,1.0805570038382721,
2014-04-30,0.0,0.0,0.0,0.0,1.0805570038382721,
2014-05-01,0.0,0.0,0.0,0.0,1.0805570038382721,
2014-05-02,0.0,0.0,0.0,0.0,1.0805570038382721,
2014-05-05,0.0,0.0,0.0,0.0,1.0805570038382721,
2014-05-06,0.0,1.0,5.5153299639565044e-05,-5.5153299639565044e-05,1.0804974075540619,0.5515329963956505
2014-05-07,0.0008100044999999999,0.0,0.0,0.0008100044999999999,1.081372615316419,
2014-05-08,0.0008100044999999999,1.0,5.515542334154126e-05,0.0007548490766584586,1.0821888884366142,0.5515542334154127
2014-05-09,0.0,0.0,0.0,0.0,1.0821888884366142,
2014-05-12,0.0,0.0,0.0,0.0,1.0821888884366142,
2014-05-13,0.0,0.0,0.0,0.0,1.0821888884366142,
2014-05-14,0.0,0.0,0.0,0.0,1.0821888884366142,
2014-05-15,0.0,0.0,0.0,0.0,1.0821888884366142,
2014-05-16,0.0,0.0,0.0,0.0,1.0821888884366142,
2014-05-19,0.0,0.0,0.0,0.0,1.0821888884366142,
2014-05-20,0.0,1.0,5.504049801960991e-05,-5.504049801960991e-05,1.0821293242212433,0.5504049801960991
2014-05-21,0.0017498762500000329,1.0,5.5038321526948936e-05,0.0016948379284730838,1.0839633580434465,0.5503832152694894
2014-05-22,0.0019999775000000574,1.0,5.502846371269806e-05,0.0019449490362873595,1.0860716115320437,0.5502846371269805
2014-05-23,-0.0007500450000000303,1.0,5.502846371269806e-05,-0.0008050734637127284,1.0851972440979074,0.5502846371269805
2014-05-27,-0.006000202500000033,1.0,5.665507466767967e-05,-0.006056857574667713,1.0786243589499844,0.5665507466767967
2014-05-28,0.0,0.0,0.0,0.0,1.0786243589499844,
2014-05-29,0.0,0.0,0.0,0.0,1.0786243589499844,
2014-05-30,0.0,0.0,0.0,0.0,1.0786243589499844,
2014-06-02,0.0,0.0,0.0,0.0,1.0786243589499844,
2014-06-03,0.0,0.0,0.0,0.0,1.0786243589499844,
2014-06-04,0.0,0.0,0.0,0.0,1.0786243589499844,
2014-06-05,0.0,0.0,0.0,0.0,1.0786243589499844,
2014-06-06,0.0,0.0,0.0,0.0,1.0786243589499844,
2014-06-09,0.0,0.0,0.0,0.0,1.0786243589499844,
2014-06-10,0.0,1.0,5.498720113302471e-05,-5.498720113302471e-05,1.078565048415412,0.5498720113302471
2014-06-11,0.0005400020000000014,1.0,5.497763359019043e-05,0.00048502436640981104,1.0790881787446513,0.5497763359019043
2014-06-12,0.0,0.0,0.0,0.0,1.0790881787446513,
2014-06-13,0.0,1.0,5.3916140726798565e-05,-5.3916140726798565e-05,1.0790299984745495,0.5391614072679857
2014-06-16,-0.0005399979999999967,1.0,5.393045116083175e-05,-0.0005939284511608285,1.0783891318587995,0.5393045116083175
2014-06-17,0.0,1.0,5.400705592363536e-05,-5.400705592363536e-05,1.0783308912366478,0.5400705592363536
2014-06-18,0.0010800079999999982,0.0,0.0,0.0010800079999999982,1.0794954972258306,
2014-06-19,0.0002700005000000031,1.0,5.407521099242338e-05,0.00021592528900757973,1.0797285876030513,0.5407521099242338
2014-06-20,0.0,0.0,0.0,0.0,1.0797285876030513,
2014-06-23,0.0,1.0,5.404110238358004e-05,-5.404110238358004e-05,1.0796702378799021,0.5404110238358004
2014-06-24,0.0002700004999999984,1.0,5.4001765147255065e-05,0.00021599873485274331,1.0799034452853422,0.5400176514725507
2014-06-25,0.0,0.0,0.0,0.0,1.0799034452853422,
2014-06-26,0.0,0.0,0.0,0.0,1.0799034452853422,
2014-06-27,0.0,0.0,0.0,0.0,1.0799034452853422,
2014-06-30,0.0,0.0,0.0,0.0,1.0799034452853422,
2014-07-01,0.0,0.0,0.0,0.0,1.0799034452853422,
2014-07-02,0.0,0.0,0.0,0.0,1.0799034452853422,
2014-07-03,0.0,0.0,0.0,0.0,1.0799034452853422,
2014-07-07,0.0,1.0,5.3923257467021815e-05,-5.3923257467021815e-05,1.0798452133738226,0.5392325746702181
2014-07-08,0.0002700005000000031,0.0,0.0,0.0002700005000000031,1.0801367721213562,
2014-07-09,0.0005400019999999968,0.0,0.0,0.0005400019999999968,1.0807200481385753,
2014-07-10,0.0010800079999999982,0.0,0.0,0.0010800079999999982,1.0818872344363253,
2014-07-11,0.0002700005000000031,1.0,5.3921547025530404e-05,0.0002160789529744727,1.0821210074971785,0.539215470255304
2014-07-14,0.0,1.0,5.3921547025530404e-05,-5.3921547025530404e-05,1.0820626578583854,0.539215470255304
2014-07-15,-0.0005399980000000014,0.0,0.0,-0.0005399980000000014,1.0814783461872672,
2014-07-16,-0.00026999949999999837,0.0,0.0,-0.00026999949999999837,1.0811863475745358,
2014-07-17,0.0010800080000000027,0.0,0.0,0.0010800080000000027,1.082354037479407,
2014-07-18,-0.0008099955000000045,0.0,0.0,-0.0008099955000000045,1.0814773355796417,
2014-07-21,-0.0005399979999999967,0.0,0.0,-0.0005399979999999967,1.0808933399813834,
2014-07-22,0.0005400019999999968,0.0,0.0,0.0005400019999999968,1.08147702454676,
2014-07-23,0.0002700005000000031,0.0,0.0,0.0002700005000000031,1.0817690238841262,
2014-07-24,-0.001079992000000003,1.0,5.1944503266155274e-05,-0.0011319365032661582,1.080544530037889,0.5194450326615527
2014-07-25,0.0002700010000000007,1.0,5.192102115595521e-05,0.00021807997884404552,1.08078017516614,0.519210211559552
2014-07-28,0.0,1.0,5.1924069511871004e-05,-5.1924069511871004e-05,1.0807240566611975,0.5192406951187101
2014-07-29,0.0001825002249999991,1.0,5.192046060049109e-05,0.00013057976439950802,1.0808651773538973,0.5192046060049109
2014-07-30,0.0,1.0,5.407936795813434e-05,-5.407936795813434e-05,1.080806724848258,0.5407936795813434
2014-07-31,0.0005400019999999968,1.0,5.408766920726502e-05,0.00048591433079273174,1.081331904324679,0.5408766920726502
2014-08-01,0.0,0.0,0.0,0.0,1.081331904324679,
2014-08-04,0.0,0.0,0.0,0.0,1.081331904324679,
2014-08-05,0.0,0.0,0.0,0.0,1.081331904324679,
2014-08-06,0.0,0.0,0.0,0.0,1.081331904324679,
2014-08-07,0.0,0.0,0.0,0.0,1.081331904324679,
2014-08-08,0.0,0.0,0.0,0.0,1.081331904324679,
2014-08-11,0.0,0.0,0.0,0.0,1.081331904324679,
2014-08-12,0.0,0.0,0.0,0.0,1.081331904324679,
2014-08-13,0.0,0.0,0.0,0.0,1.081331904324679,
2014-08-14,0.0,0.0,0.0,0.0,1.081331904324679,
2014-08-15,0.0,0.0,0.0,0.0,1.081331904324679,
2014-08-18,0.0,0.0,0.0,0.0,1.081331904324679,
2014-08-19,0.0,0.0,0.0,0.0,1.081331904324679,
2014-08-20,0.0,0.0,0.0,0.0,1.081331904324679,
2014-08-21,0.0,0.0,0.0,0.0,1.081331904324679,
2014-08-22,0.0,1.0,5.144359423776772e-05,-5.144359423776772e-05,1.0812762767249564,0.5144359423776772
2014-08-25,-4.427374296307263e-10,1.0,5.146076771381473e-05,-5.146121045124436e-05,1.0812206329389238,0.5146076771381474
2014-08-26,0.0,0.0,0.0,0.0,1.0812206329389238,
2014-08-27,0.0,0.0,0.0,0.0,1.0812206329389238,
2014-08-28,0.0,0.0,0.0,0.0,1.0812206329389238,
2014-08-29,0.0,1.0,5.187108033488296e-05,-5.187108033488296e-05,1.0811645488566128,0.5187108033488296
2014-09-02,0.0,1.0,5.187108033488296e-05,-5.187108033488296e-05,1.081108467683444,0.5187108033488296
2014-09-03,0.0,0.0,0.0,0.0,1.081108467683444,
2014-09-04,0.0,0.0,0.0,0.0,1.081108467683444,
2014-09-05,0.0,0.0,0.0,0.0,1.081108467683444,
2014-09-08,0.0,1.0,5.183910237664712e-05,-5.183910237664712e-05,1.0810524239909074,0.5183910237664712
2014-09-09,0.0,1.0,5.183910237664712e-05,-5.183910237664712e-05,1.0809963832036256,0.5183910237664712
2014-09-10,0.0,0.0,0.0,0.0,1.0809963832036256,
2014-09-11,0.0,0.0,0.0,0.0,1.0809963832036256,
2014-09-12,0.0,1.0,5.1809683099059256e-05,-5.1809683099059256e-05,1.0809403771235806,0.5180968309905926
2014-09-15,0.0,0.0,0.0,0.0,1.0809403771235806,
2014-09-16,5.0000015e-05,2.0,0.00010498597846218378,-5.498596346218378e-05,1.0808809405754993,0.5249298923109189
2014-09-17,0.001836714234693892,1.0,5.323763516958365e-05,0.0017834765995243084,1.0828086664398877,0.5323763516958365
2014-09-18,0.0,0.0,0.0,0.0,1.0828086664398877,
2014-09-19,0.0,0.0,0.0,0.0,1.0828086664398877,
2014-09-22,0.0,0.0,0.0,0.0,1.0828086664398877,
2014-09-23,0.0,0.0,0.0,0.0,1.0828086664398877,
2014-09-24,0.0,0.0,0.0,0.0,1.0828086664398877,
2014-09-25,0.0,0.0,0.0,0.0,1.0828086664398877,
2014-09-26,0.0,0.0,0.0,0.0,1.0828086664398877,
2014-09-29,0.0,0.0,0.0,0.0,1.0828086664398877,
2014-09-30,0.0,0.0,0.0,0.0,1.0828086664398877,
2014-10-01,0.0,0.0,0.0,0.0,1.0828086664398877,
2014-10-02,0.0,0.0,0.0,0.0,1.0828086664398877,
2014-10-03,0.0,0.0,0.0,0.0,1.0828086664398877,
2014-10-06,0.0,0.0,0.0,0.0,1.0828086664398877,
2014-10-07,0.0,0.0,0.0,0.0,1.0828086664398877,
2014-10-08,0.0,0.0,0.0,0.0,1.0828086664398877,
2014-10-09,0.0,0.0,0.0,0.0,1.0828086664398877,
2014-10-10,0.0,0.0,0.0,0.0,1.0828086664398877,
2014-10-14,0.0,0.0,0.0,0.0,1.0828086664398877,
2014-10-15,0.0,0.0,0.0,0.0,1.0828086664398877,
2014-10-16,0.0,0.0,0.0,0.0,1.0828086664398877,
2014-10-17,0.0,0.0,0.0,0.0,1.0828086664398877,
2014-10-20,0.0,1.0,5.190153075416611e-05,-5.190153075416611e-05,1.0827524670125857,0.5190153075416611
2014-10-21,0.0,0.0,0.0,0.0,1.0827524670125857,
2014-10-22,0.0,1.0,5.190153075416611e-05,-5.190153075416611e-05,1.08269627050212,0.5190153075416611
2014-10-23,0.0,1.0,5.190153075416611e-05,-5.190153075416611e-05,1.082640076908339,0.5190153075416611
2014-10-24,0.0,0.0,0.0,0.0,1.082640076908339,
2014-10-27,0.0,1.0,5.187108033488296e-05,-5.187108033488296e-05,1.082583919197936,0.5187108033488296
2014-10-28,0.0,0.0,0.0,0.0,1.082583919197936,
2014-10-29,0.0,0.0,0.0,0.0,1.082583919197936,
2014-10-30,0.0,0.0,0.0,0.0,1.082583919197936,
2014-10-31,0.0,0.0,0.0,0.0,1.082583919197936,
2014-11-03,0.0,0.0,0.0,0.0,1.082583919197936,
2014-11-04,0.0,0.0,0.0,0.0,1.082583919197936,
2014-11-05,0.0,0.0,0.0,0.0,1.082583919197936,
2014-11-06,0.0,0.0,0.0,0.0,1.082583919197936,
2014-11-07,0.0,0.0,0.0,0.0,1.082583919197936,
2014-11-10,0.0,0.0,0.0,0.0,1.082583919197936,
2014-11-12,0.0,0.0,0.0,0.0,1.082583919197936,
2014-11-13,0.0,0.0,0.0,0.0,1.082583919197936,
2014-11-14,0.0,0.0,0.0,0.0,1.082583919197936,
2014-11-17,0.0,0.0,0.0,0.0,1.082583919197936,
2014-11-18,0.0,0.0,0.0,0.0,1.082583919197936,
2014-11-19,0.0,0.0,0.0,0.0,1.082583919197936,
2014-11-20,0.0,0.0,0.0,0.0,1.082583919197936,
2014-11-21,0.0,0.0,0.0,0.0,1.082583919197936,
2014-11-24,0.0,0.0,0.0,0.0,1.082583919197936,
2014-11-25,0.0,0.0,0.0,0.0,1.082583919197936,
2014-11-26,0.0,0.0,0.0,0.0,1.082583919197936,
2014-11-28,0.0,0.0,0.0,0.0,1.082583919197936,
2014-12-01,0.0,0.0,0.0,0.0,1.082583919197936,
2014-12-02,0.0,0.0,0.0,0.0,1.082583919197936,
2014-12-03,0.0,0.0,0.0,0.0,1.082583919197936,
2014-12-04,0.0,0.0,0.0,0.0,1.082583919197936,
2014-12-05,0.0,1.0,5.1986109958779115e-05,-5.1986109958779115e-05,1.0825276398712729,0.5198610995877911
2014-12-08,0.0,1.0,5.284988140051683e-05,-5.284988140051683e-05,1.0824704284138928,0.5284988140051683
2014-12-09,0.000642501625,1.0,5.299051892450023e-05,0.0005895111060754998,1.083108556753441,0.5299051892450023
2014-12-10,0.0,0.0,0.0,0.0,1.083108556753441,
2014-12-11,0.0,1.0,5.4933708748903666e-05,-5.4933708748903666e-05,1.083049057583441,0.5493370874890366
2014-12-12,0.0022504049999999944,1.0,5.510599423513416e-05,0.0021952990057648603,1.0854266741027485,0.5510599423513416
2014-12-15,0.0,0.0,0.0,0.0,1.0854266741027485,
2014-12-16,0.0,0.0,0.0,0.0,1.0854266741027485,
2014-12-17,0.0,0.0,0.0,0.0,1.0854266741027485,
2014-12-18,0.0,1.0,5.8218760405247826e-05,-5.8218760405247826e-05,1.0853634819072715,0.5821876040524783
2014-12-19,-0.009000449999999998,1.967741935483871,0.00010983460929943172,-0.00911028460929943,1.075475511682556,0.5581758833249808
2014-12-22,0.00209681881048386,0.967741935483871,5.214997307548173e-05,0.0020446688374083782,1.0776745029466892,0.5388830551133111
2014-12-23,-0.0024995000000000546,0.9404388714733543,5.066087205910858e-05,-0.0025501608720591633,1.0749262595964588,0.5386939395618545
2014-12-24,0.0019553737813479523,1.9160486275709152,0.00010298291333036798,0.0018523908680175842,1.0769174431835278,0.5374754682553404
2014-12-26,-0.001353682321951236,0.9756097560975611,5.188468444147792e-05,-0.001405567006392714,1.0754037635567801,0.5318180155251485
2014-12-29,-0.0012984968502202739,0.8810572687224669,4.813218544555825e-05,-0.001346629035665832,1.0739555936237102,0.546300304807086
2014-12-30,0.0005000200000000231,0.0,0.0,0.0005000200000000231,1.074492592899634,
2014-12-31,-0.0005000137499999971,1.0,5.5321541848268044e-05,-0.0005553352918482652,1.0738958892419674,0.5532154184826805
2015-01-02,-0.00900045000000005,1.0,5.816607284823685e-05,-0.009058616072848287,1.0641678786791144,0.5816607284823685
2015-01-05,0.0,1.0,5.31992819345006e-05,-5.31992819345006e-05,1.064111265712111,0.531992819345006
2015-01-06,0.0,0.0,0.0,0.0,1.064111265712111,
2015-01-07,-5.0000015000000024e-05,0.0,0.0,-5.0000015000000024e-05,1.0640580601328637,
2015-01-08,-5.000001499999997e-05,0.0,0.0,-5.000001499999997e-05,1.0640048572138963,
2015-01-09,0.0,0.0,0.0,0.0,1.0640048572138963,
2015-01-12,4.999998499999997e-05,1.0,5.31992819345006e-05,-3.1992969345006296e-06,1.0640014531464184,0.531992819345006
2015-01-13,0.0,1.0,5.320398762843489e-05,-5.320398762843489e-05,1.0639448440262684,0.5320398762843489
2015-01-14,4.999998499999997e-05,1.0,5.3219526114080564e-05,-3.219541114080597e-06,1.0639414186121001,0.5321952611408056
2015-01-15,0.0,0.0,0.0,0.0,1.0639414186121001,
2015-01-16,0.0,1.0,5.324138725503446e-05,-5.324138725503446e-05,1.0638847728950152,0.5324138725503446
2015-01-20,4.999998499999997e-05,1.0,5.3257903615803915e-05,-3.257918615803948e-06,1.0638813068450086,0.5325790361580391
2015-01-21,0.0,0.0,0.0,0.0,1.0638813068450086,
2015-01-22,0.0,0.0,0.0,0.0,1.0638813068450086,
2015-01-23,0.0,0.0,0.0,0.0,1.0638813068450086,
2015-01-26,0.0,0.0,0.0,0.0,1.0638813068450086,
2015-01-27,0.0,0.0,0.0,0.0,1.0638813068450086,
2015-01-28,0.0,0.0,0.0,0.0,1.0638813068450086,
2015-01-29,0.0,1.0,5.3206337885584554e-05,-5.3206337885584554e-05,1.0638247016167264,0.5320633788558455
2015-01-30,0.0,0.0,0.0,0.0,1.0638247016167264,
2015-02-02,0.0,2.0,0.00010944836861104425,-0.00010944836861104425,1.0637082677386462,0.5472418430552212
2015-02-03,0.005248886250000019,2.0,0.00010975701790905167,0.005139129232090967,1.0691748019917988,0.5487850895452584
2015-02-04,-5.000001500000008e-05,0.0,0.0,-5.000001500000008e-05,1.0691213432356617,
2015-02-05,0.0,0.0,0.0,0.0,1.0691213432356617,
2015-02-06,4.9999985000000076e-05,0.0,0.0,4.9999985000000076e-05,1.0691747992867868,
2015-02-09,4.999998499999997e-05,1.0,5.3599547209790446e-05,-3.599562209790479e-06,1.0691709507255838,0.5359954720979044
2015-02-10,-0.00013499975000000154,1.0,5.360044605116302e-05,-0.00018860019605116456,1.0689693048746647,0.5360044605116303
2015-02-11,-5.000001499999997e-05,0.0,0.0,-5.000001499999997e-05,1.0689158563933865,
2015-02-12,0.0,0.0,0.0,0.0,1.0689158563933865,
2015-02-13,0.0,0.0,0.0,0.0,1.0689158563933865,
2015-02-17,0.0,0.0,0.0,0.0,1.0689158563933865,
2015-02-18,0.0,0.0,0.0,0.0,1.0689158563933865,
2015-02-19,0.0,0.0,0.0,0.0,1.0689158563933865,
2015-02-20,0.0,0.0,0.0,0.0,1.0689158563933865,
2015-02-23,4.999998499999997e-05,1.0,5.3080831936949635e-05,-3.0808469369496673e-06,1.0689125632272445,0.5308083193694964
2015-02-24,0.0,0.0,0.0,0.0,1.0689125632272445,
2015-02-25,0.0,1.0,5.3080831936949635e-05,-5.3080831936949635e-05,1.0688558244591204,0.5308083193694964
2015-02-26,0.0,0.0,0.0,0.0,1.0688558244591204,
2015-02-27,0.0,0.0,0.0,0.0,1.0688558244591204,
2015-03-02,4.999998499999997e-05,1.0,5.3080831936949635e-05,-3.0808469369496673e-06,1.0688525314779276,0.5308083193694964
2015-03-03,0.0,1.0,5.306213125686587e-05,-5.306213125686587e-05,1.068795815884608,0.5306213125686587
2015-03-04,0.0,1.0,5.304393441505625e-05,-5.304393441505625e-05,1.0687391227494472,0.5304393441505625
2015-03-05,0.0,1.0,5.304393441505625e-05,-5.304393441505625e-05,1.0686824326215132,0.5304393441505625
2015-03-06,0.0,0.0,0.0,0.0,1.0686824326215132,
2015-03-09,9.999993999999999e-05,1.0,5.302500564193028e-05,4.697493435806971e-05,1.0687326339086352,0.5302500564193028
2015-03-10,0.0,0.0,0.0,0.0,1.0687326339086352,
2015-03-11,0.0,0.0,0.0,0.0,1.0687326339086352,
2015-03-12,0.0,0.0,0.0,0.0,1.0687326339086352,
2015-03-13,0.0,0.0,0.0,0.0,1.0687326339086352,
2015-03-16,0.0,0.0,0.0,0.0,1.0687326339086352,
2015-03-17,0.0,0.0,0.0,0.0,1.0687326339086352,
2015-03-18,0.0,0.0,0.0,0.0,1.0687326339086352,
2015-03-19,0.0,0.0,0.0,0.0,1.0687326339086352,
2015-03-20,0.0,0.0,0.0,0.0,1.0687326339086352,
2015-03-23,0.0,0.0,0.0,0.0,1.0687326339086352,
2015-03-24,0.0,0.0,0.0,0.0,1.0687326339086352,
2015-03-25,0.0,0.0,0.0,0.0,1.0687326339086352,
2015-03-26,0.0,0.0,0.0,0.0,1.0687326339086352,
2015-03-27,0.0,0.0,0.0,0.0,1.0687326339086352,
2015-03-30,0.0,0.0,0.0,0.0,1.0687326339086352,
2015-03-31,0.0,0.0,0.0,0.0,1.0687326339086352,
2015-04-01,0.0,0.0,0.0,0.0,1.0687326339086352,
2015-04-02,0.0,0.0,0.0,0.0,1.0687326339086352,
2015-04-03,0.0,1.0,5.681108580407768e-05,-5.681108580407768e-05,1.0686719180472686,0.5681108580407768
2015-04-06,0.002249968750000002,0.0,0.0,0.002249968750000002,1.0710763964668775,
2015-04-07,0.0004499987499999973,1.0,5.6805691992944204e-05,0.00039319305800705306,1.0714975362705634,0.5680569199294421
2015-04-08,0.0,0.0,0.0,0.0,1.0714975362705634,
2015-04-09,0.0,0.0,0.0,0.0,1.0714975362705634,
2015-04-10,0.0,0.0,0.0,0.0,1.0714975362705634,
2015-04-13,0.0,0.0,0.0,0.0,1.0714975362705634,
2015-04-14,0.0,0.0,0.0,0.0,1.0714975362705634,
2015-04-15,0.0,0.0,0.0,0.0,1.0714975362705634,
2015-04-16,0.0,0.0,0.0,0.0,1.0714975362705634,
2015-04-17,0.0,0.0,0.0,0.0,1.0714975362705634,
2015-04-20,0.0,0.0,0.0,0.0,1.0714975362705634,
2015-04-21,0.0,0.0,0.0,0.0,1.0714975362705634,
2015-04-22,0.0,0.0,0.0,0.0,1.0714975362705634,
2015-04-23,0.0,0.0,0.0,0.0,1.0714975362705634,
2015-04-24,0.0,0.0,0.0,0.0,1.0714975362705634,
2015-04-27,0.0,0.0,0.0,0.0,1.0714975362705634,
2015-04-28,0.0,1.0,5.622211292613183e-05,-5.622211292613183e-05,1.0714372944150792,0.5622211292613183
2015-04-29,0.0017999800000000046,2.0,0.00010942684184757587,0.0016905531581524287,1.0732486161169148,0.5471342092378793
2015-04-30,9.500005000000025e-05,2.0,0.00010628010381094592,-1.1280053810945663e-05,1.0732365098147725,0.5314005190547296
2015-05-01,-5.000001499999997e-05,0.0,0.0,-5.000001499999997e-05,1.073182847973183,
2015-05-04,0.000149999865,1.0,5.313506383274805e-05,9.686480116725195e-05,1.0732868016163681,0.5313506383274805
2015-05-05,0.0,0.0,0.0,0.0,1.0732868016163681,
2015-05-06,0.0,0.0,0.0,0.0,1.0732868016163681,
2015-05-07,0.0,0.0,0.0,0.0,1.0732868016163681,
2015-05-08,0.0,0.0,0.0,0.0,1.0732868016163681,
2015-05-11,0.0,0.0,0.0,0.0,1.0732868016163681,
2015-05-12,0.0,1.0,5.9233540642713676e-05,-5.9233540642713676e-05,1.0732232270389832,0.5923354064271368
2015-05-13,0.0,0.0,0.0,0.0,1.0732232270389832,
2015-05-14,0.0037200809999999988,1.867132867132867,0.00010392850015566475,0.003616152499844334,1.0771041658943312,0.5566208060771559
2015-05-15,-0.0002179270130026225,1.867132867132867,0.00010403447630186203,-0.0003219614893044845,1.0767573798329437,0.5571883936766394
2015-05-18,-0.004959855999999992,1.0,5.9211487021085596e-05,-0.005019067487021077,1.0713530618764142,0.592114870210856
2015-05-19,0.0,1.0,5.907310458419844e-05,-5.907310458419844e-05,1.0712897737249434,0.5907310458419844
2015-05-20,0.0018600202499999888,1.0,5.909815545080104e-05,0.0018009220945491879,1.0732190831481092,0.5909815545080104
2015-05-21,0.0,1.0,5.401057923032471e-05,-5.401057923032471e-05,1.0731611179637872,0.5401057923032471
2015-05-22,-0.0007199960000000004,0.0,0.0,-0.0007199960000000004,1.0723884462514979,
2015-05-26,0.0,0.0,0.0,0.0,1.0723884462514979,
2015-05-27,0.0,1.0,5.399057269488291e-05,-5.399057269488291e-05,1.0723305473851334,0.5399057269488291
2015-05-28,0.0,0.0,0.0,0.0,1.0723305473851334,
2015-05-29,0.0,1.0,5.329240408674774e-05,-5.329240408674774e-05,1.0722734003122876,0.5329240408674774
2015-06-01,4.9999985000000076e-05,0.0,0.0,4.9999985000000076e-05,1.072327013966219,
2015-06-02,0.0,1.0,5.3239062429736236e-05,-5.3239062429736236e-05,1.0722699242813776,0.5323906242973624
2015-06-03,0.0,1.0,5.357635732517813e-05,-5.357635732517813e-05,1.0722124759647653,0.5357635732517814
2015-06-04,0.0013950265500000038,1.0,5.361189234075503e-05,0.0013414146576592489,1.0736507574961498,0.5361189234075504
2015-06-05,0.0,1.0,5.444592676357151e-05,-5.444592676357151e-05,1.0735923015856375,0.5444592676357152
2015-06-08,0.0009550101175000051,1.0,5.445395655665218e-05,0.0009005561609433529,1.0745591317471719,0.5445395655665217
2015-06-09,0.0,1.0,5.3760490122181745e-05,-5.3760490122181745e-05,1.0745013629215838,0.5376049012218175
2015-06-10,-0.0012554800312499998,0.44999999999999996,2.3930446108521475e-05,-0.0012794104773585213,1.073126634619926,0.5317876913004773
2015-06-11,0.0003600009999999994,2.0,0.00011239174327883021,0.00024760925672116915,1.0733923507082919,0.5619587163941511
2015-06-12,-0.0006199977499999747,1.55,8.580660608016054e-05,-0.0007058043560801353,1.072634745711379,0.5535910069687777
2015-06-15,0.0008370088750000022,1.55,8.574885780455996e-05,0.0007512600171954422,1.0734405733088865,0.553218437448774
2015-06-16,0.0024800359999999854,1.0,5.890737920818201e-05,0.002421128620791803,1.0760395110036438,0.5890737920818201
2015-06-17,0.0,1.0,5.523692868782805e-05,-5.523692868782805e-05,1.0759800738859093,0.5523692868782806
2015-06-18,-0.0009299898750000052,0.0,0.0,-0.0009299898750000052,1.0749794233114935,
2015-06-19,0.0022500871249999926,1.84375,9.896138422169429e-05,0.0021511257407782983,1.0772918392197859,0.5367397110329182
2015-06-22,-5.906334601562472e-05,2.0,0.00011125792471173252,-0.00017032127072735722,1.0771083535047858,0.5562896235586625
2015-06-23,-0.0024799640000000064,1.0,5.532183679195881e-05,-0.002535285836791965,1.0743775759514549,0.5532183679195881
2015-06-24,0.00048500425000000554,0.8671328671328671,4.6651542010247934e-05,0.0004383527079897576,1.0748485322712769,0.5379976215697947
2015-06-25,-4.1188191608392434e-05,0.0,0.0,-4.1188191608392434e-05,1.0748042612039796,
2015-06-26,0.000157870263986014,0.8671328671328671,4.4931045393710614e-05,0.00011293921859230338,1.0749256487573797,0.5181564105887596
2015-06-29,0.00038929290312500356,0.775,4.185933696455696e-05,0.0003474335661604466,1.0752991140088848,0.5401204769620253
2015-06-30,-0.00048499575000000785,0.8671328671328671,4.6653080582615534e-05,-0.0005316488305826234,1.0747274324923954,0.5380153647833888
2015-07-01,0.0006566733959790213,1.0,5.294626020139437e-05,0.0006037271357776269,1.0753762746069557,0.5294626020139437
2015-07-02,0.0,1.0,5.433421481924293e-05,-5.433421481924293e-05,1.0753178448814398,0.5433421481924293
2015-07-06,-0.002362541249999995,1.0,5.235888437926748e-05,-0.0024149001343792623,1.0727210596733352,0.5235888437926748
2015-07-07,4.7499634374998455e-05,2.0,0.00011204678294801361,-6.454714857301515e-05,1.072651818587719,0.560233914740068
2015-07-08,0.0037200809999999988,2.0,0.00011201557582582938,0.0036080654241741695,1.0765220165265428,0.5600778791291469
2015-07-09,-9.499995000000025e-05,2.0,0.00010867738592864785,-0.0002036773359286481,1.0763027533901481,0.5433869296432392
2015-07-10,0.0024299594999999995,1.0,5.66860065521819e-05,0.0023732734934478177,1.078857114185694,0.566860065521819
2015-07-13,0.0,1.0,5.663383511715372e-05,-5.663383511715372e-05,1.0787960143697743,0.5663383511715372
2015-07-14,-0.0008100044999999999,0.0,0.0,-0.0008100044999999999,1.0779221847435527,
2015-07-15,-0.0008100044999999999,1.0,5.4597403314679985e-05,-0.0008646019033146799,1.0769902111709984,0.5459740331467999
2015-07-16,0.0006749937500000007,1.0,5.462177686614038e-05,0.0006203719731338604,1.0776583457133484,0.5462177686614038
2015-07-17,0.0,0.0,0.0,0.0,1.0776583457133484,
2015-07-20,0.0,0.0,0.0,0.0,1.0776583457133484,
2015-07-21,0.0,1.0,5.6638943061342785e-05,-5.6638943061342785e-05,1.077597308283666,0.5663894306134278
2015-07-22,0.00026999949999999837,1.0,5.3743085180232114e-05,0.00021625641481976625,1.077830345614175,0.5374308518023212
2015-07-23,9.000099999999944e-05,2.0,0.00011386143025338488,-2.3860430253385442e-05,1.0778046281183884,0.5693071512669243
2015-07-24,0.0006200022499999963,1.0,6.0055375330775886e-05,0.0005599468746692205,1.0784081414514075,0.6005537533077588
2015-07-27,0.0,1.0,5.668178018500145e-05,-5.668178018500145e-05,1.078347015358184,0.5668178018500145
2015-07-28,0.0008099954999999998,1.0,5.659802230256042e-05,0.0007533974776974394,1.0791594392796373,0.5659802230256042
2015-07-29,0.0,0.0,0.0,0.0,1.0791594392796373,
2015-07-30,0.0,1.0,6.001290531267751e-05,-6.001290531267751e-05,1.0790946757863906,0.6001290531267751
2015-07-31,0.00558018225000001,1.0,6.015076025810848e-05,0.0055200314897419014,1.0850513123771444,0.6015076025810848
2015-08-03,0.0,1.0,5.6202696698024455e-05,-5.6202696698024455e-05,1.084990329567333,0.5620269669802446
2015-08-04,-0.0055998162499999934,0.0,0.0,-0.0055998162499999934,1.0789145830887292,
2015-08-05,-0.003999906249999976,1.0,5.610084739876771e-05,-0.004056007097398743,1.0745384978822343,0.5610084739876771
2015-08-06,0.0,1.0,5.192639531058416e-05,-5.192639531058416e-05,1.0744827009714168,0.5192639531058416
2015-08-07,-4.999994249999999e-05,0.0,0.0,-4.999994249999999e-05,1.074428976898151,
2015-08-10,4.999991750000003e-05,1.0,5.219376570471707e-05,-2.1938482047170456e-06,1.0744266197640688,0.5219376570471708
2015-08-11,0.0,1.0,5.61959299562373e-05,-5.61959299562373e-05,1.0743662413610016,0.561959299562373
2015-08-12,0.0008000037499999674,1.0,5.6083668050539284e-05,0.0007439200819494281,1.0751654839833185,0.5608366805053928
2015-08-13,0.0,0.0,0.0,0.0,1.0751654839833185,
2015-08-14,0.0,1.0,5.2236184179466294e-05,-5.2236184179466294e-05,1.0751093214410736,0.5223618417946629
2015-08-17,3.750000500000007e-05,1.0,5.224024003045744e-05,-1.4740235030457367e-05,1.0750934740769922,0.5224024003045744
2015-08-18,0.0,1.0,5.2291004632983035e-05,-5.2291004632983035e-05,1.0750372563591584,0.5229100463298303
2015-08-19,5.000005749999997e-05,0.14356929212362912,7.312351222885558e-06,4.268770627711441e-05,1.0750831472337947,0.5093255747607094
2015-08-20,5.914844463609217e-05,0.0847457627118644,4.322788942044161e-06,5.482565569404801e-05,1.0751420893722674,0.5100890951612109
2015-08-21,0.00013014882808823558,0.0,0.0,0.00013014882808823558,1.0752820178552276,
2015-08-24,0.00015514880808823549,1.0,5.235294824378253e-05,0.00010279585984445296,1.0753925523948284,0.5235294824378253
2015-08-25,2.4999995000000038e-05,2.0,0.00010928455658617929,-8.428456158617926e-05,1.0753019134050168,0.5464227829308964
2015-08-26,0.0004499987499999973,1.9473684210526316,0.00010637404785997256,0.0003436247021400247,1.0756714137047212,0.5462451106322916
2015-08-27,0.0,0.5633802816901408,3.055597202400774e-05,-3.055597202400774e-05,1.0756385455190969,0.5423685034261374
2015-08-28,-0.0003137683024462544,0.9411764705882353,5.025665131037157e-05,-0.000364024953756626,1.0752469862473055,0.5339769201726979
2015-08-31,-4.67488976470585e-05,0.0,0.0,-4.67488976470585e-05,1.0751967196360002,
2015-09-01,-7.731036222915751e-07,0.0,0.0,-7.731036222915751e-07,1.0751958883975214,
2015-09-02,-1.1531804086687752e-05,0.0,0.0,-1.1531804086687752e-05,1.0751834894491816,
2015-09-03,2.3219964055728164e-05,0.0,0.0,2.3219964055728164e-05,1.07520845517116,
2015-09-04,0.00011749489289473685,0.0,0.0,0.00011749489289473685,1.07533478667344,
2015-09-08,-0.00014039818153250826,0.0,0.0,-0.00014039818153250826,1.0751838116248522,
2015-09-09,-3.552621975232095e-05,0.0,0.0,-3.552621975232095e-05,1.0751456144084863,
2015-09-10,-1.1686992213623003e-05,0.0,0.0,-1.1686992213623003e-05,1.0751330491900621,
2015-09-11,5.8746817151702365e-05,0.052631578947368446,2.6720989478611258e-06,5.607471820384124e-05,1.0751933369728273,0.5076988000936137
2015-09-14,6.1029837500000585e-05,0.052631578947368446,2.6724595125065883e-06,5.8357377987494e-05,1.0752560824368027,0.5077673073762515
2015-09-15,-0.0001403947297832813,0.9411764705882353,5.015331320309278e-05,-0.00019054804298637408,1.0750511944945853,0.5328789527828608
2015-09-16,-0.0007999925352631667,0.9473684210526316,5.0486263311847286e-05,-0.000850478798575014,1.074136886246285,0.5329105571806102
2015-09-17,0.0009000618749999988,0.8938547486033519,4.7660152010895205e-05,0.0008524017229891036,1.0750524823788477,0.5331979506218901
2015-09-18,-0.0006155053233240237,0.8938547486033519,4.738089079885712e-05,-0.0006628862141228808,1.0743398449088202,0.5300737158122141
2015-09-21,0.0006153014158163282,0.0,0.0,0.0006153014158163282,1.0750008877364605,
2015-09-22,-0.0009137928188775533,0.0,0.0,-0.0009137928188775533,1.0740185596449598,
2015-09-23,0.0004545876913265317,0.0,0.0,0.0004545876913265317,1.0745067952624305,
2015-09-24,-0.00023418528061224414,0.8163265306122449,4.3464525862795836e-05,-0.00027764980647504,1.0742084586586698,0.532440441819249
2015-09-25,-0.0006999800000000018,0.9,4.824301121540996e-05,-0.0007482230112154119,1.073404711171059,0.5360334579489995
2015-09-28,0.002732589564249997,0.9,4.824501110244135e-05,0.002684344553147556,1.0762860992608139,0.536055678916015
2015-09-29,0.0008750312500000186,0.0,0.0,0.0008750312500000186,1.0772278832316078,
2015-09-30,-0.00039999812500001147,0.8938547486033519,4.757651680610642e-05,-0.00044757464180611786,1.0767457433476268,0.5322622817683156
2015-10-01,0.0001273745900838001,0.8938547486033519,4.731852183511069e-05,8.005606824868942e-05,1.0768319433783429,0.5293759630303009
2015-10-02,-0.0009183912755102068,0.0,0.0,-0.0009183912755102068,1.0758429903163536,
2015-10-05,0.0005418371938775556,0.0,0.0,0.0005418371938775556,1.0764259220632793,
2015-10-06,-7.806047193877641e-05,0.0,0.0,-7.806047193877641e-05,1.076341895747796,
2015-10-07,0.00016071339285714074,0.0,0.0,0.00016071339285714074,1.076514878305736,
2015-10-08,0.0003811223341836687,0.0,0.0,0.0003811223341836687,1.076925162168939,
2015-10-09,0.00022499937500000255,0.0,0.0,0.00022499937500000255,1.077167469657349,
2015-10-13,-0.0006107174107142828,0.0,0.0,-0.0006107174107142828,1.0765096247293742,
2015-10-14,-0.0005464373214285734,1.0,5.561164179455532e-05,-0.0006020489632231287,1.0758615132259062,0.5561164179455532
2015-10-15,0.002338685752551028,0.0,0.0,0.002338685752551028,1.0783776152186055,
2015-10-16,0.0,0.18367346938775508,9.455870560900962e-06,-9.455870560900962e-06,1.0783674182194602,0.5148196194268302
2015-10-19,0.0014999749999999909,1.0,5.535451865132593e-05,0.001444620481348665,1.0799252498782392,0.5535451865132593
2015-10-20,-0.0008999937500000009,0.0,0.0,-0.0008999937500000009,1.0789533239028817,
2015-10-21,0.0003600009999999994,0.0,0.0,0.0003600009999999994,1.07934174817844,
2015-10-22,0.0005400022500000014,0.0,0.0,0.0005400022500000014,1.0799245951509753,
2015-10-23,-0.0008999937500000009,0.0,0.0,-0.0008999937500000009,1.0789526697648681,
2015-10-26,0.0,0.0,0.0,0.0,1.0789526697648681,
2015-10-27,0.00018000024999999893,1.0,5.479504609397183e-05,0.0001252052039060271,1.079087760253891,0.5479504609397183
2015-10-28,0.0,1.0,5.497616730572979e-05,-5.497616730572979e-05,1.0790284361446458,0.5497616730572978
2015-10-29,-0.00035999899999999936,0.0,0.0,-0.00035999899999999936,1.0786399869866623,
2015-10-30,0.0,1.0,5.488261453223917e-05,-5.488261453223917e-05,1.0785807884040375,0.5488261453223917
2015-11-02,0.0,1.0,5.5626644978135833e-05,-5.5626644978135833e-05,1.0785207905734406,0.5562664497813583
2015-11-03,5.000001500000013e-05,0.0,0.0,5.000001500000013e-05,1.0785747166291473,
2015-11-04,-4.999998500000013e-05,0.0,0.0,-4.999998500000013e-05,1.0785207879094945,
2015-11-05,0.0,0.0,0.0,0.0,1.0785207879094945,
2015-11-06,-0.000249999625,0.0,0.0,-0.000249999625,1.0782511581169623,
2015-11-09,-9.999994000000004e-05,0.0,0.0,-9.999994000000004e-05,1.0781433330658456,
2015-11-10,0.0,0.0,0.0,0.0,1.0781433330658456,
2015-11-12,-4.9999984999999696e-05,0.14925373134328357,7.757187916893157e-06,-5.775717291689285e-05,1.0780810625549286,0.5197315904318416
2015-11-13,0.0003701521623880601,1.8507462686567164,0.0001055633546486694,0.0002645888077393907,1.0783663107379167,0.5703826420532943
2015-11-16,0.0018600202499999888,1.0,5.845493203439356e-05,0.0018015653179655952,1.0803090580834045,0.5845493203439356
2015-11-17,0.0,1.0,5.8450396497710774e-05,-5.8450396497710774e-05,1.0802459135906195,0.5845039649771078
2015-11-18,-0.001239991000000014,1.0,5.837551872798772e-05,-0.0012983665187280018,1.0788433584644206,0.5837551872798772
2015-11-19,0.0,0.0,0.0,0.0,1.0788433584644206,
2015-11-20,0.0,0.0,0.0,0.0,1.0788433584644206,
2015-11-23,0.0,0.0,0.0,0.0,1.0788433584644206,
2015-11-24,0.0,0.0,0.0,0.0,1.0788433584644206,
2015-11-25,0.0,0.0,0.0,0.0,1.0788433584644206,
2015-11-27,0.0,0.0,0.0,0.0,1.0788433584644206,
2015-11-30,0.0,1.0,5.6122417207855356e-05,-5.6122417207855356e-05,1.078782811167355,0.5612241720785536
2015-12-01,0.0,0.0,0.0,0.0,1.078782811167355,
2015-12-02,0.0,0.0,0.0,0.0,1.078782811167355,
2015-12-03,-0.0001499998650000004,1.0746268656716418,5.7603658406918454e-05,-0.00020760352340691885,1.0785588520547658,0.5360340435088246
2015-12-04,2.500144432835864e-05,0.0,0.0,2.500144432835864e-05,1.0785858175838603,
2015-12-07,-1.7535615970148898e-05,0.12195121951219512,6.224838349702259e-06,-2.376045431985116e-05,1.0785601898948116,0.5104367446755853
2015-12-08,-4.50855497105934e-05,0.3448275862068965,1.8031733878329306e-05,-6.31172835889227e-05,1.0784921141054384,0.52292028247155
2015-12-09,0.00012546281692809105,0.6551724137931034,3.495396088933968e-05,9.050885603875137e-05,1.078589727192933,0.5335078241004478
2015-12-10,-0.00012356409003581688,0.9253731343283582,5.011627564803106e-05,-0.00017368036568384795,1.0784023973346912,0.5415791078093678
2015-12-11,0.000259221450192938,0.0,0.0,0.000259221450192938,1.0786819423680198,
2015-12-14,-0.00016903001975245748,0.12195121951219512,6.227907008888014e-06,-0.0001752579267613455,1.0784928948071655,0.5106883747288172
2015-12-15,-0.00010503597264925396,0.12195121951219512,6.216019807797058e-06,-0.00011125199245705101,1.0783729103237674,0.5097136242393587
2015-12-16,1.9586910480524984e-05,1.803421914816163,9.700013119833507e-05,-7.741322071781009e-05,1.0782894300036443,0.5378670981062302
2015-12-17,0.001680039999999999,0.10714285714285712,5.535070791203844e-06,0.001674504929208795,1.0800950309692992,0.5166066071790254
2015-12-18,0.001067878236607135,1.803421914816163,9.703979230633122e-05,0.0009708384443008036,1.0811436287488625,0.5380870195104802
2015-12-21,-4.863483348562107e-05,1.0746268656716418,5.757901228435078e-05,-0.00010621384576997185,1.0810287963262235,0.535804697646042
2015-12-22,0.00020000024000000051,1.0,5.637733746519733e-05,0.00014362290253480317,1.0811840568196758,0.5637733746519733
2015-12-23,0.0,0.0,0.0,0.0,1.0811840568196758,
2015-12-24,0.0,1.0,5.576232504171921e-05,-5.576232504171921e-05,1.0811237674828695,0.5576232504171922
2015-12-28,-4.6268433283580996e-05,0.14925373134328357,7.75528578218324e-06,-5.4023719065764235e-05,1.0810653611561798,0.519604147406277
2015-12-29,5.000001500000013e-05,1.0,5.6276131810954466e-05,-6.276116810954334e-06,1.0810585762636928,0.5627613181095447
2015-12-30,0.0,1.0,5.820337732374528e-05,-5.820337732374528e-05,1.0809956550034694,0.5820337732374528
2015-12-31,0.003100056250000024,1.9253731343283582,0.00010745826712456535,0.0029925979828754586,1.08423064042013,0.558116581189603
2016-01-04,0.0001380477260953702,1.0,5.370271036218524e-05,8.434501573318496e-05,1.0843220898705548,0.5370271036218525
2016-01-05,0.0,1.8507462686567164,0.00010528538070916739,-0.00010528538070916739,1.0842079266065114,0.568880686089856
2016-01-06,0.004960144000000013,1.0,5.816946222185708e-05,0.004901974537778155,1.0895226862563938,0.5816946222185708
2016-01-07,0.0,0.0,0.0,0.0,1.0895226862563938,
2016-01-08,0.0,0.0,0.0,0.0,1.0895226862563938,
2016-01-11,0.0,1.0,5.52021290730484e-05,-5.52021290730484e-05,1.089462542284439,0.552021290730484
2016-01-12,0.0,1.0,5.518839970756145e-05,-5.518839970756145e-05,1.089402416590189,0.5518839970756145
2016-01-13,0.0,0.0,0.0,0.0,1.089402416590189,
2016-01-14,0.0,0.0,0.0,0.0,1.089402416590189,
2016-01-15,0.0,0.0,0.0,0.0,1.089402416590189,
2016-01-19,0.0,1.0,5.3905426231407306e-05,-5.3905426231407306e-05,1.0893436918885853,0.539054262314073
2016-01-20,0.0005400022499999999,1.0,5.34286164714143e-05,0.0004865736335285856,1.089873737806909,0.534286164714143
2016-01-21,0.00013750010000000115,0.0,0.0,0.00013750010000000115,1.0900235955548447,
2016-01-22,-0.00021749822500000143,0.0,0.0,-0.00021749822500000143,1.0897865173576033,
2016-01-25,0.0,0.0,0.0,0.0,1.0897865173576033,
2016-01-26,0.00027000112499999995,0.0,0.0,0.00027000112499999995,1.0900807609432999,
2016-01-27,9.000012500000102e-05,1.0,5.329782422355535e-05,3.6702300776445676e-05,1.0901207694152586,0.5329782422355536
2016-01-28,0.00018000024999999893,1.0,5.3295038214834546e-05,0.0001267052117851644,1.090258893398219,0.5329503821483454
2016-01-29,0.0006300061250000002,1.0,5.336026502974439e-05,0.0005766458599702558,1.0908875866753929,0.5336026502974439
2016-02-01,0.0,1.0,5.393353441983353e-05,-5.393353441983353e-05,1.0908287512521888,0.5393353441983353
2016-02-02,0.0010800090000000029,1.0,5.402879232627922e-05,0.0010259802076737236,1.091947919960935,0.5402879232627922
2016-02-03,0.0,0.0,0.0,0.0,1.091947919960935,
2016-02-04,0.0,0.0,0.0,0.0,1.091947919960935,
2016-02-05,0.0,1.0,5.449406388133184e-05,-5.449406388133184e-05,1.0918884152812296,0.5449406388133184
2016-02-08,0.008800453750000003,1.0,5.4666838172796795e-05,0.008745786911827206,1.101437838692772,0.546668381727968
2016-02-09,0.0,1.0,5.342003147879387e-05,-5.342003147879387e-05,1.101378999848757,0.5342003147879386
2016-02-10,0.0012000168749999927,1.0,5.3419819308759344e-05,0.0011465970556912334,1.1026418377671838,0.5341981930875934
2016-02-11,0.0,0.0,0.0,0.0,1.1026418377671838,
2016-02-12,0.0,1.0,6.045036695487411e-05,-6.045036695487411e-05,1.1025751826634709,0.6045036695487411
2016-02-16,0.005999800000000016,0.0,0.0,0.005999800000000016,1.1091904132444153,
2016-02-17,0.007499687500000058,1.0,6.061094201263393e-05,0.007439076557987425,1.1174417656459261,0.6061094201263393
2016-02-18,0.0,0.0,0.0,0.0,1.1174417656459261,
2016-02-19,0.0,0.0,0.0,0.0,1.1174417656459261,
2016-02-22,0.0,0.0,0.0,0.0,1.1174417656459261,
2016-02-23,0.0,0.0,0.0,0.0,1.1174417656459261,
2016-02-24,0.0,0.0,0.0,0.0,1.1174417656459261,
2016-02-25,0.0,1.0,5.627050309301798e-05,-5.627050309301798e-05,1.117378886635596,0.5627050309301798
2016-02-26,0.0021599680000000013,1.0,5.547566105929814e-05,0.002104492338940703,1.1197304019422147,0.5547566105929813
2016-02-29,0.000660009124999999,1.0,5.543302653969169e-05,0.0006045760984603073,1.1204073641799484,0.5543302653969169
2016-03-01,0.0018899754999999981,1.0,5.4270248150495114e-05,0.001835705251849503,1.1224641018625843,0.5427024815049512
2016-03-02,0.00018762274458042114,0.8671328671328671,4.7598561077769593e-05,0.00014002418350265154,1.1226212739819585,0.548918889848472
2016-03-03,0.00048500425000000554,1.0,5.5367534381457196e-05,0.00042963671561854836,1.1231035932989957,0.553675343814572
2016-03-04,0.0013499875000000014,1.0,5.543228825998536e-05,0.0012945552117400161,1.1245575129090248,0.5543228825998536
2016-03-07,-0.0003899938750000037,1.0,5.546317197932585e-05,-0.00044545704697932957,1.124056570840166,0.5546317197932584
2016-03-08,0.0,1.0,5.892959638991841e-05,-5.892959638991841e-05,1.1239903306401269,0.5892959638991841
2016-03-09,-0.003099943750000003,1.0,5.895707637070114e-05,-0.003158900826370704,1.120439756655835,0.5895707637070114
2016-03-10,0.0,1.0,5.8702044883204976e-05,-5.8702044883204976e-05,1.1203739845509508,0.5870204488320497
2016-03-11,-0.002479963999999985,1.0,5.839169234442917e-05,-0.0025383556923444144,1.1175300768697114,0.5839169234442917
2016-03-14,0.0,0.0,0.0,0.0,1.1175300768697114,
2016-03-15,0.0,0.0,0.0,0.0,1.1175300768697114,
2016-03-16,0.0,1.0,5.64798688694272e-05,-5.64798688694272e-05,1.1174669589175121,0.564798688694272
2016-03-17,-0.0002700005000000031,0.0,0.0,-0.0002700005000000031,1.1171652422798708,
2016-03-18,-0.0010800079999999982,0.0,0.0,-0.0010800079999999982,1.1159586948808866,
2016-03-21,0.0013499875000000014,1.0,5.647267179965033e-05,0.0012935148282003511,1.1174022040003742,0.5647267179965033
2016-03-22,0.0,0.0,0.0,0.0,1.1174022040003742,
2016-03-23,0.0,1.0,5.656454266030643e-05,-5.656454266030643e-05,1.1173389986557372,0.5656454266030643
2016-03-24,0.0005399980000000014,1.0,5.65836640838033e-05,0.0004834143359161981,1.1178791363457656,0.565836640838033
2016-03-28,0.0,1.0,5.64857514407671e-05,-5.64857514407671e-05,1.117815992102729,0.564857514407671
2016-03-29,-0.002700050000000003,1.9152542372881356,0.00010557972454255052,-0.0028056297245425536,1.1146798143287167,0.5512569688504851
2016-03-30,2.635582093220385e-05,1.0481213701552685,5.628105211248674e-05,-2.9925231180282893e-05,1.114646457277581,0.5369707527683486
2016-03-31,-0.00021048804265734429,0.1328671328671329,6.877922487558e-06,-0.00021736596514490228,1.1144041710745995,0.5176541661688389
2016-04-01,0.0002624979750000023,0.0,0.0,0.0002624979750000023,1.1146966999128383,
2016-04-04,-0.00012750077500000076,0.10614525139664807,5.424488895675016e-06,-0.00013292526389567578,1.1145485285598387,0.5110439538556987
2016-04-05,-6.533226885474877e-05,0.10614525139664807,5.425476979747265e-06,-7.075774583449604e-05,1.1144696656183346,0.5111370417761896
2016-04-06,0.00045249777500000005,1.0,5.416868509246194e-05,0.0003983290899075381,1.1149135913059698,0.5416868509246194
2016-04-07,0.0,0.0,0.0,0.0,1.1149135913059698,
2016-04-08,0.0,0.0,0.0,0.0,1.1149135913059698,
2016-04-11,0.0,0.0,0.0,0.0,1.1149135913059698,
2016-04-12,0.0,0.0,0.0,0.0,1.1149135913059698,
2016-04-13,0.0,0.0,0.0,0.0,1.1149135913059698,
2016-04-14,0.0,0.0,0.0,0.0,1.1149135913059698,
2016-04-15,0.0,1.0,5.674280323606036e-05,-5.674280323606036e-05,1.114850327983433,0.5674280323606036
2016-04-18,0.0008099955000000045,1.0,5.677649643656678e-05,0.0007532190035634377,1.115690054436599,0.5677649643656678
2016-04-19,0.0,0.0,0.0,0.0,1.115690054436599,
2016-04-20,0.0,0.0,0.0,0.0,1.115690054436599,
2016-04-21,0.0,0.0,0.0,0.0,1.115690054436599,
2016-04-22,0.0,0.0,0.0,0.0,1.115690054436599,
2016-04-25,0.0,0.0,0.0,0.0,1.115690054436599,
2016-04-26,0.0,0.0,0.0,0.0,1.115690054436599,
2016-04-27,0.0,0.0,0.0,0.0,1.115690054436599,
2016-04-28,0.0,0.0,0.0,0.0,1.115690054436599,
2016-04-29,0.0,1.0,5.6545095632315714e-05,-5.6545095632315714e-05,1.1156269676357748,0.5654509563231571
2016-05-02,0.0010799919999999984,1.0,5.659159711620582e-05,0.0010234004028837926,1.1167687007239213,0.5659159711620582
2016-05-03,0.0,0.0,0.0,0.0,1.1167687007239213,
2016-05-04,0.0,0.0,0.0,0.0,1.1167687007239213,
2016-05-05,0.0,0.0,0.0,0.0,1.1167687007239213,
2016-05-06,0.0,0.0,0.0,0.0,1.1167687007239213,
2016-05-09,0.0,0.0,0.0,0.0,1.1167687007239213,
2016-05-10,0.0,0.0,0.0,0.0,1.1167687007239213,
2016-05-11,0.0,0.0,0.0,0.0,1.1167687007239213,
2016-05-12,0.0,0.0,0.0,0.0,1.1167687007239213,
2016-05-13,0.0,0.0,0.0,0.0,1.1167687007239213,
2016-05-16,0.0,0.0,0.0,0.0,1.1167687007239213,
2016-05-17,0.0,0.0,0.0,0.0,1.1167687007239213,
2016-05-18,0.0,0.0,0.0,0.0,1.1167687007239213,
2016-05-19,0.0,0.0,0.0,0.0,1.1167687007239213,
2016-05-20,0.0,0.0,0.0,0.0,1.1167687007239213,
2016-05-23,0.0,0.0,0.0,0.0,1.1167687007239213,
2016-05-24,0.0,0.0,0.0,0.0,1.1167687007239213,
2016-05-25,0.0,0.0,0.0,0.0,1.1167687007239213,
2016-05-26,0.0,0.0,0.0,0.0,1.1167687007239213,
2016-05-27,0.0,0.0,0.0,0.0,1.1167687007239213,
2016-05-31,0.0,0.0,0.0,0.0,1.1167687007239213,
2016-06-01,0.0,0.0,0.0,0.0,1.1167687007239213,
2016-06-02,0.0,0.0,0.0,0.0,1.1167687007239213,
2016-06-03,0.0,0.0,0.0,0.0,1.1167687007239213,
2016-06-06,0.0,0.0,0.0,0.0,1.1167687007239213,
2016-06-07,0.0,0.0,0.0,0.0,1.1167687007239213,
2016-06-08,0.0,0.0,0.0,0.0,1.1167687007239213,
2016-06-09,0.0,0.0,0.0,0.0,1.1167687007239213,
2016-06-10,0.0,0.0,0.0,0.0,1.1167687007239213,
2016-06-13,0.0,0.0,0.0,0.0,1.1167687007239213,
2016-06-14,0.0,0.0,0.0,0.0,1.1167687007239213,
2016-06-15,0.0,0.0,0.0,0.0,1.1167687007239213,
2016-06-16,0.0,0.0,0.0,0.0,1.1167687007239213,
2016-06-17,0.0,0.0,0.0,0.0,1.1167687007239213,
2016-06-20,0.0,0.0,0.0,0.0,1.1167687007239213,
2016-06-21,0.0,0.0,0.0,0.0,1.1167687007239213,
2016-06-22,0.0,0.0,0.0,0.0,1.1167687007239213,
2016-06-23,0.0,0.0,0.0,0.0,1.1167687007239213,
2016-06-24,0.0,1.0,5.538052344910832e-05,-5.538052344910832e-05,1.1167068534887037,0.5538052344910831
2016-06-27,0.004251148750000027,0.0,0.0,0.004251148750000027,1.1214541404330287,
2016-06-28,0.0010000112499999592,1.0,5.5844596920692037e-05,0.0009441666530792672,1.1225129800353832,0.5584459692069204
2016-06-29,0.0,0.0,0.0,0.0,1.1225129800353832,
2016-06-30,0.0,0.0,0.0,0.0,1.1225129800353832,
2016-07-01,0.0,1.0,5.7512450431634056e-05,-5.7512450431634056e-05,1.1224484215632602,0.5751245043163405
2016-07-05,0.020002250000000017,1.0,5.7793171476186725e-05,0.01994445682852383,1.1448350456493734,0.5779317147618672
2016-07-06,0.0,0.0,0.0,0.0,1.1448350456493734,
2016-07-07,0.0,0.0,0.0,0.0,1.1448350456493734,
2016-07-08,0.0,0.0,0.0,0.0,1.1448350456493734,
2016-07-11,0.0,1.0,5.583927535174358e-05,-5.583927535174358e-05,1.1447711188900271,0.5583927535174358
2016-07-12,-0.003249381249999998,0.0,0.0,-0.003249381249999998,1.1410513210807645,
2016-07-13,0.00225024875000003,0.0,0.0,0.00225024875000003,1.1436189703897124,
2016-07-14,-0.0017497549999999978,1.0,5.623376208155561e-05,-0.0018059887620815534,1.1415536073810852,0.5623376208155562
2016-07-15,-0.009999437500000008,0.0,0.0,-0.009999437500000008,1.1301387134311787,
2016-07-18,0.0,1.0,5.817758407819401e-05,-5.817758407819401e-05,1.130072964691158,0.5817758407819401
2016-07-19,0.0,0.0,0.0,0.0,1.130072964691158,
2016-07-20,0.0,0.0,0.0,0.0,1.130072964691158,
2016-07-21,0.0,0.0,0.0,0.0,1.130072964691158,
2016-07-22,0.0,0.0,0.0,0.0,1.130072964691158,
2016-07-25,0.0,0.0,0.0,0.0,1.130072964691158,
2016-07-26,0.0,0.0,0.0,0.0,1.130072964691158,
2016-07-27,0.0,0.0,0.0,0.0,1.130072964691158,
2016-07-28,0.0,0.0,0.0,0.0,1.130072964691158,
2016-07-29,0.0,0.0,0.0,0.0,1.130072964691158,
2016-08-01,0.0,0.0,0.0,0.0,1.130072964691158,
2016-08-02,0.0,0.0,0.0,0.0,1.130072964691158,
2016-08-03,0.0,0.0,0.0,0.0,1.130072964691158,
2016-08-04,0.0,0.0,0.0,0.0,1.130072964691158,
2016-08-05,0.0,0.0,0.0,0.0,1.130072964691158,
2016-08-08,0.0,0.0,0.0,0.0,1.130072964691158,
2016-08-09,0.0,0.0,0.0,0.0,1.130072964691158,
2016-08-10,0.0,0.0,0.0,0.0,1.130072964691158,
2016-08-11,0.0,0.0,0.0,0.0,1.130072964691158,
2016-08-12,0.0,0.0,0.0,0.0,1.130072964691158,
2016-08-15,0.0,0.0,0.0,0.0,1.130072964691158,
2016-08-16,0.0,0.0,0.0,0.0,1.130072964691158,
2016-08-17,0.0,0.0,0.0,0.0,1.130072964691158,
2016-08-18,0.0,0.0,0.0,0.0,1.130072964691158,
2016-08-19,0.0,0.0,0.0,0.0,1.130072964691158,
2016-08-22,0.0,0.0,0.0,0.0,1.130072964691158,
2016-08-23,0.0,0.0,0.0,0.0,1.130072964691158,
2016-08-24,0.0,0.0,0.0,0.0,1.130072964691158,
2016-08-25,0.0,0.0,0.0,0.0,1.130072964691158,
2016-08-26,0.0,0.0,0.0,0.0,1.130072964691158,
2016-08-29,0.0,0.0,0.0,0.0,1.130072964691158,
2016-08-30,0.0,0.0,0.0,0.0,1.130072964691158,
2016-08-31,0.0,0.0,0.0,0.0,1.130072964691158,
2016-09-01,0.0,0.0,0.0,0.0,1.130072964691158,
2016-09-02,0.0,0.0,0.0,0.0,1.130072964691158,
2016-09-06,0.0,0.0,0.0,0.0,1.130072964691158,
2016-09-07,0.0,0.0,0.0,0.0,1.130072964691158,
2016-09-08,0.0,0.0,0.0,0.0,1.130072964691158,
2016-09-09,0.0,0.0,0.0,0.0,1.130072964691158,
2016-09-12,0.0,0.0,0.0,0.0,1.130072964691158,
2016-09-13,0.0,0.0,0.0,0.0,1.130072964691158,
2016-09-14,0.0,1.0,5.8908987400214176e-05,-5.8908987400214176e-05,1.1300063932371196,0.5890898740021417
2016-09-15,0.007999640000000021,1.9876543209876543,0.00011319759791799918,0.007886442402082023,1.1389181235713686,0.5695034429414867
2016-09-16,0.0022130169882715912,0.9876543209876543,5.396600976067772e-05,0.0021590509785109134,1.1413771058605093,0.5464058488268618
2016-09-19,0.0009999887500000287,1.0,5.661588966942221e-05,0.0009433728603306065,1.1424538500455808,0.5661588966942221
2016-09-20,0.0,1.0,5.6096333444382836e-05,-5.6096333444382836e-05,1.1423897625734638,0.5609633344438284
2016-09-21,-0.001750123750000024,0.0,0.0,-0.001750123750000024,1.1403904391182271,
2016-09-22,-0.0020001812500000317,0.0,0.0,-0.0020001812500000317,1.1381094515442236,
2016-09-23,0.0,0.0,0.0,0.0,1.1381094515442236,
2016-09-26,-0.0005000199999999971,0.0,0.0,-0.0005000199999999971,1.1375403740562624,
2016-09-27,-0.0010000800000000026,0.0,0.0,-0.0010000800000000026,1.1364027426789762,
2016-09-28,0.0009999887500000287,0.0,0.0,0.0009999887500000287,1.1375391326371245,
2016-09-29,-0.00025000500000003315,0.0,0.0,-0.00025000500000003315,1.1372547421662695,
2016-09-30,0.0009999200000000027,0.0,0.0,0.0009999200000000027,1.1383919059280563,
2016-10-03,0.0004999800000000229,0.0,0.0,0.0004999800000000229,1.1389610791131823,
2016-10-04,0.0007499012500000127,0.0,0.0,0.0007499012500000127,1.1398151874501108,
2016-10-05,0.0017498762499999895,0.0,0.0,0.0017498762499999895,1.141809722976019,
2016-10-06,-0.0002499887500000161,0.0,0.0,-0.0002499887500000161,1.1415242833906343,
2016-10-07,0.0,0.0,0.0,0.0,1.1415242833906343,
2016-10-11,0.0017498762500000242,0.0,0.0,0.0017498762500000242,1.143521809622938,
2016-10-12,-0.0004999862500000315,0.0,0.0,-0.0004999862500000315,1.1429500644415513,
2016-10-13,-1.2499999741885648e-09,0.0,0.0,-1.2499999741885648e-09,1.1429500630128637,
2016-10-14,0.0017497549999999718,0.8163265306122449,4.3704616320837194e-05,0.0017060503836791347,1.144899993406393,0.5353815499302556
2016-10-17,0.001331668265306137,0.8163265306122449,4.370607470144371e-05,0.0012879621906046932,1.1463745813099242,0.5353994150926854
2016-10-18,-0.00025000500000003315,0.8163265306122449,4.3709087446223044e-05,-0.0002937140874462562,1.1460378749459033,0.5354363212162322
2016-10-19,0.0,0.8163265306122449,4.370683863133341e-05,-4.370683863133341e-05,1.1459877852534377,0.5354087732338342
2016-10-20,-0.00025000499999996376,0.0,0.0,-0.00025000499999996376,1.1457012825771855,
2016-10-21,-0.0005000200000000057,0.0,0.0,-0.0005000200000000057,1.1451284090218712,
2016-10-24,0.0017498762499999982,1.0,5.512306576280956e-05,0.0016947531842371887,1.1470691190394215,0.5512306576280956
2016-10-25,-0.004000089999999976,1.0,5.504186645303213e-05,-0.004055131866453008,1.1424176025017807,0.5504186645303213
2016-10-26,0.0007499549999999693,0.0,0.0,0.0007499549999999693,1.143274364294865,
2016-10-27,0.0024996737500000542,1.6326530612244898,8.836242871832193e-05,0.0024113113212817323,1.1460311547128206,0.5412198758997218
2016-10-28,0.0007346773469387711,1.0,5.3441363497501134e-05,0.0006812359834412699,1.1468118723735556,0.5344136349750114
2016-10-31,0.0,1.0,5.68513267303568e-05,-5.68513267303568e-05,1.1467466745971011,0.568513267303568
2016-11-01,0.0,1.0,5.667541798489575e-05,-5.667541798489575e-05,1.1466816822499954,0.5667541798489575
2016-11-02,0.0,1.0,5.3685126234911316e-05,-5.3685126234911316e-05,1.1466201224991326,0.5368512623491132
2016-11-03,0.0,0.3673469387755102,1.9172778009891414e-05,-1.9172778009891414e-05,1.1465981386060622,0.5219256236025996
2016-11-04,-0.0022041518367347,1.6326530612244898,8.919590921114108e-05,-0.002293347745945841,1.1439685903493844,0.5463249439182392
2016-11-07,0.007999640000000021,1.0,5.662529535993701e-05,0.007943014704640084,1.1530551496841759,0.5662529535993701
2016-11-08,0.0,0.0,0.0,0.0,1.1530551496841759,
2016-11-09,0.0,0.0,0.0,0.0,1.1530551496841759,
2016-11-10,0.0,0.0,0.0,0.0,1.1530551496841759,
2016-11-14,0.0,0.0,0.0,0.0,1.1530551496841759,
2016-11-15,0.0,0.0,0.0,0.0,1.1530551496841759,
2016-11-16,0.0,1.0,5.400790179971492e-05,-5.400790179971492e-05,1.152992875594882,0.5400790179971492
2016-11-17,0.0055998162499999934,1.0,5.404368797379056e-05,0.0055457725620262025,1.159387111848568,0.5404368797379056
2016-11-18,0.0,0.0,0.0,0.0,1.159387111848568,
2016-11-21,0.0,0.0,0.0,0.0,1.159387111848568,
2016-11-22,0.0,1.0,5.410081292753846e-05,-5.410081292753846e-05,1.159324388063319,0.5410081292753846
2016-11-23,0.0039999062500000035,0.0,0.0,0.0039999062500000035,1.163961576928911,
2016-11-25,0.0,0.0,0.0,0.0,1.163961576928911,
2016-11-28,-0.0032000600000000085,0.0,0.0,-0.0032000600000000085,1.1602368300450436,
2016-11-29,-0.0016000149999999902,0.0,0.0,-0.0016000149999999902,1.1583804337134191,
2016-11-30,0.005599816250000021,0.0,0.0,0.005599816250000021,1.1648671512898094,
2016-12-01,0.006399759999999989,0.0,0.0,0.006399759999999989,1.172322021489948,
2016-12-02,-0.004000093750000004,0.0,0.0,-0.004000093750000004,1.1676326234987986,
2016-12-05,-0.0008000037499999951,1.0,5.4251785932501675e-05,-0.0008542555359324968,1.1666351668662394,0.5425178593250167
2016-12-06,0.0,0.0,0.0,0.0,1.1666351668662394,
2016-12-07,0.0,0.0,0.0,0.0,1.1666351668662394,
2016-12-08,0.0,0.0,0.0,0.0,1.1666351668662394,
2016-12-09,0.0,0.0,0.0,0.0,1.1666351668662394,
2016-12-12,0.0,0.0,0.0,0.0,1.1666351668662394,
2016-12-13,0.0,0.0,0.0,0.0,1.1666351668662394,
2016-12-14,0.0,0.9999999999999999,5.3742615528379204e-05,-5.3742615528379204e-05,1.1665724688410046,0.5374261552837922
2016-12-15,-7.236628539473691e-05,1.0,5.330185204874336e-05,-0.00012566813744348027,1.1664258678516526,0.5330185204874336
2016-12-16,3.5526611842105455e-05,1.9473684210526316,0.00010520176573977066,-6.96751538976652e-05,1.1663445969497999,0.540225283528552
2016-12-19,0.0018000200000000048,1.0,5.316805158362648e-05,0.0017468519484163784,1.1683820282815065,0.5316805158362647
2016-12-20,0.000524988749999989,0.0,0.0,0.000524988749999989,1.1689954157020566,
2016-12-21,-0.00035000499999999785,0.8163265306122449,4.288004653439443e-05,-0.00039288504653439227,1.16853613488376,0.5252805700463318
2016-12-22,7.346928571428528e-05,0.8163265306122449,4.2867579741769166e-05,3.060170597251611e-05,1.168571894082978,0.5251278518366723
2016-12-23,0.0,0.0,0.0,0.0,1.168571894082978,
2016-12-27,0.00012499812499999925,1.0,5.412572783125635e-05,7.08723971687429e-05,1.1686547135743757,0.5412572783125635
2016-12-28,-0.000425012500000011,1.9473684210526316,0.00010463018877929209,-0.0005296426887793031,1.1680357441496236,0.5372901585963648
2016-12-29,9.504726792569777e-05,1.0,5.323629438562105e-05,4.181097354007672e-05,1.1680845808612161,0.5323629438562105
2016-12-30,0.0,0.0,0.0,0.0,1.1680845808612161,
2017-01-03,0.0,0.0,0.0,0.0,1.1680845808612161,
2017-01-04,0.0,1.0,5.3521210054935934e-05,-5.3521210054935934e-05,1.168022063561002,0.5352121005493593
2017-01-05,-1.2500005000000033e-05,1.0,5.3509180042998866e-05,-6.600918504299889e-05,1.167944963376474,0.5350918004299887
2017-01-06,-2.4999995000000065e-05,1.0847457627118642,5.805457217467949e-05,-8.305456717467956e-05,1.167847960213057,0.5351905872353268
2017-01-09,4.364427156779675e-05,0.1593726283835062,8.155213305366448e-06,3.5489058262430306e-05,1.1678894060373586,0.5117072729541836
2017-01-10,-2.4999989999999956e-05,0.0847457627118644,4.334245380178485e-06,-2.9334235380178443e-05,1.1678551468946239,0.5114409548610611
2017-01-11,0.0,0.0847457627118644,4.33056118872153e-06,-4.33056118872153e-06,1.1678500894264507,0.5110062202691406
2017-01-12,-4.626874761194022e-05,0.12725844461901023,6.492275420247481e-06,-5.27610230321877e-05,1.1677884724609844,0.510164605554015
2017-01-13,2.631847368421147e-06,0.15937262838350616,8.135510697802521e-06,-5.503663329381374e-06,1.167782045346392,0.510471012514498
2017-01-17,-6.991118739058923e-05,0.1593726283835062,8.1509939334236e-06,-7.806218132401282e-05,1.1676908857326214,0.5114425241083094
2017-01-18,5.0000002500000135e-05,1.0847457627118644,5.715701611547869e-05,-7.157013615478556e-06,1.1676825285530534,0.526916242314569
2017-01-19,0.00024330301451472606,0.19089101410851247,9.752011647039531e-06,0.00023355100286768653,1.167955241978628,0.5108680307757165
2017-01-20,-2.2500015000000575e-05,1.0,5.3318155407986196e-05,-7.581817040798678e-05,1.1678666897490628,0.533181554079862
2017-01-23,0.0,1.0,5.3266541528024965e-05,-5.3266541528024965e-05,1.167804481529534,0.5326654152802497
2017-01-24,0.0002544721763432841,1.0,5.326627819877591e-05,0.00020120589814450818,1.1680394506790974,0.5326627819877591
2017-01-25,0.0,0.0,0.0,0.0,1.1680394506790974,
2017-01-26,0.0,0.0,0.0,0.0,1.1680394506790974,
2017-01-27,0.0,1.0,5.425991697752048e-05,-5.425991697752048e-05,1.1679760729554771,0.5425991697752048
2017-01-30,0.0,1.0,5.302226402417625e-05,-5.302226402417625e-05,1.167914144219763,0.5302226402417625
2017-01-31,0.0004125008999999991,1.0,5.3038203513722926e-05,0.00035946269648627616,1.1683339657873086,0.5303820351372293
2017-02-01,0.0,0.0,0.0,0.0,1.1683339657873086,
2017-02-02,0.0,0.0,0.0,0.0,1.1683339657873086,
2017-02-03,0.0,1.0,5.433615727194087e-05,-5.433615727194087e-05,1.1682704830091974,0.5433615727194087
2017-02-06,-0.00028500044999999824,0.2657342657342658,1.3926262415226876e-05,-0.0002989267124152251,1.1679212557544998,0.5240672435203797
2017-02-07,-8.237886153846106e-05,1.7342657342657342,9.40901435523861e-05,-0.00017646900509084716,1.1677151538524724,0.5425359083867425
2017-02-08,-0.0005250078749999921,2.0,0.00010890417552346634,-0.0006339120505234585,1.1669749251448664,0.5445208776173317
2017-02-09,9.499994999999942e-05,1.0,5.2858339280074495e-05,4.2141610719924924e-05,1.1670241033478819,0.528583392800745
2017-02-10,3.652436743902489e-05,0.12195121951219512,6.222923350137119e-06,3.030144408888777e-05,1.1670594658635,0.5102797147112438
2017-02-13,7.038137271186325e-05,1.0,5.27059304997404e-05,1.7675442212122846e-05,1.167080094155647,0.5270593049974039
2017-02-14,0.0,1.0,5.290899256408617e-05,-5.290899256408617e-05,1.1670183451236236,0.5290899256408617
2017-02-15,-0.00042024904539105965,1.0,5.386827657351624e-05,-0.0004741173219645759,1.16646504151115,0.5386827657351624
2017-02-16,0.0005204237220670439,1.0,5.339642745161438e-05,0.00046702729461542945,1.1670098125237505,0.5339642745161439
2017-02-17,-0.00025475218575419134,0.0,0.0,-0.00025475218575419134,1.1667125142232133,
2017-02-21,0.00016983195949721007,0.21229050279329614,1.0901451160499038e-05,0.00015893050833671105,1.1668979404361817,0.513515725718244
2017-02-22,-9.500005000000107e-05,0.0,0.0,-9.500005000000107e-05,1.1667870850734954,
2017-02-23,-9.500004999999777e-05,1.0,5.3879542171136576e-05,-0.00014887959217113435,1.166613374288119,0.5387954217113657
2017-02-24,0.0,0.0,0.0,0.0,1.166613374288119,
2017-02-27,0.0,1.0,5.38519200583077e-05,-5.38519200583077e-05,1.1665505499179478,0.538519200583077
2017-02-28,0.0006649975499999993,1.0,5.422208345495029e-05,0.0006107754665450489,1.1672630503743222,0.5422208345495029
2017-03-01,0.0,1.0,5.379887484796382e-05,-5.379887484796382e-05,1.1672002529355605,0.5379887484796382
2017-03-02,0.000764240618715085,1.7877094972067038,9.610184411981413e-05,0.0006681387745952709,1.1679801046822642,0.5375696905452103
2017-03-03,0.00022500062499999863,1.0,5.336017543605353e-05,0.0001716404495639451,1.1681805773125136,0.5336017543605354
2017-03-06,0.0,1.893854748603352,0.00010167564872010532,-0.00010167564872010532,1.168061801794493,0.5368714194955414
2017-03-07,-8.220981101606244e-05,1.0,5.306867017305529e-05,-0.00013527848118911773,1.1679037881680112,0.5306867017305528
2017-03-08,-0.0001462484843749989,1.0,5.3188731858557995e-05,-0.0001994372162335569,1.1676708646876703,0.5318873185855799
2017-03-09,0.0,1.0,5.329689908456975e-05,-5.329689908456975e-05,1.1676086314514311,0.5329689908456975
2017-03-10,-0.0003500050000000039,0.0,0.0,-0.0003500050000000039,1.16719996259238,
2017-03-13,0.0009249756249999926,1.0,5.4266205890732264e-05,0.0008707094191092603,1.1682162545937929,0.5426620589073227
2017-03-14,-8.500050000000245e-05,1.0,5.438669506785126e-05,-0.00013938719506785373,1.1680534202068322,0.5438669506785127
2017-03-15,0.0049501512500000015,2.0,0.00011270989926349073,0.004837441350736511,1.1737038101216102,0.5635494963174537
2017-03-16,0.0018599797499999889,0.0,0.0,0.0018599797499999889,1.1758868754409344,
2017-03-17,-0.0018600202499999888,1.0,5.446621799786682e-05,-0.0019144864679978557,1.1736356559300065,0.5446621799786682
2017-03-20,-0.00025500450000000925,0.0,0.0,-0.00025500450000000925,1.1733363735563838,
2017-03-21,-0.00034000799999997944,1.0,5.4480311956026705e-05,-0.00039448831195600613,1.172873506071023,0.5448031195602671
2017-03-22,0.00045000124999999727,0.0,0.0,0.00045000124999999727,1.1734013006148467,
2017-03-23,0.0,0.0,0.0,0.0,1.1734013006148467,
2017-03-24,0.0009000050000000101,1.0,5.4963283267249665e-05,0.0008450417167327604,1.1743928736643348,0.5496328326724966
2017-03-27,0.0,1.0,5.443424242793923e-05,-5.443424242793923e-05,1.174328946477944,0.5443424242793923
2017-03-28,0.0006499818749999884,1.0,5.444562657727862e-05,0.0005955362484227097,1.1750283019331438,0.5444562657727863
2017-03-29,0.0,1.0,5.436149044135792e-05,-5.436149044135792e-05,1.17496442564334,0.5436149044135792
2017-03-30,0.00035999900000000093,0.0,0.0,0.00035999900000000093,1.1753874116616072,
2017-03-31,-0.00018000025000000205,1.0,5.4353224663597255e-05,-0.0002343534746635993,1.1751119555376084,0.5435322466359725
2017-04-03,0.0,0.0,0.0,0.0,1.1751119555376084,
2017-04-04,0.0,0.0,0.0,0.0,1.1751119555376084,
2017-04-05,0.0,0.0,0.0,0.0,1.1751119555376084,
2017-04-06,0.0,0.0,0.0,0.0,1.1751119555376084,
2017-04-07,0.0,0.0,0.0,0.0,1.1751119555376084,
2017-04-10,0.0,0.0,0.0,0.0,1.1751119555376084,
2017-04-11,0.0,1.0,5.772922506444547e-05,-5.772922506444547e-05,1.1750441172350512,0.5772922506444547
2017-04-12,-0.0012400089999999927,1.0,5.7631283052874594e-05,-0.0012976402830528672,1.1735193326541626,0.5763128305287459
2017-04-13,0.0,0.0,0.0,0.0,1.1735193326541626,
2017-04-17,0.0,0.0,0.0,0.0,1.1735193326541626,
2017-04-18,0.0,0.0,0.0,0.0,1.1735193326541626,
2017-04-19,0.0,0.0,0.0,0.0,1.1735193326541626,
2017-04-20,0.0,0.0,0.0,0.0,1.1735193326541626,
2017-04-21,0.0,0.0,0.0,0.0,1.1735193326541626,
2017-04-24,0.0,0.0,0.0,0.0,1.1735193326541626,
2017-04-25,0.0,0.0,0.0,0.0,1.1735193326541626,
2017-04-26,0.0,0.0,0.0,0.0,1.1735193326541626,
2017-04-27,0.0,1.0,5.548993257687941e-05,-5.548993257687941e-05,1.173454214145516,0.5548993257687941
2017-04-28,-4.9999984999999696e-05,0.0,0.0,-4.9999984999999696e-05,1.1733955414524104,
2017-05-01,5.00000149999997e-05,1.0,5.548993257687941e-05,-5.489917576879713e-06,1.1733890996076028,0.5548993257687941
2017-05-02,0.0,0.0,0.0,0.0,1.1733890996076028,
2017-05-03,0.0,0.0,0.0,0.0,1.1733890996076028,
2017-05-04,0.0,0.0,0.0,0.0,1.1733890996076028,
2017-05-05,0.0,0.0,0.0,0.0,1.1733890996076028,
2017-05-08,0.0,0.0,0.0,0.0,1.1733890996076028,
2017-05-09,0.0,0.0,0.0,0.0,1.1733890996076028,
2017-05-10,0.0,0.0,0.0,0.0,1.1733890996076028,
2017-05-11,0.0,0.0,0.0,0.0,1.1733890996076028,
2017-05-12,0.0,1.0,5.463470679648184e-05,-5.463470679648184e-05,1.1733249918381876,0.5463470679648184
2017-05-15,0.0004999799999999969,0.0,0.0,0.0004999799999999969,1.173911630867607,
2017-05-16,0.0005000137500000318,1.0,5.459472130060075e-05,0.00044541902869943103,1.1744345134460068,0.5459472130060075
2017-05-17,0.0,1.0,5.4824111113376274e-05,-5.4824111113376274e-05,1.1743701261177464,0.5482411111337628
2017-05-18,-0.00025000500000003315,1.0,5.4825879796294375e-05,-0.00030483087979632755,1.1740121418389953,0.5482587979629439
2017-05-19,0.0,0.0,0.0,0.0,1.1740121418389953,
2017-05-22,0.0,0.0,0.0,0.0,1.1740121418389953,
2017-05-23,0.0,0.0,0.0,0.0,1.1740121418389953,
2017-05-24,0.0,0.0,0.0,0.0,1.1740121418389953,
2017-05-25,0.0,0.0,0.0,0.0,1.1740121418389953,
2017-05-26,0.0,0.0,0.0,0.0,1.1740121418389953,
2017-05-30,0.0,0.0,0.0,0.0,1.1740121418389953,
2017-05-31,0.0,0.0,0.0,0.0,1.1740121418389953,
2017-06-01,0.0,0.0,0.0,0.0,1.1740121418389953,
2017-06-02,0.0,0.0,0.0,0.0,1.1740121418389953,
2017-06-05,0.0,0.0,0.0,0.0,1.1740121418389953,
2017-06-06,0.0,0.0,0.0,0.0,1.1740121418389953,
2017-06-07,0.0,0.0,0.0,0.0,1.1740121418389953,
2017-06-08,0.0,0.0,0.0,0.0,1.1740121418389953,
2017-06-09,0.0,0.0,0.0,0.0,1.1740121418389953,
2017-06-12,0.0,1.0,5.6102170190439716e-05,-5.6102170190439716e-05,1.1739462772100082,0.5610217019043972
2017-06-13,0.0,0.0,0.0,0.0,1.1739462772100082,
2017-06-14,-0.0037200809999999988,0.0,0.0,-0.0037200809999999988,1.1695791019691386,
2017-06-15,0.0012399909999999926,0.0,0.0,0.0012399909999999926,1.1710293695293685,
2017-06-16,-0.0006200022499999963,0.0,0.0,-0.0006200022499999963,1.1703033286854443,
2017-06-19,0.003099943750000003,1.0,5.624616104859906e-05,0.003043697588951404,1.173865378105306,0.5624616104859906
2017-06-20,0.0,0.0,0.0,0.0,1.173865378105306,
2017-06-21,0.0,0.0,0.0,0.0,1.173865378105306,
2017-06-22,0.0,0.0,0.0,0.0,1.173865378105306,
2017-06-23,0.0,1.0,5.611505241359259e-05,-5.611505241359259e-05,1.173799506588087,0.5611505241359259
2017-06-26,-0.0006200022499999963,0.0,0.0,-0.0006200022499999963,1.1730717482529536,
2017-06-27,0.0043398897500000165,0.0,0.0,0.0043398897500000165,1.1781627503092111,
2017-06-28,0.0006199977499999747,1.0,5.610236858445941e-05,0.0005638953814155153,1.1788271108426664,0.5610236858445941
2017-06-29,0.0,0.0,0.0,0.0,1.1788271108426664,
2017-06-30,0.0,0.0,0.0,0.0,1.1788271108426664,
2017-07-03,0.0,0.0,0.0,0.0,1.1788271108426664,
2017-07-05,0.0,0.0,0.0,0.0,1.1788271108426664,
2017-07-06,0.0,0.0,0.0,0.0,1.1788271108426664,
2017-07-07,0.0,0.0,0.0,0.0,1.1788271108426664,
2017-07-10,0.0,0.0,0.0,0.0,1.1788271108426664,
2017-07-11,0.0,0.0,0.0,0.0,1.1788271108426664,
2017-07-12,0.0,0.0,0.0,0.0,1.1788271108426664,
2017-07-13,0.0,0.0,0.0,0.0,1.1788271108426664,
2017-07-14,0.0,0.0,0.0,0.0,1.1788271108426664,
2017-07-17,0.0,0.0,0.0,0.0,1.1788271108426664,
2017-07-18,0.0,0.0,0.0,0.0,1.1788271108426664,
2017-07-19,0.0,1.0,5.3973547182657576e-05,-5.3973547182657576e-05,1.1787634853619793,0.5397354718265758
2017-07-20,0.0,1.0,5.28040992592198e-05,-5.28040992592198e-05,1.178701241817895,0.5280409925921979
2017-07-21,-6.250002750000005e-05,0.07462686567164178,3.800243231767235e-06,-6.630027073176728e-05,1.1786230936064508,0.5092325930568096
2017-07-24,8.0036952350747e-05,0.0,0.0,8.0036952350747e-05,1.1787174270068332,
2017-07-25,0.0002419721788432827,0.07462686567164178,3.8030927220712894e-06,0.00023816908612121142,1.1789981610592186,0.5096144247575529
2017-07-26,3.750005499999977e-05,1.0,5.2927900283060805e-05,-1.5427845283061035e-05,1.1789799716580007,0.529279002830608
2017-07-27,0.0,0.0,0.0,0.0,1.1789799716580007,
2017-07-28,0.0,0.0,0.0,0.0,1.1789799716580007,
2017-07-31,0.0,0.0,0.0,0.0,1.1789799716580007,
2017-08-01,0.0,0.0,0.0,0.0,1.1789799716580007,
2017-08-02,0.0,0.0,0.0,0.0,1.1789799716580007,
2017-08-03,0.0,0.0,0.0,0.0,1.1789799716580007,
2017-08-04,0.0,0.0,0.0,0.0,1.1789799716580007,
2017-08-07,0.0,0.0,0.0,0.0,1.1789799716580007,
2017-08-08,0.0,0.0,0.0,0.0,1.1789799716580007,
2017-08-09,0.0,0.0,0.0,0.0,1.1789799716580007,
2017-08-10,0.0,0.0,0.0,0.0,1.1789799716580007,
2017-08-11,0.0,0.0,0.0,0.0,1.1789799716580007,
2017-08-14,0.0,0.0,0.0,0.0,1.1789799716580007,
2017-08-15,0.0,0.0,0.0,0.0,1.1789799716580007,
2017-08-16,0.0,0.0,0.0,0.0,1.1789799716580007,
2017-08-17,0.0,1.0,5.304022003366654e-05,-5.304022003366654e-05,1.1789174383008887,0.5304022003366654
2017-08-18,0.0,1.0,5.286888627773503e-05,-5.286888627773503e-05,1.1788551102489122,0.5286888627773503
2017-08-21,0.0,0.0,0.0,0.0,1.1788551102489122,
2017-08-22,0.0,0.0,0.0,0.0,1.1788551102489122,
2017-08-23,0.0,0.0,0.0,0.0,1.1788551102489122,
2017-08-24,0.0,0.0,0.0,0.0,1.1788551102489122,
2017-08-25,0.0,0.0,0.0,0.0,1.1788551102489122,
2017-08-28,0.0,0.0,0.0,0.0,1.1788551102489122,
2017-08-29,0.0,0.0,0.0,0.0,1.1788551102489122,
2017-08-30,0.0,0.0,0.0,0.0,1.1788551102489122,
2017-08-31,0.0,0.0,0.0,0.0,1.1788551102489122,
2017-09-01,0.0,0.0,0.0,0.0,1.1788551102489122,
2017-09-05,0.0,0.0,0.0,0.0,1.1788551102489122,
2017-09-06,0.0,0.0,0.0,0.0,1.1788551102489122,
2017-09-07,0.0,0.0,0.0,0.0,1.1788551102489122,
2017-09-08,0.0,0.0,0.0,0.0,1.1788551102489122,
2017-09-11,0.0,0.0,0.0,0.0,1.1788551102489122,
2017-09-12,0.0,0.0,0.0,0.0,1.1788551102489122,
2017-09-13,0.0,0.0,0.0,0.0,1.1788551102489122,
2017-09-14,0.0,0.0,0.0,0.0,1.1788551102489122,
2017-09-15,0.0,0.0,0.0,0.0,1.1788551102489122,
2017-09-18,0.0,0.0,0.0,0.0,1.1788551102489122,
2017-09-19,0.0,0.0,0.0,0.0,1.1788551102489122,
2017-09-20,0.0,0.0,0.0,0.0,1.1788551102489122,
2017-09-21,0.0,0.0,0.0,0.0,1.1788551102489122,
2017-09-22,0.0,0.0,0.0,0.0,1.1788551102489122,
2017-09-25,0.0,0.0,0.0,0.0,1.1788551102489122,
2017-09-26,0.0,0.0,0.0,0.0,1.1788551102489122,
2017-09-27,0.0,0.0,0.0,0.0,1.1788551102489122,
2017-09-28,0.0,0.0,0.0,0.0,1.1788551102489122,
2017-09-29,0.0,0.0,0.0,0.0,1.1788551102489122,
2017-10-02,0.0,1.0,5.323467450574383e-05,-5.323467450574383e-05,1.1787923542808285,0.5323467450574384
2017-10-03,9.999991750000004e-05,1.0,5.333814573521152e-05,4.6661771764788516e-05,1.1788473588206219,0.5333814573521152
2017-10-04,0.0,0.0,0.0,0.0,1.1788473588206219,
2017-10-05,0.0,0.0,0.0,0.0,1.1788473588206219,
2017-10-06,0.0,0.0,0.0,0.0,1.1788473588206219,
2017-10-10,0.0,1.0,5.283304008254128e-05,-5.283304008254128e-05,1.178785076730862,0.5283304008254127
2017-10-11,0.00014076271796610227,1.0,5.2839666636050805e-05,8.792305133005146e-05,1.1788887191116706,0.5283966663605081
2017-10-12,0.0,1.0,5.268522847769071e-05,-5.268522847769071e-05,1.1788266090901545,0.526852284776907
2017-10-13,0.0,1.0,5.268250943592432e-05,-5.268250943592432e-05,1.1787645055461977,0.5268250943592432
2017-10-16,0.0,0.0,0.0,0.0,1.1787645055461977,
2017-10-17,0.0,0.0,0.0,0.0,1.1787645055461977,
2017-10-18,0.0,1.0,5.406610281355445e-05,-5.406610281355445e-05,1.1787007743432478,0.5406610281355445
2017-10-19,-0.00027000050000000776,0.0,0.0,-0.00027000050000000776,1.1783825245448247,
2017-10-20,0.0008099955000000045,0.0,0.0,0.0008099955000000045,1.1793370090869848,
2017-10-23,-0.0005400019999999968,0.0,0.0,-0.0005400019999999968,1.1787001647434037,
2017-10-24,0.0008099954999999952,1.0,5.390530567681692e-05,0.0007560901943231783,1.1795913683800132,0.5390530567681692
2017-10-25,0.0,0.0,0.0,0.0,1.1795913683800132,
2017-10-26,0.0,0.0,0.0,0.0,1.1795913683800132,
2017-10-27,0.0,0.0,0.0,0.0,1.1795913683800132,
2017-10-30,0.0,0.0,0.0,0.0,1.1795913683800132,
2017-10-31,0.0,0.0,0.0,0.0,1.1795913683800132,
2017-11-01,0.0,0.0,0.0,0.0,1.1795913683800132,
2017-11-02,0.0,0.0,0.0,0.0,1.1795913683800132,
2017-11-03,0.0,0.0,0.0,0.0,1.1795913683800132,
2017-11-06,0.0,0.0,0.0,0.0,1.1795913683800132,
2017-11-07,0.0,1.0,5.537316141574743e-05,-5.537316141574743e-05,1.1795260506767673,0.5537316141574743
2017-11-08,0.0012399909999999926,1.0,5.532366456102873e-05,0.0011846673354389639,1.1809233966603034,0.5532366456102873
2017-11-09,0.0,0.0,0.0,0.0,1.1809233966603034,
2017-11-10,0.0,0.0,0.0,0.0,1.1809233966603034,
2017-11-13,0.0,0.0,0.0,0.0,1.1809233966603034,
2017-11-14,0.0,0.0,0.0,0.0,1.1809233966603034,
2017-11-15,0.0,0.0,0.0,0.0,1.1809233966603034,
2017-11-16,0.0,0.0,0.0,0.0,1.1809233966603034,
2017-11-17,0.0,0.0,0.0,0.0,1.1809233966603034,
2017-11-20,0.0,0.0,0.0,0.0,1.1809233966603034,
2017-11-21,0.0,0.0,0.0,0.0,1.1809233966603034,
2017-11-22,0.0,0.0,0.0,0.0,1.1809233966603034,
2017-11-24,0.0,0.0,0.0,0.0,1.1809233966603034,
2017-11-27,0.0,0.0,0.0,0.0,1.1809233966603034,
2017-11-28,0.0,0.0,0.0,0.0,1.1809233966603034,
2017-11-29,0.0,0.0,0.0,0.0,1.1809233966603034,
2017-11-30,0.0,0.0,0.0,0.0,1.1809233966603034,
2017-12-01,0.0,0.0,0.0,0.0,1.1809233966603034,
2017-12-04,0.0,0.0,0.0,0.0,1.1809233966603034,
2017-12-05,0.0,0.0,0.0,0.0,1.1809233966603034,
2017-12-06,0.0,1.0,5.282609577435027e-05,-5.282609577435027e-05,1.1808610130878492,0.5282609577435027
2017-12-07,0.00035999900000000407,1.0,5.283333333333334e-05,0.00030716566666667074,1.181223733048175,0.5283333333333334
2017-12-08,0.0,0.0,0.0,0.0,1.181223733048175,
2017-12-11,0.0,0.0,0.0,0.0,1.181223733048175,
2017-12-12,0.0,0.0,0.0,0.0,1.181223733048175,
2017-12-13,0.0,0.0,0.0,0.0,1.181223733048175,
2017-12-14,0.0,0.0,0.0,0.0,1.181223733048175,
2017-12-15,0.0,0.0,0.0,0.0,1.181223733048175,
2017-12-18,0.0,0.0,0.0,0.0,1.181223733048175,
2017-12-19,0.0,0.0,0.0,0.0,1.181223733048175,
2017-12-20,0.0,0.0,0.0,0.0,1.181223733048175,
2017-12-21,0.0,1.0,5.2924364337708464e-05,-5.2924364337708464e-05,1.1811612175329629,0.5292436433770846
2017-12-22,0.0,1.0,5.2883997833359954e-05,-5.2883997833359954e-05,1.181098753005694,0.5288399783335995
2017-12-26,0.0,1.0,5.378522101761554e-05,-5.378522101761554e-05,1.1810352273482199,0.5378522101761554
2017-12-27,-3.190431279850747e-05,1.0746268656716418,5.7028255709413574e-05,-8.893256850792105e-05,1.1809301948519535,0.5306796017403763
2017-12-28,-0.0001999993824999988,1.0,5.277865415812833e-05,-0.0002527780366581271,1.1806316816358686,0.5277865415812832
2017-12-29,0.0,0.0,0.0,0.0,1.1806316816358686,
2018-01-02,0.0,1.0,5.2599361908889686e-05,-5.2599361908889686e-05,1.180569581162765,0.5259936190888969
2018-01-03,0.0002299998500000033,1.0,5.26187222311932e-05,0.00017738112776881007,1.180778991926481,0.5261872223119319
2018-01-04,0.0008099954999999952,1.0,5.341761389653111e-05,0.0007565778861034641,1.1816723432001481,0.5341761389653111
2018-01-05,0.0,1.0,5.2942720598319536e-05,-5.2942720598319536e-05,1.1816097822514433,0.5294272059831954
2018-01-08,0.0,1.0,5.2942720598319536e-05,-5.2942720598319536e-05,1.1815472246148853,0.5294272059831954
2018-01-09,0.0,0.0,0.0,0.0,1.1815472246148853,
2018-01-10,0.0,0.0,0.0,0.0,1.1815472246148853,
2018-01-11,0.0,0.0,0.0,0.0,1.1815472246148853,
2018-01-12,0.0,0.0,0.0,0.0,1.1815472246148853,
2018-01-16,0.0,1.0,5.2882528217824365e-05,-5.2882528217824365e-05,1.181484741410439,0.5288252821782436
2018-01-17,-0.0013499887500000075,0.0,0.0,-0.0013499887500000075,1.1798897503012382,
2018-01-18,-0.0017999800000000046,1.0,5.27402787350754e-05,-0.0018527202787350801,1.1777037446341834,0.5274027873507541
2018-01-19,0.000169997999999999,0.0,0.0,0.000169997999999999,1.1779039519153638,
2018-01-22,0.0003949961250000084,1.0,5.269372961058124e-05,0.00034230239538942715,1.178307151259643,0.5269372961058124
2018-01-23,0.0,1.0,5.490515368644562e-05,-5.490515368644562e-05,1.1782424561244134,0.5490515368644562
2018-01-24,0.0012399909999999926,2.0,0.00010760088163127654,0.0011323901183687161,1.179576686238771,0.5380044081563827
2018-01-25,0.0,1.0,5.257642140755413e-05,-5.257642140755413e-05,1.1795146683178328,0.5257642140755413
2018-01-26,0.0,1.0,5.2178587251793256e-05,-5.2178587251793256e-05,1.1794531229087972,0.5217858725179325
2018-01-29,0.00018000050000000205,1.0,5.219266362851251e-05,0.00012780783637148955,1.179603866260538,0.5219266362851251
2018-01-30,0.0007599967999999954,1.0,5.395397247146269e-05,0.0007060428275285327,1.1804367171096362,0.5395397247146269
2018-01-31,0.0,0.0,0.0,0.0,1.1804367171096362,
2018-02-01,0.0,0.0,0.0,0.0,1.1804367171096362,
2018-02-02,0.0,0.0,0.0,0.0,1.1804367171096362,
2018-02-05,0.0,0.0,0.0,0.0,1.1804367171096362,
2018-02-06,0.0,1.0,5.385204839483593e-05,-5.385204839483593e-05,1.1803731481744193,0.5385204839483593
2018-02-07,-0.0008099955000000045,2.0,0.00011138673810564355,-0.000921382238105648,1.1792855733213545,0.5569336905282178
2018-02-08,-0.0029999499999999817,0.0,0.0,-0.0029999499999999817,1.1757477755656691,
2018-02-09,0.0015000124999999388,1.0,5.376305419493827e-05,0.0014462494458050005,1.1774482001344875,0.5376305419493828
2018-02-12,0.00035999800000000097,1.0,5.469223545685567e-05,0.0003053057645431453,1.1778076818574397,0.5469223545685566
2018-02-13,0.00013999990500000226,1.0,5.331327534879504e-05,8.668662965120722e-05,1.1779097820357571,0.5331327534879504
2018-02-14,0.0012599877499999987,1.0,5.277176452603592e-05,0.0012072159854739628,1.1793317735540767,0.5277176452603591
2018-02-15,0.00017999949999999892,1.0,5.2773909936361006e-05,0.00012722559006363791,1.179481814734848,0.5277390993636101
2018-02-16,0.00035999899999999784,1.0,5.341868136824007e-05,0.0003065803186317578,1.1798434206454298,0.5341868136824007
2018-02-20,0.0,0.0,0.0,0.0,1.1798434206454298,
2018-02-21,0.0,1.0,5.748965388080361e-05,-5.748965388080361e-05,1.1797755918555435,0.5748965388080362
2018-02-22,0.003000050000000034,1.0,5.752690090861671e-05,0.002942523099091417,1.1832471087863226,0.5752690090861671
2018-02-23,0.0,0.0,0.0,0.0,1.1832471087863226,
2018-02-26,0.0,1.0,5.767673129592471e-05,-5.767673129592471e-05,1.1831788629607722,0.5767673129592471
2018-02-27,-0.004499887500000077,0.0,0.0,-0.004499887500000077,1.1778546911850707,
2018-02-28,0.006000200000000015,2.0,0.00011126711134533295,0.005888932888654682,1.1847909984140466,0.5563355567266648
2018-03-01,-0.0005400022499999968,1.0,5.359587543592088e-05,-0.0005935981254359176,1.1840877086983546,0.5359587543592088
2018-03-02,0.0,0.0,0.0,0.0,1.1840877086983546,
2018-03-05,0.0,0.0,0.0,0.0,1.1840877086983546,
2018-03-06,0.0,0.0,0.0,0.0,1.1840877086983546,
2018-03-07,0.0,0.0,0.0,0.0,1.1840877086983546,
2018-03-08,0.0,0.0,0.0,0.0,1.1840877086983546,
2018-03-09,0.0,1.0,5.4767178274468544e-05,-5.4767178274468544e-05,1.1840228595557196,0.5476717827446854
2018-03-12,0.0005400019999999968,1.0,5.479936436469296e-05,0.00048520263563530384,1.1845973505678284,0.5479936436469296
2018-03-13,0.0,0.0,0.0,0.0,1.1845973505678284,
2018-03-14,0.0,1.0,5.468039244576004e-05,-5.468039244576004e-05,1.1845325763198093,0.5468039244576004
2018-03-15,-0.00026999949999999837,1.0,5.465861391572849e-05,-0.00032465811391572686,1.1841480082077096,0.5465861391572849
2018-03-16,0.0,1.0,5.356923543915446e-05,-5.356923543915446e-05,1.1840845743042632,0.5356923543915446
2018-03-19,0.0,1.0,5.289620577334786e-05,-5.289620577334786e-05,1.1840219407229677,0.5289620577334786
2018-03-20,-0.0003752431468531479,0.0,0.0,-0.0003752431468531479,1.1835776446039876,
2018-03-21,0.0003226245409090937,1.132867132867133,6.0167783557203335e-05,0.00026245675735189034,1.1838882825546646,0.5311106820172887
2018-03-22,-9.500005000000272e-05,1.0,5.3456228045843315e-05,-0.00014845627804584605,1.1837125269066144,0.5345622804584331
2018-03-23,2.750004250000235e-05,1.0,5.322305397356789e-05,-2.5723011473565544e-05,1.1836820782557034,0.5322305397356789
2018-03-26,0.0004942607776223746,1.0,5.244472857147385e-05,0.0004418160490509008,1.1842050479948507,0.5244472857147385
2018-03-27,0.0008200057250000029,2.0,0.00010899719378772335,0.0007110085312122795,1.1850470278866798,0.5449859689386167
2018-03-28,0.0012399909999999926,1.0,5.61366599744198e-05,0.0011838543400255728,1.1864499509537778,0.561366599744198
2018-03-29,0.0,0.0,0.0,0.0,1.1864499509537778,
2018-04-02,0.0,0.0,0.0,0.0,1.1864499509537778,
2018-04-03,0.0,0.0,0.0,0.0,1.1864499509537778,
2018-04-04,0.0,0.0,0.0,0.0,1.1864499509537778,
2018-04-05,0.0,1.0,5.627298035114692e-05,-5.627298035114692e-05,1.1863831858790002,0.5627298035114692
2018-04-06,-0.0037200809999999775,0.0,0.0,-0.0037200809999999775,1.1819697443304922,
2018-04-09,0.0012399909999999926,2.0,0.00011147634408174662,0.0011285146559182459,1.1833036145098212,0.557381720408733
2018-04-10,-0.0005399979999999967,1.0,5.5118924675213375e-05,-0.0005951169246752101,1.1825994105017972,0.5511892467521338
2018-04-11,0.0,1.0,5.637944641499111e-05,-5.637944641499111e-05,1.1825327362017024,0.5637944641499111
2018-04-12,0.003719918999999978,1.0,5.649454977311341e-05,0.0036634244502268642,1.1868648555406975,0.5649454977311341
2018-04-13,0.0,1.0,5.306282608049393e-05,-5.306282608049393e-05,1.1868018771372868,0.5306282608049393
2018-04-16,-9.381108828671741e-05,0.11894273127753308,6.114412146211646e-06,-9.992550043292907e-05,1.1866832853657991,0.5140635397000161
2018-04-17,0.00048040617402190177,1.0,5.286010502729698e-05,0.0004275460689946048,1.187190647139599,0.5286010502729698
2018-04-18,0.0005766325510489533,1.0,5.3055114347313335e-05,0.00052357743670164,1.1878122333755046,0.5305511434731334
2018-04-19,5.499984999999497e-05,1.0,5.327886231473419e-05,1.720987685260778e-06,1.1878142775857305,0.532788623147342
2018-04-20,0.0,0.0,0.0,0.0,1.1878142775857305,
2018-04-23,0.0,0.0,0.0,0.0,1.1878142775857305,
2018-04-24,0.0,0.0,0.0,0.0,1.1878142775857305,
2018-04-25,0.0,0.0,0.0,0.0,1.1878142775857305,
2018-04-26,0.0,0.0,0.0,0.0,1.1878142775857305,
2018-04-27,0.0,0.0,0.0,0.0,1.1878142775857305,
2018-04-30,0.0,0.0,0.0,0.0,1.1878142775857305,
2018-05-01,0.0,1.0,5.5137309524696974e-05,-5.5137309524696974e-05,1.1877487847022494,0.5513730952469698
2018-05-02,0.0005400020000000062,1.0,5.485226663791507e-05,0.00048514973336209115,1.1883250207084488,0.5485226663791507
2018-05-03,0.0,0.0,0.0,0.0,1.1883250207084488,
2018-05-04,0.0,0.0,0.0,0.0,1.1883250207084488,
2018-05-07,0.0,1.0,5.4760952285695216e-05,-5.4760952285695216e-05,1.1882599468986899,0.5476095228569522
2018-05-08,-0.0005399980000000062,0.0,0.0,-0.0005399980000000062,1.1876182889038844,
2018-05-09,-0.0005399979999999967,1.0,5.4528316433015035e-05,-0.0005945263164330118,1.186912218577254,0.5452831643301503
2018-05-10,0.0,1.0,5.496808858244427e-05,-5.496808858244427e-05,1.1868469762812837,0.5496808858244426
2018-05-11,-4.5762693559321756e-05,0.0,0.0,-4.5762693559321756e-05,1.1867926629668064,
2018-05-14,-4.576266491525475e-05,0.0,0.0,-4.576266491525475e-05,1.186738352171847,
2018-05-15,-9.152435983050792e-05,1.8305084745762712,9.995611263141624e-05,-0.00019148047246192416,1.1865111149514846,0.5460565412271813
2018-05-16,-0.00026999949999999837,1.152542372881356,6.119024245105496e-05,-0.00033118974245105334,1.1861181546409085,0.5309153389135651
2018-05-17,0.0011909965307607842,1.847457627118644,0.00010107724883580913,0.001089919281924975,1.187410927688293,0.5471153836066733
2018-05-18,0.007500312499999903,0.0,0.0,0.007500312499999903,1.19631688071187,
2018-05-21,0.0015000125000000429,1.0,5.6737952211169176e-05,0.0014432745477888738,1.1980434944168916,0.5673795221116917
2018-05-22,0.0,1.0,5.673459740889435e-05,-5.673459740889435e-05,1.1979755239015575,0.5673459740889435
2018-05-23,0.007500312500000111,1.0,5.682393593865848e-05,0.007443488564061453,1.2068926410137444,0.5682393593865848
2018-05-24,0.0,1.0,5.678849142440414e-05,-5.678849142440414e-05,1.20682410340135,0.5678849142440414
2018-05-25,0.007500312500000059,1.0,5.678849142440414e-05,0.007443524008575655,1.2158071275891458,0.5678849142440414
2018-05-29,0.0,0.0,0.0,0.0,1.2158071275891458,
2018-05-30,0.0,1.0,5.772836875516553e-05,-5.772836875516553e-05,1.2157369410269492,0.5772836875516553
2018-05-31,0.003000050000000034,2.0,0.00011220594932316901,0.002887844050676865,1.2192477997192819,0.561029746615845
2018-06-01,0.001224957125000009,1.0,5.458447535222211e-05,0.001170372649647787,1.2206747739972164,0.5458447535222211
2018-06-04,0.0,0.0,0.0,0.0,1.2206747739972164,
2018-06-05,0.0,0.0,0.0,0.0,1.2206747739972164,
2018-06-06,0.0,0.0,0.0,0.0,1.2206747739972164,
2018-06-07,0.0,0.0,0.0,0.0,1.2206747739972164,
2018-06-08,0.0,0.0,0.0,0.0,1.2206747739972164,
2018-06-11,0.0,0.0,0.0,0.0,1.2206747739972164,
2018-06-12,0.0,1.0,5.723919695536146e-05,-5.723919695536146e-05,1.2206049035534092,0.5723919695536146
2018-06-13,0.0024799640000000064,2.0,0.00011062002055881124,0.002369343979441195,1.22349693643292,0.5531001027940562
2018-06-14,1.1477941311475339e-05,0.024390243902438984,1.2349240491023708e-06,1.0243017262372968e-05,1.2235094687331605,0.5063188601319729
2018-06-15,1.229518442622986e-05,0.0910203082945926,4.640205403656375e-06,7.654979022573485e-06,1.2235188346724777,0.5097989108802046
2018-06-18,0.00013880572029850743,1.0,5.317345887347408e-05,8.563226142503335e-05,1.223623607357187,0.5317345887347408
2018-06-19,0.0,1.0,5.476765198161628e-05,-5.476765198161628e-05,1.2235565923653027,0.5476765198161628
2018-06-20,-0.0008701930725190803,1.7633587786259541,9.839154565034804e-05,-0.0009685846181694283,1.2223714742704779,0.5579780294456967
2018-06-21,-0.0040000900000000455,1.0,5.514832697949779e-05,-0.004055238326979543,1.2174144666182098,0.5514832697949779
2018-06-22,0.0,0.0,0.0,0.0,1.2174144666182098,
2018-06-25,-0.0005000199999999971,0.0,0.0,-0.0005000199999999971,1.2168057350366113,
2018-06-26,0.0009999887499999593,1.0,5.510386583007035e-05,0.000944884884169889,1.2179554763826188,0.5510386583007035
2018-06-27,0.0,1.0,5.46612331564116e-05,-5.46612331564116e-05,1.2178889014343501,0.546612331564116
2018-06-28,-0.0002767147423664366,0.7633587786259541,4.143451482706393e-05,-0.00031814925719350054,1.2175014309850145,0.5427921442345375
2018-06-29,0.000999988749999994,0.7633587786259541,4.1412221399998205e-05,0.0009585765285999959,1.2186684992802936,0.5425001003399765
2018-07-02,-4.007618320609027e-05,1.2366412213740459,6.657273711694906e-05,-0.00010664892032303933,1.2185385296006137,0.5383350964395263
2018-07-03,-0.0008800160000000055,1.0,5.4225725848932436e-05,-0.000934241725848938,1.2174001200617062,0.5422572584893244
2018-07-05,0.0010600051250000088,1.0,5.400647762885166e-05,0.001005998647371157,1.2186248229357977,0.5400647762885167
2018-07-06,-0.0006325044974999963,1.0,5.380313536702152e-05,-0.0006863076328670178,1.2177884714182157,0.5380313536702152
2018-07-09,0.0024799640000000064,0.0,0.0,0.0024799640000000064,1.2208085429869477,
2018-07-10,0.0006199977500000178,1.0,5.506132825861594e-05,0.0005649364217414018,1.2214982221968542,0.5506132825861594
2018-07-11,0.001190023874999982,1.0,5.5068080593584834e-05,0.0011349557944063972,1.2228845686819938,0.5506808059358483
2018-07-12,0.0,1.0,5.489168612587804e-05,-5.489168612587804e-05,1.2228174424860816,0.5489168612587803
2018-07-13,0.0005000137499999884,2.0,0.00011157223658581083,0.0003884415134141776,1.22329243554407,0.5578611829290542
2018-07-16,0.001239991000000014,2.0,0.00011144585820557167,0.0011285451417944424,1.224672976279197,0.5572292910278583
2018-07-17,0.0002499949999999725,1.656215921483097,8.927926957131186e-05,0.00016071573042866064,1.224869800491116,0.5390557379219291
2018-07-18,0.0007099152814885425,0.8928571428571429,4.8097542855758674e-05,0.0006618177386327838,1.2256804410525968,0.5386924799844971
2018-07-19,0.0008301772328244663,0.0,0.0,0.0008301772328244663,1.226697973049477,
2018-07-20,-0.0018968657538168262,0.7633587786259541,4.1238674922716565e-05,-0.0019381044287395427,1.224320504275184,0.540226641487587
2018-07-23,0.0009998487500000371,0.0,0.0,0.0009998487500000371,1.2255446396009828,
2018-07-24,-0.0005000199999999971,0.7633587786259541,4.129691550896803e-05,-0.0005413169155089651,1.2248812315568556,0.5409895931674813
2018-07-25,0.0007900898282442878,0.7633587786259541,4.129691550896804e-05,0.0007487929127353198,1.2257984139419877,0.5409895931674813
2018-07-26,0.0002499762499999728,0.8928571428571429,4.822136609022706e-05,0.00020175488390974575,1.2260457247586893,0.5400793002105431
2018-07-27,-0.0006785795535714536,0.8928571428571429,4.822884803267105e-05,-0.0007268084016041246,1.2251546244251839,0.5401630979659157
2018-07-30,0.0004999800000000056,0.0,0.0,0.0004999800000000056,1.225767177234304,
2018-07-31,-0.0015000762499999649,0.7633587786259541,4.1345927471863414e-05,-0.0015414221774718282,1.223877752522898,0.5416316498814108
2018-08-01,-0.0008702093034351193,0.7633587786259541,4.138421541452795e-05,-0.0009115935188496472,1.222762073495834,0.5421332219303161
2018-08-02,-0.0002500050000000245,0.7633587786259541,4.138470195944828e-05,-0.0002913897019594728,1.2224057732196707,0.5421395956687725
2018-08-03,0.001066822748091624,0.7633587786259541,4.1379496731834164e-05,0.00102544325135979,1.2236592809702422,0.5420714071870276
2018-08-06,-0.0002500049999999898,0.8163265306122449,4.36695322853866e-05,-0.0002936745322853764,1.2232999234032267,0.5349517704959859
2018-08-07,-0.0015305534693877592,0.8163265306122449,4.366714297807346e-05,-0.0015742206123658326,1.2213741794486999,0.5349225014813999
2018-08-08,0.0007500062500000214,0.8163265306122449,4.366353334555344e-05,0.000706342716654468,1.2222368882046633,0.5348782834830297
2018-08-09,0.001714348061224486,0.8163265306122449,4.361570601806436e-05,0.0016707323552064216,1.2242789189195136,0.5342923987212884
2018-08-10,-0.001250125000000062,0.7633587786259541,4.1344968276311984e-05,-0.001291469968276374,1.222697799462935,0.541619084419687
2018-08-13,-0.0002767219561068604,0.0,0.0,-0.0002767219561068604,1.2223594521361403,
2018-08-14,-4.007618320609846e-05,0.23664122137404583,1.2371284952807697e-05,-5.2447468158906154e-05,1.2222953424776957,0.522786557683164
2018-08-15,0.0013200461249999918,1.0,5.3776153260567873e-05,0.001266269971739424,1.223843098366472,0.5377615326056787
2018-08-16,0.0003673448979591815,1.816326530612245,0.0001000419936990989,0.0002673029042600826,1.2241702351810242,0.5507929990175109
2018-08-17,0.0,0.0,0.0,0.0,1.2241702351810242,
2018-08-20,-0.008000359999999882,1.0,5.4771005243439805e-05,-0.008055131005243321,1.2143093835639214,0.5477100524343981
2018-08-21,-0.0004999862500000576,0.0,0.0,-0.0004999862500000576,1.2137022455688935,
2018-08-22,0.0005000137500000578,1.0,5.394653843380829e-05,0.0004460672115662495,1.2142436383452462,0.5394653843380829
2018-08-23,0.0010600051250000196,1.0,5.381178883190219e-05,0.0010061933361681175,1.2154654022026337,0.5381178883190219
2018-08-24,0.0007500062499999694,2.0,0.00010942457771605878,0.0006405816722839106,1.2162440070625797,0.5471228885802939
2018-08-27,0.0018599797500000103,2.0,0.00010766998432156305,0.0017523097656784474,1.2183752433136033,0.5383499216078153
2018-08-28,0.00012402376918902363,2.0,0.00010630035750833078,1.772341168069285e-05,1.218396837079622,0.5315017875416539
2018-08-29,-0.0010000112499999592,0.0,0.0,-0.0010000112499999592,1.217178426535578,
2018-08-30,0.0002500112499999635,1.0,5.378191328511328e-05,0.00019622933671485022,1.2174172726508807,0.5378191328511328
2018-08-31,0.0,1.0,5.370359446852536e-05,-5.370359446852536e-05,1.2173518929673712,0.5370359446852535
2018-09-04,0.0019998187499999614,1.0,5.378973406764551e-05,0.001946029015932316,1.219720895073686,0.5378973406764551
2018-09-05,0.0019999775000000574,1.0,5.37772350654269e-05,0.0019462002649346306,1.2220947162028246,0.537772350654269
2018-09-06,-0.0005000199999999971,1.0,5.379106939880067e-05,-0.0005538110693987978,1.2214179066211377,0.5379106939880067
2018-09-07,-0.007499687499999954,2.0,0.00011098144090083642,-0.0076106689409007906,1.212122099295356,0.5549072045041821
2018-09-10,-0.0040000900000000455,1.0,5.274736217222538e-05,-0.004052837362172271,1.207209565563817,0.5274736217222538
2018-09-11,0.0019129178260869962,1.0,5.2790924770424755e-05,0.0018601269013165714,1.209455128552249,0.5279092477042475
2018-09-12,-0.0040000900000000455,1.0,5.521514526288522e-05,-0.0040553051452629305,1.2045504189464664,0.5521514526288522
2018-09-13,0.0,0.0,0.0,0.0,1.2045504189464664,
2018-09-14,0.0,1.0,5.379197956653859e-05,-5.379197956653859e-05,1.2044856237949435,0.5379197956653858
2018-09-17,0.0,0.0,0.0,0.0,1.2044856237949435,
2018-09-18,0.0017497549999999458,0.0,0.0,0.0017497549999999458,1.2065931785376067,
2018-09-19,0.0014999237500000256,1.0,5.3956026461785796e-05,0.0014459677235382398,1.2083378733292136,0.5395602646178579
2018-09-20,0.0,0.0,0.0,0.0,1.2083378733292136,
2018-09-21,0.0,0.0,0.0,0.0,1.2083378733292136,
2018-09-24,0.0,1.0,5.302990431377942e-05,-5.302990431377942e-05,1.2082737952874123,0.5302990431377942
2018-09-25,0.0,1.0,5.302990431377942e-05,-5.302990431377942e-05,1.2082097206436633,0.5302990431377942
2018-09-26,0.0,1.0,5.232279133864623e-05,-5.232279133864623e-05,1.2081465037385568,0.5232279133864622
2018-09-27,8.03578125000023e-05,1.1071428571428572,5.7948274354219906e-05,2.2409538145782393e-05,1.2081735777437181,0.5234037683606958
2018-09-28,0.0003600010000000041,1.0,5.2855925218072784e-05,0.00030714507478193134,1.208544662307604,0.5285592521807279
2018-10-01,0.0,1.0,5.393395983269637e-05,-5.393395983269637e-05,1.208479480708331,0.5393395983269637
2018-10-02,-0.0010000800000000633,1.0,5.399388120839843e-05,-0.0010540738812084617,1.20720565405174,0.5399388120839843
2018-10-03,-0.014998750000000014,2.0,0.00011224936284663303,-0.015110999362846647,1.1889635701825392,0.5612468142331651
2018-10-04,0.009999437500000008,2.0,0.00011237512289957669,0.009887062377100431,1.2007189271650338,0.5618756144978834
2018-10-05,-0.007499687500000006,1.0,5.329652905797317e-05,-0.0075529840290579795,1.1916499162847687,0.5329652905797317
2018-10-09,0.0020817120153061035,1.183673469387755,6.311270813630859e-05,0.002018599307169795,1.19405537998017,0.5331935687377795
2018-10-10,0.0,1.183673469387755,6.310970138932303e-05,-6.310970138932303e-05,1.1939800235016973,0.533168166909798
2018-10-11,0.003796204362244914,1.0,5.348750846293891e-05,0.003742716853781975,1.1984487526587362,0.5348750846293892
2018-10-12,0.0,0.0,0.0,0.0,1.1984487526587362,
2018-10-15,0.0,1.0,5.625238184369743e-05,-5.625238184369743e-05,1.1983813370618814,0.5625238184369743
2018-10-16,-0.004000089999999976,0.0,0.0,-0.004000089999999976,1.1935877038593135,
2018-10-17,0.005999797500000033,1.0,5.592125031332654e-05,0.005943876249686706,1.2006822414642009,0.5592125031332654
2018-10-18,0.0,0.0,0.0,0.0,1.2006822414642009,
2018-10-19,0.0,1.0,5.281608241190828e-05,-5.281608241190828e-05,1.2006188261319852,0.5281608241190828
2018-10-22,0.0,1.0,5.2433877046598945e-05,-5.2433877046598945e-05,1.200555873032076,0.5243387704659894
2018-10-23,-0.0006765741517175531,1.0,5.2527163741157704e-05,-0.0007291013154587108,1.1996805461657667,0.525271637411577
2018-10-24,-0.0011250274999999948,1.0,5.306180187218577e-05,-0.0011780893018721805,1.1982672153486646,0.5306180187218577
2018-10-25,0.0013699723749999886,1.0,5.299620088060404e-05,0.0013169761741193846,1.1998453047215072,0.5299620088060404
2018-10-26,0.0,1.0,5.4388958902632985e-05,-5.4388958902632985e-05,1.1997800463845392,0.5438895890263298
2018-10-29,0.0009999887500000287,1.0,5.43838510179684e-05,0.0009456048989820603,1.2009145642741013,0.5438385101796841
2018-10-30,0.0,1.0,5.2268532981799735e-05,-5.2268532981799735e-05,1.2008517942315902,0.5226853298179973
2018-10-31,-0.00015700583528036375,0.7683868346200732,3.999597082043426e-05,-0.00019700180610079802,1.2006152242592671,0.5205186895245304
2018-11-01,-2.9281988132215598e-05,0.34782608695652173,1.811199178291464e-05,-4.739397991513024e-05,1.2005583223254428,0.5207197637587959
2018-11-02,-0.0002612693877550808,0.7683868346200732,4.0047286024667877e-05,-0.0003013166737797487,1.200196574085081,0.5211865198662489
2018-11-05,0.0010436237837769182,0.7683868346200732,4.003733554443339e-05,0.0010035864482324849,1.2014010751020479,0.5210570215486544
2018-11-06,-0.0004326476020408074,0.0,0.0,-0.0004326476020408074,1.2008812918078158,
2018-11-07,0.0003673448979591815,1.0,5.226121735809697e-05,0.0003150836806010845,1.2012596699052036,0.5226121735809697
2018-11-08,0.0,1.0,5.317133442040265e-05,-5.317133442040265e-05,1.2011957973255694,0.5317133442040265
2018-11-09,-0.000652209809782612,1.0,5.318283896689001e-05,-0.000705392648749502,1.2003484826404272,0.5318283896689001
2018-11-13,0.0,1.0,5.449951810451292e-05,-5.449951810451292e-05,1.2002830642265658,0.5449951810451292
2018-11-14,0.0005000137500000318,2.0,0.0001070451696515202,0.0003929685803485116,1.2007547377583314,0.535225848257601
2018-11-15,0.000175001250000005,1.3478260869565217,7.09835909794423e-05,0.00010401765902056271,1.2008796374552109,0.5266524492023138
2018-11-16,0.00040625372738965055,1.3478260869565217,7.140020783330748e-05,0.00033485351955634307,1.2012817562283764,0.5297434774729264
2018-11-19,0.0016000149999999902,1.0,5.330193890764382e-05,0.0015467130610923464,1.203139794410787,0.5330193890764383
2018-11-20,-0.0010000112500000286,0.0,0.0,-0.0010000112500000286,1.2019366410810535,
2018-11-21,0.0,1.0,5.3294951303918786e-05,-5.3294951303918786e-05,1.2018725839262967,0.5329495130391879
2018-11-23,0.0,1.0,5.584635350803099e-05,-5.584635350803099e-05,1.201805463725103,0.5584635350803099
2018-11-26,0.0,1.0,5.342221885929346e-05,-5.342221885929346e-05,1.2017412606105935,0.5342221885929346
2018-11-27,0.0008000037499999674,1.0,5.342518917783451e-05,0.0007465785608221329,1.2026384548714206,0.5342518917783451
2018-11-28,0.0,1.0,5.2461587081131435e-05,-5.2461587081131435e-05,1.2025753625493931,0.5246158708113143
2018-11-29,0.0007500143750000232,0.0,0.0,0.0007500143750000232,1.2034773113583261,
2018-11-30,0.0005750068749999887,0.1836734693877551,9.441906721619526e-06,0.0005655649682783691,1.2041579559657483,0.5140593659548408
2018-12-03,0.00046530389030611955,0.1836734693877551,9.443377894573754e-06,0.0004558605124115458,1.2047068840285793,0.5141394631490156
2018-12-04,0.0019000818749999948,1.0,5.2516776718473525e-05,0.0018475650982815214,1.20693265842117,0.5251677671847352
2018-12-06,0.0032000600000000085,0.0,0.0,0.0032000600000000085,1.2107949153440771,
2018-12-07,0.0016000149999999902,1.0,5.250352222967529e-05,0.001547511477770315,1.212668634372798,0.5250352222967529
2018-12-10,0.00022499937499999084,1.0,5.247115673234814e-05,0.0001725282182676427,1.2128778539316354,0.5247115673234815
2018-12-11,-0.0031999400000000083,1.0,5.2504387773480756e-05,-0.0032524443877734893,1.2089330361625608,0.5250438777348075
2018-12-12,-0.0003499949999999979,1.0,5.251314180210427e-05,-0.00040250814180210217,1.2084464307726117,0.5251314180210427
2018-12-13,0.0,1.0,5.250193230971869e-05,-5.250193230971869e-05,1.2083829849999033,0.5250193230971869
2018-12-14,0.00035000499999999785,1.0,5.250743779408479e-05,0.0002974975622059131,1.208742475992152,0.5250743779408478
2018-12-17,0.0024000337500000133,0.0,0.0,0.0024000337500000133,1.2116434987295917,
2018-12-18,0.0032000600000000085,1.893854748603352,9.998023406104897e-05,0.0031000797659389593,1.215399690223535,0.5279192299978692
2018-12-19,0.00030971176635474816,1.893854748603352,0.00010004106570349859,0.00020967070065124957,1.2156545239281553,0.5282404354255531
2018-12-20,-0.0015999850000000182,1.0,5.250334347671755e-05,-0.0016524883434767357,1.2136456689976693,0.5250334347671755
2018-12-21,0.0,1.0,5.244408686844042e-05,-5.244408686844042e-05,1.2135820204587768,0.5244408686844042
2018-12-24,0.00014999981999999995,2.0,0.0001067684802799511,4.323133972004885e-05,1.2136344852353815,0.5338424013997556
2018-12-26,0.0,1.0,5.297845369960288e-05,-5.297845369960288e-05,1.2135701887569974,0.5297845369960288
2018-12-27,0.0,1.0,5.308083193694965e-05,-5.308083193694965e-05,1.2135057714417643,0.5308083193694965
2018-12-28,9.500005000000272e-05,1.0,5.295574549448004e-05,4.204430450552268e-05,1.213556792447938,0.5295574549448004
2018-12-31,-0.000825003100000003,1.0213994886847837,5.401842560212942e-05,-0.0008790215256021325,1.2124900499048357,0.5288667774025111
2019-01-02,0.00023186919795852525,0.9152542372881356,4.8661958689629514e-05,0.00018320723926889572,1.2127121868595196,0.5316769560533595
2019-01-03,-0.0007708518519553107,1.0,5.3325674834393724e-05,-0.0008241775267897045,1.211712696728646,0.5332567483439373
2019-01-04,-0.0015284412667597703,0.0,0.0,-0.0015284412667597703,1.2098606650395092,
2019-01-07,-0.0003396611773743085,1.7877094972067038,9.661336817863385e-05,-0.00043627454555294234,1.2093328336276867,0.5404310282492332
2019-01-08,-0.0023999662499999855,2.0,0.0001107979956535465,-0.0025107642456535318,1.2062964839879193,0.5539899782677324
2019-01-09,0.0006199977499999963,1.0,5.6950708501173144e-05,0.0005630470414988232,1.2069756856543992,0.5695070850117314
2019-01-10,0.0,1.0,5.374014713146043e-05,-5.374014713146043e-05,1.206910822603468,0.5374014713146043
2019-01-11,0.0024000337500000133,0.0,0.0,0.0024000337500000133,1.2098074493109565,
2019-01-14,0.0,1.0,5.373995830666507e-05,-5.373995830666507e-05,1.2097424343090715,0.5373995830666507
2019-01-15,0.0,0.0,0.0,0.0,1.2097424343090715,
2019-01-16,0.0,0.0,0.0,0.0,1.2097424343090715,
2019-01-17,0.0,0.0,0.0,0.0,1.2097424343090715,
2019-01-18,0.0,0.0,0.0,0.0,1.2097424343090715,
2019-01-22,0.0,0.0,0.0,0.0,1.2097424343090715,
2019-01-23,0.0,0.0,0.0,0.0,1.2097424343090715,
2019-01-24,0.0,1.0,5.373243532379699e-05,-5.373243532379699e-05,1.2096774319019614,0.5373243532379699
2019-01-25,-0.0031999399999999806,0.0,0.0,-0.0031999399999999806,1.205806536700521,
2019-01-28,0.0008000037499999951,0.0,0.0,0.0008000037499999951,1.206771186451656,
2019-01-29,0.0024000337499999855,1.7877094972067038,9.641647173045395e-05,0.0023036172782695315,1.2095511254076838,0.5393296387422268
2019-01-30,0.00042458300000000333,0.0,0.0,0.00042458300000000333,1.210064680253163,
2019-01-31,0.0007642654930167611,0.0,0.0,0.0007642654930167611,1.2109894909325987,
2019-02-01,-0.0006793100600558706,0.21229050279329614,1.0906141728999329e-05,-0.0006902162017848699,1.2101536463657658,0.5137366761818104
2019-02-04,-9.499994999999613e-05,1.0,5.454121116774552e-05,-0.00014954116116774164,1.209972678584297,0.5454121116774552
2019-02-05,0.0,0.0,0.0,0.0,1.209972678584297,
2019-02-06,0.0,0.0,0.0,0.0,1.209972678584297,
2019-02-07,0.0,0.0,0.0,0.0,1.209972678584297,
2019-02-08,0.0,1.0,5.4489787532878984e-05,-5.4489787532878984e-05,1.2099067474301204,0.5448978753287899
2019-02-11,-9.499994999999942e-05,1.0,5.449934081800993e-05,-0.00014949929081800936,1.2097258672294238,0.5449934081800993
2019-02-12,0.0,0.0,0.0,0.0,1.2097258672294238,
2019-02-13,0.0,0.0,0.0,0.0,1.2097258672294238,
2019-02-14,0.0,0.0,0.0,0.0,1.2097258672294238,
2019-02-15,0.0,0.0,0.0,0.0,1.2097258672294238,
2019-02-19,0.0,0.0,0.0,0.0,1.2097258672294238,
2019-02-20,0.0,0.0,0.0,0.0,1.2097258672294238,
2019-02-21,0.0,0.0,0.0,0.0,1.2097258672294238,
2019-02-22,0.0,0.0,0.0,0.0,1.2097258672294238,
2019-02-25,0.0,0.0,0.0,0.0,1.2097258672294238,
2019-02-26,0.0,0.0,0.0,0.0,1.2097258672294238,
2019-02-27,0.0,0.0,0.0,0.0,1.2097258672294238,
2019-02-28,0.0,0.0,0.0,0.0,1.2097258672294238,
2019-03-01,0.0,0.0,0.0,0.0,1.2097258672294238,
2019-03-04,0.0,0.0,0.0,0.0,1.2097258672294238,
2019-03-05,0.0,0.0,0.0,0.0,1.2097258672294238,
2019-03-06,0.0,0.0,0.0,0.0,1.2097258672294238,
2019-03-07,0.0,0.0,0.0,0.0,1.2097258672294238,
2019-03-08,0.0,0.0,0.0,0.0,1.2097258672294238,
2019-03-11,0.0,0.0,0.0,0.0,1.2097258672294238,
2019-03-12,0.0,0.0,0.0,0.0,1.2097258672294238,
2019-03-13,0.0,0.0,0.0,0.0,1.2097258672294238,
2019-03-14,0.0,0.0,0.0,0.0,1.2097258672294238,
2019-03-15,0.0,0.0,0.0,0.0,1.2097258672294238,
2019-03-18,0.0,0.0,0.0,0.0,1.2097258672294238,
2019-03-19,0.0,0.0,0.0,0.0,1.2097258672294238,
2019-03-20,0.0,0.0,0.0,0.0,1.2097258672294238,
2019-03-21,0.0,0.0,0.0,0.0,1.2097258672294238,
2019-03-22,0.0,0.0,0.0,0.0,1.2097258672294238,
2019-03-25,0.0,1.0,5.344704426577884e-05,-5.344704426577884e-05,1.2096612109574485,0.5344704426577883
2019-03-26,-2.2881398305084607e-05,1.0,5.274382746673759e-05,-7.56252257718222e-05,1.2095697300552624,0.527438274667376
2019-03-27,0.00016500038999999855,1.0,5.2942896599347984e-05,0.00011205749340065057,1.2097052714073055,0.5294289659934799
2019-03-28,-2.5000004999998982e-05,1.0,5.3394079258252445e-05,-7.839408425825143e-05,1.2096104376703312,0.5339407925825245
2019-03-29,0.0,0.0,0.0,0.0,1.2096104376703312,
2019-04-01,0.0,0.0,0.0,0.0,1.2096104376703312,
2019-04-02,0.0,0.0,0.0,0.0,1.2096104376703312,
2019-04-03,0.0,0.0,0.0,0.0,1.2096104376703312,
2019-04-04,0.0,0.0,0.0,0.0,1.2096104376703312,
2019-04-05,0.0,0.0,0.0,0.0,1.2096104376703312,
2019-04-08,0.0,0.0,0.0,0.0,1.2096104376703312,
2019-04-09,0.0,0.0,0.0,0.0,1.2096104376703312,
2019-04-10,0.0,0.0,0.0,0.0,1.2096104376703312,
2019-04-11,0.0,0.0,0.0,0.0,1.2096104376703312,
2019-04-12,0.0,0.0,0.0,0.0,1.2096104376703312,
2019-04-15,0.0,0.0,0.0,0.0,1.2096104376703312,
2019-04-16,0.0,0.0,0.0,0.0,1.2096104376703312,
2019-04-17,0.0,0.0,0.0,0.0,1.2096104376703312,
2019-04-18,0.0,0.0,0.0,0.0,1.2096104376703312,
2019-04-22,0.0,0.0,0.0,0.0,1.2096104376703312,
2019-04-23,0.0,0.0,0.0,0.0,1.2096104376703312,
2019-04-24,0.0,0.0,0.0,0.0,1.2096104376703312,
2019-04-25,0.0,0.0,0.0,0.0,1.2096104376703312,
2019-04-26,0.0,0.0,0.0,0.0,1.2096104376703312,
2019-04-29,0.0,0.0,0.0,0.0,1.2096104376703312,
2019-04-30,0.0,0.0,0.0,0.0,1.2096104376703312,
2019-05-01,0.0,0.0,0.0,0.0,1.2096104376703312,
2019-05-02,0.0,0.0,0.0,0.0,1.2096104376703312,
2019-05-03,0.0,0.0,0.0,0.0,1.2096104376703312,
2019-05-06,0.0,0.0,0.0,0.0,1.2096104376703312,
2019-05-07,0.0,1.0,5.3203987628434904e-05,-5.3203987628434904e-05,1.2095460815715702,0.532039876284349
2019-05-08,5.00000149999997e-05,1.0,5.314256363733327e-05,-3.1425486373335736e-06,1.2095422805141798,0.5314256363733327
2019-05-09,0.0,1.0,5.314855061863659e-05,-5.314855061863659e-05,1.2094779950950585,0.5314855061863659
2019-05-10,5.00000149999997e-05,1.0,5.314256363733327e-05,-3.1425486373335736e-06,1.2094741942516332,0.5314256363733327
2019-05-13,0.0,0.0,0.0,0.0,1.2094741942516332,
2019-05-14,0.0,1.0,5.3296691259126924e-05,-5.3296691259126924e-05,1.2094097332789162,0.5329669125912693
2019-05-15,0.0,0.0,0.0,0.0,1.2094097332789162,
2019-05-16,0.0,0.0,0.0,0.0,1.2094097332789162,
2019-05-17,5.000001500000143e-05,0.0,0.0,5.000001500000143e-05,1.2094702037837215,
2019-05-20,0.0,1.0,5.321806342438895e-05,-5.321806342438895e-05,1.2094058381217065,0.5321806342438895
2019-05-21,0.0,0.0,0.0,0.0,1.2094058381217065,
2019-05-22,0.0,0.0,0.0,0.0,1.2094058381217065,
2019-05-23,0.0,1.0,5.216053981490073e-05,-5.216053981490073e-05,1.2093427548603348,0.5216053981490073
2019-05-24,4.695097432926801e-05,1.1219512195121952,5.8684712727294795e-05,-1.1733738398026782e-05,1.2093285647488157,0.5230593960476275
2019-05-28,4.9999980000000563e-05,1.0,5.337216086902059e-05,-3.372180869020025e-06,1.2093244866741653,0.5337216086902059
2019-05-29,0.0,1.0,5.389951078078054e-05,-5.389951078078054e-05,1.2092593046759583,0.5389951078078054
2019-05-30,0.0009700168750000049,1.8780487804878048,9.958728734377915e-05,0.0008704295876562258,1.210311879753897,0.5302699715707722
2019-05-31,-2.8660213353658254e-05,0.0,0.0,-2.8660213353658254e-05,1.2102771919571986,
2019-06-03,-4.268538304878014e-05,0.0,0.0,-4.268538304878014e-05,1.2102255308116647,
2019-06-04,0.00011585313975609686,1.0,5.237178648204101e-05,6.348135327405585e-05,1.2103023575661274,0.5237178648204102
2019-06-05,0.0,1.0,5.639694489227491e-05,-5.639694489227491e-05,1.2102341002107648,0.5639694489227491
2019-06-06,-0.001079992000000003,1.0,5.38187190870721e-05,-0.0011338107190870751,1.2088619238153413,0.538187190870721
2019-06-07,6.533509567039248e-05,1.0213994886847837,5.43033622621943e-05,1.1031733408198176e-05,1.208875259657812,0.5316564465106461
2019-06-10,0.00046739237324345097,1.9152542372881356,0.0001039721785856844,0.00036342019465776656,1.209314589339994,0.5428635873057858
2019-06-11,0.0,1.0,5.567140450004872e-05,-5.567140450004872e-05,1.209247265098323,0.5567140450004872
2019-06-12,0.0,0.0,0.0,0.0,1.209247265098323,
2019-06-13,0.0,1.0,5.497148175950819e-05,-5.497148175950819e-05,1.209180790984347,0.5497148175950819
2019-06-14,0.0,0.0,0.0,0.0,1.209180790984347,
2019-06-17,-9.999994000000113e-05,1.0,5.49517445422093e-05,-0.00015495168454221042,1.208993426383868,0.549517445422093
2019-06-18,0.0,0.0,0.0,0.0,1.208993426383868,
2019-06-19,0.0,0.0,0.0,0.0,1.208993426383868,
2019-06-20,0.0,0.0,0.0,0.0,1.208993426383868,
2019-06-21,0.0,0.0,0.0,0.0,1.208993426383868,
2019-06-24,0.0,1.0,5.629530659479034e-05,-5.629530659479034e-05,1.2089253657282586,0.5629530659479034
2019-06-25,0.0,0.0,0.0,0.0,1.2089253657282586,
2019-06-26,-9.999993999999939e-05,1.0,5.629530659479034e-05,-0.00015629524659478973,1.2087364164401073,0.5629530659479034
2019-06-27,0.0,1.0,5.6296353531736476e-05,-5.6296353531736476e-05,1.2086683689874806,0.5629635353173648
2019-06-28,0.00015000013500000083,1.0,5.634595827599569e-05,9.365417672400515e-05,1.2087815658285106,0.5634595827599569
2019-07-01,0.0,1.0,5.4491478120420355e-05,-5.4491478120420355e-05,1.2087156975342639,0.5449147812042036
2019-07-02,0.0018000199999999892,0.0,0.0,0.0018000199999999892,1.2108914099641395,
2019-07-03,0.0004500012500000129,1.9473684210526314,0.00010555050093715309,0.0003444507490628598,1.2113085024173353,0.5420160858934888
2019-07-05,7.897765789474146e-06,1.0,5.428497992564973e-05,-4.638721413617558e-05,1.2112523131904487,0.5428497992564973
2019-07-08,2.570560632755015e-05,0.6551724137931034,3.496228295839358e-05,-9.25667663084343e-06,1.211241101019467,0.5336348451544284
2019-07-09,9.074528207803785e-06,0.08474576271186438,4.3282339481236e-06,4.746294259680185e-06,1.2112468499261517,0.510731605878585
2019-07-10,-7.407842410286473e-05,0.3448275862068965,1.8213240157936062e-05,-9.229166426080078e-05,1.2111350619385413,0.5281839645801458
2019-07-11,2.1191868220338744e-06,1.9152542372881356,0.00010443177452901863,-0.00010231258770698475,1.2110111475762917,0.5452632475408936
2019-07-12,0.0004757742455947108,1.0,5.471786962749501e-05,0.00042105637596721575,1.2115210515413462,0.5471786962749501
2019-07-15,0.0,1.0,5.7090881654387915e-05,-5.7090881654387915e-05,1.2114518847363709,0.5709088165438791
2019-07-16,0.0,0.0,0.0,0.0,1.2114518847363709,
2019-07-17,-0.0001000000599999994,1.0,5.4444137914729796e-05,-0.0001544441979147292,1.2112647830217205,0.544441379147298
2019-07-18,3.750013499999934e-05,1.0,5.463724339559213e-05,-1.713710839559279e-05,1.211244025445838,0.5463724339559213
2019-07-19,0.0,0.0,0.0,0.0,1.211244025445838,
2019-07-22,0.0,0.0,0.0,0.0,1.211244025445838,
2019-07-23,0.0,1.0,5.745747517393578e-05,-5.745747517393578e-05,1.2111744304223164,0.5745747517393578
2019-07-24,5.00000149999997e-05,1.0,5.7438258103603256e-05,-7.438243103603558e-06,1.211165421412462,0.5743825810360326
2019-07-25,0.0,0.0,0.0,0.0,1.211165421412462,
2019-07-26,0.0,0.0,0.0,0.0,1.211165421412462,
2019-07-29,0.0,0.0,0.0,0.0,1.211165421412462,
2019-07-30,0.0,0.0,0.0,0.0,1.211165421412462,
2019-07-31,0.0,0.0,0.0,0.0,1.211165421412462,
2019-08-01,0.0,0.0,0.0,0.0,1.211165421412462,
2019-08-02,0.0,0.0,0.0,0.0,1.211165421412462,
2019-08-05,0.0,1.0,5.523040004100508e-05,-5.523040004100508e-05,1.2110985282617217,0.5523040004100508
2019-08-06,0.0005062521874999969,1.0,5.522264801474219e-05,0.0004510295394852547,1.2116447694731949,0.5522264801474219
2019-08-07,0.0,1.0,5.52589713500852e-05,-5.52589713500852e-05,1.2115778152295922,0.5525897135008521
2019-08-08,-0.0008999950000000024,1.0,5.52589713500852e-05,-0.0009552539713500876,1.2104204507099945,0.5525897135008521
2019-08-09,0.0,1.0,5.288409115457832e-05,-5.288409115457832e-05,1.2103564387245438,0.5288409115457833
2019-08-12,-0.0015439538049023937,1.0,5.295708700859716e-05,-0.0015969108919109908,1.20842360734445,0.5295708700859716
2019-08-13,-0.0033060530102040748,1.0,5.3507780359332255e-05,-0.003359560790563407,1.2043638347748244,0.5350778035933227
2019-08-14,0.00010100848214286326,0.1836734693877551,9.552957376999754e-06,9.14555247658635e-05,1.204473980501343,0.5201054571922088
2019-08-15,0.001322514885204084,0.1836734693877551,9.556332853261807e-06,0.0013129585523508221,1.2060554049151262,0.5202892331220317
2019-08-16,0.00022040506377551012,0.4205607476635514,2.2340624624501745e-05,0.00019806443915100838,1.2062942816024858,0.5312104077381525
2019-08-19,-0.0005690347189109294,0.0,0.0,-0.0005690347189109294,1.2056078582750303,
2019-08-20,0.0007159945696643142,0.8163265306122449,4.3786807515940485e-05,0.0006722077621483737,1.20641827723547,0.536388392070271
2019-08-21,0.0002962525642523393,0.0,0.0,0.0002962525642523393,1.2067756817436617,
2019-08-22,0.0005481191179906602,0.4205607476635514,2.235167358453954e-05,0.0005257674444061206,1.2074101651098235,0.5314731274546068
2019-08-23,-0.0017501250000000086,0.0,0.0,-0.0017501250000000086,1.2052970463946107,
2019-08-26,0.0001249981249999984,0.4205607476635514,2.2360878747527062e-05,0.00010263724625247132,1.205420754764369,0.5316920057745324
2019-08-27,-0.0009570411331775691,0.4205607476635514,2.233648723609328e-05,-0.0009793776204136623,1.2042401926539705,0.5311120298359957
2019-08-28,-0.00012500187500000617,0.0,0.0,-0.00012500187500000617,1.2040896603719384,
2019-08-29,0.0005249887500000037,0.4205607476635514,2.232414821704033e-05,0.0005026646017829634,1.2046949136215803,0.530818635382959
2019-08-30,0.00026074849883177644,0.0,0.0,0.00026074849883177644,1.2050090360118573,
2019-09-03,-0.0002873900000000028,0.5794392523364487,3.106316224238345e-05,-0.00031845316224238626,1.2046252970738085,0.536090058054037
2019-09-04,0.0006200045000000016,1.0,5.428533009822417e-05,0.0005657191699017774,1.2053067766969119,0.5428533009822418
2019-09-05,0.00799962500000002,1.0,5.451880467832984e-05,0.007945106195321692,1.2148830670357098,0.5451880467832984
2019-09-06,-0.0004900063750000055,0.0,0.0,-0.0004900063750000055,1.2142877665879828,
2019-09-09,0.001029935124999986,0.0,0.0,0.001029935124999986,1.2155384042106496,
2019-09-10,0.0008099392500000124,1.0,5.476443715859402e-05,0.0007551748128414184,1.216456348197551,0.5476443715859403
2019-09-11,-0.0012399909999999926,2.0,0.00011383504576349797,-0.0013538260457634905,1.2148094779098269,0.5691752288174898
2019-09-12,6.249997250000049e-05,1.0,5.518384291086903e-05,7.316129589131461e-06,1.2148183656133933,0.5518384291086903
2019-09-13,0.0,0.0,0.0,0.0,1.2148183656133933,
2019-09-16,0.0,0.0,0.0,0.0,1.2148183656133933,
2019-09-17,0.0,1.0,5.899448310867564e-05,-5.899448310867564e-05,1.214746698031843,0.5899448310867564
2019-09-18,-0.0006199977499999963,0.0,0.0,-0.0006199977499999963,1.2139935578122434,
2019-09-19,0.0018600202500000103,1.0,5.895018046900531e-05,0.001801070069531005,1.2161800452738225,0.5895018046900531
2019-09-20,0.0,0.0,0.0,0.0,1.2161800452738225,
2019-09-23,0.0,0.0,0.0,0.0,1.2161800452738225,
2019-09-24,0.0,0.0,0.0,0.0,1.2161800452738225,
2019-09-25,0.0,0.0,0.0,0.0,1.2161800452738225,
2019-09-26,0.0,0.0,0.0,0.0,1.2161800452738225,
2019-09-27,0.0,1.0,5.7020416821959286e-05,-5.7020416821959286e-05,1.2161106981807104,0.5702041682195929
2019-09-30,0.00010000006000000113,1.0,5.669752744100205e-05,4.3302532558999084e-05,1.2161633588538137,0.5669752744100205
2019-10-01,0.0,1.0,5.883144100826618e-05,-5.883144100826618e-05,1.2160918102109108,0.5883144100826618
2019-10-02,0.0037200809999999988,0.0,0.0,0.0037200809999999988,1.220615770248332,
2019-10-03,0.004960144000000013,1.0,5.901867849207084e-05,0.004901125321507942,1.226598161107728,0.5901867849207084
2019-10-04,0.0,0.0,0.0,0.0,1.226598161107728,
2019-10-07,0.0,0.0,0.0,0.0,1.226598161107728,
2019-10-08,0.0,0.0,0.0,0.0,1.226598161107728,
2019-10-09,0.0,0.0,0.0,0.0,1.226598161107728,
2019-10-10,0.0,0.0,0.0,0.0,1.226598161107728,
2019-10-11,0.0,0.0,0.0,0.0,1.226598161107728,
2019-10-15,0.0,0.0,0.0,0.0,1.226598161107728,
2019-10-16,0.0,1.0,5.624583431815432e-05,-5.624583431815432e-05,1.2265291700707832,0.5624583431815432
2019-10-17,0.0,1.0,5.5287802649020776e-05,-5.5287802649020776e-05,1.226461357968085,0.5528780264902078
2019-10-18,-2.5548744512194964e-05,0.12195121951219512,6.30688822234036e-06,-3.1855632734535325e-05,1.2264222882655025,0.5171648342319095
2019-10-21,3.499997749999979e-05,0.12195121951219512,6.30735278253774e-06,2.869262471746205e-05,1.2264574775399648,0.5172029281680947
2019-10-22,4.390250878048793e-05,1.0,5.523470372291696e-05,-1.1332194942429033e-05,1.2264435790847408,0.5523470372291697
2019-10-23,8.750022499999948e-05,0.0,0.0,8.750022499999948e-05,1.2265508931738605,
2019-10-24,4.749997499999971e-05,0.0,0.0,4.749997499999971e-05,1.2266091543106223,
2019-10-25,-0.0004924960250000018,0.0,0.0,-0.0004924960250000018,1.2260050541778957,
2019-10-28,-0.0004049977499999976,0.0,0.0,-0.0004049977499999976,1.225508524889465,
2019-10-29,-4.750002499999971e-05,0.0,0.0,-4.750002499999971e-05,1.2254503132038952,
2019-10-30,0.0006750062500000006,1.0,5.5606558870294006e-05,0.0006193996911297066,1.2262093567493884,0.5560655887029401
2019-10-31,0.0,1.0,5.982852990024446e-05,-5.982852990024446e-05,1.226135994446224,0.5982852990024446
2019-11-01,-0.004499887499999973,1.0,5.98460465552607e-05,-0.004559733546555234,1.2205451410197086,0.598460465552607
2019-11-04,0.0,1.0,6.0006551526191587e-05,-6.0006551526191587e-05,1.220471900314814,0.6000655152619159
2019-11-05,-0.010499387499999988,0.0,0.0,-0.010499387499999988,1.2076576929005474,
2019-11-06,0.006000200000000015,0.0,0.0,0.006000200000000015,1.2149038805894894,
2019-11-07,-0.016498487500000058,1.9836065573770494,0.00011380912043734164,-0.016612296620437398,1.1947215369598163,0.5737484584031272
2019-11-08,6.0326165683672e-05,0.9836065573770493,5.360431676560546e-05,6.721848918066538e-06,1.194729567697487,0.544977220450322
2019-11-12,0.0003168751902932927,0.8928571428571429,4.880421871624141e-05,0.0002680709715770513,1.1950498400134715,0.5466072496219038
2019-11-13,0.0007029791718587237,0.9536028785152921,5.2760456168359e-05,0.0006502187156903648,1.195826883785631,0.5532749256221223
2019-11-14,0.0036551561500000286,1.0,5.585788583501056e-05,0.003599298264165018,1.2001310214126826,0.5585788583501057
2019-11-15,-0.001499987500000043,1.8928571428571428,0.0001079369632106177,-0.0016079244632106607,1.1982013013842951,0.570233013188169
2019-11-18,0.00024107421874999856,0.10614525139664807,5.449811744009682e-06,0.00023562440700598887,1.1984836268554078,0.5134296327251225
2019-11-19,0.00015616045815044209,0.10614525139664804,5.435844558257853e-06,0.00015072461359218423,1.1986642678369621,0.5121137768042924
2019-11-20,0.0005315025839584052,1.8475110808046369,0.00010063974665254094,0.00043086283730586425,1.1991807277243793,0.5447314914544915
2019-11-21,-0.0007142585714285732,0.893854748603352,4.791879914873217e-05,-0.0007621773705773054,1.1982667393104753,0.5360915654764411
2019-11-22,0.0007924643282122864,0.10614525139664804,5.432104817728666e-06,0.0007870322233945577,1.1992098138465346,0.5117614538807533
2019-11-25,0.0007953517064439085,0.9999999999999999,5.38620375018739e-05,0.0007414896689420346,1.2000990155343956,0.5386203750187392
2019-11-26,0.0014500487499999773,1.0,5.513628927206728e-05,0.00139491246072791,1.2017730486052718,0.5513628927206728
2019-11-27,-0.0029999499999999817,0.0,0.0,-0.0029999499999999817,1.1981677895481084,
2019-11-29,-0.001499987499999991,1.4150943396226414,8.149765497043434e-05,-0.0015814851549704253,1.1962729049757743,0.5759167617910693
2019-12-02,-0.00526389150943396,1.4150943396226414,7.828789853283537e-05,-0.005342179407966796,1.1898822004965042,0.55323448296537
2019-12-03,0.002714634732142862,0.7142857142857142,3.876753316244262e-05,0.0026758671989804196,1.1930661672474634,0.5427454642741968
2019-12-04,0.001249875000000001,0.0,0.0,0.001249875000000001,1.1945573508232519,
2019-12-05,-0.0002499887499999641,0.0,0.0,-0.0002499887499999641,1.1942587249243164,
2019-12-06,0.002749774999999931,1.0,5.657415688308951e-05,0.0026932008431168413,1.1974751035291822,0.5657415688308951
2019-12-09,0.0,1.0,5.966202888941483e-05,-5.966202888941483e-05,1.197403659734961,0.5966202888941483
2019-12-10,0.0015000124999999908,2.0,0.0001136490926219603,0.0013863634073780304,1.1990636963526782,0.5682454631098015
2019-12-11,-1.7367811864416974e-06,1.0,5.352214856617999e-05,-5.5258929752621686e-05,1.1989974373761125,0.5352214856618
2019-12-12,0.0009340300488826817,1.0,5.326721051706574e-05,0.000880762838365616,1.200053469762249,0.5326721051706574
2019-12-13,0.00026587111019552945,1.2938547486033518,6.896555551553727e-05,0.0001969055546799922,1.2002897669563581,0.5330239394335567
2019-12-16,0.0024399101249999956,1.0,5.3709402065508034e-05,0.0023862007229344877,1.2031538992660002,0.5370940206550803
2019-12-17,0.00013250047500000235,1.0,5.54360379335871e-05,7.706443706641525e-05,1.2032466196439515,0.554360379335871
2019-12-18,-0.002952400025000008,1.0,5.491812323157515e-05,-0.0030073181482315834,1.199628074247898,0.5491812323157514
2019-12-19,-0.000169832581005587,1.0,5.348357069263916e-05,-0.00022331615169822618,1.1993601779228877,0.5348357069263916
2019-12-20,-8.999987499999633e-05,1.0,5.440550071730422e-05,-0.00014440537571730054,1.1991869838657745,0.5440550071730421
2019-12-23,4.749997500000053e-05,1.106145251396648,5.9709185475272694e-05,-1.2209210475272164e-05,1.1991723427394891,0.5397951616198894
2019-12-24,5.2624407122901583e-05,1.0,5.347291186178172e-05,-8.485047388801363e-07,1.1991713252360736,0.5347291186178171
2019-12-26,0.0,1.0,5.314112023208969e-05,-5.314112023208969e-05,1.1991075999285004,0.5314112023208969
2019-12-27,0.0005276754622904998,0.3311452513966481,1.71885653294792e-05,0.0005104868969610206,1.1997197286463102,0.5190642250488025
2019-12-30,0.00037499922500000023,2.0,0.00010977741191029108,0.00026522181308970917,1.2000379204879412,0.5488870595514554
2019-12-31,0.001999818750000031,0.0,0.0,0.001999818750000031,1.2024377788220442,
2020-01-02,-0.0015001799999999994,1.0,5.61153372352689e-05,-0.0015562953372352682,1.200566430513548,0.561153372352689
2020-01-03,0.012000800000000032,1.0,5.947789578306155e-05,0.01194132210421697,1.2149027809678203,0.5947789578306155
2020-01-06,0.0,0.0,0.0,0.0,1.2149027809678203,
2020-01-07,0.0,1.0,5.9456173065228226e-05,-5.9456173065228226e-05,1.2148305474978176,0.5945617306522822
2020-01-08,-0.007499687499999954,1.0,5.62312728899157e-05,-0.00755591877288987,1.2056513865580987,0.562312728899157
2020-01-09,0.0059999987499999635,1.0,5.612076793519194e-05,0.005943877982064772,1.2128176312887073,0.5612076793519194
2020-01-10,0.0,1.0,5.91700815416345e-05,-5.91700815416345e-05,1.2127458687705688,0.591700815416345
2020-01-13,-0.0029999499999999817,1.0,5.91700815416345e-05,-0.003059120081541616,1.2090359335296061,0.591700815416345
2020-01-14,0.0,0.0,0.0,0.0,1.2090359335296061,
2020-01-15,0.0,0.0,0.0,0.0,1.2090359335296061,
2020-01-16,0.0,0.0,0.0,0.0,1.2090359335296061,
2020-01-17,0.0,1.0,5.6236259692745615e-05,-5.6236259692745615e-05,1.2089679418708703,0.5623625969274562
2020-01-21,-0.0015001799999999994,0.0,0.0,-0.0015001799999999994,1.2071542723438344,
2020-01-22,0.0012500450000000184,1.0,5.631972112579992e-05,0.0011937252788742185,1.2085952829142323,0.5631972112579992
2020-01-23,0.0,0.0,0.0,0.0,1.2085952829142323,
2020-01-24,0.0,1.0,5.94898101759277e-05,-5.94898101759277e-05,1.2085233838102722,0.594898101759277
2020-01-27,0.013501012500000022,1.0,5.6459585698450496e-05,0.013444552914301572,1.2247714403920802,0.5645958569845049
2020-01-28,0.001999818750000031,1.0,5.651639207290226e-05,0.0019433023579271285,1.227151541620116,0.5651639207290227
2020-01-29,0.0,0.0,0.0,0.0,1.227151541620116,
2020-01-30,0.0,0.0,0.0,0.0,1.227151541620116,
2020-01-31,0.0,0.0,0.0,0.0,1.227151541620116,
2020-02-03,0.0,0.0,0.0,0.0,1.227151541620116,
2020-02-04,0.0,0.0,0.0,0.0,1.227151541620116,
2020-02-05,0.0,0.0,0.0,0.0,1.227151541620116,
2020-02-06,0.0,0.0,0.0,0.0,1.227151541620116,
2020-02-07,0.0,0.0,0.0,0.0,1.227151541620116,
2020-02-10,0.0,0.0,0.0,0.0,1.227151541620116,
2020-02-11,0.0,0.0,0.0,0.0,1.227151541620116,
2020-02-12,0.0,0.0,0.0,0.0,1.227151541620116,
2020-02-13,0.0,0.0,0.0,0.0,1.227151541620116,
2020-02-14,0.0,0.0,0.0,0.0,1.227151541620116,
2020-02-18,0.0,0.0,0.0,0.0,1.227151541620116,
2020-02-19,0.0,0.0,0.0,0.0,1.227151541620116,
2020-02-20,0.0,0.0,0.0,0.0,1.227151541620116,
2020-02-21,0.0,0.0,0.0,0.0,1.227151541620116,
2020-02-24,0.0,0.0,0.0,0.0,1.227151541620116,
2020-02-25,0.0,0.0,0.0,0.0,1.227151541620116,
2020-02-26,0.0,1.0,5.599499555891514e-05,-5.599499555891514e-05,1.227082827274993,0.5599499555891514
2020-02-27,0.001620017999999995,2.0,0.00010991220511303494,0.00151010579488696,1.2289358521632672,0.5495610255651746
2020-02-28,0.00045000161999999986,1.0,5.536435607607163e-05,0.0003946372639239282,1.2294208360455028,0.5536435607607164
2020-03-02,-0.0002250014300000002,0.0847457627118644,4.366588032148573e-06,-0.00022936801803214875,1.2291388462250115,0.5152573877935316
2020-03-03,5.46642588135594e-05,0.0,0.0,5.46642588135594e-05,1.2292060361890191,
2020-03-04,-6.610183300847456e-05,2.0,0.00011280728144902142,-0.000178909114457496,1.2289861200255987,0.5640364072451072
2020-03-05,0.00019750497500000037,1.5332211942809084,8.57334368701464e-05,0.00011177153812985398,1.229123485694574,0.5591720046001319
2020-03-06,-4.762330090832639e-05,0.7771236333052985,4.2850816681645316e-05,-9.04741175899717e-05,1.2290122818317968,0.5514028250484446
2020-03-09,-0.0009028869955960611,1.9411764705882353,0.00010986716870401083,-0.0010127541643000719,1.2277675945253959,0.5659823842327829
2020-03-10,-0.0035384064266987363,1.9411764705882353,0.00010850483872334387,-0.0036469112654220802,1.2232900350536011,0.558964320696014
2020-03-11,0.002628882133777238,1.2857142857142858,6.999718578068367e-05,0.002558884947996554,1.226420293511334,0.5444225560719841
2020-03-12,0.0018784447429906624,0.5794392523364487,3.1408112711450465e-05,0.0018470366302792119,1.228685536717567,0.5420432355040645
2020-03-13,0.00022998762499998934,0.23664122137404583,1.2831198634641853e-05,0.0002171564263653475,1.2289523536778475,0.5422216197219621
2020-03-16,0.0020130910257633644,1.2366412213740459,6.998795869999875e-05,0.0019431030670633656,1.2313403347655536,0.5659520117098663
2020-03-17,-0.014878704000000003,1.775,0.00010276744645283504,-0.014981471446452838,1.2128930446993977,0.5789715293117468
2020-03-18,0.0032847703489795967,0.1836734693877551,9.884553167107552e-06,0.003274885795812489,1.2168651309033236,0.5381590057647444
2020-03-19,-0.0016695797375000014,0.9,5.200344070222333e-05,-0.0017215831782022247,1.2147701963638196,0.5778160078024815
2020-03-20,0.0014063245026250011,0.0,0.0,0.0014063245026250011,1.2164785574560246,
2020-03-23,0.001705586914249999,1.675,9.597233918593568e-05,0.0016096145750640633,1.2184366190723588,0.5729691891697652
2020-03-24,-0.0005699604999999993,0.0,0.0,-0.0005699604999999993,1.217742158327734,
2020-03-25,0.0002799945000000007,1.0,5.7913400196196236e-05,0.00022208109980380447,1.2180125958455328,0.5791340019619624
2020-03-26,0.003100056250000003,0.0,0.0,0.003100056250000003,1.2217885034058626,
2020-03-27,0.007440323999999998,2.0,0.00012958939643375463,0.007310734603566243,1.2307206748959514,0.6479469821687733
2020-03-30,0.0004999984999999999,1.0,6.60316894279228e-05,0.00043396681057207716,1.2312547668219411,0.6603168942792279
2020-03-31,0.0,1.0,6.40406536157793e-05,-6.40406536157793e-05,1.2311759164619063,0.640406536157793
2020-04-01,0.00025003624999998114,1.0,6.409765248358812e-05,0.00018593859751639302,1.2314048395851092,0.6409765248358812
2020-04-02,0.0,0.0,0.0,0.0,1.2314048395851092,
2020-04-03,0.0,0.0,0.0,0.0,1.2314048395851092,
2020-04-06,0.0,0.0,0.0,0.0,1.2314048395851092,
2020-04-07,0.0,0.0,0.0,0.0,1.2314048395851092,
2020-04-08,0.0,0.0,0.0,0.0,1.2314048395851092,
2020-04-09,0.0,0.0,0.0,0.0,1.2314048395851092,
2020-04-13,0.0,0.0,0.0,0.0,1.2314048395851092,
2020-04-14,0.0,0.0,0.0,0.0,1.2314048395851092,
2020-04-15,0.0,0.0,0.0,0.0,1.2314048395851092,
2020-04-16,0.0,0.0,0.0,0.0,1.2314048395851092,
2020-04-17,0.0,0.0,0.0,0.0,1.2314048395851092,
2020-04-20,0.0,0.0,0.0,0.0,1.2314048395851092,
2020-04-21,0.0,0.0,0.0,0.0,1.2314048395851092,
2020-04-22,0.0,0.0,0.0,0.0,1.2314048395851092,
2020-04-23,0.0,0.0,0.0,0.0,1.2314048395851092,
2020-04-24,0.0,0.0,0.0,0.0,1.2314048395851092,
2020-04-27,0.0,0.0,0.0,0.0,1.2314048395851092,
2020-04-28,0.0,0.0,0.0,0.0,1.2314048395851092,
2020-04-29,0.0,0.0,0.0,0.0,1.2314048395851092,
2020-04-30,0.0,0.0,0.0,0.0,1.2314048395851092,
2020-05-01,0.0,0.0,0.0,0.0,1.2314048395851092,
2020-05-04,0.0,0.0,0.0,0.0,1.2314048395851092,
2020-05-05,0.0,0.0,0.0,0.0,1.2314048395851092,
2020-05-06,0.0,0.0,0.0,0.0,1.2314048395851092,
2020-05-07,0.0,0.0,0.0,0.0,1.2314048395851092,
2020-05-08,0.0,0.0,0.0,0.0,1.2314048395851092,
2020-05-11,0.0,0.0,0.0,0.0,1.2314048395851092,
2020-05-12,0.0,0.0,0.0,0.0,1.2314048395851092,
2020-05-13,0.0,0.0,0.0,0.0,1.2314048395851092,
2020-05-14,0.0,0.0,0.0,0.0,1.2314048395851092,
2020-05-15,0.0,0.0,0.0,0.0,1.2314048395851092,
2020-05-18,0.0,0.0,0.0,0.0,1.2314048395851092,
2020-05-19,0.0,0.0,0.0,0.0,1.2314048395851092,
2020-05-20,0.0,1.0,6.46619141557008e-05,-6.46619141557008e-05,1.2313252145910811,0.6466191415570081
2020-05-21,0.0022500562499999993,1.0,6.466179051904647e-05,0.0021853944594809526,1.2340161458928678,0.6466179051904646
2020-05-22,0.0,0.0,0.0,0.0,1.2340161458928678,
2020-05-26,0.0,0.0,0.0,0.0,1.2340161458928678,
2020-05-27,0.0,0.0,0.0,0.0,1.2340161458928678,
2020-05-28,0.0,1.0,6.989262608367e-05,-6.989262608367e-05,1.2339298972638018,0.6989262608367001
2020-05-29,-0.012000809999999997,1.0,6.454869589801467e-05,-0.012065358695898011,1.2190420904477215,0.6454869589801467
2020-06-01,0.001999818750000009,0.0,0.0,0.001999818750000009,1.2214799536772383,
2020-06-02,0.0004999800000000012,0.0,0.0,0.0004999800000000012,1.222090669224478,
2020-06-03,0.001999680000000002,0.0,0.0,0.001999680000000002,1.2245344594939127,
2020-06-04,0.0004999437499999884,0.0,0.0,0.0004999437499999884,1.2251466578435963,
2020-06-05,0.0009998487499999894,0.0,0.0,0.0009998487499999894,1.226371619198008,
2020-06-08,-0.0007500449999999826,0.0,0.0,-0.0007500449999999826,1.2254517852968867,
2020-06-09,-0.0015001799999999994,0.8163265306122449,4.6672909001714276e-05,-0.0015468529090017138,1.223556191637959,0.571743135271
2020-06-10,0.002112370510204081,0.0,0.0,0.002112370510204081,1.2261407956547528,
2020-06-11,0.006612846836734702,0.8163265306122449,4.5786242512221945e-05,0.00656706059422248,1.2341929365568658,0.5608814707747187
2020-06-12,0.00024997624999999017,0.8163265306122449,4.558977323215791e-05,0.00020438647676783228,1.2344451889028203,0.5584747220939343
2020-06-15,0.0,0.8163265306122449,4.551046129135024e-05,-4.551046129135024e-05,1.2343890087328344,0.5575031508190404
2020-06-16,0.0037493950000000087,0.8163265306122449,4.515262447535492e-05,0.003704242375524654,1.2389614848068644,0.5531196498230978
2020-06-17,0.0003826510459183617,0.8163265306122449,4.4718180032142685e-05,0.000337932865886219,1.2393801706121477,0.5477977053937478
2020-06-18,-0.0005000562499999925,1.0,5.780509098479587e-05,-0.0005578613409847884,1.23868876832818,0.5780509098479587
2020-06-19,0.0,1.0,6.045283551218621e-05,-6.045283551218621e-05,1.2386138860798175,0.6045283551218621
2020-06-22,0.0,0.0,0.0,0.0,1.2386138860798175,
2020-06-23,0.0,0.0,0.0,0.0,1.2386138860798175,
2020-06-24,0.0,1.0,6.0039985969483235e-05,-6.0039985969483235e-05,1.2385395197194757,0.6003998596948323
2020-06-25,-0.0020000224999999878,1.0,6.000263618736574e-05,-0.0020600251361873535,1.2359880971766923,0.6000263618736574
2020-06-26,0.0,0.0,0.0,0.0,1.2359880971766923,
2020-06-29,0.0,1.0,5.992680367801089e-05,-5.992680367801089e-05,1.2359140283606445,0.5992680367801089
2020-06-30,0.00399991000000001,1.0,5.992111066924908e-05,0.003939988889330761,1.2407835159005534,0.5992111066924908
2020-07-01,0.0,0.0,0.0,0.0,1.2407835159005534,
2020-07-02,0.0,1.0,5.326721177750377e-05,-5.326721177750377e-05,1.240717422822242,0.5326721177750376
2020-07-06,0.001469367142857139,1.0,5.32736274941019e-05,0.001416093515363037,1.2424743947190986,0.532736274941019
2020-07-07,0.0,0.0,0.0,0.0,1.2424743947190986,
2020-07-08,0.0,0.0,0.0,0.0,1.2424743947190986,
2020-07-09,0.0,0.0,0.0,0.0,1.2424743947190986,
2020-07-10,0.0,0.0,0.0,0.0,1.2424743947190986,
2020-07-13,0.0,0.0,0.0,0.0,1.2424743947190986,
2020-07-14,0.0,0.0,0.0,0.0,1.2424743947190986,
2020-07-15,0.0,0.0,0.0,0.0,1.2424743947190986,
2020-07-16,0.0,0.0,0.0,0.0,1.2424743947190986,
2020-07-17,0.0,0.0,0.0,0.0,1.2424743947190986,
2020-07-20,0.0,0.0,0.0,0.0,1.2424743947190986,
2020-07-21,0.0,0.0,0.0,0.0,1.2424743947190986,
2020-07-22,0.0,0.0,0.0,0.0,1.2424743947190986,
2020-07-23,0.0,0.0,0.0,0.0,1.2424743947190986,
2020-07-24,0.0,0.0,0.0,0.0,1.2424743947190986,
2020-07-27,0.0,0.0,0.0,0.0,1.2424743947190986,
2020-07-28,0.0,0.0,0.0,0.0,1.2424743947190986,
2020-07-29,0.0,0.0,0.0,0.0,1.2424743947190986,
2020-07-30,0.0,0.0,0.0,0.0,1.2424743947190986,
2020-07-31,0.0,0.0,0.0,0.0,1.2424743947190986,
2020-08-03,0.0,0.0,0.0,0.0,1.2424743947190986,
2020-08-04,0.0,1.0,5.27073607554013e-05,-5.27073607554013e-05,1.242408907172947,0.527073607554013
2020-08-05,0.0008099954999999998,1.0,5.27073607554013e-05,0.0007572881392445985,1.2433497687024408,0.527073607554013
2020-08-06,0.0,0.0,0.0,0.0,1.2433497687024408,
2020-08-07,0.0,0.0,0.0,0.0,1.2433497687024408,
2020-08-10,0.0,0.0,0.0,0.0,1.2433497687024408,
2020-08-11,0.0,1.0,5.3612595667608955e-05,-5.3612595667608955e-05,1.243283109494018,0.5361259566760895
2020-08-12,-0.0039999062499999965,0.0,0.0,-0.0039999062499999965,1.2383100936138334,
2020-08-13,-0.0015999849999999973,1.0,5.3466506406552074e-05,-0.0016534515064065495,1.2362626079241492,0.5346650640655207
2020-08-14,0.0,1.0,5.21548564632843e-05,-5.21548564632843e-05,1.236198130825282,0.521548564632843
2020-08-17,0.0008000074999999986,1.0,5.215675302040526e-05,0.0007478507469795933,1.2371226225208345,0.5215675302040526
2020-08-18,0.0,1.0,5.3466506406552074e-05,-5.3466506406552074e-05,1.2370564778962116,0.5346650640655207
2020-08-19,-0.0007999962500000021,2.0,0.00011103436190974106,-0.0009110306119097432,1.235929481576187,0.5551718095487053
2020-08-20,-0.008000359999999986,1.0,5.764095418066099e-05,-0.008058000954180647,1.2259703606343462,0.5764095418066099
2020-08-21,0.0,0.0,0.0,0.0,1.2259703606343462,
2020-08-24,0.0,0.0,0.0,0.0,1.2259703606343462,
2020-08-25,0.0,0.0,0.0,0.0,1.2259703606343462,
2020-08-26,0.0,1.0,5.2549381052527986e-05,-5.2549381052527986e-05,1.2259059366507061,0.5254938105252799
2020-08-27,0.004407819336734692,1.6326530612244898,8.773937933770026e-05,0.004320079957396992,1.231201948317285,0.5374036984434142
2020-08-28,0.0012499612500000096,1.4685004436557232,7.812856818755172e-05,0.0011718326818124579,1.2326447109982341,0.5320295851804882
2020-08-31,0.0007533332775066559,1.1641526175687666,6.149508624568932e-05,0.0006918381912609665,1.2334975016855587,0.5282390411500903
2020-09-01,-0.0044003750000000015,0.0,0.0,-0.0044003750000000015,1.228069650116579,
2020-09-02,-0.004200273750000002,1.0,5.364940134710601e-05,-0.004253923151347108,1.2228455362004815,0.5364940134710601
2020-09-03,0.0024000337499999994,2.0,0.00011004686118915849,0.002289986888810841,1.2256458364454215,0.5502343059457924
2020-09-04,0.023996759999999992,1.0,5.52979177163017e-05,0.02394146208228369,1.2549895897649885,0.552979177163017
2020-09-08,-0.000750044999999987,0.7633587786259541,4.075861863866131e-05,-0.0007908036186386483,1.2539971394560485,0.5339379041664633
2020-09-09,-0.001540031593511465,0.6521739130434783,3.454827192593883e-05,-0.001574579865437404,1.2520226208089449,0.5297401695310621
2020-09-10,0.0006186689924908784,0.7633587786259541,4.068868165495717e-05,0.0005779803108359212,1.2527462652324937,0.533021729679939
2020-09-11,-0.0004782687228260991,1.4155326916694324,7.519546538040599e-05,-0.0005534641882065051,1.2520529150377782,0.531216734328636
2020-09-14,0.0002366403625954184,1.4155326916694324,7.513954027982114e-05,0.00016150082231559726,1.2522551226131395,0.5308216526684667
2020-09-15,0.0009999887500000114,1.0,5.345992879437049e-05,0.0009465288212056409,1.2534404181781953,0.5345992879437049
2020-09-16,0.0039999099999999755,0.0,0.0,0.0039999099999999755,1.2584540670412703,
2020-09-17,-0.004000089999999976,1.0,5.501195645495824e-05,-0.0040551019564549345,1.2533509074919025,0.5501195645495824
2020-09-18,0.0004999799999999839,0.0,0.0,0.0004999799999999839,1.2539775578786303,
2020-09-21,-0.0005000199999999841,0.7633587786259541,4.064486116595169e-05,-0.0005406648611659357,1.2532995762763948,0.5324476812739671
2020-09-22,0.0005133623664122065,1.7633587786259541,9.704618613828558e-05,0.0004163161802739209,1.253821345168729,0.5503485014768575
2020-09-23,0.0,2.0,0.0001102120949770213,-0.0001102120949770213,1.2536831588915511,0.5510604748851065
2020-09-24,0.0,1.0,5.3567746285727426e-05,-5.3567746285727426e-05,1.253616001910173,0.5356774628572742
2020-09-25,0.0,0.0,0.0,0.0,1.253616001910173,
2020-09-28,0.0,0.0,0.0,0.0,1.253616001910173,
2020-09-29,0.0,0.0,0.0,0.0,1.253616001910173,
2020-09-30,0.0,0.0,0.0,0.0,1.253616001910173,
2020-10-01,0.0,1.0,5.649815271446933e-05,-5.649815271446933e-05,1.2535451749218518,0.5649815271446933
2020-10-02,0.005999797500000033,1.0,5.6305469481812134e-05,0.005943492030518221,1.2609956106788942,0.5630546948181213
2020-10-05,0.0,0.0,0.0,0.0,1.2609956106788942,
2020-10-06,0.0,0.0,0.0,0.0,1.2609956106788942,
2020-10-07,0.0,1.0,5.273892221781746e-05,-5.273892221781746e-05,1.2609291071294657,0.5273892221781746
2020-10-08,0.0024000337500000063,1.0,5.277009861334998e-05,0.0023472636513866565,1.263888840189606,0.5277009861334998
2020-10-09,0.0,0.0,0.0,0.0,1.263888840189606,
2020-10-13,0.0,0.0,0.0,0.0,1.263888840189606,
2020-10-14,0.0,0.0,0.0,0.0,1.263888840189606,
2020-10-15,0.0,0.0,0.0,0.0,1.263888840189606,
2020-10-16,0.0,0.0,0.0,0.0,1.263888840189606,
2020-10-19,0.0,0.0,0.0,0.0,1.263888840189606,
2020-10-20,0.0,0.0,0.0,0.0,1.263888840189606,
2020-10-21,0.0,0.0,0.0,0.0,1.263888840189606,
2020-10-22,0.0,0.0,0.0,0.0,1.263888840189606,
2020-10-23,0.0,0.0,0.0,0.0,1.263888840189606,
2020-10-26,0.0,0.0,0.0,0.0,1.263888840189606,
2020-10-27,0.0,0.0,0.0,0.0,1.263888840189606,
2020-10-28,0.0,0.0,0.0,0.0,1.263888840189606,
2020-10-29,0.0,0.0,0.0,0.0,1.263888840189606,
2020-10-30,0.0,0.0,0.0,0.0,1.263888840189606,
2020-11-02,0.0,0.0,0.0,0.0,1.263888840189606,
2020-11-03,0.0,0.0,0.0,0.0,1.263888840189606,
2020-11-04,0.0,0.0,0.0,0.0,1.263888840189606,
2020-11-05,0.0,0.0,0.0,0.0,1.263888840189606,
2020-11-06,0.0,0.0,0.0,0.0,1.263888840189606,
2020-11-09,0.0,0.0,0.0,0.0,1.263888840189606,
2020-11-10,0.0,0.0,0.0,0.0,1.263888840189606,
2020-11-12,0.0,0.0,0.0,0.0,1.263888840189606,
2020-11-13,0.0,0.0,0.0,0.0,1.263888840189606,
2020-11-16,0.0,0.0,0.0,0.0,1.263888840189606,
2020-11-17,0.0,0.0,0.0,0.0,1.263888840189606,
2020-11-18,0.0,0.0,0.0,0.0,1.263888840189606,
2020-11-19,0.0,0.0,0.0,0.0,1.263888840189606,
2020-11-20,0.0,0.0,0.0,0.0,1.263888840189606,
2020-11-23,0.0,0.0,0.0,0.0,1.263888840189606,
2020-11-24,0.0,0.0,0.0,0.0,1.263888840189606,
2020-11-25,0.0,0.0,0.0,0.0,1.263888840189606,
2020-11-27,0.0,0.0,0.0,0.0,1.263888840189606,
2020-11-30,0.0,0.0,0.0,0.0,1.263888840189606,
2020-12-01,0.0,0.0,0.0,0.0,1.263888840189606,
2020-12-02,0.0,0.0,0.0,0.0,1.263888840189606,
2020-12-03,0.0,0.0,0.0,0.0,1.263888840189606,
2020-12-04,0.0,0.0,0.0,0.0,1.263888840189606,
2020-12-07,0.0,0.0,0.0,0.0,1.263888840189606,
2020-12-08,0.0,0.0,0.0,0.0,1.263888840189606,
2020-12-09,0.0,0.0,0.0,0.0,1.263888840189606,
2020-12-10,0.0,1.0,5.389784816776936e-05,-5.389784816776936e-05,1.2638207193007964,0.5389784816776936
2020-12-11,0.0016000149999999902,1.0,5.3909860055004186e-05,0.001546105139944986,1.2657747190108763,0.5390986005500419
2020-12-14,0.0,0.0,0.0,0.0,1.2657747190108763,
2020-12-15,0.0,1.0,5.3914733866169926e-05,-5.3914733866169926e-05,1.2657064751037663,0.5391473386616993
2020-12-16,0.0,0.0,0.0,0.0,1.2657064751037663,
2020-12-17,-0.0015999849999999904,0.0,0.0,-0.0015999849999999904,1.2636813637291975,
2020-12-18,-0.0007999962500000091,1.0,5.390751123706593e-05,-0.0008539037612370749,1.2626023014597039,0.5390751123706593
2020-12-21,0.0,1.0,5.390751123706593e-05,-5.390751123706593e-05,1.26253423771195,0.5390751123706593
2020-12-22,0.0016000149999999902,0.0,0.0,0.0016000149999999902,1.2645543114303026,
2020-12-23,-0.0023999662499999855,1.0,5.2336097313322014e-05,-0.0024523023473133074,1.261453241924077,0.52336097313322
2020-12-24,0.0005750068750000024,0.0,0.0,0.0005750068750000024,1.2621785862106742,
2020-12-28,0.00022499937499999962,1.0,5.233508540595189e-05,0.00017266428959404774,1.2623965193796032,0.5233508540595189
2020-12-29,0.0,0.0,0.0,0.0,1.2623965193796032,
2020-12-30,0.0008000037499999813,1.0,5.391992591882033e-05,0.000746083824081161,1.2633383730022887,0.5391992591882033
2020-12-31,0.0,0.0,0.0,0.0,1.2633383730022887,
2021-01-04,0.0,0.0,0.0,0.0,1.2633383730022887,
2021-01-05,0.0,0.0,0.0,0.0,1.2633383730022887,
2021-01-06,0.0,0.0,0.0,0.0,1.2633383730022887,
2021-01-07,0.0,0.0,0.0,0.0,1.2633383730022887,
2021-01-08,0.0,1.0,5.184063773440165e-05,-5.184063773440165e-05,1.263272880735358,0.5184063773440165
2021-01-11,0.0,1.4,7.320396647094621e-05,-7.320396647094621e-05,1.263180404149753,0.5228854747924729
2021-01-12,0.0003640010249999981,1.4,7.29464287101191e-05,0.000291054596289879,1.2635480586123242,0.5210459193579936
2021-01-13,0.0,1.0,5.129040540596111e-05,-5.129040540596111e-05,1.263483250720148,0.5129040540596111
2021-01-14,0.0003599989999999998,2.0,0.00010368025203934725,0.00025631874796065257,1.2638071051650421,0.5184012601967363
2021-01-15,0.0,1.0,5.183961430494559e-05,-5.183961430494559e-05,1.2637415898921545,0.5183961430494559
2021-01-19,0.0,0.0,0.0,0.0,1.2637415898921545,
2021-01-20,0.0,0.0,0.0,0.0,1.2637415898921545,
2021-01-21,0.0,0.0,0.0,0.0,1.2637415898921545,
2021-01-22,0.0,0.0,0.0,0.0,1.2637415898921545,
2021-01-25,0.0,0.0,0.0,0.0,1.2637415898921545,
2021-01-26,0.0,0.0,0.0,0.0,1.2637415898921545,
2021-01-27,0.0,0.0,0.0,0.0,1.2637415898921545,
2021-01-28,0.0,0.0,0.0,0.0,1.2637415898921545,
2021-01-29,0.0,1.0,5.17854559942336e-05,-5.17854559942336e-05,1.263676146457663,0.517854559942336
2021-02-01,0.0,1.0,5.1751378257366665e-05,-5.1751378257366665e-05,1.2636107494754127,0.5175137825736666
2021-02-02,0.0,1.0,5.1741808917500656e-05,-5.1741808917500656e-05,1.2635453679694673,0.5174180891750065
2021-02-03,0.0,1.0,5.1671039461340154e-05,-5.1671039461340154e-05,1.2634800792668976,0.5167103946134015
2021-02-04,0.0,0.0,0.0,0.0,1.2634800792668976,
2021-02-05,0.0,0.0,0.0,0.0,1.2634800792668976,
2021-02-08,0.0,0.0,0.0,0.0,1.2634800792668976,
2021-02-09,0.0,0.0,0.0,0.0,1.2634800792668976,
2021-02-10,0.0,0.0,0.0,0.0,1.2634800792668976,
2021-02-11,0.0,0.0,0.0,0.0,1.2634800792668976,
2021-02-12,0.0,0.0,0.0,0.0,1.2634800792668976,
2021-02-16,0.0,0.0,0.0,0.0,1.2634800792668976,
2021-02-17,0.0,1.0,5.227450559599547e-05,-5.227450559599547e-05,1.2634140314704236,0.5227450559599547
2021-02-18,0.00045000124999999337,1.0,5.227450559599547e-05,0.0003977267444039979,1.2639165250199946,0.5227450559599547
2021-02-19,0.0,1.0,5.154575538125597e-05,-5.154575538125597e-05,1.2638513754879737,0.5154575538125596
2021-02-22,0.0,1.0,5.13633279224079e-05,-5.13633279224079e-05,1.2637864598753292,0.513633279224079
2021-02-23,0.0004500024999999992,1.0,5.1372035477835495e-05,0.0003986304645221637,1.2642902436588863,0.513720354778355
2021-02-24,0.0,1.0,5.1952897428922746e-05,-5.1952897428922746e-05,1.2642245601175373,0.5195289742892275
2021-02-25,0.0021247456249999996,1.2368872782757965,6.42088128160981e-05,0.0020605368121839017,1.2668295413625266,0.5191161227367806
2021-02-26,0.000870139564657641,0.0,0.0,0.000870139564657641,1.267931859868143,
2021-03-01,0.000912626428571426,0.0,0.0,0.000912626428571426,1.2690890079930865,
2021-03-02,0.0008225927559364875,0.8163265306122449,4.2291544468342704e-05,0.0007803012114681448,1.2700792796834846,0.5180714197371981
2021-03-03,0.00043549721378505083,0.8163265306122449,4.229511564831225e-05,0.0003932020981367386,1.2705786775210561,0.5181151666918251
2021-03-04,-0.0009198143324432586,0.18367346938775508,9.342735802768164e-06,-0.0009291570682460268,1.2693981103620748,0.5086600603729334
2021-03-05,-0.0005214919859813098,0.18367346938775508,9.340973328023762e-06,-0.0005308329593093336,1.2687242720066096,0.508564103414627
2021-03-08,-0.0011236440990368111,0.0,0.0,-0.0011236440990368111,1.2672986774650647,
2021-03-09,0.0007491226805979401,0.42056074766355145,2.207413699626848e-05,0.0007270485436016716,1.2682200651228241,0.524873924133495
2021-03-10,0.000697970561224482,0.8163265306122449,4.229930345019994e-05,0.0006556712577742821,1.2690516005680579,0.5181664672649492
2021-03-11,-0.00015096858418367108,0.0,0.0,-0.00015096858418367108,1.2688600136446642,
2021-03-12,0.0006939650765306004,1.2368872782757965,6.442975606397766e-05,0.0006295353204666227,1.2696588058399811,0.5209024071602697
2021-03-15,0.0002441835969387812,0.0,0.0,0.0002441835969387812,1.269968835694076,
2021-03-16,0.00020384347963951844,0.0,0.0,0.00020384347963951844,1.2702277105605775,
2021-03-17,0.0004480289192733151,0.8163265306122449,4.2051044751613935e-05,0.0004059778745217011,1.2707433949066695,0.5151252982072707
2021-03-18,-0.0006140086448598134,0.6000000000000001,3.0726958171338717e-05,-0.0006447356030311522,1.2699241013976565,0.5121159695223119
2021-03-19,-0.0009126067698598122,0.0,0.0,-0.0009126067698598122,1.268765160065513,
2021-03-22,0.0008046274768691603,0.0,0.0,0.0008046274768691603,1.269786043374996,
2021-03-23,0.0011193820086448595,0.6000000000000001,3.073518363502618e-05,0.0010886468250098334,1.2711683919195578,0.5122530605837696
2021-03-24,0.00015981450350467771,0.6000000000000001,3.0735422338343344e-05,0.00012907908116633438,1.2713324731675943,0.512257038972389
2021-03-25,-0.00018437167710280285,0.0,0.0,-0.00018437167710280285,1.271098075467361,
2021-03-26,-0.0007282355731308434,0.9999999999999999,5.212611188141434e-05,-0.0007803616850122577,1.2701061592313736,0.5212611188141436
2021-03-29,0.001696119984508322,0.8474576271186441,4.4430153640710085e-05,0.001651689830867612,1.2722039806586984,0.5242758129603791
2021-03-30,-0.0006199415923491189,0.0,0.0,-0.0006199415923491189,1.271415288497136,
2021-03-31,6.650288402898838e-05,0.8928571428571429,4.615759012306114e-05,2.034529390592724e-05,1.2714411558148568,0.5169650093782848
2021-04-01,0.00016969908440420524,1.4722963951935915,7.69561524791887e-05,9.274293192501654e-05,1.2715590729954174,0.5226947014909302
2021-04-02,0.00014536362408728432,0.8163265306122449,4.376533842211595e-05,0.00010159828566516836,1.2716882612173557,0.5361253956709204
2021-04-05,0.0008890893306344197,1.7636949516648766,9.187687917219133e-05,0.0007972124514622283,1.2727020669335765,0.5209340713112676
2021-04-06,-0.0004314022908646618,1.7636949516648763,9.183156550409034e-05,-0.0005232338563687521,1.2720361461230862,0.5206771466766634
2021-04-07,3.267029336734349e-05,1.1641526175687666,6.226445640868042e-05,-2.959416304133693e-05,1.2719985012779833,0.5348478839373693
2021-04-08,-0.0004304846195652116,0.8163265306122449,4.384852213279373e-05,-0.00047433314169800534,1.271395150232637,0.5371443961267232
2021-04-09,0.0003087815100931749,0.0,0.0,0.0003087815100931749,1.271787733547051,
2021-04-12,0.00041525673247560233,0.0,0.0,0.00041525673247560233,1.2723158519656863,
2021-04-13,-0.0009849494127107544,0.0,0.0,-0.0009849494127107544,1.2710626852145102,
2021-04-14,-0.00010647750665482612,0.0,0.0,-0.00010647750665482612,1.2709273456289865,
2021-04-15,-0.0016797491759094972,1.3478260869565217,7.204817150488316e-05,-0.0017517973474143803,1.2687009384761572,0.5345509498749396
2021-04-16,0.0023999662499999993,2.0,0.00010856256131577555,0.002291403688684224,1.2716080444864186,0.5428128065788779
2021-04-19,-0.001469349540816337,0.3673469387755102,1.9400952926510562e-05,-0.0014887504937428477,1.269714937382342,0.528137051888343
2021-04-20,0.001800019999999997,2.0,0.00011256675477049723,0.0016874532452294997,1.2718575219739443,0.5628337738524862
2021-04-21,0.0006200022500000071,1.0,5.7929267614804226e-05,0.0005620729823852029,1.2725723987244892,0.5792926761480423
2021-04-22,0.0,0.0,0.0,0.0,1.2725723987244892,
2021-04-23,0.0,1.0,5.214475338901491e-05,-5.214475338901491e-05,1.2725060407505882,0.5214475338901492
2021-04-26,2.469163580246813e-05,1.9753086419753085,0.00010290267217826834,-7.821103637580021e-05,1.2724065167343466,0.5209447779024835
2021-04-27,-0.0012570459778673997,0.7660152931180968,3.97434670529172e-05,-0.001296789444920317,1.2707564733937977,0.5188338589317163
2021-04-28,0.00036003249160152927,0.9248937977909941,4.845806421383969e-05,0.0003115744273876896,1.2711524086143444,0.5239311186816948
2021-04-29,-0.00030999887499999815,1.2708276797829037,6.701518719506942e-05,-0.00037701406219506757,1.2706731662811037,0.5273349665040162
2021-04-30,2.3134335298507474e-05,0.9612403100775193,4.949827045877019e-05,-2.636393516026272e-05,1.270639666336138,0.5149416846113996
2021-05-03,3.109130679704012e-05,0.34545454545454546,1.7534946894486812e-05,1.355635990255331e-05,1.2706568915847614,0.5075905679983025
2021-05-04,3.604656484496117e-05,1.9612403100775193,0.00010712245907478036,-7.107589422981919e-05,1.2705665785099327,0.546197518602635
2021-05-05,0.0018600202499999994,1.0,5.795447092823802e-05,0.0018020657790717614,1.2728562230610978,0.5795447092823802
2021-05-06,0.0,1.0,5.1839921393555545e-05,-5.1839921393555545e-05,1.272790238294549,0.5183992139355554
2021-05-07,0.0,1.0,5.1839921393555545e-05,-5.1839921393555545e-05,1.2727242569486454,0.5183992139355554
2021-05-10,0.0,0.0,0.0,0.0,1.2727242569486454,
2021-05-11,0.0,0.0,0.0,0.0,1.2727242569486454,
2021-05-12,0.0,1.0,5.1379926728881945e-05,-5.1379926728881945e-05,1.2726588644695773,0.5137992672888194
2021-05-13,0.0,1.0,5.136672863593028e-05,-5.136672863593028e-05,1.27259349214704,0.5136672863593028
2021-05-14,0.0,0.0,0.0,0.0,1.27259349214704,
2021-05-17,0.0,0.0,0.0,0.0,1.27259349214704,
2021-05-18,0.0,0.0,0.0,0.0,1.27259349214704,
2021-05-19,0.0,0.0,0.0,0.0,1.27259349214704,
2021-05-20,0.0,0.0,0.0,0.0,1.27259349214704,
2021-05-21,0.0,1.0,5.159943492846555e-05,-5.159943492846555e-05,1.2725278270419516,0.5159943492846555
2021-05-24,0.0,0.0,0.0,0.0,1.2725278270419516,
2021-05-25,0.0,0.0,0.0,0.0,1.2725278270419516,
2021-05-26,0.0,0.0,0.0,0.0,1.2725278270419516,
2021-05-27,0.0,2.0,0.00010760259524763034,-0.00010760259524763034,1.272390899745237,0.5380129762381517
2021-05-28,0.0024800360000000066,1.0,5.6054567576561056e-05,0.0024239814324234455,1.275475151661004,0.5605456757656105
2021-06-01,0.0,1.0,5.161734943937285e-05,-5.161734943937285e-05,1.2754093150143995,0.5161734943937285
2021-06-02,9.499994999999999e-05,1.0,5.161734943937285e-05,4.338260056062714e-05,1.275464645587264,0.5161734943937285
2021-06-03,0.0,1.0,5.1556470002941466e-05,-5.1556470002941466e-05,1.275398887132524,0.5155647000294147
2021-06-04,9.499994999999999e-05,1.0,5.1580602759945035e-05,4.341934724005495e-05,1.275454264119674,0.5158060275994504
2021-06-07,0.0,0.0,0.0,0.0,1.275454264119674,
2021-06-08,0.0,0.0,0.0,0.0,1.275454264119674,
2021-06-09,0.0,0.0,0.0,0.0,1.275454264119674,
2021-06-10,0.0,1.0,5.3518955931445775e-05,-5.3518955931445775e-05,1.27538600313912,0.5351895593144578
2021-06-11,0.0015999850000000043,0.0,0.0,0.0015999850000000043,1.2774266016133524,
2021-06-14,0.0031999400000000083,0.0,0.0,0.0031999400000000083,1.281514290092919,
2021-06-15,0.0,0.0,0.0,0.0,1.281514290092919,
2021-06-16,0.0047998650000000125,1.7877094972067038,9.352663358222763e-05,0.004706338366417785,1.2875455299634961,0.5231646066005858
2021-06-17,-0.00042459095670391246,1.0,5.14948575729446e-05,-0.00047608581427685705,1.286932547801445,0.514948575729446
2021-06-18,0.0004590353446736658,1.0213994886847837,5.2586103855823444e-05,0.00040644924081784236,1.2874556205584826,0.5148436477439059
2021-06-21,-1.1440656779661046e-05,0.0,0.0,-1.1440656779661046e-05,1.2874408912206088,
2021-06-22,5.720373110169484e-05,0.0847457627118644,4.281846754972793e-06,5.292188434672204e-05,1.2875090250185572,0.5052579170867897
2021-06-23,-6.000002249999997e-05,0.0,0.0,-6.000002249999997e-05,1.2874317744480872,
2021-06-24,0.0,0.0847457627118644,4.281888011273899e-06,-4.281888011273899e-06,1.2874262618094068,0.5052627853303201
2021-06-25,3.6059299322033876e-05,0.0847457627118644,4.28184672990713e-06,3.1777452592126744e-05,1.2874671729364073,0.5052579141290413
2021-06-28,-3.5000022499999975e-05,0.0847457627118644,4.281328772086998e-06,-3.928135127208697e-05,1.287416599486136,0.5051967951062658
2021-06-29,1.1440680254237287e-05,0.9152542372881356,4.731741278883512e-05,-3.5876732534597834e-05,1.2873704111851356,0.5169865471372725
2021-06-30,8.750022499999922e-05,0.9152542372881356,4.730956906046474e-05,4.019065593953448e-05,1.2874221514463984,0.5169008471421147
2021-07-01,8.3559243220339e-05,0.0,0.0,8.3559243220339e-05,1.2875297274670783,
2021-07-02,-2.4618584322034006e-05,0.0,0.0,-2.4618584322034006e-05,1.2874980303079155,
2021-07-06,-1.3177800423728694e-05,0.9152542372881356,4.731370226756005e-05,-6.049150269128874e-05,1.2874201476173501,0.5169460062566746
2021-07-07,0.00018250022500000034,0.6551724137931034,3.335582905888794e-05,0.0001491443959411124,1.287612159117589,0.5091152856356581
2021-07-08,0.0005400039864655163,0.6551724137931034,3.3359858611698074e-05,0.0005066441278538182,1.2882645202569591,0.5091767893364444
2021-07-09,-0.0004924960249999992,0.6551724137931034,3.3363460143198025e-05,-0.0005258594851431971,1.2875870741396087,0.509231760080391
2021-07-12,-0.0002536196945689662,0.6551724137931034,3.33699232152425e-05,-0.0002869896177842087,1.2872175500173375,0.5093304069694907
2021-07-13,-0.0005399959999999992,0.0,0.0,-0.0005399959999999992,1.2865224576891983,
2021-07-14,0.00040500224999999874,0.6551724137931034,3.336171413386054e-05,0.0003716405358661382,1.2870005815847778,0.5092051104641873
2021-07-15,0.00011862093103448312,0.0,0.0,0.00011862093103448312,1.2871532467920073,
2021-07-16,1.637930172413792e-05,0.0,0.0,1.637930172413792e-05,1.2871743294634015,
2021-07-19,0.0006750062364655172,0.6551724137931034,3.337176440467629e-05,0.0006416344720608409,1.2880002248847369,0.509358509334533
2021-07-20,0.00018250022499999974,1.0,5.182021239524618e-05,0.00013068001260475355,1.2881685407703598,0.5182021239524619
2021-07-21,-0.0005399980000000003,2.0,0.00010474860691761188,-0.0006447466069176122,1.28733799847456,0.5237430345880594
2021-07-22,0.0,1.0,5.117255890832307e-05,-5.117255890832307e-05,1.2872721220949983,0.5117255890832306
2021-07-23,0.0,1.0,5.116476539670173e-05,-5.116476539670173e-05,1.2872062591188695,0.5116476539670173
2021-07-26,4.749997499999997e-05,1.0,5.1171575123588424e-05,-3.671600123588457e-06,1.2872015330122095,0.5117157512358843
2021-07-27,0.0,1.0,5.1690785930313744e-05,-5.1690785930313744e-05,1.2871349965533174,0.5169078593031374
2021-07-28,0.0,1.0,5.145507100803297e-05,-5.145507100803297e-05,1.2870687669306728,0.5145507100803297
2021-07-29,0.0,1.0,5.135713223733155e-05,-5.135713223733155e-05,1.2870026667698111,0.5135713223733155
2021-07-30,0.0,0.0,0.0,0.0,1.2870026667698111,
2021-08-02,2.5000004999999985e-05,1.0,5.139156051897361e-05,-2.6391555518973628e-05,1.286968700767478,0.5139156051897361
2021-08-03,0.0,0.0,0.0,0.0,1.286968700767478,
2021-08-04,0.0,0.0,0.0,0.0,1.286968700767478,
2021-08-05,0.0,0.0,0.0,0.0,1.286968700767478,
2021-08-06,0.0,1.0,5.135713223733155e-05,-5.135713223733155e-05,1.2869026057457273,0.5135713223733155
2021-08-09,0.0,1.0,5.1082426033204276e-05,-5.1082426033204276e-05,1.2868368676385573,0.5108242603320428
2021-08-10,1.2500002499999992e-05,0.0847457627118644,4.280876891451542e-06,8.21912560854845e-06,1.28684744431241,0.505143473191282
2021-08-11,2.2881440677965964e-05,0.9152542372881356,4.730878736461005e-05,-2.4427346686644086e-05,1.2868160100437551,0.5168923063911098
2021-08-12,-8.749977499999922e-05,1.8305084745762712,9.429800186538672e-05,-0.00018179777686538594,1.2865820697538946,0.5151464916720201
2021-08-13,4.576288135593213e-05,1.0,5.104367748895356e-05,-5.28079613302143e-06,1.2865752755762758,0.5104367748895356
2021-08-16,2.288144067796616e-05,1.9152542372881358,9.852811311316426e-05,-7.56466724351981e-05,1.286477950437841,0.5144388206793532
2021-08-17,-0.00010999975750000036,1.9152542372881358,9.853507320517898e-05,-0.00020853483070517936,1.2862096749762404,0.5144751609827929
2021-08-18,0.0,0.7399181765049679,3.768012388735524e-05,-3.768012388735524e-05,1.2861612104363422,0.5092471719689162
2021-08-19,-3.8793164655172485e-06,0.7399181765049679,3.767830859619864e-05,-4.155762506171588e-05,1.2861077606309899,0.5092226382945961
2021-08-20,1.144068025423728e-05,0.0,0.0,1.144068025423728e-05,1.2861224745786517,
2021-08-23,5.8940674152542474e-05,0.9152542372881356,4.7329175214561075e-05,1.1611498937981399e-05,1.2861374083883992,0.5171150625294636
2021-08-24,-0.00018249977500000043,1.0,5.1912652862251795e-05,-0.00023441242786225222,1.2858359217959343,0.519126528622518
2021-08-25,9.499995000000014e-05,1.3454545454545455,6.889775107856122e-05,2.610219892143892e-05,1.2858694849409453,0.512077879637955
2021-08-26,7.468164795454549e-05,0.34545454545454546,1.7577035284185687e-05,5.71046126703598e-05,1.2859429140198275,0.5088089161211646
2021-08-27,0.0,1.0,5.109459826891113e-05,-5.109459826891113e-05,1.285877209283239,0.5109459826891113
2021-08-30,0.0,1.0,5.139156051897361e-05,-5.139156051897361e-05,1.2858111260468181,0.5139156051897361
2021-08-31,0.0,0.0,0.0,0.0,1.2858111260468181,
2021-09-01,0.0,0.0,0.0,0.0,1.2858111260468181,
2021-09-02,0.0,0.0,0.0,0.0,1.2858111260468181,
2021-09-03,0.0,0.0,0.0,0.0,1.2858111260468181,
2021-09-07,0.0,1.0,5.242048694732009e-05,-5.242048694732009e-05,1.2857437232014686,0.5242048694732009
2021-09-08,0.0,1.0,5.242048694732009e-05,-5.242048694732009e-05,1.285676323889409,0.5242048694732009
2021-09-09,0.0,0.0,0.0,0.0,1.285676323889409,
2021-09-10,0.0,0.0,0.0,0.0,1.285676323889409,
2021-09-13,0.0,1.0,5.133003954377331e-05,-5.133003954377331e-05,1.2856103300728632,0.5133003954377331
2021-09-14,2.5000009999999992e-05,1.0,5.1339253876364746e-05,-2.6339243876364754e-05,1.2855764680688493,0.5133925387636475
2021-09-15,0.0,0.0,0.0,0.0,1.2855764680688493,
2021-09-16,0.0,0.0,0.0,0.0,1.2855764680688493,
2021-09-17,0.0,1.0,5.131588690461366e-05,-5.131588690461366e-05,1.2855104975722065,0.5131588690461366
2021-09-20,0.0,1.0,5.131588690461366e-05,-5.131588690461366e-05,1.2854445304608983,0.5131588690461366
2021-09-21,0.0,0.0,0.0,0.0,1.2854445304608983,
2021-09-22,0.0,0.0,0.0,0.0,1.2854445304608983,
2021-09-23,0.0,1.0,5.145507100803297e-05,-5.145507100803297e-05,1.2853783878213065,0.5145507100803297
2021-09-24,0.0,1.0,5.104800829412956e-05,-5.104800829412956e-05,1.285312771814704,0.5104800829412957
2021-09-27,3.4999977499999965e-05,0.0,0.0,3.4999977499999965e-05,1.285357757732798,
2021-09-28,0.0,0.0,0.0,0.0,1.285357757732798,
2021-09-29,0.0,1.0,5.1018104217069536e-05,-5.1018104217069536e-05,1.2852921812167577,0.5101810421706954
2021-09-30,0.0,1.0,5.129693371365761e-05,-5.129693371365761e-05,1.285226249668935,0.5129693371365761
2021-10-01,-9.000012500000024e-05,1.0,5.126666462439499e-05,-0.00014126678962439522,1.2850446898827033,0.5126666462439499
2021-10-04,0.0,0.0,0.0,0.0,1.2850446898827033,
2021-10-05,0.0,1.0,5.122261616213488e-05,-5.122261616213488e-05,1.2849788665318023,0.5122261616213488
2021-10-06,0.00017999949999999968,1.0,5.121077711849717e-05,0.0001287887228815025,1.2851443573189527,0.5121077711849717
2021-10-07,0.0,1.0,5.139561460045184e-05,-5.139561460045184e-05,1.285078306534858,0.5139561460045184
2021-10-08,0.0,2.0,0.00010274158154176419,-0.00010274158154176419,1.2849462755572396,0.5137079077088209
2021-10-12,9.499995000000003e-05,1.0,5.17079307054941e-05,4.3292019294505926e-05,1.2850019034761935,0.5170793070549411
2021-10-13,-0.00022249902499999955,1.118942731277533,5.719684980602943e-05,-0.000279695874806029,1.2846424937446732,0.5111686970853812
2021-10-14,0.00073849527435864,0.4637703174844296,2.3556941318201178e-05,0.0007149383330404388,1.285560933907704,0.5079441359243968
2021-10-15,-0.0010472254137931028,1.6551724137931036,8.518814565799105e-05,-0.0011324135594510938,1.2841051472746465,0.5146783800170291
2021-10-18,-6.0000022499999905e-05,0.6551724137931034,3.337293733812059e-05,-9.33729598381205e-05,1.2839852465763022,0.5093764120028932
2021-10-19,1.2500002499999992e-05,0.6551724137931034,3.337293733812059e-05,-2.08729348381206e-05,1.2839584460359172,0.5093764120028932
2021-10-20,-4.750002500000002e-05,0.0,0.0,-4.750002500000002e-05,1.2838974579776317,
2021-10-21,8.249990249999996e-05,0.0847457627118644,4.285431081418452e-06,7.82144714185815e-05,1.283997877338663,0.5056808676073773
2021-10-22,3.605931822033897e-05,0.6551724137931034,3.33821885424588e-05,2.6771296778801707e-06,1.284001314767487,0.5095176145954238
2021-10-25,3.432221104178854e-05,0.9152542372881356,4.748014951736638e-05,-1.3157938475577845e-05,1.2839844199571846,0.5187645965786327
2021-10-26,-0.00013499975000000035,0.0,0.0,-0.00013499975000000035,1.2838110823814866,
2021-10-27,-1.637934974137933e-05,0.0,0.0,-1.637934974137933e-05,1.2837900543907663,
2021-10-28,3.275853818965517e-05,0.0,0.0,3.275853818965517e-05,1.2838321094762906,
2021-10-29,0.0002863803054310352,1.3448275862068964,6.973245718616118e-05,0.00021664784824487401,1.2841102489403162,0.5185233995894037
2021-11-01,9.411564764705955e-05,1.0,5.203806279753553e-05,4.207758484952402e-05,1.284164281198272,0.5203806279753552
2021-11-02,0.000786479140000001,1.0,5.210547065325701e-05,0.000734373669346744,1.2851073376334998,0.52105470653257
2021-11-03,0.0,1.0,5.216493629258048e-05,-5.216493629258048e-05,1.285040300091103,0.5216493629258048
2021-11-04,0.0010800160000000007,1.0,5.225452740867639e-05,0.0010277614725913242,1.286361015002264,0.5225452740867639
2021-11-05,0.0,1.0,5.456427728327762e-05,-5.456427728327762e-05,1.2862908256431551,0.5456427728327762
2021-11-08,-0.0024299594999999995,1.0,5.23697029641624e-05,-0.002482329202964162,1.2830978283631562,0.523697029641624
2021-11-09,0.0005150039925000003,0.0,0.0,0.0005150039925000003,1.2837586288675313,
2021-11-10,-0.0015949640075000008,0.05882352941176471,2.9716202417912945e-06,-0.0015979356277417921,1.281707265217043,0.50517544110452
2021-11-12,-0.0002229406176470594,0.49736995908825243,2.5443517581805347e-05,-0.00024838413522886477,1.2813889094663555,0.5115612054344177
2021-11-15,-0.0009152190813310875,0.3448275862068965,1.7527987023010114e-05,-0.0009327470683540976,1.2801936977176294,0.5083116236672933
2021-11-16,-8.940583377118969e-05,1.9836065573770494,0.00010281182263560077,-0.00019221765640679047,1.2799476218853074,0.5183075356009625
2021-11-17,7.209054877049157e-05,1.9836065573770494,0.0001028247517757785,-3.073420300528693e-05,1.2799082837152602,0.518372715563842
2021-11-18,0.0004576359110169564,0.0,0.0,0.0004576359110169564,1.2804940157086964,
2021-11-19,0.0004576622881355886,0.0,0.0,0.0004576622881355886,1.2810800495298695,
2021-11-22,-0.0019198370837711846,0.3448275862068965,1.7529308961065422e-05,-0.00193736639273225,1.2785981280955105,0.5083499598708974
2021-11-23,-0.0005556307618351847,0.3448275862068965,1.752991117569991e-05,-0.0005731606730108846,1.2778652859319009,0.5083674240952974
2021-11-24,0.00041824495368644065,0.0,0.0,0.00041824495368644065,1.278399746639233,
2021-11-26,0.0034324444915254213,1.847457627118644,0.00010372713209119016,0.003328717359434231,1.2826551780681674,0.5614587883835064
2021-11-29,-0.005999799999999964,1.694915254237288,9.764961484717484e-05,-0.006097449614847139,1.274834252746674,0.5761327275983316
2021-11-30,0.0022882593220338848,1.0,5.2744861781501766e-05,0.002235514460252383,1.2776841631531144,0.5274486178150176
2021-12-01,-0.0003432159957627079,0.0,0.0,-0.0003432159957627079,1.2772456415107876,
2021-12-02,-0.0009402403676694942,0.07462686567164178,3.8069073992934293e-06,-0.0009440472750687877,1.2760398612433257,0.5101255915053196
2021-12-03,0.001393577888470784,0.0,0.0,0.001393577888470784,1.2778181221787617,
2021-12-06,-0.0010952242657576523,0.0,0.0,-0.0010952242657576523,1.2764186247641265,
2021-12-07,-0.001187780076850489,0.9253731343283582,4.980730356286696e-05,-0.0012375873804133558,1.274838945181994,0.5382402159213042
2021-12-08,-0.00026201118855932444,0.9253731343283582,4.982544042808393e-05,-0.0003118366289874084,1.2744414037028267,0.5384362110776812
2021-12-09,0.00015941404504553352,0.6000000000000001,3.1738455981373983e-05,0.00012767558906415954,1.2746041187597723,0.528974266356233
2021-12-10,0.0002391350964179096,0.6000000000000001,3.1743303596378334e-05,0.00020739179282153127,1.2748684611930996,0.5290550599396389
2021-12-13,0.0007533375536643025,0.0,0.0,0.0007533375536643025,1.2758288674808986,
2021-12-14,-0.00036508730862382956,0.9253731343283582,4.870310153897575e-05,-0.00041379041016280534,1.2753009417305263,0.526307710179254
2021-12-15,0.00036144967548937886,0.9253731343283582,4.8701063989541205e-05,0.00031274861149983764,1.2756997903292968,0.5262856914998808
2021-12-16,0.0007764588040728572,0.9253731343283582,4.989412776443863e-05,0.0007265646763084185,1.276626668734524,0.5391784774544175
2021-12-17,-0.00027676869491525993,0.8928571428571429,4.8121875794494105e-05,-0.000324890570709754,1.2762119047675355,0.538965008898334
2021-12-20,-0.0001607081473214276,0.0,0.0,-0.0001607081473214276,1.2760068071167308,
2021-12-21,0.0012974649687499961,0.0,0.0,0.0012974649687499961,1.2776623812488512,
2021-12-22,9.17910624999994e-05,0.39999999999999997,2.1046616499399638e-05,7.074444600059976e-05,1.2777527687661885,0.526165412484991
2021-12-23,0.0007139906499999996,0.39999999999999997,2.1048214697565054e-05,0.0006929424353024346,1.2786381778814917,0.5262053674391264
2021-12-27,-0.0005510670848214254,0.9612403100775194,5.1493337299380744e-05,-0.0006025604221208061,1.2778677211212877,0.5356968154532352
2021-12-28,3.124999997921457e-09,0.0,0.0,3.124999997921457e-09,1.2778677251146244,
2021-12-29,-0.000502399834040697,0.0,0.0,-0.000502399834040697,1.277225724581601,
2021-12-30,0.0003657452834302336,0.0,0.0,0.0003657452834302336,1.2776928638662426,
2021-12-31,0.0002530929568300096,0.0,0.0,0.0002530929568300096,1.2780162389310792,
2022-01-03,-0.0011294342041375948,0.9612403100775194,5.162557717256905e-05,-0.0011810597813101638,1.2765068253514165,0.5370725367146296
2022-01-04,0.0002985837812500041,1.1071428571428572,6.073228733048551e-05,0.0002378514939195186,1.2768104444068247,0.5485496920172884
2022-01-05,-0.0010799909999999998,1.0,5.498068001280896e-05,-0.0011349716800128087,1.2753613007116782,0.5498068001280896
2022-01-06,0.0007899851249999921,0.9253731343283582,5.006562962297838e-05,0.0007399194953770137,1.2763049654017242,0.5410318039902502
2022-01-07,0.00018253667589552294,0.9253731343283582,5.0064363883550516e-05,0.00013247231201197243,1.2764740404713233,0.5410181258383684
2022-01-10,0.0001699986250000066,0.0,0.0,0.0001699986250000066,1.2766910393030517,
2022-01-11,-0.00044000400000000816,1.3612403100775194,7.284420729055939e-05,-0.0005128482072905675,1.2760362905922813,0.5351311355627654
2022-01-12,-6.601528069767398e-05,0.0,0.0,-6.601528069767398e-05,1.2759520526983774,
2022-01-13,0.000179954070930232,0.0,0.0,0.000179954070930232,1.2761816654645721,
2022-01-14,-0.0007558520582170535,0.0,0.0,-0.0007558520582170535,1.2752170609260718,
2022-01-18,-0.0007077910567054276,0.0,0.0,-0.0007077910567054276,1.2743144736949903,
2022-01-19,0.0001799534882945741,0.0,0.0,0.0001799534882945741,1.274543791029716,
2022-01-20,-0.00028201424748062033,2.0,0.0001091986551552713,-0.00039121290263589164,1.2740451730536906,0.5459932757763566
2022-01-21,-0.0025003262500000283,0.8163265306122449,4.4859196603728034e-05,-0.0025451854466037563,1.2708024918209186,0.5495251583956684
2022-01-24,-0.0011326471683673336,1.784068466096116,9.814185791406688e-05,-0.0012307890262814006,1.2692384020594145,0.5501014102268177
2022-01-25,0.001927376169354826,1.784068466096116,9.794379193243465e-05,0.0018294323774223913,1.2715603878868098,0.5489912175105838
2022-01-26,-0.0004285555102040892,0.0,0.0,-0.0004285555102040892,1.2710154536760236,
2022-01-27,0.0024643407142857124,1.8805114638447973,0.0001013933907815172,0.002362947323504195,1.27401879624042,0.5391798600058171
2022-01-28,0.0004451122933311273,0.0,0.0,0.0004451122933311273,1.2745858776685615,
2022-01-31,-0.0003957183172508806,0.0,0.0,-0.0003957183172508806,1.2740815006898587,
2022-02-01,-0.0001854031262786583,0.9404388714733543,5.034362634483005e-05,-0.00023574675262348833,1.2737811401134933,0.5353205601333595
2022-02-02,0.0001663391507508024,0.9876543209876543,5.208097205711335e-05,0.00011425817869368905,1.2739266800266171,0.5273198420782726
2022-02-03,0.0014296734725865352,1.9280931924610085,0.00010375136485973909,0.0013259221077267962,1.2756158075752875,0.5381034758351663
2022-02-04,-0.00660135687407406,0.9930704504207227,5.463619179469865e-05,-0.006655993065868758,1.2671253176053539,0.5501743785806088
2022-02-07,0.0001130261296106265,1.0203735144312396,5.462756322045793e-05,5.8398566390168563e-05,1.2671993159073387,0.5353682984500785
2022-02-08,-8.442795263839179e-05,0.9876543209876543,5.2099937696534044e-05,-0.00013652789033492585,1.267026307858104,0.5275118691774072
2022-02-09,0.00023206008499012412,0.967741935483871,5.198304774188709e-05,0.00018007703724823702,1.2672544702017388,0.5371581599995
2022-02-10,0.002194215553307527,0.0,0.0,0.002194215553307527,1.2700350996702539,
2022-02-11,-0.002680859063959432,0.0,0.0,-0.002680859063959432,1.2666303145617563,
2022-02-14,0.001528968980231586,0.0,0.0,0.001528968980231586,1.2685669530221422,
2022-02-15,0.0019806053271543785,0.0,0.0,0.0019806053271543785,1.2710794834871497,
2022-02-16,-0.001062383369586091,0.0,0.0,-0.001062383369586091,1.269729109782471,
2022-02-17,-0.0011120460036945724,0.0,0.0,-0.0011120460036945724,1.2683171126001629,
2022-02-18,-0.0015241352104791712,0.0,0.0,-0.0015241352104791712,1.2663840258307957,
2022-02-22,-0.00011904189919070668,0.0,0.0,-0.00011904189919070668,1.266233273071256,
2022-02-23,0.001474327347418581,0.9473684210526316,5.080159614587832e-05,0.0014235257512727026,1.2680357887425913,0.5362390704287157
2022-02-24,0.0002744727071778578,0.9473684210526316,5.083109083083113e-05,0.00022364161634702665,1.2683193743159715,0.5365504032143287
2022-02-25,0.00028299218268185893,0.0,0.0,0.00028299218268185893,1.268678298784047,
2022-02-28,-0.003887438716332929,0.9404388714733543,5.24089493105171e-05,-0.003939847665643446,1.2636798995501302,0.5572818276684985
2022-03-01,-0.0023305033577806188,0.0,0.0,-0.0023305033577806188,1.2607348893010688,
2022-03-02,0.003122087924107152,0.0,0.0,0.003122087924107152,1.2646710144744562,
2022-03-03,-0.00024107042410714423,0.0,0.0,-0.00024107042410714423,1.2643661396966408,
2022-03-04,-0.00215828159119898,1.0,5.4589503503515264e-05,-0.0022128710947024953,1.2615682604129856,0.5458950350351527
2022-03-07,0.0,1.0,6.0327590895750136e-05,-6.0327590895750136e-05,1.2614921530390844,0.6032759089575014
2022-03-08,0.00015000013499999996,1.0,6.03933920771833e-05,8.960674292281666e-05,1.2616051912421409,0.6039339207718329
2022-03-09,0.0,0.0,0.0,0.0,1.2616051912421409,
2022-03-10,0.0,0.0,0.0,0.0,1.2616051912421409,
2022-03-11,0.0,0.0,0.0,0.0,1.2616051912421409,
2022-03-14,0.0,1.0,6.06308544300715e-05,-6.06308544300715e-05,1.2615286990414425,0.606308544300715
2022-03-15,0.0,1.0,6.06308544300715e-05,-6.06308544300715e-05,1.2614522114785316,0.606308544300715
2022-03-16,0.0,0.0,0.0,0.0,1.2614522114785316,
2022-03-17,0.0,0.0,0.0,0.0,1.2614522114785316,
2022-03-18,0.0,0.0,0.0,0.0,1.2614522114785316,
2022-03-21,0.0,0.0,0.0,0.0,1.2614522114785316,
2022-03-22,0.0,0.0,0.0,0.0,1.2614522114785316,
2022-03-23,0.0,0.0,0.0,0.0,1.2614522114785316,
2022-03-24,0.0,0.0,0.0,0.0,1.2614522114785316,
2022-03-25,0.0,0.0,0.0,0.0,1.2614522114785316,
2022-03-28,0.0,0.0,0.0,0.0,1.2614522114785316,
2022-03-29,0.0,0.0,0.0,0.0,1.2614522114785316,
2022-03-30,0.0,0.0,0.0,0.0,1.2614522114785316,
2022-03-31,0.0,1.0,6.172375058091973e-05,-6.172375058091973e-05,1.2613743499168606,0.6172375058091973
2022-04-01,-0.00014999986499999996,0.0,0.0,-0.00014999986499999996,1.2611851439346586,
2022-04-04,-0.00024999962499999934,1.0,6.178423409721666e-05,-0.000311783859097216,1.2607919267634466,0.6178423409721666
2022-04-05,0.0,0.0,0.0,0.0,1.2607919267634466,
2022-04-06,0.0,0.0,0.0,0.0,1.2607919267634466,
2022-04-07,0.0,0.0,0.0,0.0,1.2607919267634466,
2022-04-08,0.0,0.0,0.0,0.0,1.2607919267634466,
2022-04-11,0.0,0.0,0.0,0.0,1.2607919267634466,
2022-04-12,0.0,0.0,0.0,0.0,1.2607919267634466,
2022-04-13,0.0,0.0,0.0,0.0,1.2607919267634466,
2022-04-14,0.0,0.0,0.0,0.0,1.2607919267634466,
2022-04-18,0.0,0.0,0.0,0.0,1.2607919267634466,
2022-04-19,0.0,0.0,0.0,0.0,1.2607919267634466,
2022-04-20,0.0,0.0,0.0,0.0,1.2607919267634466,
2022-04-21,0.0,0.0,0.0,0.0,1.2607919267634466,
2022-04-22,0.0,1.0,6.083774356123353e-05,-6.083774356123353e-05,1.260715223027522,0.6083774356123353
2022-04-25,-0.014001102500000055,1.0,6.083774356123353e-05,-0.014061940243561288,1.242987120897161,0.6083774356123353
2022-04-26,0.0,1.0,6.197069554324548e-05,-6.197069554324548e-05,1.2429100921207277,0.6197069554324548
2022-04-27,5.00000149999997e-05,0.0,0.0,5.00000149999997e-05,1.2429722376439776,
2022-04-28,5.00000149999997e-05,0.0,0.0,5.00000149999997e-05,1.2430343862745046,
2022-04-29,-0.00014999986499999996,1.0,6.181973835113391e-05,-0.00021181960335113386,1.242771087223852,0.618197383511339
2022-05-02,0.0,1.0,6.200274607625264e-05,-6.200274607625264e-05,1.2426940320036999,0.6200274607625264
2022-05-03,0.00020000024000000051,1.0,6.195558320903558e-05,0.00013804465679096494,1.242865579274844,0.6195558320903557
2022-05-04,0.0,0.0,0.0,0.0,1.242865579274844,
2022-05-05,0.0,0.0,0.0,0.0,1.242865579274844,
2022-05-06,0.0,0.0,0.0,0.0,1.242865579274844,
2022-05-09,0.0,0.0,0.0,0.0,1.242865579274844,
2022-05-10,0.0,1.0,6.100684601208311e-05,-6.100684601208311e-05,1.2427897559658354,0.610068460120831
2022-05-11,5.00000149999997e-05,1.0,6.0955396644160586e-05,-1.0955381644160887e-05,1.2427761407297553,0.6095539664416059
2022-05-12,0.0,0.0,0.0,0.0,1.2427761407297553,
2022-05-13,0.0,0.0,0.0,0.0,1.2427761407297553,
2022-05-16,0.0,0.0,0.0,0.0,1.2427761407297553,
2022-05-17,0.0,0.0,0.0,0.0,1.2427761407297553,
2022-05-18,0.0,0.0,0.0,0.0,1.2427761407297553,
2022-05-19,0.0,0.0,0.0,0.0,1.2427761407297553,
2022-05-20,0.0,0.0,0.0,0.0,1.2427761407297553,
2022-05-23,0.0,0.0,0.0,0.0,1.2427761407297553,
2022-05-24,0.0,0.0,0.0,0.0,1.2427761407297553,
2022-05-25,0.0,0.0,0.0,0.0,1.2427761407297553,
2022-05-26,0.0,0.0,0.0,0.0,1.2427761407297553,
2022-05-27,0.0,0.0,0.0,0.0,1.2427761407297553,
2022-05-31,0.0,1.0,5.9815146448814504e-05,-5.9815146448814504e-05,1.2427018038928945,0.598151464488145
2022-06-01,5.00000149999997e-05,1.0,5.973625836398768e-05,-9.736243363987982e-06,1.242689704645703,0.5973625836398768
2022-06-02,0.0,0.0,0.0,0.0,1.242689704645703,
2022-06-03,0.0,0.0,0.0,0.0,1.242689704645703,
2022-06-06,0.0,0.0,0.0,0.0,1.242689704645703,
2022-06-07,0.0,0.0,0.0,0.0,1.242689704645703,
2022-06-08,0.0,0.0,0.0,0.0,1.242689704645703,
2022-06-09,0.0,0.0,0.0,0.0,1.242689704645703,
2022-06-10,0.0,1.0,6.079303674526114e-05,-6.079303674526114e-05,1.2426141577648255,0.6079303674526114
2022-06-13,-0.0013499890650000004,1.0,6.343912830102925e-05,-0.0014134281933010297,1.2408578118808458,0.6343912830102925
2022-06-14,0.0,1.0,5.9400295494304956e-05,-5.9400295494304956e-05,1.2407841045601535,0.5940029549430496
2022-06-15,-0.0012050660250000034,0.6551724137931034,3.8635615387795306e-05,-0.0012437016403877988,1.239240939333945,0.5897014980242442
2022-06-16,-0.0003270729355172383,0.0,0.0,-0.0003270729355172383,1.2388356171621038,
2022-06-17,0.000286378224741375,0.3448275862068965,1.946315424636293e-05,0.00026691507049501206,1.2391662810581903,0.564431473144525
2022-06-21,-0.0001649986925000024,0.8780487804878049,5.1381010197966334e-05,-0.00021637970269796874,1.2388981506267016,0.5851726161435055
2022-06-22,-0.00011341797182926791,0.0,0.0,-0.00011341797182926791,1.2387576373111544,
2022-06-23,-0.00011097590597560948,1.0,6.014241616700911e-05,-0.0001711183221426186,1.2385456631827163,0.6014241616700912
2022-06-24,0.0,0.0,0.0,0.0,1.2385456631827163,
2022-06-27,0.0,0.0,0.0,0.0,1.2385456631827163,
2022-06-28,0.0,0.0,0.0,0.0,1.2385456631827163,
2022-06-29,0.0,0.0,0.0,0.0,1.2385456631827163,
2022-06-30,0.0,0.0,0.0,0.0,1.2385456631827163,
2022-07-01,0.0,1.0,5.8222265485710977e-05,-5.8222265485710977e-05,1.2384735522482984,0.5822226548571098
2022-07-05,-0.004800134999999999,1.0,5.8063750411911134e-05,-0.00485819875041191,1.2324568015843473,0.5806375041191114
2022-07-06,-0.0038494706250000142,0.5633802816901408,3.166923113158898e-05,-0.003881139856131603,1.2276734643707579,0.5621288525857043
2022-07-07,0.0005443294894365907,1.5633802816901408,9.138979040811343e-05,0.0004529396990284773,1.2282295264202152,0.5845653260338788
2022-07-08,0.006399759999999989,0.0,0.0,0.006399759999999989,1.2360899006142183,
2022-07-11,-0.008000374999999952,1.1267605633802815,6.631636537710483e-05,-0.008066691365377058,1.2261187448861037,0.5885577427218054
2022-07-12,-0.002794412623239456,1.9253731343283582,0.00011559687878016,-0.0029100095020196163,1.2225507276878809,0.600386889788428
2022-07-13,-0.00027171385052238644,2.0,0.0001198054323206724,-0.0003915192828430588,1.2220720755037373,0.599027161603362
2022-07-14,0.0017299541250000033,1.0,5.828846037748121e-05,0.001671665664622522,1.224114971432051,0.5828846037748121
2022-07-15,0.0,1.0,5.914862649309753e-05,-5.914862649309753e-05,1.224042566712821,0.5914862649309753
2022-07-18,0.0009999836049999922,0.0,0.0,0.0009999836049999922,1.2252665892113561,
2022-07-19,0.0018999532449999875,0.0,0.0,0.0018999532449999875,1.2275945384435183,
2022-07-20,0.0012499831550000073,1.0,5.91843698177236e-05,0.0011907987851822836,1.2290563565285932,0.5918436981772359
2022-07-21,0.00020000024000000051,0.0,0.0,0.00020000024000000051,1.2293021680948726,
2022-07-22,0.0001500001349999991,1.0,5.9313109372771e-05,9.068702562722809e-05,1.2294136498520942,0.5931310937277099
2022-07-25,0.0013749706075000037,0.0,0.0,0.0013749706075000037,1.2311040574851,
2022-07-26,0.000125000187500001,1.0,6.187218479974652e-05,6.312800270025447e-05,1.2311817746253653,0.6187218479974652
2022-07-27,-0.00012000087500001308,1.0,5.8470148190616985e-05,-0.00017847102319063006,1.2309620443543141,0.5847014819061698
2022-07-28,0.0,1.0,5.869404447792955e-05,-5.869404447792955e-05,1.2308897942133321,0.5869404447792955
2022-07-29,-0.0002700004524647918,0.5633802816901408,3.172804577845723e-05,-0.00030172849824324904,1.230518399684221,0.5631728125676159
2022-08-01,-0.0026650916249999794,0.5633802816901408,3.173252513596593e-05,-0.0026968241501359454,1.227199907946766,0.5632523211633953
2022-08-02,0.003063090730633796,0.0,0.0,0.003063090730633796,1.2309589326094321,
2022-08-03,-0.0007939465704225304,0.0,0.0,-0.0007939465704225304,1.2299816169865558,
2022-08-04,-0.001055463315140846,2.0,0.00012692394241014244,-0.0011823872575509884,1.228527302395609,0.6346197120507122
2022-08-05,-0.0005999978399999998,0.0,0.0,-0.0005999978399999998,1.2277901886677907,
2022-08-08,-0.0002499996250000002,0.0,0.0,-0.0002499996250000002,1.227483241581045,
2022-08-09,-4.999998500000143e-05,0.0,0.0,-4.999998500000143e-05,1.2274218674373782,
2022-08-10,0.00015000013500000083,0.0,0.0,0.00015000013500000083,1.2276059808831958,
2022-08-11,0.00025000037500000024,1.0,6.856043216588875e-05,0.0001814399428341115,1.22782871764219,0.6856043216588875
2022-08-12,0.0,1.0,6.857767325320437e-05,-6.857767325320437e-05,1.2277445160055807,0.6857767325320437
2022-08-15,0.0,1.0,6.85587579135001e-05,-6.85587579135001e-05,1.2276603433665283,0.685587579135001
2022-08-16,0.0,0.0,0.0,0.0,1.2276603433665283,
2022-08-17,0.0,1.0,6.528443341151423e-05,-6.528443341151423e-05,1.22758019625659,0.6528443341151423
2022-08-18,0.0002953138639062482,1.6875,0.0001113116264177162,0.000184002237488532,1.2278060737593979,0.6596244528457257
2022-08-19,-0.0013499874999999826,2.0,0.00013435718041783675,-0.0014843446804178194,1.2259835863452284,0.6717859020891837
2022-08-22,-0.0003499992649999996,0.0,0.0,-0.0003499992649999996,1.2255544929911055,
2022-08-23,0.00010000006000000287,0.0,0.0,0.00010000006000000287,1.2256770485139379,
2022-08-24,-0.0003499992649999996,0.0,0.0,-0.0003499992649999996,1.2252480624478306,
2022-08-25,0.00015000013499999736,2.0,0.00013445042515571162,1.5549709844285737e-05,1.2252671146996887,0.6722521257785581
2022-08-26,-0.0008099955000000045,1.0,6.585652479363222e-05,-0.0008758520247936368,1.224193962016366,0.6585652479363222
2022-08-29,0.0,0.0,0.0,0.0,1.224193962016366,
2022-08-30,0.0,0.0,0.0,0.0,1.224193962016366,
2022-08-31,0.0,0.0,0.0,0.0,1.224193962016366,
2022-09-01,0.0,0.0,0.0,0.0,1.224193962016366,
2022-09-02,0.0,0.0,0.0,0.0,1.224193962016366,
2022-09-06,0.0,1.0,6.230289035597372e-05,-6.230289035597372e-05,1.224117691194176,0.6230289035597372
2022-09-07,-0.0009000062500000008,0.0,0.0,-0.0009000062500000008,1.2230159776213658,
2022-09-08,0.0005399977499999905,0.0,0.0,0.0005399977499999905,1.2236764034974954,
2022-09-09,0.0014399840000000037,1.0,5.896181944208471e-05,0.001381022180557919,1.2253663277525508,0.5896181944208472
2022-09-12,7.999961999999952e-05,1.0,5.841577031323885e-05,2.158384968676067e-05,1.2253927758751804,0.5841577031323886
2022-09-13,0.00305992775,1.0,5.978726160078419e-05,0.0030001404883992157,1.2290691263562754,0.5978726160078419
2022-09-14,0.0,0.0,0.0,0.0,1.2290691263562754,
2022-09-15,0.0,0.0,0.0,0.0,1.2290691263562754,
2022-09-16,0.0,0.0,0.0,0.0,1.2290691263562754,
2022-09-19,0.0,0.0,0.0,0.0,1.2290691263562754,
2022-09-20,0.0,0.0,0.0,0.0,1.2290691263562754,
2022-09-21,0.0,0.0,0.0,0.0,1.2290691263562754,
2022-09-22,0.0,0.0,0.0,0.0,1.2290691263562754,
2022-09-23,0.0,0.0,0.0,0.0,1.2290691263562754,
2022-09-26,0.0,0.0,0.0,0.0,1.2290691263562754,
2022-09-27,0.0,0.0,0.0,0.0,1.2290691263562754,
2022-09-28,0.0,0.0,0.0,0.0,1.2290691263562754,
2022-09-29,0.0,0.0,0.0,0.0,1.2290691263562754,
2022-09-30,0.0,0.0,0.0,0.0,1.2290691263562754,
2022-10-03,0.0,1.0,6.0376513727729945e-05,-6.0376513727729945e-05,1.2289949194472958,0.6037651372772994
2022-10-04,-0.0013200365000000135,0.0,0.0,-0.0013200365000000135,1.2273726012953108,
2022-10-05,0.003124799749999998,1.0,6.0418186359336e-05,0.003064381563640662,1.2311337392664379,0.60418186359336
2022-10-06,0.0,0.0,0.0,0.0,1.2311337392664379,
2022-10-07,0.0,0.0,0.0,0.0,1.2311337392664379,
2022-10-11,0.0,0.0,0.0,0.0,1.2311337392664379,
2022-10-12,0.0,0.0,0.0,0.0,1.2311337392664379,
2022-10-13,0.0,0.0,0.0,0.0,1.2311337392664379,
2022-10-14,0.0,0.0,0.0,0.0,1.2311337392664379,
2022-10-17,0.0,0.0,0.0,0.0,1.2311337392664379,
2022-10-18,0.0,0.0,0.0,0.0,1.2311337392664379,
2022-10-19,0.0,0.0,0.0,0.0,1.2311337392664379,
2022-10-20,0.0,0.0,0.0,0.0,1.2311337392664379,
2022-10-21,0.0,0.0,0.0,0.0,1.2311337392664379,
2022-10-24,0.0,0.0,0.0,0.0,1.2311337392664379,
2022-10-25,0.0,0.0,0.0,0.0,1.2311337392664379,
2022-10-26,0.0,0.0,0.0,0.0,1.2311337392664379,
2022-10-27,0.0,1.0,6.519363848867729e-05,-6.519363848867729e-05,1.2310534771785089,0.651936384886773
2022-10-28,0.005579817749999987,1.0,6.525513449069846e-05,0.005514562615509289,1.2378421986614503,0.6525513449069845
2022-10-31,0.0,0.0,0.0,0.0,1.2378421986614503,
2022-11-01,0.0,0.0,0.0,0.0,1.2378421986614503,
2022-11-02,0.0,0.0,0.0,0.0,1.2378421986614503,
2022-11-03,0.0,0.0,0.0,0.0,1.2378421986614503,
2022-11-04,0.0,0.0,0.0,0.0,1.2378421986614503,
2022-11-07,0.0,0.0,0.0,0.0,1.2378421986614503,
2022-11-08,0.0,0.0,0.0,0.0,1.2378421986614503,
2022-11-09,0.0,0.0,0.0,0.0,1.2378421986614503,
2022-11-10,0.0,0.0,0.0,0.0,1.2378421986614503,
2022-11-14,0.0,0.0,0.0,0.0,1.2378421986614503,
2022-11-15,0.0,0.0,0.0,0.0,1.2378421986614503,
2022-11-16,0.0,0.0,0.0,0.0,1.2378421986614503,
2022-11-17,0.0,0.0,0.0,0.0,1.2378421986614503,
2022-11-18,0.0,0.0,0.0,0.0,1.2378421986614503,
2022-11-21,0.0,0.0,0.0,0.0,1.2378421986614503,
2022-11-22,0.0,0.0,0.0,0.0,1.2378421986614503,
2022-11-23,0.0,0.0,0.0,0.0,1.2378421986614503,
2022-11-25,0.0,0.0,0.0,0.0,1.2378421986614503,
2022-11-28,0.0,0.0,0.0,0.0,1.2378421986614503,
2022-11-29,0.0,0.0,0.0,0.0,1.2378421986614503,
2022-11-30,0.0,0.0,0.0,0.0,1.2378421986614503,
2022-12-01,0.0,0.0,0.0,0.0,1.2378421986614503,
2022-12-02,0.0,0.0,0.0,0.0,1.2378421986614503,
2022-12-05,0.0,0.0,0.0,0.0,1.2378421986614503,
2022-12-06,0.0,0.0,0.0,0.0,1.2378421986614503,
2022-12-07,0.0,0.0,0.0,0.0,1.2378421986614503,
2022-12-08,0.0,0.0,0.0,0.0,1.2378421986614503,
2022-12-09,0.0,0.0,0.0,0.0,1.2378421986614503,
2022-12-12,0.0,0.0,0.0,0.0,1.2378421986614503,
2022-12-13,0.0,0.0,0.0,0.0,1.2378421986614503,
2022-12-14,0.0,0.0,0.0,0.0,1.2378421986614503,
2022-12-15,0.0,0.0,0.0,0.0,1.2378421986614503,
2022-12-16,0.0,0.0,0.0,0.0,1.2378421986614503,
2022-12-19,0.0,0.0,0.0,0.0,1.2378421986614503,
2022-12-20,0.0,0.0,0.0,0.0,1.2378421986614503,
2022-12-21,0.0,0.0,0.0,0.0,1.2378421986614503,
2022-12-22,0.0,0.0,0.0,0.0,1.2378421986614503,
2022-12-23,0.0,0.0,0.0,0.0,1.2378421986614503,
2022-12-27,0.0,0.0,0.0,0.0,1.2378421986614503,
2022-12-28,0.0,0.0,0.0,0.0,1.2378421986614503,
2022-12-29,0.0,0.0,0.0,0.0,1.2378421986614503,
2022-12-30,0.0,0.0,0.0,0.0,1.2378421986614503,
2023-01-03,0.0,0.0,0.0,0.0,1.2378421986614503,
2023-01-04,0.0,0.0,0.0,0.0,1.2378421986614503,
2023-01-05,0.0,0.0,0.0,0.0,1.2378421986614503,
2023-01-06,0.0,0.0,0.0,0.0,1.2378421986614503,
2023-01-09,0.0,0.0,0.0,0.0,1.2378421986614503,
2023-01-10,0.0,0.0,0.0,0.0,1.2378421986614503,
2023-01-11,0.0,0.0,0.0,0.0,1.2378421986614503,
2023-01-12,0.0,0.0,0.0,0.0,1.2378421986614503,
2023-01-13,0.0,0.0,0.0,0.0,1.2378421986614503,
2023-01-17,0.0,0.0,0.0,0.0,1.2378421986614503,
2023-01-18,0.0,1.0,6.637315565151384e-05,-6.637315565151384e-05,1.2377600391685266,0.6637315565151384
2023-01-19,0.005999800000000068,1.0,6.621173460747028e-05,0.005933588265392598,1.2451043976123088,0.6621173460747029
2023-01-20,0.0,1.0,6.624845929245385e-05,-6.624845929245385e-05,1.2450219113643088,0.6624845929245385
2023-01-23,0.004499887500000025,0.0,0.0,0.004499887500000025,1.250624369900483,
2023-01-24,-0.010500612499999989,0.0,0.0,-0.010500612499999989,1.2374920480091014,
2023-01-25,0.001499987500000043,0.0,0.0,0.001499987500000043,1.2393482706124646,
2023-01-26,0.001499987499999939,1.0,6.58228540998268e-05,0.0014341646459001122,1.2411257000861344,0.658228540998268
2023-01-27,0.0,0.0,0.0,0.0,1.2411257000861344,
2023-01-30,0.0,0.0,0.0,0.0,1.2411257000861344,
2023-01-31,0.0,0.0,0.0,0.0,1.2411257000861344,
2023-02-01,0.0,0.0,0.0,0.0,1.2411257000861344,
2023-02-02,0.0,1.0,6.572054684864169e-05,-6.572054684864169e-05,1.241044132626417,0.6572054684864169
2023-02-03,0.014998750000000014,1.0,6.584586777124332e-05,0.01493290413222877,1.2595765256827924,0.6584586777124333
2023-02-06,0.0,0.0,0.0,0.0,1.2595765256827924,
2023-02-07,0.0,0.0,0.0,0.0,1.2595765256827924,
2023-02-08,0.0,0.0,0.0,0.0,1.2595765256827924,
2023-02-09,0.0,0.0,0.0,0.0,1.2595765256827924,
2023-02-10,0.0,0.0,0.0,0.0,1.2595765256827924,
2023-02-13,0.0,0.0,0.0,0.0,1.2595765256827924,
2023-02-14,0.0,1.0,6.367330691653988e-05,-6.367330691653988e-05,1.2594963242800876,0.6367330691653988
2023-02-15,0.004499887500000025,1.0,5.908422994509231e-05,0.0044408032700549325,1.2650894996755728,0.5908422994509231
2023-02-16,-0.0009998487499999764,1.0,5.916713453064849e-05,-0.001059015884530625,1.2637497498000636,0.5916713453064848
2023-02-17,0.0,0.0,0.0,0.0,1.2637497498000636,
2023-02-21,0.0,0.0,0.0,0.0,1.2637497498000636,
2023-02-22,0.0,0.0,0.0,0.0,1.2637497498000636,
2023-02-23,0.0,0.0,0.0,0.0,1.2637497498000636,
2023-02-24,0.0,0.0,0.0,0.0,1.2637497498000636,
2023-02-27,0.0,1.0,6.008849730028105e-05,-6.008849730028105e-05,1.2636738129766345,0.6008849730028105
2023-02-28,5.000001500000143e-05,1.0,6.006298432295275e-05,-1.0062969322951318e-05,1.2636610966658204,0.6006298432295275
2023-03-01,0.0,0.0,0.0,0.0,1.2636610966658204,
2023-03-02,0.0,0.0,0.0,0.0,1.2636610966658204,
2023-03-03,0.0,0.0,0.0,0.0,1.2636610966658204,
2023-03-06,0.0,1.0,5.970526096483144e-05,-5.970526096483144e-05,1.2635856494502729,0.5970526096483144
2023-03-07,-0.0004999985000000039,1.0,6.012911003279646e-05,-0.0005601276100328004,1.2628778802403746,0.6012911003279646
2023-03-08,0.0,0.0,0.0,0.0,1.2628778802403746,
2023-03-09,0.0,0.0,0.0,0.0,1.2628778802403746,
2023-03-10,0.0,0.0,0.0,0.0,1.2628778802403746,
2023-03-13,0.0,1.0,6.106916430897674e-05,-6.106916430897674e-05,1.2628007573436042,0.6106916430897674
2023-03-14,-0.006286954374999918,0.975609756097561,5.8600466032562016e-05,-0.00634555484103248,1.254787585884583,0.6006547768337607
2023-03-15,-0.0005764639426829288,0.0,0.0,-0.0005764639426829288,1.2540642460855942,
2023-03-16,0.0008883956353658512,1.024390243902439,6.266308814166383e-05,0.0008257325472241874,1.2550997677498974,0.6117110985257659
2023-03-17,0.0003000027574999999,0.0,0.0,0.0003000027574999999,1.25547630114116,
2023-03-20,0.00013749850500000048,1.0,6.255496096585952e-05,7.494354403414096e-05,1.2555703909846185,0.6255496096585952
2023-03-21,0.0,1.0,6.213683734731401e-05,-6.213683734731401e-05,1.2554923738114558,0.62136837347314
2023-03-22,-0.0001945189123780508,0.0,0.0,-0.0001945189123780508,1.255248156800403,
2023-03-23,8.962965725609802e-05,0.0,0.0,8.962965725609802e-05,1.2553606642624684,
2023-03-24,0.00011097572756097704,1.0,6.2224554275028e-05,4.875117328594905e-05,1.2554218645677482,0.6222455427502798
2023-03-27,0.0,0.0,0.0,0.0,1.2554218645677482,
2023-03-28,0.0,0.0,0.0,0.0,1.2554218645677482,
2023-03-29,0.0,0.0,0.0,0.0,1.2554218645677482,
2023-03-30,0.0,0.0,0.0,0.0,1.2554218645677482,
2023-03-31,0.0,1.0,6.225314153191458e-05,-6.225314153191458e-05,1.255343710612731,0.6225314153191458
2023-04-03,0.0036000800000000094,1.0,6.227503782773465e-05,0.003537804962172275,1.2597848718213687,0.6227503782773465
2023-04-04,0.0,0.0,0.0,0.0,1.2597848718213687,
2023-04-05,0.0,0.0,0.0,0.0,1.2597848718213687,
2023-04-06,0.0,1.0,6.772243622538142e-05,-6.772243622538142e-05,1.2596995561207291,0.6772243622538142
2023-04-07,0.0026999437500000024,1.0,6.790447292324278e-05,0.0026320392770767596,1.263015134829755,0.6790447292324278
2023-04-10,0.0,0.0,0.0,0.0,1.263015134829755,
2023-04-11,0.0,0.0,0.0,0.0,1.263015134829755,
2023-04-12,0.0,0.0,0.0,0.0,1.263015134829755,
2023-04-13,0.0,0.0,0.0,0.0,1.263015134829755,
2023-04-14,0.0,0.0,0.0,0.0,1.263015134829755,
2023-04-17,0.0,0.0,0.0,0.0,1.263015134829755,
2023-04-18,0.0,0.0,0.0,0.0,1.263015134829755,
2023-04-19,0.0,0.0,0.0,0.0,1.263015134829755,
2023-04-20,0.0,0.0,0.0,0.0,1.263015134829755,
2023-04-21,0.0,0.0,0.0,0.0,1.263015134829755,
2023-04-24,0.0,0.0,0.0,0.0,1.263015134829755,
2023-04-25,0.0,0.0,0.0,0.0,1.263015134829755,
2023-04-26,0.0,0.0,0.0,0.0,1.263015134829755,
2023-04-27,0.0,0.0,0.0,0.0,1.263015134829755,
2023-04-28,0.0,0.0,0.0,0.0,1.263015134829755,
2023-05-01,0.0,0.0,0.0,0.0,1.263015134829755,
2023-05-02,0.0,0.0,0.0,0.0,1.263015134829755,
2023-05-03,0.0,0.0,0.0,0.0,1.263015134829755,
2023-05-04,0.0,0.0,0.0,0.0,1.263015134829755,
2023-05-05,0.0,0.0,0.0,0.0,1.263015134829755,
2023-05-08,0.0,0.0,0.0,0.0,1.263015134829755,
2023-05-09,0.0,1.0,6.229802933090213e-05,-6.229802933090213e-05,1.2629364514758399,0.6229802933090213
2023-05-10,0.006300244999999993,1.0,6.239263210575037e-05,0.006237852367894243,1.2708144626101785,0.6239263210575037
2023-05-11,0.0,0.0,0.0,0.0,1.2708144626101785,
2023-05-12,0.0,0.0,0.0,0.0,1.2708144626101785,
2023-05-15,0.0,1.0,6.784629129523414e-05,-6.784629129523414e-05,1.2707282425619661,0.6784629129523414
2023-05-16,4.999998000000143e-05,1.0,6.784629129523414e-05,-1.7846311295232706e-05,1.2707055647501777,0.6784629129523414
2023-05-17,0.0,0.0,0.0,0.0,1.2707055647501777,
2023-05-18,0.0,0.0,0.0,0.0,1.2707055647501777,
2023-05-19,0.0,0.0,0.0,0.0,1.2707055647501777,
2023-05-22,0.0,0.0,0.0,0.0,1.2707055647501777,
2023-05-23,0.0,0.0,0.0,0.0,1.2707055647501777,
2023-05-24,0.0,0.0,0.0,0.0,1.2707055647501777,
2023-05-25,0.0,1.0,7.332025460737767e-05,-7.332025460737767e-05,1.2706123962946392,0.7332025460737767
2023-05-26,-0.0001000000599999994,1.0,6.471706742335029e-05,-0.0001647171274233497,1.270403104670653,0.6471706742335028
2023-05-30,-6.249937750000181e-05,1.0,6.507749920549323e-05,-0.00012757687670549505,1.2702410306104022,0.6507749920549323
2023-05-31,0.0,0.0,0.0,0.0,1.2702410306104022,
2023-06-01,0.0,0.0,0.0,0.0,1.2702410306104022,
2023-06-02,0.0,0.0,0.0,0.0,1.2702410306104022,
2023-06-05,0.0,0.0,0.0,0.0,1.2702410306104022,
2023-06-06,0.0,0.0,0.0,0.0,1.2702410306104022,
2023-06-07,0.0,0.0,0.0,0.0,1.2702410306104022,
2023-06-08,0.0,0.0,0.0,0.0,1.2702410306104022,
2023-06-09,0.0,0.0,0.0,0.0,1.2702410306104022,
2023-06-12,0.0,0.0,0.0,0.0,1.2702410306104022,
2023-06-13,0.0,1.0,6.018724365089759e-05,-6.018724365089759e-05,1.2701645783039974,0.6018724365089759
2023-06-14,0.0,0.0,0.0,0.0,1.2701645783039974,
2023-06-15,-3.750004500000021e-05,0.0,0.0,-3.750004500000021e-05,1.2701169470751537,
2023-06-16,3.749997250000021e-05,0.0,0.0,3.749997250000021e-05,1.2701645764257405,
2023-06-20,8.749979250000076e-05,1.0,5.9432592069345695e-05,2.8067200430655065e-05,1.2702002263894872,0.5943259206934569
2023-06-21,0.0,0.0,0.0,0.0,1.2702002263894872,
2023-06-22,0.0,1.0,5.8859641531484186e-05,-5.8859641531484186e-05,1.2701254628594887,0.5885964153148417
2023-06-23,-1.249999749999949e-05,1.0,5.8857359359025375e-05,-7.135735685902486e-05,1.2700348300635798,0.5885735935902537
2023-06-26,0.0,1.0,5.865588509840879e-05,-5.865588509840879e-05,1.2699603350465165,0.5865588509840879
2023-06-27,0.00010000008250000027,1.0,5.8513943583609726e-05,4.1486138916390546e-05,1.2700130207973945,0.5851394358360973
2023-06-28,0.0,1.0,6.2525905359883e-05,-6.2525905359883e-05,1.2699336120834503,0.6252590535988299
2023-06-29,0.0,1.0,5.826027126705969e-05,-5.826027126705969e-05,1.2698596254067192,0.5826027126705968
2023-06-30,-3.750004499999934e-05,0.0,0.0,-3.750004499999934e-05,1.2698120056136226,
2023-07-03,0.00013749973249999959,1.0,5.813976675635093e-05,7.935996574364866e-05,1.269912777850889,0.5813976675635093
2023-07-05,0.0,0.0,0.0,0.0,1.269912777850889,
2023-07-06,0.0,0.0,0.0,0.0,1.269912777850889,
2023-07-07,0.0,0.0,0.0,0.0,1.269912777850889,
2023-07-10,0.0,0.0,0.0,0.0,1.269912777850889,
2023-07-11,0.0,0.0,0.0,0.0,1.269912777850889,
2023-07-12,0.0,0.0,0.0,0.0,1.269912777850889,
2023-07-13,0.0,0.0,0.0,0.0,1.269912777850889,
2023-07-14,0.0,0.0,0.0,0.0,1.269912777850889,
2023-07-17,0.0,0.0,0.0,0.0,1.269912777850889,
2023-07-18,0.0,0.0,0.0,0.0,1.269912777850889,
2023-07-19,0.0,0.0,0.0,0.0,1.269912777850889,
2023-07-20,0.0,0.0,0.0,0.0,1.269912777850889,
2023-07-21,0.0,0.0,0.0,0.0,1.269912777850889,
2023-07-24,0.0,0.0,0.0,0.0,1.269912777850889,
2023-07-25,0.0,0.0,0.0,0.0,1.269912777850889,
2023-07-26,0.0,0.0,0.0,0.0,1.269912777850889,
2023-07-27,0.0,0.0,0.0,0.0,1.269912777850889,
2023-07-28,0.0,0.0,0.0,0.0,1.269912777850889,
2023-07-31,0.0,0.0,0.0,0.0,1.269912777850889,
2023-08-01,0.0,0.0,0.0,0.0,1.269912777850889,
2023-08-02,0.0,0.0,0.0,0.0,1.269912777850889,
2023-08-03,0.0,0.0,0.0,0.0,1.269912777850889,
2023-08-04,0.0,0.0,0.0,0.0,1.269912777850889,
2023-08-07,0.0,0.0,0.0,0.0,1.269912777850889,
2023-08-08,0.0,0.0,0.0,0.0,1.269912777850889,
2023-08-09,0.0,0.0,0.0,0.0,1.269912777850889,
2023-08-10,0.0,0.0,0.0,0.0,1.269912777850889,
2023-08-11,0.0,0.0,0.0,0.0,1.269912777850889,
2023-08-14,0.0,0.0,0.0,0.0,1.269912777850889,
2023-08-15,0.0,0.0,0.0,0.0,1.269912777850889,
2023-08-16,0.0,0.0,0.0,0.0,1.269912777850889,
2023-08-17,0.0,0.0,0.0,0.0,1.269912777850889,
2023-08-18,0.0,0.0,0.0,0.0,1.269912777850889,
2023-08-21,0.0,0.0,0.0,0.0,1.269912777850889,
2023-08-22,0.0,0.0,0.0,0.0,1.269912777850889,
2023-08-23,0.0,0.0,0.0,0.0,1.269912777850889,
2023-08-24,0.0,0.0,0.0,0.0,1.269912777850889,
2023-08-25,0.0,0.0,0.0,0.0,1.269912777850889,
2023-08-28,0.0,0.0,0.0,0.0,1.269912777850889,
2023-08-29,0.0,0.0,0.0,0.0,1.269912777850889,
2023-08-30,0.0,0.0,0.0,0.0,1.269912777850889,
2023-08-31,0.0,0.0,0.0,0.0,1.269912777850889,
2023-09-01,0.0,0.0,0.0,0.0,1.269912777850889,
2023-09-05,0.0,0.0,0.0,0.0,1.269912777850889,
2023-09-06,0.0,0.0,0.0,0.0,1.269912777850889,
2023-09-07,0.0,0.0,0.0,0.0,1.269912777850889,
2023-09-08,0.0,0.0,0.0,0.0,1.269912777850889,
2023-09-11,0.0,0.0,0.0,0.0,1.269912777850889,
2023-09-12,0.0,0.0,0.0,0.0,1.269912777850889,
2023-09-13,0.0,0.0,0.0,0.0,1.269912777850889,
2023-09-14,0.0,0.0,0.0,0.0,1.269912777850889,
2023-09-15,0.0,0.0,0.0,0.0,1.269912777850889,
2023-09-18,0.0,0.0,0.0,0.0,1.269912777850889,
2023-09-19,0.0,0.0,0.0,0.0,1.269912777850889,
2023-09-20,0.0,1.0,5.36055512754639e-05,-5.36055512754639e-05,1.2698447034763605,0.536055512754639
2023-09-21,-2.4999995000000716e-05,1.0,5.313784084965116e-05,-7.813783584965188e-05,1.2697454805593658,0.5313784084965116
2023-09-22,0.0,0.0,0.0,0.0,1.2697454805593658,
2023-09-25,0.0,0.0,0.0,0.0,1.2697454805593658,
2023-09-26,0.0,0.0,0.0,0.0,1.2697454805593658,
2023-09-27,0.0,0.0,0.0,0.0,1.2697454805593658,
2023-09-28,0.0,0.0,0.0,0.0,1.2697454805593658,
2023-09-29,0.0,0.0,0.0,0.0,1.2697454805593658,
2023-10-02,0.0,0.0,0.0,0.0,1.2697454805593658,
2023-10-03,0.0,0.0,0.0,0.0,1.2697454805593658,
2023-10-04,0.0,0.0,0.0,0.0,1.2697454805593658,
2023-10-05,0.0,0.0,0.0,0.0,1.2697454805593658,
2023-10-06,0.0,0.0,0.0,0.0,1.2697454805593658,
2023-10-10,0.0,0.0,0.0,0.0,1.2697454805593658,
2023-10-11,0.0,0.0,0.0,0.0,1.2697454805593658,
2023-10-12,0.0,0.0,0.0,0.0,1.2697454805593658,
2023-10-13,0.0,0.0,0.0,0.0,1.2697454805593658,
2023-10-16,0.0,0.0,0.0,0.0,1.2697454805593658,
2023-10-17,0.0,0.0,0.0,0.0,1.2697454805593658,
2023-10-18,0.0,0.0,0.0,0.0,1.2697454805593658,
2023-10-19,0.0,0.0,0.0,0.0,1.2697454805593658,
2023-10-20,0.0,0.0,0.0,0.0,1.2697454805593658,
2023-10-23,0.0,0.0,0.0,0.0,1.2697454805593658,
2023-10-24,0.0,0.0,0.0,0.0,1.2697454805593658,
2023-10-25,0.0,0.0,0.0,0.0,1.2697454805593658,
2023-10-26,0.0,0.0,0.0,0.0,1.2697454805593658,
2023-10-27,0.0,0.0,0.0,0.0,1.2697454805593658,
2023-10-30,0.0,1.0,5.696593811236581e-05,-5.696593811236581e-05,1.2696731483169017,0.5696593811236581
2023-10-31,0.0,1.0,5.663859201599271e-05,-5.663859201599271e-05,1.2696012358174604,0.5663859201599271
2023-11-01,0.0,1.0,5.676409113561857e-05,-5.676409113561857e-05,1.2695291680572045,0.5676409113561858
2023-11-02,-0.010002017500000009,1.0,5.69189890253876e-05,-0.010058936489025396,1.2567590547847518,0.5691898902538759
2023-11-03,0.0,0.0,0.0,0.0,1.2567590547847518,
2023-11-06,0.0,1.0,5.704697715376242e-05,-5.704697715376242e-05,1.2566873604796656,0.5704697715376242
2023-11-07,0.007200303749999984,2.0,0.00011749751680611967,0.007082806233193864,1.265588233549647,0.5874875840305984
2023-11-08,0.0002699995000000265,1.0,6.025311720548333e-05,0.00020974638279454318,1.2658536861037413,0.6025311720548333
2023-11-09,0.0,0.0,0.0,0.0,1.2658536861037413,
2023-11-10,0.0,0.0,0.0,0.0,1.2658536861037413,
2023-11-13,0.0,0.0,0.0,0.0,1.2658536861037413,
2023-11-14,0.0,0.0,0.0,0.0,1.2658536861037413,
2023-11-15,0.0,0.0,0.0,0.0,1.2658536861037413,
2023-11-16,0.0,0.0,0.0,0.0,1.2658536861037413,
2023-11-17,0.0,1.0,6.482721577652442e-05,-6.482721577652442e-05,1.2657716243336907,0.6482721577652443
2023-11-20,0.009000449999999946,1.0,6.490895154456513e-05,0.008935541048455382,1.2770819786408942,0.6490895154456513
2023-11-21,0.0,0.0,0.0,0.0,1.2770819786408942,
2023-11-22,0.0,0.0,0.0,0.0,1.2770819786408942,
2023-11-24,0.0,0.0,0.0,0.0,1.2770819786408942,
2023-11-27,0.0,1.0,5.8505959193877534e-05,-5.8505959193877534e-05,1.2770072617347645,0.5850595919387753
2023-11-28,-0.004050101249999991,1.0,5.8588275413391876e-05,-0.0041086895254133825,1.271760435374598,0.5858827541339188
2023-11-29,0.0,0.0,0.0,0.0,1.271760435374598,
2023-11-30,0.0,0.0,0.0,0.0,1.271760435374598,
2023-12-01,0.0,1.0,6.40355682158309e-05,-6.40355682158309e-05,1.2716789974724843,0.6403556821583091
2023-12-04,0.005999797499999894,1.0,6.405031984543217e-05,0.005935747180154462,1.2792273624957933,0.6405031984543217
2023-12-05,0.0,1.0,5.796063762599638e-05,-5.796063762599638e-05,1.2791532176621945,0.5796063762599638
2023-12-06,0.004800134999999971,1.0,5.798535028718461e-05,0.004742149649712786,1.2852191536452604,0.5798535028718461
2023-12-07,0.0,1.0,5.798747253604819e-05,-5.798747253604819e-05,1.2851446270348856,0.5798747253604819
2023-12-08,-0.00719969625000004,1.0,5.8071642486469436e-05,-0.007257767892486509,1.2758173456235902,0.5807164248646943
2023-12-11,0.0,0.0,0.0,0.0,1.2758173456235902,
2023-12-12,0.0,0.0,0.0,0.0,1.2758173456235902,
2023-12-13,0.0,0.0,0.0,0.0,1.2758173456235902,
2023-12-14,0.0,1.0,5.839819391398824e-05,-5.839819391398824e-05,1.2757428401948416,0.5839819391398824
2023-12-15,0.0008000037499999674,0.0,0.0,0.0008000037499999674,1.2767634392510332,
2023-12-18,-0.0031999399999999806,0.0,0.0,-0.0031999399999999806,1.2726778728512362,
2023-12-19,0.0016000149999999902,1.0,5.817981185809907e-05,0.0015418351881418913,1.274640132378768,0.5817981185809907
2023-12-20,0.0,0.0,0.0,0.0,1.274640132378768,
2023-12-21,0.0,0.0,0.0,0.0,1.274640132378768,
2023-12-22,0.0,0.0,0.0,0.0,1.274640132378768,
2023-12-26,0.0,0.0,0.0,0.0,1.274640132378768,
2023-12-27,0.0,0.0,0.0,0.0,1.274640132378768,
2023-12-28,0.0,0.0,0.0,0.0,1.274640132378768,
2023-12-29,0.0,0.0,0.0,0.0,1.274640132378768,
2024-01-02,0.0,0.0,0.0,0.0,1.274640132378768,
2024-01-03,0.0,0.0,0.0,0.0,1.274640132378768,
2024-01-04,0.0,0.0,0.0,0.0,1.274640132378768,
2024-01-05,0.0,0.0,0.0,0.0,1.274640132378768,
2024-01-08,0.0,0.0,0.0,0.0,1.274640132378768,
2024-01-09,0.0,0.0,0.0,0.0,1.274640132378768,
2024-01-10,0.0,0.0,0.0,0.0,1.274640132378768,
2024-01-11,0.0,0.0,0.0,0.0,1.274640132378768,
2024-01-12,0.0,0.0,0.0,0.0,1.274640132378768,
2024-01-16,0.0,0.0,0.0,0.0,1.274640132378768,
2024-01-17,0.0,0.0,0.0,0.0,1.274640132378768,
2024-01-18,0.0,0.0,0.0,0.0,1.274640132378768,
2024-01-19,0.0,0.0,0.0,0.0,1.274640132378768,
2024-01-22,0.0,0.0,0.0,0.0,1.274640132378768,
2024-01-23,0.0,0.0,0.0,0.0,1.274640132378768,
2024-01-24,0.0,0.0,0.0,0.0,1.274640132378768,
2024-01-25,0.0,0.0,0.0,0.0,1.274640132378768,
2024-01-26,0.0,0.0,0.0,0.0,1.274640132378768,
2024-01-29,0.0,0.0,0.0,0.0,1.274640132378768,
2024-01-30,0.0,0.0,0.0,0.0,1.274640132378768,
2024-01-31,0.0,0.0,0.0,0.0,1.274640132378768,
2024-02-01,0.0,0.0,0.0,0.0,1.274640132378768,
2024-02-02,0.0,0.0,0.0,0.0,1.274640132378768,
2024-02-05,0.0,0.0,0.0,0.0,1.274640132378768,
2024-02-06,0.0,0.0,0.0,0.0,1.274640132378768,
2024-02-07,0.0,0.0,0.0,0.0,1.274640132378768,
2024-02-08,0.0,0.0,0.0,0.0,1.274640132378768,
2024-02-09,0.0,0.0,0.0,0.0,1.274640132378768,
2024-02-12,0.0,0.0,0.0,0.0,1.274640132378768,
2024-02-13,0.0,0.0,0.0,0.0,1.274640132378768,
2024-02-14,0.0,0.0,0.0,0.0,1.274640132378768,
2024-02-15,0.0,0.0,0.0,0.0,1.274640132378768,
2024-02-16,0.0,0.0,0.0,0.0,1.274640132378768,
2024-02-20,0.0,0.0,0.0,0.0,1.274640132378768,
2024-02-21,0.0,1.0,6.320691481270536e-05,-6.320691481270536e-05,1.2745595663085039,0.6320691481270535
2024-02-22,-0.0015000124999999388,0.0,0.0,-0.0015000124999999388,1.2726477110270467,
2024-02-23,-0.010500612499999989,1.0,6.310621537118675e-05,-0.010563718715371175,1.259203818583996,0.6310621537118675
2024-02-26,0.0,0.0,0.0,0.0,1.259203818583996,
2024-02-27,0.0,0.0,0.0,0.0,1.259203818583996,
2024-02-28,0.0,0.0,0.0,0.0,1.259203818583996,
2024-02-29,0.0,0.0,0.0,0.0,1.259203818583996,
2024-03-01,0.0,0.0,0.0,0.0,1.259203818583996,
2024-03-04,0.0,0.0,0.0,0.0,1.259203818583996,
2024-03-05,0.0,0.0,0.0,0.0,1.259203818583996,
2024-03-06,0.0,0.0,0.0,0.0,1.259203818583996,
2024-03-07,0.0,1.0,6.175666657856502e-05,-6.175666657856502e-05,1.2591260543536171,0.6175666657856502
2024-03-08,0.001499987500000043,0.0,0.0,0.001499987500000043,1.2610147276960721,
2024-03-11,0.0,0.0,0.0,0.0,1.2610147276960721,
2024-03-12,0.008999549999999945,0.0,0.0,0.008999549999999945,1.2723632927887092,
2024-03-13,0.004499887500000129,0.0,0.0,0.004499887500000129,1.278088784465388,
2024-03-14,0.01349898749999997,0.0,0.0,0.01349898749999997,1.2953416889907765,
2024-03-15,0.001499987499999939,1.0,6.089529002059e-05,0.001439092209979349,1.2972058051246647,0.6089529002059
2024-03-18,0.0,1.0,6.090088888719967e-05,-6.090088888719967e-05,1.2971268041380628,0.6090088888719967
2024-03-19,-0.004500112500000025,0.0,0.0,-0.004500112500000025,1.291289587592676,
2024-03-20,-0.0015000125000000429,0.0,0.0,-0.0015000125000000429,1.289352637070167,
2024-03-21,0.0,0.0,0.0,0.0,1.289352637070167,
2024-03-22,-0.00900045000000005,0.0,0.0,-0.00900045000000005,1.2777478831278486,
2024-03-25,0.005999800000000068,0.0,0.0,0.005999800000000068,1.2854141148770393,
2024-03-26,-0.003000049999999982,0.0,0.0,-0.003000049999999982,1.2815578082617023,
2024-03-27,-0.006000199999999963,0.0,0.0,-0.006000199999999963,1.2738682051005703,
2024-03-28,0.0,1.0,6.049724203757729e-05,-6.049724203757729e-05,1.2737911395874424,0.6049724203757729
2024-04-01,0.0,0.0,0.0,0.0,1.2737911395874424,
2024-04-02,0.0,1.0,6.072612313532359e-05,-6.072612313532359e-05,1.2737137871898512,0.6072612313532358
2024-04-03,0.0,0.0,0.0,0.0,1.2737137871898512,
2024-04-04,-0.006000199999999963,1.0,6.059068986725634e-05,-0.00606079068986722,1.2659940745268954,0.6059068986725634
2024-04-05,0.0,0.0,0.0,0.0,1.2659940745268954,
2024-04-08,0.0,1.0,6.0764033016470196e-05,-6.0764033016470196e-05,1.2659171476211522,0.607640330164702
2024-04-09,-0.007500312500000111,1.0,6.0820361638535934e-05,-0.007561132861638647,1.2563453798761621,0.6082036163853594
2024-04-10,0.0,0.0,0.0,0.0,1.2563453798761621,
2024-04-11,0.0,0.0,0.0,0.0,1.2563453798761621,
2024-04-12,0.0,0.0,0.0,0.0,1.2563453798761621,
2024-04-15,0.0,0.0,0.0,0.0,1.2563453798761621,
2024-04-16,0.0,0.0,0.0,0.0,1.2563453798761621,
2024-04-17,0.0,1.0,6.04844517650452e-05,-6.04844517650452e-05,1.2562693905146327,0.604844517650452
2024-04-18,-0.005999797500000033,1.0,6.0421620291083596e-05,-0.006060219120291117,1.2486561227339994,0.604216202910836
2024-04-19,0.0,0.0,0.0,0.0,1.2486561227339994,
2024-04-22,0.0,1.0,5.864882997214106e-05,-5.864882997214106e-05,1.2485828905133634,0.5864882997214106
2024-04-23,-0.00019000020000000542,1.0,5.866866556696382e-05,-0.00024866886556696924,1.2482724068224131,0.5866866556696382
2024-04-24,0.0,0.0,0.0,0.0,1.2482724068224131,
2024-04-25,0.0,0.0,0.0,0.0,1.2482724068224131,
2024-04-26,0.0,0.0,0.0,0.0,1.2482724068224131,
2024-04-29,0.0,0.0,0.0,0.0,1.2482724068224131,
2024-04-30,0.0,0.0,0.0,0.0,1.2482724068224131,
2024-05-01,0.0,0.0,0.0,0.0,1.2482724068224131,
2024-05-02,0.0,0.0,0.0,0.0,1.2482724068224131,
2024-05-03,0.0,0.0,0.0,0.0,1.2482724068224131,
2024-05-06,0.0,0.0,0.0,0.0,1.2482724068224131,
2024-05-07,0.0,1.0,6.0204463408054675e-05,-6.0204463408054675e-05,1.2481972552519733,0.6020446340805468
2024-05-08,0.004499887500000025,1.0,6.022653024754505e-05,0.00443966096975248,1.2537388278886679,0.6022653024754505
2024-05-09,0.0,0.0,0.0,0.0,1.2537388278886679,
2024-05-10,0.0,0.0,0.0,0.0,1.2537388278886679,
2024-05-13,0.0,0.0,0.0,0.0,1.2537388278886679,
2024-05-14,0.0,0.0,0.0,0.0,1.2537388278886679,
2024-05-15,0.0,0.0,0.0,0.0,1.2537388278886679,
2024-05-16,0.0,0.0,0.0,0.0,1.2537388278886679,
2024-05-17,0.0,0.0,0.0,0.0,1.2537388278886679,
2024-05-20,0.0,0.0,0.0,0.0,1.2537388278886679,
2024-05-21,0.0,0.0,0.0,0.0,1.2537388278886679,
2024-05-22,0.0,1.0,5.993333712508929e-05,-5.993333712508929e-05,1.2536636871368292,0.5993333712508929
2024-05-23,0.005999799999999964,0.0,0.0,0.005999799999999964,1.2611854185269127,
2024-05-24,-0.003000049999999878,1.0,5.658382287917524e-05,-0.003056633822879053,1.2573304365197215,0.5658382287917524
2024-05-28,-0.0022495949999999957,1.0,5.668914462403931e-05,-0.002306284144624035,1.2544306752694228,0.5668914462403931
2024-05-29,0.011999199999999927,0.0,0.0,0.011999199999999927,1.2694828398281155,
2024-05-30,-0.00900045000000005,1.0,5.668150837489586e-05,-0.009057131508374946,1.257984966800167,0.5668150837489585
2024-05-31,0.0017501237500000153,1.0,5.669100867165524e-05,0.0016934327413283602,1.260115279731045,0.5669100867165524
2024-06-03,-0.015001250000000013,1.0,6.045712256930067e-05,-0.015061707122569313,1.2411357924470616,0.6045712256930067
2024-06-04,0.0,0.0,0.0,0.0,1.2411357924470616,
2024-06-05,0.0,0.0,0.0,0.0,1.2411357924470616,
2024-06-06,0.0,0.0,0.0,0.0,1.2411357924470616,
2024-06-07,0.0,0.0,0.0,0.0,1.2411357924470616,
2024-06-10,0.0,1.0,5.779501385852608e-05,-5.779501385852608e-05,1.241064060986737,0.5779501385852608
2024-06-11,0.0010800090000000061,1.0,5.7839581592663114e-05,0.001022169418407343,1.242332638716162,0.5783958159266311
2024-06-12,0.0,0.0,0.0,0.0,1.242332638716162,
2024-06-13,0.0,0.0,0.0,0.0,1.242332638716162,
2024-06-14,0.0,0.0,0.0,0.0,1.242332638716162,
2024-06-17,0.0,0.0,0.0,0.0,1.242332638716162,
2024-06-18,0.0,0.0,0.0,0.0,1.242332638716162,
2024-06-20,0.0,0.0,0.0,0.0,1.242332638716162,
2024-06-21,0.0,0.0,0.0,0.0,1.242332638716162,
2024-06-24,0.0,0.0,0.0,0.0,1.242332638716162,
2024-06-25,0.0,0.0,0.0,0.0,1.242332638716162,
2024-06-26,0.0,0.0,0.0,0.0,1.242332638716162,
2024-06-27,0.0,0.0,0.0,0.0,1.242332638716162,
2024-06-28,0.0,0.0,0.0,0.0,1.242332638716162,
2024-07-01,0.0,0.0,0.0,0.0,1.242332638716162,
2024-07-02,0.0,0.0,0.0,0.0,1.242332638716162,
2024-07-03,0.0,0.0,0.0,0.0,1.242332638716162,
2024-07-05,0.0,0.0,0.0,0.0,1.242332638716162,
2024-07-08,0.0,1.0,6.042998099863858e-05,-6.042998099863858e-05,1.2422575645784104,0.6042998099863858
2024-07-09,0.0012399909999999926,1.0,6.043968803939889e-05,0.0011795513119605937,1.2437228711185018,0.6043968803939889
2024-07-10,0.0,0.0,0.0,0.0,1.2437228711185018,
2024-07-11,0.0,0.0,0.0,0.0,1.2437228711185018,
2024-07-12,0.0,0.0,0.0,0.0,1.2437228711185018,
2024-07-15,0.0,0.0,0.0,0.0,1.2437228711185018,
2024-07-16,0.0,0.0,0.0,0.0,1.2437228711185018,
2024-07-17,0.0,0.0,0.0,0.0,1.2437228711185018,
2024-07-18,0.0,0.0,0.0,0.0,1.2437228711185018,
2024-07-19,0.0,0.0,0.0,0.0,1.2437228711185018,
2024-07-22,0.0,0.0,0.0,0.0,1.2437228711185018,
2024-07-23,0.0,0.0,0.0,0.0,1.2437228711185018,
2024-07-24,0.0,1.0,5.862102278725122e-05,-5.862102278725122e-05,1.243649962811733,0.5862102278725122
2024-07-25,-0.0005399979999999967,1.0,5.861954814183965e-05,-0.0005986175481418364,1.242905492120248,0.5861954814183965
2024-07-26,0.0,1.0,5.650738469944983e-05,-5.650738469944983e-05,1.2428352587814597,0.5650738469944983
2024-07-29,-0.0004850042499999803,0.0,0.0,-0.0004850042499999803,1.242232478398901,
2024-07-30,-0.00021500225000000616,1.0,5.636162025191007e-05,-0.0002713638702519162,1.24189538138581,0.5636162025191007
2024-07-31,-0.0037200809999999775,0.0,0.0,-0.0037200809999999775,1.237275429973529,
2024-08-01,-0.00682027224999998,1.0,5.989774189360449e-05,-0.006880169991893585,1.2287627646885178,0.598977418936045
2024-08-02,0.0,1.0,6.0818742890933e-05,-6.0818742890933e-05,1.2286880328818583,0.60818742890933
2024-08-05,-0.0012400089999999927,1.0,5.6023014665184095e-05,-0.0012960320146651768,1.2270956138552074,0.5602301466518409
2024-08-06,0.0032198198750000117,1.0,5.622172745745265e-05,0.003163598147542559,1.2309776512660575,0.5622172745745265
2024-08-07,0.0,0.0,0.0,0.0,1.2309776512660575,
2024-08-08,0.0,0.0,0.0,0.0,1.2309776512660575,
2024-08-09,0.0,0.0,0.0,0.0,1.2309776512660575,
2024-08-12,0.0,0.0,0.0,0.0,1.2309776512660575,
2024-08-13,0.0,0.0,0.0,0.0,1.2309776512660575,
2024-08-14,0.0,1.0,6.111895472409966e-05,-6.111895472409966e-05,1.2309024151987236,0.6111895472409966
2024-08-15,0.006819727749999981,0.0,0.0,0.006819727749999981,1.2392968345571962,
2024-08-16,-0.0012400089999999927,1.0,6.142399525007646e-05,-0.0013014329952500691,1.2376839727657944,0.6142399525007646
2024-08-19,0.0,1.0,6.141215528003337e-05,-6.141215528003337e-05,1.2376079639254713,0.6141215528003336
2024-08-20,-0.003100056250000003,0.0,0.0,-0.003100056250000003,1.2337713096218543,
2024-08-21,-0.0024800359999999854,0.0,0.0,-0.0024800359999999854,1.230711512358225,
2024-08-22,0.004959855999999971,1.0,6.138578046387644e-05,0.004898470219536094,1.236740116050352,0.6138578046387644
2024-08-23,0.0,0.0,0.0,0.0,1.236740116050352,
2024-08-26,0.0,0.0,0.0,0.0,1.236740116050352,
2024-08-27,0.0,0.0,0.0,0.0,1.236740116050352,
2024-08-28,0.0,1.0,5.727047566423138e-05,-5.727047566423138e-05,1.2366692873556326,0.5727047566423138
2024-08-29,0.0013499887500000075,1.0,5.620365167162587e-05,0.0012937850983283817,1.2382692716511736,0.5620365167162588
2024-08-30,0.0007199866249999894,1.0,5.6221167385529905e-05,0.0006637654576144595,1.239091192020921,0.5622116738552991
2024-09-03,0.0,0.0,0.0,0.0,1.239091192020921,
2024-09-04,0.0,1.0,5.691504133105287e-05,-5.691504133105287e-05,1.2390206690945142,0.5691504133105287
2024-09-05,-0.0009000049999999945,1.0,5.68962243006242e-05,-0.0009569012243006187,1.237835048699324,0.568962243006242
2024-09-06,0.0,0.0,0.0,0.0,1.237835048699324,
2024-09-09,0.0,0.0,0.0,0.0,1.237835048699324,
2024-09-10,0.0,0.0,0.0,0.0,1.237835048699324,
2024-09-11,0.0,0.0,0.0,0.0,1.237835048699324,
2024-09-12,0.0,0.0,0.0,0.0,1.237835048699324,
2024-09-13,0.0,0.0,0.0,0.0,1.237835048699324,
2024-09-16,0.0,0.0,0.0,0.0,1.237835048699324,
2024-09-17,0.0,0.0,0.0,0.0,1.237835048699324,
2024-09-18,0.0,0.0,0.0,0.0,1.237835048699324,
2024-09-19,0.0,0.0,0.0,0.0,1.237835048699324,
2024-09-20,0.0,0.0,0.0,0.0,1.237835048699324,
2024-09-23,0.0,0.0,0.0,0.0,1.237835048699324,
2024-09-24,0.0,0.0,0.0,0.0,1.237835048699324,
2024-09-25,0.0,0.0,0.0,0.0,1.237835048699324,
2024-09-26,0.0,0.0,0.0,0.0,1.237835048699324,
2024-09-27,0.0,0.0,0.0,0.0,1.237835048699324,
2024-09-30,0.0,1.0,5.6271967045629965e-05,-5.6271967045629965e-05,1.2377653932862556,0.5627196704562997
2024-10-01,5.00000199999997e-05,0.0,0.0,5.00000199999997e-05,1.2378272815806752,
2024-10-02,5.00000199999997e-05,1.0,5.625844062814729e-05,-6.258420628147588e-06,1.237819534736882,0.5625844062814729
2024-10-03,0.0,0.0,0.0,0.0,1.237819534736882,
2024-10-04,0.0,1.0,5.61562433995732e-05,-5.61562433995732e-05,1.2377500234418046,0.561562433995732
2024-10-07,-4.999995999999883e-05,0.0,0.0,-4.999995999999883e-05,1.2376881359901426,
2024-10-08,2.4999982654514124e-12,0.12195121951219512,6.341069039037592e-06,-6.341066539039327e-06,1.2376802877273176,0.5199676612010825
2024-10-09,3.902437548780426e-05,0.12195121951219512,6.341136161641402e-06,3.2683239326162856e-05,1.2377207391283709,0.5199731652545949
2024-10-10,-2.5000007499998982e-05,0.0,0.0,-2.5000007499998982e-05,1.2376897961006097,
2024-10-11,2.4999991328131504e-12,0.0,0.0,2.4999991328131504e-12,1.2376897961037039,
2024-10-15,-5.0000030000001434e-05,0.0,0.0,-5.0000030000001434e-05,1.237627911576768,
2024-10-16,1.2500002500000358e-05,0.0,0.0,1.2500002500000358e-05,1.237643381928757,
2024-10-17,4.999994250000143e-05,0.0,0.0,4.999994250000143e-05,1.237705264026689,
2024-10-18,1.2500002500000358e-05,0.0,0.0,1.2500002500000358e-05,1.2377207353455835,
2024-10-21,4.999996999999796e-05,1.0,5.6282005985870715e-05,-6.2820359858727545e-06,1.2377129599393837,0.5628200598587072
2024-10-22,0.0,1.0,6.105192333560978e-05,-6.105192333560978e-05,1.237637395182642,0.6105192333560978
2024-10-23,0.0,1.0,6.106903521042562e-05,-6.106903521042562e-05,1.2375618138609779,0.6106903521042563
2024-10-24,0.0,1.0,6.107209723132035e-05,-6.107209723132035e-05,1.237486233365552,0.6107209723132035
2024-10-25,0.0,0.0,0.0,0.0,1.237486233365552,
2024-10-28,0.0,1.0,5.630153510820426e-05,-5.630153510820426e-05,1.2374165609909384,0.5630153510820426
2024-10-29,-2.5000007499998982e-05,0.0,0.0,-2.5000007499998982e-05,1.237385625567633,
2024-10-30,1.2500014999999488e-05,0.0,0.0,1.2500014999999488e-05,1.2374010929065133,
2024-10-31,1.2500014999999488e-05,1.0,5.511157311601334e-05,-4.2611558116013856e-05,1.23734836531793,0.5511157311601335
2024-11-01,0.0,0.0,0.0,0.0,1.23734836531793,
2024-11-04,0.0,1.0,5.4886543062718204e-05,-5.4886543062718204e-05,1.2372804515435933,0.5488654306271821
2024-11-05,-1.0975546585365408e-05,0.0,0.0,-1.0975546585365408e-05,1.2372668717143582,
2024-11-06,-3.780393243902167e-05,0.09999999999999999,5.160316059088249e-06,-4.296424849810992e-05,1.2372137134730234,0.5160316059088249
2024-11-07,-0.0001706764374817059,0.09999999999999999,5.1601823042208845e-06,-0.00017583661978592678,1.2369961659956936,0.5160182304220885
2024-11-08,-4.877697682928927e-06,0.0,0.0,-4.877697682928927e-06,1.2369901323023609,
2024-11-12,-1.2803969939022484e-05,0.12195121951219512,6.3053176907163426e-06,-1.9109287629738826e-05,1.2369664943021277,0.5170360506387401
2024-11-13,-8.750016499999992e-05,0.0,0.0,-8.750016499999992e-05,1.2368582595297768,
2024-11-14,6.249993499999832e-05,0.12195121951219512,6.308633766958891e-06,5.619130123303943e-05,1.2369277602048208,0.517307968890629
2024-11-15,6.890257091463536e-05,1.0,5.4886786899450015e-05,1.4015784015185348e-05,1.2369450967171502,0.5488678689945001
2024-11-18,0.0,1.0,5.6383572667401827e-05,-5.6383572667401827e-05,1.236875353333404,0.5638357266740183
2024-11-19,2.5000005000000716e-05,2.0,0.00011223336019696941,-8.723335519696869e-05,1.2367674565463722,0.5611668009848471
2024-11-20,0.0013499887500000075,2.0,0.0001108555746284512,0.0012391331753715564,1.2382999761319988,0.554277873142256
2024-11-21,1.2499995000000358e-05,0.0,0.0,1.2499995000000358e-05,1.2383154548755089,
2024-11-22,2.499999249999898e-05,0.0,0.0,2.499999249999898e-05,1.2383464127525934,
2024-11-25,1.2500002500000358e-05,2.0,0.00011425325069801682,-0.00010175324819801646,1.2382204069827014,0.5712662534900841
2024-11-26,0.0,2.0,0.00011866889843891389,-0.00011866889843891389,1.2380734687309802,0.5933444921945694
2024-11-27,0.00028500045000000155,2.0,0.00011406717197626742,0.00017093327802373415,1.2382850966874246,0.5703358598813371
2024-11-29,6.309395443925751e-05,1.7476635514018692,9.615930266955499e-05,-3.306534823029747e-05,1.2382441523594943,0.5502163307830151
2024-12-02,-0.0007999962500000784,1.0,5.540025109271845e-05,-0.0008553965010927969,1.2371849626440674,0.5540025109271844
2024-12-03,0.0,0.0,0.0,0.0,1.2371849626440674,
2024-12-04,0.0,1.0,5.541213848103068e-05,-5.541213848103068e-05,1.2371164075795906,0.5541213848103068
2024-12-05,0.0016000150000000457,1.0,5.541213848103068e-05,0.0015446028615190152,1.2390272611227702,0.5541213848103068
2024-12-06,0.0,0.0,0.0,0.0,1.2390272611227702,
2024-12-09,0.0,0.0,0.0,0.0,1.2390272611227702,
2024-12-10,0.0,1.0,5.539208459421645e-05,-5.539208459421645e-05,1.2389586288199075,0.5539208459421645
2024-12-11,-0.003199940000000036,1.0,5.5393027513624594e-05,-0.0032553330275136606,1.234925405875787,0.5539302751362459
2024-12-12,0.0,0.0,0.0,0.0,1.234925405875787,
2024-12-13,0.0,0.0,0.0,0.0,1.234925405875787,
2024-12-16,0.0,0.0,0.0,0.0,1.234925405875787,
2024-12-17,0.0,0.0,0.0,0.0,1.234925405875787,
2024-12-18,0.0,0.0,0.0,0.0,1.234925405875787,
2024-12-19,0.0,0.0,0.0,0.0,1.234925405875787,
2024-12-20,0.0,0.0,0.0,0.0,1.234925405875787,
2024-12-23,0.0,0.0,0.0,0.0,1.234925405875787,
2024-12-24,0.0,0.0,0.0,0.0,1.234925405875787,
2024-12-26,0.0,1.0,5.566610997597885e-05,-5.566610997597885e-05,1.2348566623823314,0.5566610997597885
2024-12-27,-0.0031999399999999806,1.0,5.564433118945647e-05,-0.003255584331189437,1.2308364823810145,0.5564433118945648
2024-12-30,0.0,0.0,0.0,0.0,1.2308364823810145,
2024-12-31,0.0,1.0,5.548446761552426e-05,-5.548446761552426e-05,1.230768190074068,0.5548446761552426
2025-01-02,0.00014693946428570828,1.0,5.542823552863154e-05,9.151122875707674e-05,1.2308808191834568,0.5542823552863154
2025-01-03,0.0,0.0,0.0,0.0,1.2308808191834568,
2025-01-06,0.0,1.0,5.557177951199795e-05,-5.557177951199795e-05,1.2308124169459675,0.5557177951199795
2025-01-07,-0.0003599989999999853,0.0,0.0,-0.0003599989999999853,1.2303693257066795,
2025-01-08,0.00036000099999998535,2.0,0.00011097839832053885,0.0002490226016794465,1.2306757154771935,0.5548919916026942
2025-01-09,-0.0007999962499999674,1.0,5.538513857891551e-05,-0.0008553813885788829,1.2296230183747983,0.5538513857891552
2025-01-10,0.0,0.0,0.0,0.0,1.2296230183747983,
2025-01-13,0.0,0.0,0.0,0.0,1.2296230183747983,
2025-01-14,0.0,0.0,0.0,0.0,1.2296230183747983,
2025-01-15,0.0,1.0,5.562809237031638e-05,-5.562809237031638e-05,1.2295546167919513,0.5562809237031638
2025-01-16,0.004000093750000004,0.0,0.0,0.004000093750000004,1.2344729505298644,
2025-01-17,0.0,1.0,5.551822865216974e-05,-5.551822865216974e-05,1.234404414778332,0.5551822865216974
2025-01-21,0.0,0.0,0.0,0.0,1.234404414778332,
2025-01-22,0.0,0.0,0.0,0.0,1.234404414778332,
2025-01-23,0.0,1.0,5.7266480152162594e-05,-5.7266480152162594e-05,1.2343337247824133,0.572664801521626
2025-01-24,0.001250038750000088,1.0,5.7251622102966503e-05,0.0011927871278971216,1.235806022160863,0.572516221029665
2025-01-27,0.0,0.0,0.0,0.0,1.235806022160863,
2025-01-28,0.0,1.0,5.570585485803984e-05,-5.570585485803984e-05,1.23573718052996,0.5570585485803984
2025-01-29,0.0,1.0,5.570568157715508e-05,-5.570568157715508e-05,1.2356683429480682,0.5570568157715509
2025-01-30,0.0,1.0,5.572002133455781e-05,-5.572002133455781e-05,1.2355994914816366,0.5572002133455781
2025-01-31,-0.004799865000000026,1.0,5.5656329887533974e-05,-0.004855521329887561,1.2296000117955492,0.5565632988753397
2025-02-03,0.0,0.0,0.0,0.0,1.2296000117955492,
2025-02-04,0.0,0.0,0.0,0.0,1.2296000117955492,
2025-02-05,0.0,1.0,5.55312576328091e-05,-5.55312576328091e-05,1.229531730560509,0.5553125763280911
2025-02-06,-4.999875000005348e-05,0.0,0.0,-4.999875000005348e-05,1.2294702555108956,
2025-02-07,0.0021498737500000127,1.0,5.538044610445448e-05,0.0020944933038955582,1.232045372728402,0.5538044610445447
2025-02-10,0.0,1.0,5.511561303307319e-05,-5.511561303307319e-05,1.2319774677923996,0.551156130330732
2025-02-11,0.0017999168750000274,0.0,0.0,0.0017999168750000274,1.234194924826299,
2025-02-12,0.004299495000000026,2.0,0.00011293998658859405,0.004186555013411432,1.2393619497763575,0.5646999329429703
2025-02-13,-0.001620018000000009,1.0,5.7756171226216915e-05,-0.001677774171226226,1.2372825803082221,0.5775617122621691
2025-02-14,0.0,0.0,0.0,0.0,1.2372825803082221,
2025-02-18,0.0,0.0,0.0,0.0,1.2372825803082221,
2025-02-19,0.0,1.0,5.70795511320449e-05,-5.70795511320449e-05,1.2372119567739146,0.570795511320449
2025-02-20,0.0005000199999998756,0.9404388714733543,5.216865889600346e-05,0.0004478513411038722,1.2377660438079856,0.5547267395941702
2025-02-21,0.006419805834639566,0.0,0.0,0.006419805834639566,1.245712261477943,
2025-02-24,0.0010000112499999592,0.9404388714733543,5.2002401762561046e-05,0.0009480088482373981,1.2468932077241819,0.5529588720752324
2025-02-25,0.003500736249999979,1.0,5.697073335624602e-05,0.003443765516643733,1.2511872155558796,0.5697073335624603
2025-02-26,0.0,0.0,0.0,0.0,1.2511872155558796,
2025-02-27,0.0,1.0,6.030627037485177e-05,-6.030627037485177e-05,1.2511117611213687,0.6030627037485177
2025-02-28,-0.006000199999999963,1.0,6.03617615150569e-05,-0.00606056176151502,1.2435293210225349,0.603617615150569
2025-03-03,0.0,0.0,0.0,0.0,1.2435293210225349,
2025-03-04,0.0,0.0,0.0,0.0,1.2435293210225349,
2025-03-05,0.0,0.0,0.0,0.0,1.2435293210225349,
2025-03-06,0.0,0.0,0.0,0.0,1.2435293210225349,
2025-03-07,0.0,0.0,0.0,0.0,1.2435293210225349,
2025-03-10,0.0,0.0,0.0,0.0,1.2435293210225349,
2025-03-11,0.0,0.0,0.0,0.0,1.2435293210225349,
2025-03-12,0.0,0.0,0.0,0.0,1.2435293210225349,
2025-03-13,0.0,0.0,0.0,0.0,1.2435293210225349,
2025-03-14,0.0,0.0,0.0,0.0,1.2435293210225349,
2025-03-17,0.0,0.0,0.0,0.0,1.2435293210225349,
2025-03-18,0.0,0.0,0.0,0.0,1.2435293210225349,
2025-03-19,0.0,1.0,6.0192719235990354e-05,-6.0192719235990354e-05,1.2434544696112528,0.6019271923599036
2025-03-20,-0.0015000124999999388,0.0,0.0,-0.0015000124999999388,1.241589272363655,
2025-03-21,0.004499887499999921,0.0,0.0,0.004499887499999921,1.2471762844104983,
2025-03-24,0.011999199999999927,1.0,6.030298075458639e-05,0.01193889701924534,1.2620661936349202,0.6030298075458639
2025-03-25,0.0,1.0,5.6368925043890005e-05,-5.6368925043890005e-05,1.2619950523202508,0.5636892504389001
2025-03-26,-0.0004499987500000129,1.0,5.635160351656481e-05,-0.0005063503535165777,1.2613560406793722,0.5635160351656481
2025-03-27,0.0,1.0,5.413793052920385e-05,-5.413793052920385e-05,1.2612877534736693,0.5413793052920385
2025-03-28,0.0036802188750000193,1.0,5.423575522433028e-05,0.003625983119775689,1.2658611615769448,0.5423575522433028
2025-03-31,0.0,0.0,0.0,0.0,1.2658611615769448,
2025-04-01,0.0,0.0,0.0,0.0,1.2658611615769448,
2025-04-02,0.0,0.0,0.0,0.0,1.2658611615769448,
2025-04-03,0.0,0.0,0.0,0.0,1.2658611615769448,
2025-04-04,0.0,0.0,0.0,0.0,1.2658611615769448,
2025-04-07,0.0,0.0,0.0,0.0,1.2658611615769448,
2025-04-08,0.0,1.0,6.083670091074779e-05,-6.083670091074779e-05,1.2657841507600636,0.6083670091074779
2025-04-09,0.0019999774999999186,2.0,0.00011832480352696242,0.0018816526964729563,1.268165916920494,0.5916240176348121
2025-04-10,0.0009000049999999945,0.0,0.0,0.0009000049999999945,1.2693072725865522,
2025-04-11,-0.004949848750000017,2.0,0.00011854215307553187,-0.005068390903075548,1.262873927152967,0.5927107653776593
2025-04-14,-0.01000056249999987,1.0,6.113282247889168e-05,-0.010061695322478763,1.2501672744672516,0.6113282247889169
2025-04-15,0.0,0.0,0.0,0.0,1.2501672744672516,
2025-04-16,0.0,0.0,0.0,0.0,1.2501672744672516,
2025-04-17,0.0,0.0,0.0,0.0,1.2501672744672516,
2025-04-21,0.0,1.0,5.507959076873197e-05,-5.507959076873197e-05,1.2500984157653814,0.5507959076873197
2025-04-22,9.502616536356627e-06,0.9764235559428015,5.391185094388385e-05,-4.4409234407527224e-05,1.2500428998518032,0.5521359108530354
2025-04-23,0.00036508107402235363,0.0,0.0,0.00036508107402235363,1.2504992668562551,
2025-04-24,0.00014950830167597345,0.8938547486033519,4.934088075676124e-05,0.00010016742091921221,1.2506245261426774,0.5520011034662663
2025-04-25,0.0009300157500000114,0.0,0.0,0.0009300157500000114,1.2517876266493264,
2025-04-28,0.00177006137499998,1.4414290621779458,7.792244823026384e-05,0.001692138926769716,1.2539058252204283,0.5405916272600049
2025-04-29,0.001538933037138437,1.4414290621779458,7.789659176150116e-05,0.0014610364453769358,1.2557378273301456,0.5404122464674211
2025-04-30,0.0003500043750000287,1.0,5.6939479976046746e-05,0.00029306489502398196,1.2561058400046896,0.5693947997604675
2025-05-01,0.0047994000000000136,1.0,5.6316637000429815e-05,0.004743083362999584,1.2620636547165824,0.5631663700042981
2025-05-02,-0.006399759999999961,0.0,0.0,-0.006399759999999961,1.2539867502216735,
2025-05-05,-0.0023999662500000132,1.0,5.617821898521032e-05,-0.0024561444689852234,1.2509067776009357,0.5617821898521032
2025-05-06,0.0017250612500000126,1.0,5.461750661396682e-05,0.0016704437433860458,1.2529963470011385,0.5461750661396682
2025-05-07,0.0007776274018691635,0.0,0.0,0.0007776274018691635,1.2539707112950085,
2025-05-08,-0.0015042587102803828,1.0,5.644184049971832e-05,-0.0015607005507801011,1.2520136385152283,0.5644184049971832
2025-05-09,0.0,2.0,0.0001190877214287505,-0.0001190877214287505,1.2518645390638197,0.5954386071437525
2025-05-12,-0.0040498987499999915,1.0,5.7944457613938225e-05,-0.004107843207613929,1.2467220758201736,0.5794445761393823
2025-05-13,0.0,0.0,0.0,0.0,1.2467220758201736,
2025-05-14,0.0,0.0,0.0,0.0,1.2467220758201736,
2025-05-15,0.0,0.0,0.0,0.0,1.2467220758201736,
2025-05-16,0.0,0.0,0.0,0.0,1.2467220758201736,
2025-05-19,0.0,0.0,0.0,0.0,1.2467220758201736,
2025-05-20,0.0,0.0,0.0,0.0,1.2467220758201736,
2025-05-21,0.0,1.0,6.173503546242097e-05,-6.173503546242097e-05,1.246645109388611,0.6173503546242097
2025-05-22,0.003100056250000003,1.0,6.173503546242097e-05,0.003038321214537582,1.2504328176714659,0.6173503546242097
2025-05-23,0.0,0.0,0.0,0.0,1.2504328176714659,
2025-05-27,0.0,1.0,5.391696974676845e-05,-5.391696974676845e-05,1.2503653981230651,0.5391696974676845
2025-05-28,-0.00018109717987805548,1.0,5.686900557273968e-05,-0.00023796618545079515,1.250067853438854,0.5686900557273968
2025-05-29,0.002137128049634123,1.0,5.637738085081724e-05,0.0020807506687833058,1.2526689329609213,0.5637738085081725
2025-05-30,0.0007670805335365811,0.5633802816901408,3.084674174164577e-05,0.0007362337917949353,1.2535911901592989,0.5475296659142125
2025-06-02,-0.0014291179732772216,1.0,5.372184845607658e-05,-0.001482839821733298,1.2517323152223567,0.5372184845607657
2025-06-03,0.0,0.0,0.0,0.0,1.2517323152223567,
2025-06-04,0.0,0.0,0.0,0.0,1.2517323152223567,
2025-06-05,0.0,0.0,0.0,0.0,1.2517323152223567,
2025-06-06,0.0,0.0,0.0,0.0,1.2517323152223567,
2025-06-09,0.0,0.0,0.0,0.0,1.2517323152223567,
2025-06-10,0.0,0.0,0.0,0.0,1.2517323152223567,
2025-06-11,0.0,0.0,0.0,0.0,1.2517323152223567,
2025-06-12,0.0,0.0,0.0,0.0,1.2517323152223567,
2025-06-13,0.0,0.0,0.0,0.0,1.2517323152223567,
2025-06-16,0.0,0.0,0.0,0.0,1.2517323152223567,
2025-06-17,0.0,0.0,0.0,0.0,1.2517323152223567,
2025-06-18,0.0,0.0,0.0,0.0,1.2517323152223567,
2025-06-20,0.0,0.0,0.0,0.0,1.2517323152223567,
2025-06-23,0.0,0.0,0.0,0.0,1.2517323152223567,
2025-06-24,0.0,0.0,0.0,0.0,1.2517323152223567,
2025-06-25,0.0,0.0,0.0,0.0,1.2517323152223567,
2025-06-26,0.0,0.0,0.0,0.0,1.2517323152223567,
2025-06-27,0.0,0.0,0.0,0.0,1.2517323152223567,
2025-06-30,0.0,0.0,0.0,0.0,1.2517323152223567,
2025-07-01,0.0,0.0,0.0,0.0,1.2517323152223567,
2025-07-02,0.0,0.0,0.0,0.0,1.2517323152223567,
2025-07-03,0.0,0.0,0.0,0.0,1.2517323152223567,
2025-07-07,0.0,0.0,0.0,0.0,1.2517323152223567,
2025-07-08,0.0,0.0,0.0,0.0,1.2517323152223567,
2025-07-09,0.0,0.0,0.0,0.0,1.2517323152223567,
2025-07-10,0.0,0.0,0.0,0.0,1.2517323152223567,
2025-07-11,0.0,0.0,0.0,0.0,1.2517323152223567,
2025-07-14,0.0,0.0,0.0,0.0,1.2517323152223567,
2025-07-15,0.0,0.0,0.0,0.0,1.2517323152223567,
2025-07-16,0.0,0.0,0.0,0.0,1.2517323152223567,
2025-07-17,0.0,0.0,0.0,0.0,1.2517323152223567,
2025-07-18,0.0,0.0,0.0,0.0,1.2517323152223567,
2025-07-21,0.0,0.0,0.0,0.0,1.2517323152223567,
2025-07-22,0.0,0.0,0.0,0.0,1.2517323152223567,
2025-07-23,0.0,0.0,0.0,0.0,1.2517323152223567,
2025-07-24,0.0,0.0,0.0,0.0,1.2517323152223567,
2025-07-25,0.0,0.0,0.0,0.0,1.2517323152223567,
2025-07-28,0.0,0.0,0.0,0.0,1.2517323152223567,
2025-07-29,0.0,0.0,0.0,0.0,1.2517323152223567,
2025-07-30,0.0,0.0,0.0,0.0,1.2517323152223567,
2025-07-31,0.0,0.0,0.0,0.0,1.2517323152223567,
2025-08-01,0.0,0.0,0.0,0.0,1.2517323152223567,
2025-08-04,0.0,1.0,5.58189970218349e-05,-5.58189970218349e-05,1.2516624447799813,0.558189970218349
2025-08-05,0.0008992652185314707,1.0,5.576140191071709e-05,0.0008435038166207537,1.2527182268292743,0.557614019107171
2025-08-06,0.0,0.0,0.0,0.0,1.2527182268292743,
2025-08-07,0.0,0.0,0.0,0.0,1.2527182268292743,
2025-08-08,0.0,0.0,0.0,0.0,1.2527182268292743,
2025-08-11,0.0,0.0,0.0,0.0,1.2527182268292743,
2025-08-12,0.0,0.0,0.0,0.0,1.2527182268292743,
2025-08-13,0.0,0.0,0.0,0.0,1.2527182268292743,
2025-08-14,0.0,0.0,0.0,0.0,1.2527182268292743,
2025-08-15,0.0,0.0,0.0,0.0,1.2527182268292743,
2025-08-18,0.0,0.0,0.0,0.0,1.2527182268292743,
2025-08-19,0.0,0.0,0.0,0.0,1.2527182268292743,
2025-08-20,0.0,0.0,0.0,0.0,1.2527182268292743,
2025-08-21,0.0,0.0,0.0,0.0,1.2527182268292743,
2025-08-22,0.0,0.0,0.0,0.0,1.2527182268292743,
2025-08-25,0.0,0.0,0.0,0.0,1.2527182268292743,
2025-08-26,0.0,1.0,5.869541082937002e-05,-5.869541082937002e-05,1.252644698018297,0.5869541082937002
2025-08-27,0.0010800079999999934,1.0,5.521629895076377e-05,0.0010247917010492297,1.2539283979091895,0.5521629895076376
2025-08-28,-0.00013499975000000387,1.0,5.520514679877597e-05,-0.00019020489679877985,1.2536898945876722,0.5520514679877597
2025-08-29,0.0005400020000000155,0.0,0.0,0.0005400020000000155,1.2543668896381293,
2025-09-02,-0.0013499875000000014,0.0,0.0,-0.0013499875000000014,1.252673510016704,
2025-09-03,0.0013500125000000013,1.0,5.5697486959824066e-05,0.0012943150130401773,1.2542948641471563,0.5569748695982406
2025-09-04,-0.0011450258749999991,2.0,0.00011011689228924478,-0.001255142767289244,1.252720545020374,0.5505844614462239
2025-09-05,0.00560018375000005,0.0,0.0,0.00560018375000005,1.2597360102598885,
2025-09-08,0.004000093749999948,0.0,0.0,0.004000093749999948,1.264775072401179,
2025-09-09,-0.0023999662500000132,1.0,5.4432244246075727e-05,-0.002454398494246089,1.2616708103679175,0.5443224424607573
2025-09-10,0.0014650297500000235,1.0,5.4389773225946105e-05,0.0014106399767740774,1.2634505736505515,0.543897732259461
2025-09-11,0.0,0.0,0.0,0.0,1.2634505736505515,
2025-09-12,0.0,0.0,0.0,0.0,1.2634505736505515,
2025-09-15,0.0,0.0,0.0,0.0,1.2634505736505515,
2025-09-16,0.0,1.0,5.434279714074346e-05,-5.434279714074346e-05,1.2633819142123301,0.5434279714074346
2025-09-17,-0.0015999849999999904,1.0,5.433146417749285e-05,-0.0016543164641774832,1.2612918807111047,0.5433146417749285
2025-09-18,0.0,0.0,0.0,0.0,1.2612918807111047,
2025-09-19,0.0,0.0,0.0,0.0,1.2612918807111047,
2025-09-22,0.0,1.0,5.56930286358799e-05,-5.56930286358799e-05,1.261221635546274,0.556930286358799
2025-09-23,0.0007200080000000019,1.0,5.5725081764385775e-05,0.0006642829182356161,1.2620594435348766,0.5572508176438578
2025-09-24,0.0,1.0,5.5390768160098535e-05,-5.5390768160098535e-05,1.2619895370928356,0.5539076816009854
2025-09-25,0.0022499687499999707,0.0,0.0,0.0022499687499999707,1.2648289741141214,
2025-09-26,0.00044999874999998167,0.0,0.0,0.00044999874999998167,1.2653981455714365,
2025-09-29,-0.0009000049999999633,1.0,5.5274927369837626e-05,-0.0009552799273698009,1.2641893361228411,0.5527492736983762
2025-09-30,0.0,0.0,0.0,0.0,1.2641893361228411,
2025-10-01,0.0,0.0,0.0,0.0,1.2641893361228411,
2025-10-02,0.0,0.0,0.0,0.0,1.2641893361228411,
2025-10-03,0.0,0.0,0.0,0.0,1.2641893361228411,
2025-10-06,0.0,0.0,0.0,0.0,1.2641893361228411,
2025-10-07,0.0,0.0,0.0,0.0,1.2641893361228411,
2025-10-08,0.0,0.0,0.0,0.0,1.2641893361228411,
2025-10-09,0.0,0.0,0.0,0.0,1.2641893361228411,
2025-10-10,0.0,0.0,0.0,0.0,1.2641893361228411,
2025-10-14,0.0,0.0,0.0,0.0,1.2641893361228411,
2025-10-15,0.0,0.0,0.0,0.0,1.2641893361228411,
2025-10-16,0.0,0.0,0.0,0.0,1.2641893361228411,
2025-10-17,0.0,0.0,0.0,0.0,1.2641893361228411,
2025-10-20,0.0,0.0,0.0,0.0,1.2641893361228411,
2025-10-21,0.0,0.0,0.0,0.0,1.2641893361228411,
2025-10-22,0.0,0.0,0.0,0.0,1.2641893361228411,
2025-10-23,0.0,0.0,0.0,0.0,1.2641893361228411,
2025-10-24,0.0,0.0,0.0,0.0,1.2641893361228411,
2025-10-27,0.0,0.0,0.0,0.0,1.2641893361228411,
2025-10-28,0.0,1.0,5.69131823638235e-05,-5.69131823638235e-05,1.264117387084612,0.569131823638235
2025-10-29,-0.0010449939500000037,0.0,0.0,-0.0010449939500000037,1.2627963920630187,
2025-10-30,0.0,0.0,0.0,0.0,1.2627963920630187,
2025-10-31,0.0,0.0,0.0,0.0,1.2627963920630187,
2025-11-03,0.0,0.0,0.0,0.0,1.2627963920630187,
2025-11-04,0.00028500045000000817,1.0,5.69023863882796e-05,0.00022809806361172855,1.2630844334747844,0.569023863882796
2025-11-05,0.0,1.0,5.6996044079932725e-05,-5.6996044079932725e-05,1.2630124426587375,0.5699604407993273
2025-11-06,0.0005700018000000031,1.0,5.711447954590072e-05,0.0005128873204541023,1.2636602257261529,0.5711447954590072
2025-11-07,0.0,0.0,0.0,0.0,1.2636602257261529,
2025-11-10,0.0,1.0,5.655075792397572e-05,-5.655075792397572e-05,1.2635887647826296,0.5655075792397573
2025-11-12,-0.00027000050000000776,1.0,5.6517902334912465e-05,-0.00032651840233492024,1.2631761797979444,0.5651790233491246
2025-11-13,0.0,0.0,0.0,0.0,1.2631761797979444,
2025-11-14,0.0,0.0,0.0,0.0,1.2631761797979444,
2025-11-17,0.0,0.0,0.0,0.0,1.2631761797979444,
2025-11-18,0.0,0.0,0.0,0.0,1.2631761797979444,
2025-11-19,0.0,0.0,0.0,0.0,1.2631761797979444,
2025-11-20,0.0,0.0,0.0,0.0,1.2631761797979444,
2025-11-21,0.0,0.0,0.0,0.0,1.2631761797979444,
2025-11-24,0.0,1.0,5.6627796286535914e-05,-5.6627796286535914e-05,1.2631046489145608,0.5662779628653591
2025-11-25,9.500004999999613e-05,0.0,0.0,9.500004999999613e-05,1.2632246439193628,
2025-11-26,-9.499994999999613e-05,1.0,5.659703751352092e-05,-0.00015159698751351705,1.2630331428687918,0.5659703751352092
2025-11-28,0.0,0.0,0.0,0.0,1.2630331428687918,
2025-12-01,0.0,0.0,0.0,0.0,1.2630331428687918,
2025-12-02,0.0,0.0,0.0,0.0,1.2630331428687918,
2025-12-03,0.0,0.0,0.0,0.0,1.2630331428687918,
2025-12-04,0.0,0.0,0.0,0.0,1.2630331428687918,
2025-12-05,0.0,0.0,0.0,0.0,1.2630331428687918,
2025-12-08,0.0,0.0,0.0,0.0,1.2630331428687918,
2025-12-09,0.0,1.0,5.448864700966795e-05,-5.448864700966795e-05,1.2629643219017086,0.5448864700966796
2025-12-10,0.002700044999999984,2.0,0.00011115920326159343,0.0025888857967383905,1.2662339922964674,0.5557960163079672
2025-12-11,0.0006200022499999747,1.0,5.660031549616458e-05,0.0005634019345038102,1.2669473909772617,0.5660031549616458
2025-12-12,0.0,0.0,0.0,0.0,1.2669473909772617,
2025-12-15,0.0,0.0,0.0,0.0,1.2669473909772617,
2025-12-16,0.0,0.0,0.0,0.0,1.2669473909772617,
2025-12-17,0.0,0.0,0.0,0.0,1.2669473909772617,
2025-12-18,0.0,0.0,0.0,0.0,1.2669473909772617,
2025-12-19,0.0,0.0,0.0,0.0,1.2669473909772617,
2025-12-22,0.0,1.0,5.381411132851564e-05,-5.381411132851564e-05,1.2668792113293164,0.5381411132851563
2025-12-23,0.00040749802499999595,1.0,5.3723875908563115e-05,0.00035377414909143283,1.2673274004443058,0.5372387590856311
2025-12-24,0.0,0.0,0.0,0.0,1.2673274004443058,
2025-12-26,0.0,0.0,0.0,0.0,1.2673274004443058,
2025-12-29,0.0,0.0,0.0,0.0,1.2673274004443058,
2025-12-30,0.0,0.0,0.0,0.0,1.2673274004443058,
2025-12-31,0.0,0.0,0.0,0.0,1.2673274004443058,
2026-01-02,0.0,0.0,0.0,0.0,1.2673274004443058,
2026-01-05,0.0,0.0,0.0,0.0,1.2673274004443058,
2026-01-06,0.0,0.0,0.0,0.0,1.2673274004443058,
2026-01-07,0.0,0.0,0.0,0.0,1.2673274004443058,
2026-01-08,0.0,0.0,0.0,0.0,1.2673274004443058,
2026-01-09,0.0,0.0,0.0,0.0,1.2673274004443058,
2026-01-12,0.0,0.0,0.0,0.0,1.2673274004443058,
2026-01-13,0.0,0.0,0.0,0.0,1.2673274004443058,
2026-01-14,0.0,0.0,0.0,0.0,1.2673274004443058,
2026-01-15,0.0,0.0,0.0,0.0,1.2673274004443058,
2026-01-16,0.0,0.0,0.0,0.0,1.2673274004443058,
2026-01-20,0.0,0.0,0.0,0.0,1.2673274004443058,
2026-01-21,0.0,0.0,0.0,0.0,1.2673274004443058,
2026-01-22,0.0,0.0,0.0,0.0,1.2673274004443058,
2026-01-23,0.0,0.0,0.0,0.0,1.2673274004443058,
2026-01-26,0.0,0.0,0.0,0.0,1.2673274004443058,
2026-01-27,0.0,0.0,0.0,0.0,1.2673274004443058,
2026-01-28,0.0,0.0,0.0,0.0,1.2673274004443058,
2026-01-29,0.0,0.0,0.0,0.0,1.2673274004443058,
2026-01-30,0.0,0.0,0.0,0.0,1.2673274004443058,
2026-02-02,0.0,0.0,0.0,0.0,1.2673274004443058,
2026-02-03,0.0,0.0,0.0,0.0,1.2673274004443058,
2026-02-04,0.0,0.0,0.0,0.0,1.2673274004443058,
2026-02-05,0.0,0.0,0.0,0.0,1.2673274004443058,
2026-02-06,0.0,0.0,0.0,0.0,1.2673274004443058,
2026-02-09,0.0,0.0,0.0,0.0,1.2673274004443058,
2026-02-10,0.0,0.0,0.0,0.0,1.2673274004443058,
2026-02-11,0.0,0.0,0.0,0.0,1.2673274004443058,
2026-02-12,0.0,0.0,0.0,0.0,1.2673274004443058,
2026-02-13,0.0,0.0,0.0,0.0,1.2673274004443058,
2026-02-17,0.0,0.0,0.0,0.0,1.2673274004443058,
2026-02-18,0.0,0.0,0.0,0.0,1.2673274004443058,
2026-02-19,0.0,0.0,0.0,0.0,1.2673274004443058,
2026-02-20,0.0,0.0,0.0,0.0,1.2673274004443058,
2026-02-23,0.0,0.0,0.0,0.0,1.2673274004443058,
2026-02-24,0.0,0.0,0.0,0.0,1.2673274004443058,
2026-02-25,0.0,0.0,0.0,0.0,1.2673274004443058,
2026-02-26,0.0,1.0,5.67794971731614e-05,-5.67794971731614e-05,1.2672554422317548,0.567794971731614
2026-02-27,-0.0045001124999999205,1.0,5.639243903656168e-05,-0.0045565049390364825,1.261481186550205,0.5639243903656168
2026-03-02,0.0,0.0,0.0,0.0,1.261481186550205,
2026-03-03,0.0,0.0,0.0,0.0,1.261481186550205,
2026-03-04,0.0,0.0,0.0,0.0,1.261481186550205,
2026-03-05,0.0,0.0,0.0,0.0,1.261481186550205,
2026-03-06,0.0,0.0,0.0,0.0,1.261481186550205,
2026-03-09,0.0,0.0,0.0,0.0,1.261481186550205,
2026-03-10,0.0,0.0,0.0,0.0,1.261481186550205,
2026-03-11,0.0,0.0,0.0,0.0,1.261481186550205,
2026-03-12,0.0,1.0,5.34725680697169e-05,-5.34725680697169e-05,1.2614137319115883,0.534725680697169
2026-03-13,0.00027000112499999524,2.0,0.0001103676786814809,0.00015963344631851433,1.261615095732847,0.5518383934074045
2026-03-16,0.009000449999999946,1.0,5.7032129653072836e-05,0.008943417870346873,1.2728982467255234,0.5703212965307284
2026-03-17,0.0,1.0,5.4978598264367796e-05,-5.4978598264367796e-05,1.2728282645641853,0.549785982643678
2026-03-18,0.0004749987500000004,0.0,0.0,0.0004749987500000004,1.2734328563988178,
2026-03-19,0.0004749987500000004,1.0,5.5220126197145456e-05,0.00041977862380285496,1.2739674162907824,0.5522012619714546
2026-03-20,0.0,1.0,5.797871462114349e-05,-5.797871462114349e-05,1.2738935532975166,0.5797871462114349
2026-03-23,0.006000199999999963,1.0,5.537620553329623e-05,0.005944823794466667,1.2814666260047773,0.5537620553329623
2026-03-24,0.0014999237499999736,1.0,5.535084150157517e-05,0.0014445729084983983,1.2833177979758488,0.5535084150157517
2026-03-25,0.007500312500000007,0.0,0.0,0.007500312500000007,1.2929430824974795,
2026-03-26,-0.008999549999999945,0.0,0.0,-0.008999549999999945,1.2813071765793893,
2026-03-27,-0.004499887500000025,1.0,5.8292055962811307e-05,-0.004558179555962836,1.2754667484021966,0.5829205596281131
2026-03-30,0.0,1.0,5.84780207689172e-05,-5.84780207689172e-05,1.2753921616311934,0.5847802076891719
2026-03-31,0.0060002000000000675,2.0,0.00011497336383902081,0.005885226636161047,1.2828981335523764,0.5748668191951041
2026-04-01,0.0,0.21229050279329614,1.0993291425339952e-05,-1.0993291425339952e-05,1.2828840302793252,0.517841885562066
2026-04-02,-0.00016983399441340677,0.21229050279329614,1.0993522472696427e-05,-0.0001808275168861032,1.282652049545677,0.5178527691085947
2026-04-03,0.00037999920000000425,2.0,0.0001110337008697872,0.00026896549913021705,1.2829970386943934,0.5551685043489359
2026-04-06,-0.0008000037499999674,2.0,0.00011101102590252166,-0.0009110147759024891,1.2818282094347038,0.5550551295126083
2026-04-07,-0.00038000080000000425,1.0,5.4474668271358505e-05,-0.00043447546827136274,1.2812712865231661,0.5447466827135851
2026-04-08,0.0002275004750000003,1.0,5.447933971666213e-05,0.00017302113528333817,1.2814929735357663,0.5447933971666212
2026-04-09,0.0,0.0,0.0,0.0,1.2814929735357663,
2026-04-10,0.0,0.0,0.0,0.0,1.2814929735357663,
2026-04-13,0.0,0.0,0.0,0.0,1.2814929735357663,
2026-04-14,0.0,0.0,0.0,0.0,1.2814929735357663,
2026-04-15,0.0,0.0,0.0,0.0,1.2814929735357663,
2026-04-16,0.0,0.0,0.0,0.0,1.2814929735357663,
2026-04-17,0.0,0.0,0.0,0.0,1.2814929735357663,
2026-04-20,0.0,0.0,0.0,0.0,1.2814929735357663,
2026-04-21,0.0,0.0,0.0,0.0,1.2814929735357663,
2026-04-22,0.0,0.0,0.0,0.0,1.2814929735357663,
2026-04-23,0.0,1.0,5.6610725747998816e-05,-5.6610725747998816e-05,1.2814204272884935,0.5661072574799881
2026-04-24,-0.00028500045000000817,0.0,0.0,-0.00028500045000000817,1.281055221890077,
2026-04-27,0.00018999980000000544,1.0,5.6626347000895096e-05,0.00013337345299911034,1.2812260806485032,0.5662634700089509
2026-04-28,0.0,0.0,0.0,0.0,1.2812260806485032,
2026-04-29,0.0,1.0,5.670306448173729e-05,-5.670306448173729e-05,1.2811534312034365,0.5670306448173729
2026-04-30,-0.00028500044999999494,0.0,0.0,-0.00028500044999999494,1.2807883018990245,
2026-05-01,9.499994999999613e-05,2.0,0.00011106697869595988,-1.6067028695963758e-05,1.2807677234366244,0.5553348934797995
2026-05-04,0.004799865000000082,2.0,0.00011122773725658351,0.004688637262743499,1.2867727787096486,0.5561386862829176
2026-05-05,-9.500005000000272e-05,0.0,0.0,-9.500005000000272e-05,1.2866505352313327,
2026-05-06,-0.0003800007999999977,0.0,0.0,-0.0003800007999999977,1.2861616069986244,
2026-05-07,0.00028499954999999496,0.0,0.0,0.00028499954999999496,1.2865281624778464,
2026-05-08,-9.500004999999613e-05,0.0,0.0,-9.500004999999613e-05,1.2864059422380847,
2026-05-11,0.00037999920000000425,1.0,5.652600188208462e-05,0.00032347319811791965,1.2868220600822984,0.5652600188208462
2026-05-12,0.0,1.0,5.415171704346305e-05,-5.415171704346305e-05,1.2867523764582154,0.5415171704346304
2026-05-13,0.00013754237709497273,1.0,5.415377951394793e-05,8.338859758102479e-05,1.2868596769343223,0.5415377951394793
2026-05-14,8.491580307262225e-05,0.0,0.0,8.491580307262225e-05,1.2869689516572311,
2026-05-15,0.0012736852960893808,1.0,5.397391882415508e-05,0.0012197113772652256,1.2885386823297544,0.5397391882415508
2026-05-18,0.00020317201426576538,1.0,5.3954307461096844e-05,0.00014921770680466855,1.288730955117061,0.5395430746109684
2026-05-19,0.000679315100558655,1.0,5.3986412804490624e-05,0.0006253286877541645,1.2895368355540926,0.5398641280449062
2026-05-20,0.0006200097249999994,1.0,5.462362674017333e-05,0.000565386098259826,1.2902659217541088,0.5462362674017334
2026-05-21,0.0003799991999999977,0.21229050279329614,1.10080954778085e-05,0.0003689911045221892,1.2907420184017042,0.5185392343494002
2026-05-22,0.0001698316019552944,1.0,5.4083937433415606e-05,0.0001157476645218788,1.2908914187758345,0.5408393743341561
2026-05-26,0.0008965437656450212,1.0,5.5088959770683805e-05,0.0008414548058743374,1.2919776455640255,0.5508895977068381
2026-05-27,-3.4833037709498715e-05,0.0,0.0,-3.4833037709498715e-05,1.2919326420579778,
2026-05-28,0.00014262490712290272,0.0,0.0,0.00014262490712290272,1.2921169038310603,
2026-05-29,9.254212709497767e-05,0.0,0.0,9.254212709497767e-05,1.2922364790777963,
2026-06-01,-0.00015025030027933636,1.0,5.401460668735503e-05,-0.00020426490696669137,1.2919725205136185,0.5401460668735503
2026-06-02,-7.394081053481316e-05,0.0,0.0,-7.394081053481316e-05,1.291876991018263,
2026-06-03,0.00016838632257255723,0.12195121951219512,6.281134884947278e-06,0.00016210518768760995,1.2920864109803614,0.5150530605656769
2026-06-04,-0.00012407023686204096,0.0,0.0,-0.00012407023686204096,1.2919261015133048,
2026-06-05,0.0004571147811760273,0.12195121951219512,6.280745764660886e-06,0.0004508340354113664,1.2925085457711034,0.5150211527021926
2026-06-08,-8.491653150088807e-05,0.8780487804878048,4.642907842028875e-05,-0.00013134560992117682,1.2923387804478308,0.5287756153421774
2026-06-09,0.00046291665125698905,1.2938547486033518,6.93988177900085e-05,0.00039351783346698057,1.292847338804818,0.5363725554581832
2026-06-10,0.0007999924999999952,1.0,5.402333917811347e-05,0.0007459691608218817,1.293811763049217,0.5402333917811348
2026-06-11,0.0,1.0,5.482750476539244e-05,-5.482750476539244e-05,1.2937408265786128,0.5482750476539244
2026-06-12,0.0023999662500000132,1.893854748603352,0.00010346255471353313,0.00229650369528648,1.2967119071675934,0.5463067048295703
2026-06-15,5.262590991619642e-05,0.0,0.0,5.262590991619642e-05,1.2967801478116074,
2026-06-16,1.0164913407821201e-05,1.0,5.453042108437876e-05,-4.436550767655756e-05,1.296722615502005,0.5453042108437876
2026-06-17,0.0008491504664804505,1.0,5.5193942876220986e-05,0.0007939565236042296,1.297752156881888,0.5519394287622099
2026-06-18,0.0004975440188547441,1.0,5.5107377836942776e-05,0.00044243664101780133,1.2983263299870524,0.5510737783694277
2026-06-22,0.0,0.0,0.0,0.0,1.2983263299870524,
2026-06-23,0.0,0.0,0.0,0.0,1.2983263299870524,
2026-06-24,0.0,1.0,5.801745976085624e-05,-5.801745976085624e-05,1.298251004391446,0.5801745976085624
2026-06-25,0.0005400020000000155,0.0,0.0,0.0005400020000000155,1.2989520625303193,
2026-06-26,0.0010800079999999934,1.0,5.8016358627813334e-05,0.00102199164137218,1.3002795806807685,0.5801635862781334
2026-06-29,0.0,1.0,5.4297492684603685e-05,-5.4297492684603685e-05,1.3002089787597486,0.5429749268460369
2026-06-30,2.2499982500002375e-05,0.0,0.0,2.2499982500002375e-05,1.300238233439017,
2026-07-01,0.00011999990749999841,0.10614525139664807,5.439848881127597e-06,0.00011456005861887081,1.3003871888072582,0.5124910261693892
2026-07-02,-7.737482824022739e-05,0.10614525139664807,5.4398249736219685e-06,-8.281465321384935e-05,1.3002794976931735,0.5124887738307011
2026-07-06,-4.7500024999998066e-05,1.0,5.4302446978542865e-05,-0.00010180247197854093,1.3001471260260453,0.5430244697854286
2026-07-07,0.001044993949999997,1.0,5.7053948687819855e-05,0.0009879400013121772,1.3014315933794376,0.5705394868781986
2026-07-08,0.0,1.0,5.561509642923472e-05,-5.561509642923472e-05,1.3013592141358756,0.5561509642923472
2026-07-09,0.0018000200000000204,1.0,5.564219750233605e-05,0.0017443778024976843,1.30362927626209,0.5564219750233605
2026-07-10,0.0,0.0,0.0,0.0,1.30362927626209,
2026-07-13,0.0,0.0,0.0,0.0,1.30362927626209,
2026-07-14,0.0,0.0,0.0,0.0,1.30362927626209,
2026-07-15,0.0,0.0,0.0,0.0,1.30362927626209,
2026-07-16,0.0,0.0,0.0,0.0,1.30362927626209,
2026-07-17,0.0,0.0,0.0,0.0,1.30362927626209,
2026-07-20,0.0,0.0,0.0,0.0,1.30362927626209,
2026-07-21,0.0,1.0,5.438986377405974e-05,-5.438986377405974e-05,1.3035583720433424,0.5438986377405974
2026-07-22,0.0031999399999999806,1.0,5.438873751199048e-05,0.00314555126248799,1.3076587817262502,0.5438873751199048
2026-07-23,0.0,0.0,0.0,0.0,1.3076587817262502,
2026-07-24,0.0,0.0,0.0,0.0,1.3076587817262502,
2026-07-27,0.0,0.0,0.0,0.0,1.3076587817262502,
2026-07-28,0.0,1.0,5.675980142121332e-05,-5.675980142121332e-05,1.3075845592734727,0.5675980142121332
2026-07-29,0.0005000015000000004,1.0,5.762639879423693e-05,0.0004423751012057635,1.3081630021252164,0.5762639879423693
2026-07-30,0.0,0.0,0.0,0.0,1.3081630021252164,
2026-07-31,0.0,0.0,0.0,0.0,1.3081630021252164,
2026-08-03,0.0,0.0,0.0,0.0,1.3081630021252164,
2026-08-04,0.0,0.0,0.0,0.0,1.3081630021252164,
2026-08-05,0.0,0.0,0.0,0.0,1.3081630021252164,
2026-08-06,0.0,0.0,0.0,0.0,1.3081630021252164,
2026-08-07,0.0,0.0,0.0,0.0,1.3081630021252164,
2026-08-10,0.0,0.0,0.0,0.0,1.3081630021252164,
2026-08-11,0.0,0.0,0.0,0.0,1.3081630021252164,
2026-08-12,0.0,1.0,5.346954241683055e-05,-5.346954241683055e-05,1.3080930552480863,0.5346954241683055
2026-08-13,-0.0006500243749999822,1.0,5.351001063098807e-05,-0.0007035343856309702,1.3071727668041142,0.5351001063098807
2026-08-14,0.003999906249999948,1.0,5.437826552867089e-05,0.003945527984471277,1.3123302535360786,0.5437826552867089
2026-08-17,0.0,0.0,0.0,0.0,1.3123302535360786,
2026-08-18,0.0,0.0,0.0,0.0,1.3123302535360786,
2026-08-19,0.0,0.0,0.0,0.0,1.3123302535360786,
2026-08-20,0.0,1.0,5.6992058987801e-05,-5.6992058987801e-05,1.3122554611328576,0.56992058987801
2026-08-21,-0.007999639999999813,1.0,5.702189205164347e-05,-0.008056661892051457,1.3016830625665121,0.5702189205164347
2026-08-24,0.0,1.0,5.705340136457529e-05,-5.705340136457529e-05,1.301608797120294,0.5705340136457528
2026-08-25,0.012000810000000205,1.0,5.7211885983224365e-05,0.011943598114016981,1.317154689494768,0.5721188598322436
2026-08-26,0.0,1.0,5.7583806715217963e-05,-5.7583806715217963e-05,1.3170788427137143,0.5758380671521797
2026-08-27,-0.000269999499999989,1.0,5.7584691316914694e-05,-0.0003275841913169037,1.3166473885061234,0.5758469131691469
2026-08-28,0.0,1.0,5.721025373654671e-05,-5.721025373654671e-05,1.3165720627749455,0.5721025373654671
2026-08-31,-0.005999797500000033,1.0,5.72131915146308e-05,-0.006057010691514664,1.3085975717145681,0.572131915146308
