DATE,3M,6M,1Y,2Y,3Y,5Y,7Y,10Y,20Y,30Y
2010-01-04,-5.360965478180032e-05,-4.2562568765387764e-05,7.435051511131552e-05,0.00026114401399980613,-0.00020564068460096618,-0.00020248159126673784,0.0003429456534591105,-0.0004851906314763399,0.0007163238905997793,-0.0004046392623895667
2010-01-05,-0.00014619334434761268,4.729242290040349e-05,0.0001362869887023884,0.00021917354400372187,-0.00023394172884021874,-0.00021053227036388691,0.0003840820040296594,-0.0005193692648094439,0.0007501627070733083,-0.00042782335957558537
2010-01-06,-9.864357094844969e-05,-1.659022685104503e-05,0.0001285410114987588,0.00018130460756689455,-0.00011364393023924682,-0.0002311243332662194,0.00029542208538491793,-0.00046547461974329185,0.0006894479132905501,-0.0003683698692551335
2010-01-07,-0.0001108219497517346,8.535954163611434e-05,1.3519440611837845e-05,0.00017277206660624468,-0.00012115144034319583,-0.0001555327616537365,0.0002534821485825414,-0.0004313370116446752,0.0006790804172477766,-0.0003848029969126046
2010-01-08,-0.00015533923439017567,0.00011973846873061236,9.613168955226268e-05,6.860446596104047e-05,-0.00010631489556244163,-0.00018082726129735327,0.0003726875123400905,-0.0004685002576936617,0.0005745376913348019,-0.00032252952168586313
2010-01-11,-0.00010986008467531102,7.77937195267633e-05,6.012579235971328e-05,9.969222758195e-05,-0.00013176497304411006,-0.00011946932874181901,0.0003484313808435127,-0.00047619448158876115,0.0005479950007538023,-0.0002951662467202895
2010-01-12,-0.00013315540389117488,0.00011972344027736401,3.2788585583821625e-05,0.00011724723099342145,-0.00010661143933642439,-0.00019611314447318465,0.00034998848406413846,-0.0004389885819417044,0.0005611129330477457,-0.00030547824648038263
2010-01-13,-0.00011025193596227243,6.285196076536315e-05,5.2870354520674536e-05,0.00019053797659836572,-0.00020525593982322413,-0.00015100431868079328,0.00036890078774383384,-0.0004618956898739604,0.0005699144208755058,-0.00031653501597712214
2010-01-14,-0.0001341868237704337,0.00011091750316653023,8.407694951534893e-06,0.0002634051417139856,-0.00028572708360541897,-0.00011072361721741614,0.0003175200967615102,-0.00037643588992317123,0.00046653587345810155,-0.0002596684280790629
2010-01-15,-0.00020948265763514977,0.0001723438106019438,8.098789981397141e-05,0.00018809134020448225,-0.00023960273123982932,-0.00018711364920129606,0.00034296072790445525,-0.0003793451857042954,0.000560996919079515,-0.00033013585786055566
2010-01-19,-9.493295724475952e-05,8.616433545915667e-05,-5.560797650588315e-05,0.00028713873743298896,-0.00020430070085055568,-0.00016349769224551988,0.0002971491328477155,-0.00037497052961096844,0.00047751523150644376,-0.00025390929520457267
2010-01-20,-0.00010808672625957469,0.00016833411259392617,-0.00016697596919233943,0.00032405159134281034,-0.0002029655597204725,-0.00014361228218896793,0.00030214121235701275,-0.00039124231153279954,0.00045933717615324193,-0.0002404807130688691
2010-01-21,-0.00014486905638154554,0.00014342999567748538,-1.152749075754517e-05,0.00021708241303603805,-0.00017368614276963394,-0.0001911084206876329,0.00028788614220535275,-0.00032077700774894857,0.0004618037979140857,-0.0002690106284279903
2010-01-22,-0.00018634549344449802,0.00018111780610169468,3.211282110375958e-05,0.00013889590077748037,-0.00016250222841490344,-0.0001718416148808813,0.00032500354509997637,-0.00034890203950430076,0.00043690464423400827,-0.0002444180575326832
2010-01-25,-0.00018299808174419493,0.00017484162890004707,1.0101852064630865e-06,0.0002485727127156355,-0.00021147544464330918,-0.00021544176036819226,0.00031751191752348723,-0.00031478657292422635,0.0003953105407124499,-0.0002124324863200175
2010-01-26,-0.0001648136367111674,7.658213124860135e-05,9.082485167717256e-05,0.00026371071604337597,-0.00024549290234158333,-0.00025338947400313505,0.0003337220703298789,-0.00028572326464299663,0.00046958042953067214,-0.00028099539123219164
2010-01-27,-8.423659169046747e-05,0.0001459744311701793,-9.674842214965097e-05,0.00013247303889765867,-0.00010138742786440155,-0.0001401956914572275,0.00034050383373980184,-0.00036442391362918186,0.00040634739895920036,-0.0002389246072963952
2010-01-28,-0.00010198227892806004,0.00013546521748128036,-6.992596137444379e-05,0.0001394868990819316,-3.966881524335164e-05,-0.00025735001254644993,0.00037417193832868165,-0.0003532597604194998,0.00038223536854025547,-0.0002073169815378223
2010-01-29,-0.0001963036774779958,0.00017189518539105888,6.666677343608422e-05,0.00010974310673662196,-6.19940208184469e-05,-0.00031830006303545585,0.00031188533477522623,-0.00023288316763944023,0.0003734616183964229,-0.00022504067787378762
2010-02-01,-0.00020945349101577542,0.00013953087978130696,0.00010011698851092928,0.00018895627472566463,-0.0001226152578970418,-0.00033047242244589256,0.00027022946314048807,-0.000198441821689814,0.0003833174864937283,-0.00022096224269632647
2010-02-02,-0.00019559311067596902,0.00013881050191628334,8.450780766156799e-05,0.00017794734973033965,-0.00010929798024468008,-0.0003630303488088883,0.00027513071571011113,-0.00016834531407531467,0.0003978773282315995,-0.00023714361531076977
2010-02-03,-0.00022271783931371563,9.168012439805568e-05,0.000192639119837067,0.00019155295875530887,-8.311305787605389e-05,-0.00047219722080536763,0.000277008970587779,-0.00014626880482828536,0.0004199907912249487,-0.00024832734542804685
2010-02-04,-0.00032581138045546906,0.00015387665036270559,0.00031560952724235753,0.00014211031523467602,-0.00015844072052554475,-0.0005065225024969769,0.00037651726646611636,-0.00015538557861820984,0.0004038955495088495,-0.00024537138576198603
2010-02-05,-0.00041715274416465205,0.00020295754166487238,0.00037699637528590966,0.00024334508437004812,-0.0002557335286286523,-0.0005665310108781581,0.00028665156738556796,-7.21435292090622e-06,0.00038998673561514013,-0.0002527593200747774
2010-02-08,-0.00031613888523358336,9.519092969853364e-05,0.00034915079206302227,0.0002718703554240084,-0.0002679421311911883,-0.0005378674918891657,0.00028697782100204836,-8.959874996251893e-06,0.00039056232600483826,-0.00026233694692248677
2010-02-09,-0.00026427694472322947,0.00010149637238182825,0.0002426263811147549,0.00024619124896576097,-0.00016530934574176745,-0.000525982751176806,0.00024286778517556076,-1.8140571406775885e-05,0.0004322423385278232,-0.0002913328924578282
2010-02-10,-0.0002717673755306489,9.732607704438455e-05,0.0002555684822917715,0.0002825857196415791,-0.0002023225396765825,-0.000510734137139101,0.0002417320302635466,-5.821427864872997e-05,0.0005054070987543513,-0.00034067280985657783
2010-02-11,-0.00024483294022886325,3.254509501594881e-05,0.0002996934354261953,0.00032529732916814977,-0.0002736891322142991,-0.000521845757653086,0.00028820070083360877,-7.432140356333772e-05,0.0005131925984962343,-0.00034233883406009635
2010-02-12,-0.00035168376554662434,0.00016989358802454438,0.0003412534840052657,0.00015551627495477907,-0.00020814442974194207,-0.00043271330806659083,0.0002816354333696307,-0.00017028328250963398,0.0005721577169184103,-0.0003568445037933146
2010-02-16,-0.0003655944987358058,0.0001959674207647386,0.0003323415623937213,0.00013383593742918864,-0.00017812562628404145,-0.0004516279604710252,0.0002830737082838604,-0.00015913046143156,0.0005751747021304487,-0.0003659829536221612
2010-02-17,-0.00027353342605050115,0.00016858543479986643,0.00021327955337759833,0.00016452492233237463,-0.00018964033971354856,-0.0003941411003707887,0.0002956170296424532,-0.0001589394574846234,0.0005310272917514527,-0.00035777885883104404
2010-02-18,-0.0002505189066716229,0.0001197635577927297,0.00024344544437868414,0.00012022663069275775,-0.0001478802483657008,-0.0003764209017874699,0.0003653393504706934,-0.0002925153482008086,0.0005414657362039846,-0.0003229334001358525
2010-02-19,-0.0002155235950262156,0.00013997265530664546,0.00011371373924520941,0.00019234571606591665,-0.00014153906970165372,-0.00039822934611330463,0.00040135456609197845,-0.0003016353988497464,0.0005139122250173989,-0.00030168325767473275
2010-02-22,-0.00023769083647321278,0.0001408515031964396,0.00017274025654745624,0.00014544177632782804,-0.00013836755315741606,-0.00039752706889400677,0.0004324422116196436,-0.00030943885779154134,0.0004707466643263519,-0.00027737527267172185
2010-02-23,-0.00027847541003429084,0.0001861288811528495,0.00018236865319568203,0.0001439908375303403,-0.00010815323191566521,-0.00045427771328152705,0.0003438405535827124,-0.00020110694253983735,0.00048753344289754336,-0.0003017503942354255
2010-02-24,-0.00019546283050205253,0.00016717914639430525,5.052990169517827e-05,0.0001674832816007249,-0.00013520870506082174,-0.0002625980934319594,0.00029203916063499924,-0.00026485905859196385,0.000433488349561445,-0.0002528749364791652
2010-02-25,-0.00019098101278013742,0.00018516339109541963,4.500888138380191e-05,7.616028983836211e-05,-1.989144289747842e-05,-0.00037261839829439564,0.0003912665241283114,-0.0002808253340991773,0.0004488000575486456,-0.0002827681106770605
2010-02-26,-0.00023758866077175128,0.0001754619812086493,9.813911725722315e-05,0.00012161015929512686,-1.2396970048022399e-05,-0.00039240870569270947,0.00030849040135117606,-0.00023768785518150232,0.0004059929166855755,-0.00022961781057370678
2010-03-01,-0.00028492459517382384,0.00017791728939425908,0.00017157740147149972,0.00016214545805484475,-5.768737134087022e-05,-0.00046377983407927884,0.0002976925071529711,-0.00019908517367399348,0.0004424847275303623,-0.0002455215423582263
2010-03-02,-0.00026059450637441013,0.00013705318401896678,0.00017988556316243104,0.00021548037349958943,-9.670483620095524e-05,-0.0005248741642371428,0.0003067167175477385,-0.0001266896913418511,0.0004459474809261274,-0.0002757084634766177
2010-03-03,-0.00025138316494437455,0.00010227878135642414,0.00018722663452050252,0.0002829135994325063,-0.00012019798167418189,-0.0005957651433609462,0.0002766122169669885,-3.550289298361736e-05,0.00047336172121875686,-0.00031887427469239754
2010-03-04,-0.0001683134027827451,3.713934825709509e-05,0.00012888828073371033,0.0002994457995654804,-5.841515534347162e-05,-0.0006168598014681705,0.00024250325959663047,-1.307549335220759e-05,0.00045148503000510404,-0.00030300754628140997
2010-03-05,-0.00015263095748965826,-1.5188695002387852e-05,0.0001607429896504334,0.0003610196705834297,-0.00011139782704645829,-0.0006043152381617137,0.0001864362563090624,-1.7327525111930642e-05,0.0005206630316833341,-0.00032664914900357167
2010-03-08,-0.00020283744632736763,-4.393738235861002e-06,0.0002489664103387285,0.0002913451237581983,-0.00011215343412072053,-0.0006196816461071578,0.0002727654391641507,-2.0045709791617627e-05,0.00044642314020314905,-0.0003001503654753643
2010-03-09,-0.00017313668247866706,4.002967617666416e-05,0.00011805721013842139,0.0002951043759263552,1.2572072894031713e-05,-0.0006780971198551422,0.0002114929952820449,-4.455617213433571e-06,0.0005518713332874348,-0.00037346751701258785
2010-03-10,-0.00018510058317690553,3.217172886530633e-05,0.00016905233023155677,0.00029829289033535614,-0.0001342398568184161,-0.0005162962563920181,0.00021742894234943674,-3.5056381823397875e-05,0.00045507404604668705,-0.00030071270422248747
2010-03-11,-7.933034591376949e-05,1.3652775568528952e-05,-2.1614230143699766e-05,0.0003610619916759993,-8.181894629243243e-05,-0.000455737854505249,0.00020430022783183427,-0.00010122603175250627,0.00044745856783499904,-0.0002882620532814739
2010-03-12,-0.0002024373477634491,0.0001663995885011968,6.22244019446265e-06,0.0002959584988687612,-0.00010597642817796252,-0.0004822619493905049,0.00025740855290647124,-6.67999535763561e-05,0.0004070763651566195,-0.000276089513231402
2010-03-15,-0.00013280724369278858,0.00010796445647373977,-5.341210122535196e-05,0.0003175135020273608,-8.252255260597467e-05,-0.00042462469539958705,0.0002486930228902673,-0.00013478450240082818,0.000410170613738145,-0.0002553154693432508
2010-03-16,-0.00021433822536239466,0.00013724927216325362,0.00011071197600444685,0.00017673456084287865,-2.4269571814139815e-05,-0.0005095348632042813,0.00025577132920006143,-7.482099674744475e-05,0.0004014195480874713,-0.00025857258819589335
2010-03-17,-0.0001872467028925203,0.00010066653459860422,8.576102725221975e-05,0.0002759660000084419,-0.000131215659725889,-0.0004625745284731128,0.0002665112444523998,-8.939193608904078e-05,0.0004197157217490574,-0.0002780082904181719
2010-03-18,-0.000162593071637599,0.00025580669988736456,-0.000163927369491685,0.00020870150198464,-4.723181371154954e-05,-0.0002940096419264404,0.0002527096003306778,-0.00016852370232891406,0.0003317150018786047,-0.0002130303231608066
2010-03-19,-4.450159253665403e-05,0.00015098837143004765,-0.0002451108314417286,0.00025708712516363946,-3.9815369291302735e-05,-0.00023399353918145474,0.00019946886516045148,-0.0001112152724064841,0.0002027962468543823,-0.0001360137744806228
2010-03-22,-7.72752141052816e-05,0.000136550947339865,-0.00022253189406055713,0.00034937781777632897,1.067787311180221e-05,-0.000408017366950994,0.0001539994914894552,-7.044622649964721e-05,0.0003582637864434912,-0.0002306994823123229
2010-03-23,-4.431385056961911e-05,0.00013000096872774723,-0.0002908327788327487,0.0004050260534755115,2.6731553149835288e-05,-0.00042635497523281843,0.00011903693532108392,-2.7504429672649267e-05,0.0003248906025310194,-0.00021642493840041965
2010-03-24,6.374122026963909e-05,5.232695823405211e-05,-0.0002814489742524011,0.00016360755936954338,9.134592376132747e-05,-8.377346409032746e-05,2.9103737154728693e-05,-0.0001513734364839217,0.00025922830296710997,-0.0001424632255749153
2010-03-25,-4.036695120214202e-05,0.00018609500195503927,-0.00032243299064285864,0.00025413494090747654,5.021910913194372e-05,-0.0002830636542258541,0.00026002591623581345,-0.0002283096025730083,0.0002823381822963794,-0.00015874480018067405
2010-03-26,-0.0001347449546979442,0.00022682904772918476,-0.00017818984154618304,0.00012584576621575347,0.00011536487750119298,-0.00029022114850774106,0.00021733724720559428,-0.00023865270028448904,0.0002988001785082031,-0.0001416356162008553
2010-03-29,-9.488805308838699e-06,0.00014691596736289688,-0.0002702320083601377,0.00010701037447219917,0.00017116199645364483,-0.0002736540772842015,0.00020929079607329149,-0.000165927305177338,0.0002603532421516022,-0.00017694531853664625
2010-03-30,1.099157511337697e-05,5.0208903831534726e-05,-0.00018625576655968267,0.00018943094111027216,7.480087379065775e-05,-0.00031460589131583963,0.0002149138730607597,-0.00011213319629073404,0.00018920399610444089,-0.00011630589944104652
2010-03-31,-2.6953612693571792e-05,0.0001279451399530387,-0.0002381765210990698,0.00021609482755486319,6.256508628078167e-05,-0.00033194455301932546,0.00025619346277414023,-0.00011935838806231142,0.0001322848657433623,-7.939649023616657e-05
2010-04-01,-4.826105328492982e-06,9.86737597112714e-05,-0.0002544020351749792,0.00027366141841644875,3.730800407047638e-05,-0.00034660122449990324,0.00020944949682470682,-6.124167564103278e-05,0.00012445730042088404,-7.637540412446658e-05
2010-04-02,-3.6081839902137296e-05,0.00012850058390526586,-0.00023529025949130776,0.0002526006959643508,1.1786562791573502e-05,-0.00032071418421885517,0.00024754865969400797,-9.666863239774642e-05,0.00012181352117657251,-7.335792407297398e-05
2010-04-05,0.00010731388054369779,4.04839821573676e-05,-0.00041938797770733807,0.00035497001507237523,3.242937553132527e-05,-0.00021190929345266812,0.00019934742124096128,-0.00017591931909494846,9.441441569370268e-05,-2.0598763893431293e-05
2010-04-06,3.838424035264038e-05,1.2857316882199966e-05,-0.00017751637115284713,0.0001965715968399017,3.804854751462278e-05,-0.00024207771939081801,0.00018364527886879922,-0.00011798876702968919,0.00016352111040406764,-9.547446713366325e-05
2010-04-07,-2.62052476058506e-05,1.640981140499766e-05,-1.554797326533755e-05,6.322711894408799e-05,4.8239545599220585e-05,-0.0002405316635391841,0.00019822022910109816,-9.952999773361199e-05,0.00013360253366809238,-7.746556326156118e-05
2010-04-08,7.81043899134022e-05,-3.9932872664250225e-05,-0.00016550627752102368,0.00020173477362594137,3.340228269621895e-05,-0.0002881009364907594,0.00025214826150232045,-0.00012873194054036086,0.00016453025717815678,-0.00010805487728358237
2010-04-09,-3.8135068241044665e-07,7.248317094380504e-05,-0.00016274746559636656,0.00010603644779636455,5.176541310885144e-05,-0.0001356289122849061,0.00013215367267047778,-0.00012162114463112189,0.00010869931428544172,-5.0456266329386434e-05
2010-04-12,-5.895454527217849e-06,-2.31637242432102e-06,-7.933441550140793e-05,0.00019079704692979635,1.715356770909393e-05,-0.0002621702428490108,6.268820104970291e-05,3.978894956226803e-05,0.0001277794208420363,-8.765960392320693e-05
2010-04-13,2.8719346325524432e-05,1.5477081072947253e-05,-0.00017548121831073658,0.00021363719941948703,8.471188987552863e-05,-0.000303280641000412,8.301010758533095e-05,6.572431358181641e-07,0.00016013977909187793,-0.00010782608367993635
2010-04-14,8.340229406176257e-07,2.1747390598899057e-05,-0.00013862733122182655,0.00022114517458820399,1.1787117582949536e-05,-0.0002471099850206229,0.00011800122863745571,-5.6544515979847776e-05,0.0001915033120336168,-0.00012290472828754145
2010-04-15,4.439588480455734e-06,4.814949456483173e-06,-0.00013985868648409318,0.00023706493598453504,6.254062435168128e-05,-0.000315850304869459,0.00010296506813386314,-3.492317651217908e-05,0.00018130168353445303,-0.00010153785844516788
2010-04-16,-0.00011674198673860387,0.00012880553380983538,-8.994458169983392e-05,0.0001616171333225138,0.00012398314728903279,-0.0003599457243589864,6.640155651074786e-05,-2.0661273733291186e-06,0.00018074746421162247,-9.169584308500733e-05
2010-04-19,-4.08157202337995e-05,1.9091177038325566e-05,-3.2852113986517155e-05,0.00015700033755635528,3.883268888404956e-05,-0.0003012736184392628,0.00011876754696485414,-3.645950373815793e-05,0.0002055683173792025,-0.00012760081503413595
2010-04-20,1.4460911149274513e-05,8.109051546715098e-05,-0.0002976919689298696,0.00029202153751189085,7.79892222744806e-05,-0.0002602715179679804,6.812150502490816e-05,-6.672626904550422e-05,0.00017092438962076212,-7.761837723815196e-05
2010-04-21,-1.9119284817394663e-05,2.2758018984582896e-05,-7.080294608939001e-05,0.00017081459656241235,5.173054969246152e-05,-0.0002994536413250849,5.825765678156569e-05,2.219782635545786e-05,0.00018086561191967693,-0.00011697651715645435
2010-04-22,4.284457478732342e-05,1.1909398375393922e-05,-0.00019374020342424574,0.0002152104748879887,3.350689835995846e-05,-0.0002549494697519569,0.0002049792709648765,-0.0001125479202416374,0.00010676383299136616,-5.370135373052726e-05
2010-04-23,1.8055355634380996e-05,0.00011907278883291654,-0.0002907876151740235,0.00019645532010338466,5.909481228462757e-05,-0.0002583079652475895,0.00020943929356097984,-8.22039456681023e-05,0.00011898950108684553,-9.053275159519314e-05
2010-04-26,2.7203977224976236e-06,2.6305846420814852e-05,-0.00014848794180002175,0.00018121086393213352,6.477310339345066e-05,-0.00023907369960798897,0.00012807167056861496,-7.197088775480476e-05,9.49978097629714e-05,-3.76517607167115e-05
2010-04-27,-3.817398862114834e-05,7.084559548709013e-05,-0.00020491508562514148,0.0004189885386929604,-7.080182030850396e-05,-0.00036616943311472416,6.489838430499828e-05,5.9983450992562304e-05,0.00022926887745006175,-0.00016441905481850982
2010-04-28,-1.6150233716689597e-05,7.094343187282783e-05,-0.00017012010216118853,0.0001825688468726737,0.00011705143590260217,-0.00035504118075859945,0.0001147378896188822,1.965434754008094e-05,0.00012573360300730668,-8.957355025197844e-05
2010-04-29,3.7845597986065505e-05,-1.71527615678152e-05,-0.00016406904955771403,0.00021496204245786098,0.00012435802433339443,-0.00037390385777359356,0.00012463642024513472,4.147568559487169e-05,2.613167251758891e-05,-1.3710124869892315e-05
2010-04-30,-0.00016049721271727034,0.00019078894224209718,-8.506741652116335e-05,0.00021861547915922631,-4.316359316039464e-05,-0.000320741984225565,0.00012124079335876572,5.3720254466406436e-05,0.00010182352693084706,-7.644009784850414e-05
2010-05-03,-4.71389760114693e-05,0.00010577692093239818,-0.00011427709155904017,0.00014034733151915488,3.0602969875143105e-05,-0.0003311191955219263,0.00016302191422065682,7.066788562975351e-05,8.467882682770128e-05,-0.00010431563536579536
2010-05-04,-0.00016325939169039216,7.749513505604568e-05,0.00010859438041597828,0.00018963968405273125,-6.435057620715265e-05,-0.0004385586751544969,0.00015417292406833677,0.0001338086425418522,9.712730106416906e-05,-9.472544172932362e-05
2010-05-05,-0.0001914196206507508,0.00010155740920809314,0.00015383661420349934,5.729776842218828e-05,6.812784967816579e-05,-0.00044185353576022685,7.384793372450932e-05,0.00016529132167264482,0.00011813919252240401,-0.00010422024291151938
2010-05-06,-0.0002848631890241199,1.4016434743349552e-05,0.0004928547228196796,1.12848912524003e-05,-5.195917469240016e-05,-0.0005622370242205806,0.00013024680142239425,0.0002807363495737625,5.835264774340515e-05,-8.85291201516078e-05
2010-05-07,-0.0003622974978595402,0.00013354494535971996,0.0003761881743906902,0.00019945766753523726,-0.0001440840068480144,-0.0006371892014651395,0.000136207688547052,0.000298508783945238,0.00016422273901228052,-0.0001635326299661774
2010-05-10,-0.00020355555307950278,5.741691238727231e-05,0.00021509351181085018,0.00014417995606188366,1.3073561175299536e-05,-0.0005726092222467713,0.00011897917166219657,0.0002465583058202242,7.529629164753499e-05,-9.442714160273757e-05
2010-05-11,-0.00027441864428765883,0.00015678109194490345,0.00021449671738735677,0.00013783335023786515,-7.373527947449748e-05,-0.0004963634029465577,0.00014110467148325048,0.0002022699580900844,0.00010958082112809409,-0.00011779042384877508
2010-05-12,-0.00018448925272899282,2.9613399360250547e-05,0.00022304002863243787,0.00019909226013741302,-0.0001356184726824458,-0.0004953879836522429,0.00030390585564929115,-9.803933654441155e-06,0.0002311418670035495,-0.0001609442921554627
2010-05-13,-0.00023492834062282305,3.604308544845466e-05,0.00031563487061395156,0.00018947524247459394,-0.00020353739596210875,-0.00044767988296225483,0.00023927660688111488,9.934972394383401e-05,6.996963549897595e-05,-6.318025477203282e-05
2010-05-14,-0.00028195903767246934,0.0001864066267203866,0.00016801688388345688,0.00019382085238228534,-0.00013710666577450292,-0.0004804105780423229,0.0002279763038683831,0.00012097546479291482,8.97452922804104e-05,-8.721142918501762e-05
2010-05-17,-0.00033052219820115273,0.00020510876657739863,0.00023256495153798663,0.0001830417588369864,-0.00019500252800926793,-0.00038875886655277,0.00019675636007359526,7.603507407504678e-05,0.00014434144837037477,-0.00012489642670866774
2010-05-18,-0.0003626455333779798,0.00019891762446365294,0.000331989444271894,0.00016082845894726042,-0.00024987083854525853,-0.0004742725686569284,0.00028208599414513216,9.942774026350937e-05,0.00015659775368721818,-0.00014348825765674728
2010-05-19,-0.00026639079167742287,0.00017680567322192128,0.00015085086377659897,0.0002603312680638263,-0.0002369734026015681,-0.00042470276192564313,0.00026130854557564545,-2.2159585411213323e-06,0.0002451826001301227,-0.00016127507648854705
2010-05-20,-0.0002772781701425161,0.00012702270002848013,0.00022413143083170346,0.00026539240264634566,-0.00023507780447049216,-0.0004426120713680558,0.0002044634436813679,4.9364748123392754e-05,0.00028604325681599874,-0.0002004966115845483
2010-05-21,-0.00037585325068244246,0.00022985016402691334,0.00024645430678261896,0.0002625094439565002,-0.0002495104252416766,-0.0004018758395427195,0.00015357169190980194,-3.6648222034238453e-06,0.00034689866891496335,-0.00020717363459821225
2010-05-24,-0.00029722495546432486,0.00016522215338140352,0.00021454092178911036,0.0002484327709939213,-0.00020633119178408224,-0.0003992963137583287,0.00012857293464573621,2.3990145035082677e-05,0.0003986400291681666,-0.0002768446037549818
2010-05-25,-0.00021377488675584097,3.759823203285497e-05,0.00015856085594051017,0.00046726309960219876,-0.00027140773399495985,-0.00046259071227859605,-1.0719012479704082e-05,0.00014854685419505437,0.0004848503145406455,-0.0003381220803888238
2010-05-26,-0.00017473378294019862,8.814221054778606e-05,7.326259785251331e-05,0.00022237732374670582,9.602588122657393e-06,-0.00042353402383059346,3.285408911323298e-05,1.5086903797117968e-05,0.0004199589853397523,-0.0002623506016607713
2010-05-27,-8.580656925892679e-05,9.027347274806821e-05,-9.30926310920171e-05,0.0002524711296893814,-9.999608210749245e-06,-0.00029187606102787367,6.554978125064906e-05,-8.70179677539551e-05,0.0004241779547037097,-0.0002645530577388977
2010-05-28,-0.0002512484822654621,0.00018188539675647935,0.0001604700099540851,3.3426122496500385e-05,2.2546202707333582e-05,-0.0003187424799778425,4.6545626434881665e-05,4.812419284620784e-06,0.00035551476312049163,-0.00023493373643254656
2010-06-01,-0.00030450756871313526,0.00020692947417963762,0.0001632509586626655,0.00014310896240467968,-3.0327651433566943e-05,-0.00038343908824983036,5.201043792166585e-05,-2.1729723744860763e-05,0.00041780845474077843,-0.0002425023847852023
2010-06-02,-0.0002451322872977658,7.122050478738321e-05,0.0002770693555770344,0.00016662710036519264,-0.00010916695328991657,-0.0004475091796537489,0.00016482474739216643,-9.10579519149135e-06,0.0003771385012294737,-0.0002460114319717682
2010-06-03,-0.00032750631397372807,0.00016229098218908337,0.00031628837803470084,0.00011166654873512837,-0.00014246688221255556,-0.0003936100804559431,0.00014826181451355752,1.3334185323982117e-05,0.00032831062589013665,-0.00021616983524564565
2010-06-04,-0.0004537876145254032,0.00026008315277512755,0.0003915563245019795,0.0001300352254608216,-0.00017064851734104394,-0.0005336548250821915,0.00017347306099829013,9.794431998785824e-05,0.0003877481835541166,-0.0002832170124116018
2010-06-07,-0.00048288011791111597,0.00023533818222565804,0.0004482176053974252,0.00023132777336227518,-0.0002102298867221776,-0.0006862969186469427,0.00016165719450687496,0.0001785433929275479,0.0004720692082697542,-0.000347665074722274
2010-06-08,-0.0003269320898889804,0.00012513091229117315,0.00033698471801637793,0.0001028289318265414,8.64807930641559e-06,-0.0005899267178837465,7.641228246452192e-05,0.00014318389652017566,0.00041420382931804667,-0.0002878846034886362
2010-06-09,-0.00033473219169725303,0.00010390557871252284,0.00038641985044618986,0.00019157346588059582,-0.0001580661907254633,-0.0005417709802196108,6.937414921712182e-05,0.00018809054266227115,0.0004055817424406527,-0.00031075538949886655
2010-06-10,-0.0002905015873038107,0.00015338542058802385,0.00025594465289287705,0.00014625905383069873,-0.00015575505511363635,-0.0003821595146455137,0.00014318550811337136,5.32728853334663e-05,0.0002688273835941557,-0.00019248227598026718
2010-06-11,-0.0003116130484920595,0.00018747270502731598,0.00019113683571738262,0.00024914492227332257,-0.0001246174360013206,-0.0004812685932506326,3.9015121307290485e-05,0.00011720601909252781,0.0003591572160938916,-0.00022330145609641971
2010-06-14,-0.0003089651320480834,0.00013590011288514567,0.00024802564929578405,0.00027350865086468723,-0.00018792760257836487,-0.00044662896459252144,0.00012022403506679533,5.6470621252462105e-05,0.0003523546020586313,-0.00024346055244466036
2010-06-15,-0.0002247546806192352,0.00011828696437522594,0.00011685810051560892,0.0002940512247443178,-0.00012304072019465005,-0.0004749336695771718,0.00013525627996011785,3.8254491818809355e-05,0.00037775837812108887,-0.000257754314495616
2010-06-16,-0.00027094256417052706,0.0001773941872909579,0.0001379185453410951,0.00020618348987346252,-0.00012102834610025828,-0.000416222415844672,0.00020185465422601842,8.122908647566207e-06,0.000287505947984365,-0.0002118176774138017
2010-06-17,-0.00028307359668637544,0.00020100737810459387,0.0001282444693083422,0.0002100276002628314,-0.00012885105468863137,-0.0004082004579984769,0.00016948179280850892,6.259272238830216e-06,0.0003342661626744431,-0.00022862088325800028
2010-06-18,-0.0002338799037004647,0.00014334489026768499,0.000155250878210052,0.00020453933803176502,-0.00016412801153456794,-0.0003861768080931083,0.00017107011094680616,5.770691934262051e-06,0.0003033554587851331,-0.00019807849417145806
2010-06-21,-0.00018592462166857,0.00012113478268928595,6.676687003614448e-05,0.00021937736168296806,-8.508191364367881e-05,-0.00039733277828548144,0.00019267389226163,-2.332018131307595e-05,0.0002774870415541905,-0.00018568471295154348
2010-06-22,-0.000262159516870479,0.00014452566537452908,0.0001598271596447362,0.000261574715997138,-0.0001764266886410508,-0.0003992501386355131,0.00017682439677150705,2.4743670126725625e-07,0.00032343999228141157,-0.00022974974450864355
2010-06-23,-0.00038765318522794275,0.00021093548630250563,0.00037362653117212945,6.733672650396927e-05,-0.000162185170290376,-0.0003861100881200029,0.00012354723459259698,5.69359024611589e-05,0.00034524968371237724,-0.0002415049905713021
2010-06-24,-0.00038278037750079483,0.00022634099749594067,0.0003014187321306854,0.00019779551740011295,-0.0002441014206876202,-0.0004079087852411796,0.00015698692790007407,2.2651551070292097e-05,0.0004169162831002965,-0.0002911595051013974
2010-06-25,-0.00047096270649005234,0.00030098146049995726,0.0003722349398288705,0.00018069491900779555,-0.0003102063285505968,-0.0004471663741186342,0.0002128808920797351,6.211732135254569e-05,0.0004146361205856347,-0.00031611432885831486
2010-06-28,-0.0004778011906848897,0.0002407407244391182,0.00044892518491999704,0.00017120693091274373,-0.00023745249884542935,-0.0005004055661620606,0.00012449497328600664,9.956142993136283e-05,0.0004067095704651455,-0.00027541743384977557
2010-06-29,-0.0005853591850570037,0.0002999843243806971,0.0005890901655391072,0.00018366137461409485,-0.0003953566631101201,-0.0005074837634077775,0.00018406042992871394,7.268592103060537e-05,0.000530448682559588,-0.0003717832565427112
2010-06-30,-0.00014650105757909758,9.173298580405706e-05,0.00019685087100172272,-9.687971267638255e-05,-0.00016344212295552572,3.608506166680528e-05,0.0002748498367555405,-0.0002500394600548732,0.00011930911123784332,-6.539758774374432e-05
2010-07-01,-0.00015818134594928492,0.00012548499072346413,0.00014902051557165062,-2.903417256081009e-05,-0.00021615168347573037,2.46041440981129e-05,0.00033530834989933464,-0.0002891506262099504,7.640186717020742e-05,-1.804032744667783e-05
2010-07-02,-0.00012410351308324167,0.00014938541348853088,4.780977442625815e-05,-9.08472875290299e-05,-4.1933436531037954e-05,-1.655620382801093e-05,0.00030471478179608727,-0.0003124120808633314,0.0001153242519977768,-3.1072878644407276e-05
2010-07-06,-0.00015490521849505549,4.9992701969627396e-05,0.0002129127762053695,1.003635733375953e-06,-0.0001363298743801717,-0.00013854320154199629,0.0002861324607309722,-0.00016617590504562976,9.747505987842131e-05,-5.128508020952466e-05
2010-07-07,-0.0001230810304241048,5.545716235387196e-05,0.00016442680779026053,4.592671474194267e-05,-0.0001893967450343221,-0.00015107564808889903,0.0003597377895203993,-0.00020267583430014224,0.00011728484062994288,-7.711053582729055e-05
2010-07-08,-0.00014178228700637745,4.8546164223857175e-05,0.00016229733456716525,0.00010498461796720326,-0.0001996280892225307,-0.0002093890937640737,0.0003876639916124171,-0.00017028272024939908,2.8238787763722184e-05,-1.0833598574962189e-05
2010-07-09,-9.283636281858204e-05,9.231992851861876e-05,8.792110964253022e-05,-2.3716435919416898e-05,-0.00019038003043866415,-1.0696662361003861e-05,0.0004106011907896133,-0.0003038550784408116,7.695771629699644e-06,2.2570906426697124e-05
2010-07-12,-5.6598591819557705e-05,7.607533544094118e-05,-3.025272228858629e-06,1.9724053215515805e-05,-4.941516509496084e-05,-0.00010968149769487179,0.00027475497710097857,-0.00019113716562671468,6.0150267334323215e-05,-2.101339622171544e-05
2010-07-13,-7.885942976712935e-05,0.00011699601893845699,-3.6774892648382997e-05,4.151871408409821e-05,-5.567054872259239e-05,-0.0001081365805273328,0.0002619976695183296,-0.0001747509167644018,5.0074523757798195e-05,-1.6340008450917154e-05
2010-07-14,-7.011769883896019e-05,0.0001274255216118694,-5.718085999025782e-05,5.59022423461562e-05,-9.904932577862319e-05,-0.00011617861868724183,0.00029637694056160874,-0.00013787508538404616,1.1933660621729625e-05,-1.1147559797253237e-05
2010-07-15,-0.00016322303553057728,0.0001806412544805118,-1.537560287359109e-05,0.00015599229536321021,-0.00016748155852261415,-0.0001955646937730031,0.0003288422403501315,-0.0001290343906862404,-1.0652160539748046e-07,5.366718155819239e-06
2010-07-16,-0.00020603618135001394,6.978223301860463e-05,0.0001390222676677399,0.00033698586608775505,-0.00027548780651513033,-0.0003445654166967238,0.00026109256932812727,2.4967900449757163e-05,4.347808111892365e-05,-4.9406502567669874e-05
2010-07-19,-0.00014613928725732903,6.22262478837286e-05,7.20086002620867e-05,0.00028453894857471355,-0.00026114911366270296,-0.00023738548776221224,0.00027262240816561256,-5.120898127299739e-05,2.9972063591357512e-05,-2.520138921192905e-05
2010-07-20,-0.00017334362559633608,4.4430127124436445e-05,6.851382121643825e-05,0.00039655215226322253,-0.00024450589297101213,-0.0003265376916962333,0.00027077710916964884,-7.31555993551021e-05,5.953590887686211e-05,-2.198799906597687e-05
2010-07-21,-0.00020143257710839696,4.9351973434677045e-05,0.00014111289723060891,0.00030309281869604805,-0.00021477289846950388,-0.0002966918162119539,0.00024269672901463396,-6.544318832181137e-05,3.753675692091951e-05,6.255845162804474e-06
2010-07-22,-0.00020058698657791788,0.00012971010271699908,7.866543098178098e-05,0.0003538958322749381,-0.000345229876501766,-0.0003609416088120182,0.0003826299684259113,-1.7358802085934433e-05,7.111421151582281e-05,-9.333253424553822e-05
2010-07-23,-0.00019817760819072273,0.00013903840848553074,7.830792447945708e-05,0.0002754398655102283,-0.0003355483434063153,-0.0001711029187020964,0.00031435369263533436,-0.00010509459028897744,2.0801467687958652e-05,-1.8677003340482334e-05
2010-07-26,-0.0001860424440549345,8.75636772619615e-05,0.0001337684159230688,0.00024035128049838556,-0.0002874629304245712,-0.0002743502473053737,0.0003739963498637956,-8.955082992004662e-05,8.479249421960988e-06,-5.2452924878196305e-06
2010-07-27,-0.00022405076271253587,0.00017014801265636701,8.39205694923937e-05,0.00020564026266720915,-0.00023530055593071718,-0.00023216821947085603,0.0003793132760743917,-0.00019050378672259144,5.818868273672895e-05,-1.4973895208006405e-05
2010-07-28,-0.0002949737388075616,0.00010210307883150912,0.00028737293532208425,0.00024670698305241136,-0.0003535203140535969,-0.00023402669880085228,0.00028182505136761446,-6.525289320893912e-05,0.00012427890585659657,-9.485436584474177e-05
2010-07-29,-0.00036913113196027276,0.00010190116065807555,0.00040234808791929757,0.00029682770257888694,-0.0003476607509338963,-0.00042725959350217377,0.00023818142425827832,0.00010540430810116255,0.00010570550437863369,-0.00010656301940515506
2010-07-30,-0.0004618660334628102,0.00012055356702568793,0.0005118833555004644,0.0003888190555609381,-0.0004660894535789082,-0.0005286644642024593,0.00024024401575782617,0.00027114316981278683,-1.8448260904191383e-05,-5.787367468747251e-05
2010-08-02,-0.00040089947298549444,9.960043295930776e-05,0.00040323838116791385,0.0004420735942029111,-0.0004928438037275513,-0.000439161456481308,0.000275833638652221,0.00015470350649617395,8.400940944251756e-06,-5.087324549650496e-05
2010-08-03,-0.00047590196891692167,0.00011258123627553998,0.00046753617379590665,0.0005302032677878344,-0.0004576823085425709,-0.0006535885426076152,0.00020232028235689023,0.00034625765141904977,4.876443598547664e-06,-7.751475702310467e-05
2010-08-04,-0.00038882394672166303,9.464798830389944e-05,0.000380500992781474,0.00042605825036563447,-0.0003747540412688717,-0.0005410126059979294,0.00022892206899870898,0.00023257430459365513,-3.538649527599219e-05,-2.2207485444153408e-05
2010-08-05,-0.0004638804190986376,8.977529936575056e-05,0.000488974909360949,0.00048097857125964285,-0.00044286791390264757,-0.0005603219169299685,0.0001998436924686743,0.00025985771812754577,-4.340134588972505e-05,-8.289619376530832e-06
2010-08-06,-0.0004301693937946839,0.00014117619415515074,0.00038965017236940744,0.0004099696987853608,-0.00037738991152700633,-0.0005659563387944693,0.00023765161478798286,0.0002821763918183784,-6.605066170955326e-05,-2.0853042648684428e-05
2010-08-09,-0.00037245662687291985,0.0001022878327199305,0.00031127032317331644,0.0005022558457137595,-0.0004000585465537866,-0.0004945218755018771,0.00011924682342726728,0.0002606458766472586,7.28764327049547e-05,-0.00010129849225748444
2010-08-10,-0.000401699586759677,0.00010999228005595754,0.0002983804335670872,0.0005526391676303416,-0.0003008977074766784,-0.0006790775610907226,0.00014149039441949812,0.000296636488401638,0.00014243634371593344,-0.00016076413292424874
2010-08-11,-0.00034286121724073026,9.425515179815273e-05,0.00019345422040128665,0.0006307008313904596,-0.0003257066142846104,-0.000618962696948425,4.839277163062178e-05,0.000325319327684339,0.00015237042911659532,-0.00015660918361115606
2010-08-12,-0.0001841835574778435,-8.419964234380236e-07,0.00011163722585247511,0.0005372292007173344,-0.00027744762973957657,-0.0005068040913800004,6.892538196785758e-05,0.00027994125054628394,0.00011049818188971217,-0.00013928071776708045
2010-08-13,-0.000264006536783317,8.731011902501939e-05,0.0001654854365632629,0.0004022331918717686,-0.0002452435856904883,-0.00039678186608551637,3.640700146228387e-05,0.00020769838276310862,0.0001140421896142843,-0.00010650919029769196
2010-08-16,-0.00025445504905229174,7.142089848044845e-05,0.00017989417484914243,0.0004186939527379028,-0.0002811060350430298,-0.0004301011182770431,0.0001430633761237872,0.000174776518221946,4.549049056519483e-05,-6.771020670553324e-05
2010-08-17,-0.00021857500672134954,1.4018458967871277e-05,0.00021608770801869598,0.0003923989495397016,-0.000298676089987235,-0.0004277802900082388,0.00021666914971062157,0.0001540607546049108,-2.5829247663991528e-05,-2.2498600750146813e-05
2010-08-18,-0.0002407617237045979,9.392287090824437e-05,0.00019255546539653822,0.00034419889841046103,-0.0003793431116011787,-0.00026002169052948346,0.00016789076808108525,0.0001370206374866345,-8.229374096827002e-05,2.6944312571136608e-05
2010-08-19,-0.00027924042577713603,9.323731051404083e-05,0.0002617704348850383,0.00033252776887301473,-0.00039552328084571393,-0.00033892247156217664,0.000277037803666072,0.00012463204467184907,-0.00010437642017439852,2.8841706857705984e-05
2010-08-20,-0.0002767301499300744,0.0001346769833995788,0.00029685748330597356,0.00010646554883062681,-0.0003308440213439382,-0.00019059504782318638,0.0002917256451672075,6.699977161503043e-05,-0.0002118185586008972,0.00011405487220358251
2010-08-23,-0.0002635118323737137,9.845492486197866e-05,0.0002431757662448345,0.00026236466257628915,-0.0003138929965782319,-0.00032641720733258585,0.0002598739325147155,0.00011729846381656334,-0.0001307164734166283,5.3484069985912375e-05
2010-08-24,-0.0003563988245531382,9.565682676270578e-05,0.00035981734599113083,0.00041538645303462393,-0.00046938687044971623,-0.0004099181475182862,0.00024003355347941221,0.00018998513326273087,-5.6907918615983766e-05,-7.912204245563714e-06
2010-08-25,-0.00021826301135648694,4.6992783502355267e-05,0.00016977202301476143,0.0004387002715976534,-0.0003488392670438611,-0.0004659947898664144,0.00028129722689341705,0.00016720863557688828,-4.905152158480447e-05,-2.2108189810396417e-05
2010-08-26,-0.00018263462731594798,8.065396047525074e-05,0.00010833978369495815,0.00030989370212563573,-0.00023043880796274653,-0.0004473690651361113,0.00028591410754374297,0.00016727251611160093,-9.212985456045347e-05,2.089929590498585e-08
2010-08-27,-0.00023267754689558235,6.691173963911039e-05,0.00016170410680877313,0.0003955808576333658,-0.00029208589294490127,-0.00040270005368818126,0.0001691635794975263,0.00023687929326847088,-0.00012906209391338325,2.52860487911441e-05
2010-08-30,-0.0003579038923295396,0.00013957714548557812,0.00031004709990138787,0.0003266529825048303,-0.00035130540440304024,-0.0003964744993111835,0.00020806027338699656,0.0002398679981360785,-0.00015952814227250534,3.933466732729263e-05
2010-08-31,-0.00038160522236177995,0.00016509686198555563,0.0003243563797772427,0.00028588104807021793,-0.00028143870786092977,-0.00047607435139902614,0.00021928124628532372,0.00022704291073074798,-9.744104904558376e-05,1.5034601386812452e-05
2010-09-01,-0.0003935030014549693,0.0002111216444978276,0.000278981004967952,0.0003472256128857305,-0.0004056627848269493,-0.00040624985746477715,0.0002773858273484829,0.00020062401411893513,-0.00016656490972891125,5.640080374992584e-05
2010-09-02,-0.0002937898044175519,0.00011651537247850223,0.00028240192742278727,0.00031205829700101106,-0.0004019272959635842,-0.00043507928639908294,0.00033576005819569224,0.00023805464185709668,-0.00020704441719553157,5.2078935160605744e-05
2010-09-03,-0.000314327930340301,0.0001812457433178012,0.00019943088085398828,0.0002923078432887829,-0.0002746137748653246,-0.00047461335027332123,0.00032006347707876776,0.00020396218221287177,-0.0002368602685782345,0.00010311040603756122
2010-09-07,-0.0003071026803697016,0.00011357540508626042,0.0002974276988364187,0.00025515943606084935,-0.00023674852257711022,-0.0005315523230792485,0.00027830718205431454,0.0002442066729532212,-0.00020040326439779016,8.832941712552667e-05
2010-09-08,-0.00027719927506301176,0.00019480898749342566,9.435424172609102e-05,0.00032460806601401597,-0.000255508146460328,-0.00045582906196813336,0.0003003640677264885,0.0002301458958959314,-0.0002282149656291782,7.048711463310264e-05
2010-09-09,-0.00020253472041448033,0.0001554661046984263,5.797076108642182e-05,0.0002916466669088784,-0.000292340435301814,-0.00033408334750104074,0.0003013685555502514,0.00015222019322026423,-0.00022827594067235946,9.832823113269107e-05
2010-09-10,-0.00023625547849047543,0.00012802592405569365,0.0001291901827981494,0.00032484459231632134,-0.0003186408050218411,-0.0003825027070746313,0.00036098543655685086,0.00013575199934541884,-0.00025817873031425825,0.0001154834835580959
2010-09-13,-0.0002791617030234721,0.00011209502184833325,0.00022201366195268414,0.00029946187431804504,-0.00028195235860193485,-0.00040969394970164115,0.0002578164730758642,0.00020192522752133027,-0.0002479830020096496,0.0001259123751261304
2010-09-14,-0.00040062170467698656,0.0001778038845827144,0.00033648968985051063,0.0003312176399981456,-0.0003089946030641576,-0.0005905192820425467,0.0003246192198796405,0.00025830281266573177,-0.00017831081394200504,4.891776273865944e-05
2010-09-15,-0.00042436828002915075,0.0001821078589268185,0.00036817448074388456,0.00034105748822089825,-0.0003740553859483114,-0.0005431078479438602,0.00030966493207126855,0.000280918883547282,-0.00022358162561267325,8.304084163136827e-05
2010-09-16,-0.00038503180702654355,0.00017906597335490683,0.00033798255981869717,0.0002412051182409834,-0.00032725537748809486,-0.0004773974575867229,0.00040960047526997223,0.0001232494862360746,-0.00017581943589252413,7.447871971192482e-05
2010-09-17,-0.0004523211150792813,0.00014295431598387257,0.00045448640205465176,0.00033299688021972643,-0.0003876323204399096,-0.0004884712876041444,0.0003168337274880584,0.00013485889935497403,-9.02676301804961e-05,3.725503865775054e-05
2010-09-20,-0.00041991720961004125,0.00010279250905109315,0.0004669918305950302,0.000339809090972803,-0.00040289937702682726,-0.0004944821253303824,0.0002707102848450438,0.00022004799858297425,-6.773122965145206e-05,-1.6015596055879433e-05
2010-09-21,-0.00047883175969614094,0.00010192774162994358,0.0005842867332904616,0.0002863592580757447,-0.0003533841880620581,-0.0005435029710145773,0.0001950989644896907,0.00023932216319473912,7.088851615551228e-05,-0.00010224226896723282
2010-09-22,-0.0004168952241096061,9.36716692736734e-05,0.0004828421198382975,0.00032797032459047203,-0.0003730977775012415,-0.000494037604642528,0.00020770071148513286,0.0002099243569307803,3.892253372477644e-05,-7.676335932153833e-05
2010-09-23,-0.0004487968142865616,0.00015935115827822978,0.00044560017096536555,0.00039021298708617584,-0.0005072903115720491,-0.00041655007880222854,0.00019768800478229404,0.00021639594865349027,8.113504265395283e-05,-0.00011587582830187987
2010-09-24,-0.0004760094899073351,0.0001349161145324121,0.000506201344550242,0.00036980241657175953,-0.0004377940081760111,-0.00046233806674488183,0.00019262185022891204,0.0001789069313651928,0.00010948510486750301,-0.00011580629189695407
2010-09-27,-0.0004661688698766695,6.217240369573687e-05,0.0005859503135057405,0.00039463635231984113,-0.00045197830263540763,-0.0004906062665352654,6.532671126590131e-05,0.00031554252671037175,9.56919831022196e-05,-0.00010888175342550072
2010-09-28,-0.0005757153101898836,0.00014890141347354783,0.0007316032755112717,5.6795599262294844e-05,-0.0001632515396332553,-0.0004916240346694578,-1.2260261731074362e-05,0.00031925968583378095,8.398677485975392e-05,-9.712184234544896e-05
2010-09-29,-0.0005211722694402436,9.888482325451147e-05,0.0006198127973765688,0.00035758919828141663,-0.0003389299752133536,-0.0006748431655342457,0.00015366438297640533,0.0003521629607924487,7.337690003978575e-05,-0.00012069691854755399
2010-09-30,-0.0005445254015071508,4.075978922162774e-05,0.0007534509951044369,0.0003674715506598405,-0.00043382080353507064,-0.0006630280765321551,0.00016810258466575315,0.00038072635810886685,1.858528474681792e-05,-8.739292641275764e-05
2010-10-01,-0.0005599849207224286,5.352159725956207e-05,0.0007075948386390542,0.00046146648319089767,-0.000434380636134349,-0.0006960096324869786,8.805640135013323e-05,0.00043723301163017814,5.28171856989737e-05,-0.00010925490970052631
2010-10-04,-0.0006934923898992756,0.00017381269771795695,0.0007728249473343838,0.0004155359763370302,-0.0004242554565210962,-0.0007319886148155225,6.424973800554443e-05,0.0004676215091253162,0.00013966767779480943,-0.0001834983847523175
2010-10-05,-0.0007112422469027948,0.00016125163367808858,0.0007725807115054857,0.0005421632660642284,-0.0004742855910502587,-0.0007584073015761798,-7.040361767493217e-05,0.0005788981133744743,0.0001849041124038775,-0.00023040882347678815
2010-10-06,-0.0006195993716332049,8.377598240473256e-05,0.0007607361741904766,0.0004649808118092377,-0.000426130630342041,-0.0007126191475997096,1.6999943162204767e-06,0.0004439858330501402,0.0002450760460318141,-0.00024162373022371814
2010-10-07,-0.000676232289670202,0.00010339670624616134,0.000793829429820817,0.0005132624038982864,-0.00045309359118280573,-0.0007067210863582734,-2.591063240863639e-06,0.00038644680261899766,0.0002848219859864151,-0.00024290621435336252
2010-10-08,-0.0006412222215909848,0.00012604273410885968,0.0007014748516459169,0.0005157355051481375,-0.0003405965870461594,-0.0008716398184284904,3.45130084520584e-05,0.0004860467829981806,0.00024908448765621066,-0.00025838189496641545
2010-10-12,-0.0005660317742542519,0.00014540796551874564,0.000535445368915165,0.0004530507492196004,-0.0001416715431844023,-0.000880418404566272,-6.384692654481591e-05,0.0004842290465931903,0.00032603059704974097,-0.00029133408025300983
2010-10-13,-0.0006836174883157239,0.00018023188941890364,0.0006476784654782799,0.0005418305760531519,-0.00023934410340768937,-0.0009310394178534982,-9.534479501871126e-05,0.0005429292658459574,0.0003746525735627351,-0.00033792295463782457
2010-10-14,-0.0005645973810993678,8.00537597582785e-05,0.0006022526616838234,0.0004924014913544315,-0.00019391916945064348,-0.0008633850204031023,-4.97562826314267e-05,0.0004892147043023473,0.0002872796850649645,-0.00028061169826118504
2010-10-15,-0.0006239356176511082,9.127666173478453e-05,0.0006987196314627616,0.000508208784932952,-0.0002667533236788552,-0.0009024855838639621,-2.3246057545944776e-05,0.000500324662932667,0.00029972086729620345,-0.000281680140366114
2010-10-18,-0.0006704583887893563,7.096912213431432e-05,0.0007432899376255586,0.0007069909570655507,-0.0004116591446906596,-0.0009924440096777,-5.572309575456805e-05,0.0005612378100303024,0.00041356762809176273,-0.0003649743553395396
2010-10-19,-0.0007198888854056014,0.00013041303992913358,0.0007207390465529427,0.0007196243415183027,-0.00036694116587624587,-0.0010957418854918057,-2.1877545732872095e-05,0.0006312829658778642,0.00033239620442877815,-0.0003297567036997101
2010-10-20,-0.0007321301867641854,7.260853949003212e-05,0.0008374251288132692,0.0006907547624717177,-0.00041129057453602805,-0.0010372677543335606,-5.356812826871199e-05,0.000632301557374957,0.0003160412922177669,-0.0003146227295527243
2010-10-21,-0.0008239936640914796,0.00018054509898287967,0.0008280389175027343,0.0008048471871706852,-0.0005969199889489926,-0.001014594876013233,2.9114146292495702e-05,0.0006014293322635852,0.0002727923430344975,-0.0002808302592159015
2010-10-22,-0.0007891279512465227,0.00022424682223358351,0.0007733203894507734,0.0006129711418388899,-0.00044911002365567373,-0.0009835597061762028,8.849148217449782e-05,0.0005382872636459542,0.0002182005679358459,-0.00023251619866861833
2010-10-25,-0.0007217054671695387,0.0001446324167594954,0.0008246574890215402,0.0005976015525876502,-0.0005738251129563336,-0.0008543787263642372,9.653840274587502e-05,0.0005533908010959959,0.00014233005245445352,-0.00021137040229601833
2010-10-26,-0.000684476557931231,0.0001425939400729289,0.000739980754392962,0.0006446689313337217,-0.0005833712720094827,-0.0008133185606924043,0.0001745503172885729,0.0004055989755622977,0.000175464664488513,-0.00020239922549269984
2010-10-27,-0.0006302559148994107,0.00016451569811772363,0.0006890386869149953,0.00043432003320370473,-0.00044809321166837477,-0.0007240540465095827,0.00021328187348225794,0.00035513282216917755,6.665774273852815e-05,-0.0001208695965355458
2010-10-28,-0.000821858330549625,0.00018636793952440337,0.0009041137868920019,0.0006290190979375524,-0.0005766091256571328,-0.000987567678725201,0.00017466355596890484,0.000535437345649703,0.00018789780446119148,-0.00022855145304157692
2010-10-29,-0.0009043393413388715,0.00017248974556288862,0.0010067336091519568,0.0007005799626788626,-0.0005953821294830391,-0.00098856025254551,2.2265440428496236e-05,0.0006028568915946268,0.00021956445814861475,-0.00023558995484576628
2010-11-01,-0.0004973726485900261,6.065163320337157e-05,0.0006707072536308888,0.0004113166027943111,-0.000642871236385169,-0.0005313120879317859,0.0003781955753328105,0.00042418754415535567,-0.0005265175359186122,0.00025239756909981037
2010-11-02,-0.0004976407559116164,5.1027565592216004e-05,0.0006514061051768843,0.000400340717898455,-0.0005209776713617879,-0.0006083711357678656,0.0003146079491956888,0.0005161715704370233,-0.0006147972456970324,0.0003084660994764066
2010-11-03,-0.0005809527226225705,2.3212825915501023e-05,0.0007152204092779756,0.000582120145065662,-0.0004891008185629424,-0.0008119174055916875,0.00017042711739802263,0.0006801501336163689,-0.0004742664942821023,0.00018526758234489044
2010-11-04,-0.0006094489551326725,9.553804105906895e-05,0.0006214444560413575,0.0006426935916117741,-0.0005176117891717942,-0.0007119035473290378,9.260143650053135e-05,0.0006352483838582591,-0.0003706354546866922,0.00012030679225257662
2010-11-05,-0.0005011219289762807,-1.0233173159339415e-05,0.0005313485988450114,0.0007188029014227261,-0.00045439378153050176,-0.0006916397118701591,-4.4831773566123e-05,0.0006555095223103741,-0.0002825456731307477,7.915036962418548e-05
2010-11-08,-0.000415713732829538,-2.6857305713300084e-05,0.00035357239862839583,0.0006507192546071571,-9.438396290064374e-05,-0.0007967843803594263,-0.00023352452174574267,0.0007287161377299498,-0.00017573791057985677,9.722839768910863e-06
2010-11-09,-0.0003224765977746548,-5.40570449957074e-05,0.00031269657223040185,0.0005732965791895635,-0.00021490216812771953,-0.000516963449212017,-0.0002034470322324032,0.0005724715636974478,-0.00020044252593545003,5.398921265306611e-05
2010-11-10,-0.00035320795513325994,-5.789334172607132e-05,0.0003675758383352404,0.0005535646933720576,-0.00021403338644923088,-0.0004263610780988591,-0.0003075889731291234,0.0004923666473101128,3.4681335992936546e-05,-9.1020399664625e-05
2010-11-12,-0.00026320833926708536,-3.6530941942753727e-05,0.0003010597521978858,0.0004723575488591505,-0.00025031011467691305,-0.00047563804921028213,-0.00015636756746851763,0.0004991851192973629,4.268683247569266e-05,-0.00013410304660564643
2010-11-15,-0.00022903834696917972,4.808302856773778e-05,0.0002691574373676793,0.00016796255065238894,-0.0002391027405091676,-0.00016305116687234493,1.2995767061117769e-05,0.00023208360599702785,-0.00018298301978350584,8.46684557635688e-05
2010-11-16,-9.0689719755465e-05,8.641508871149524e-05,0.00011559002332921708,5.495429782836122e-05,-0.00029093674396229313,-6.693900956461322e-05,0.00015933022547143932,0.0001755258799170864,-0.0002445506154313548,0.00010098032145994251
2010-11-17,-0.00019942550635238345,0.00013647752846937685,0.0001471963490739369,0.00014230221084593573,-0.00033817425728864363,-9.702474200479726e-05,0.0002265964807151924,0.00012204403109196751,-0.0003116961803868376,0.00017145609732529404
2010-11-18,-8.079685820689222e-05,0.00012097638073567743,7.44388323955735e-05,0.0001906892321253198,-0.0005336702429100445,-0.00011654047826944666,0.0004270936610558697,8.106286252015926e-05,-0.000272890317520251,0.0001090449516316927
2010-11-19,-0.00013023547476157101,0.00013975091231954967,0.00014232475542234196,9.722829641247138e-05,-0.0005499247059990728,8.792122499756694e-05,0.0003930648197029672,-4.3694173106519074e-05,-0.00032686661370726067,0.00019038151971357414
2010-11-22,-0.0002192957911800544,0.00016561577261028546,0.00016764070921485193,0.00022152801053016997,-0.000526968415350354,-8.335873887085725e-05,0.0003837773768551288,2.4103246828548197e-05,-0.0002964870798997585,0.0001634038017931036
2010-11-23,-0.00023344237106943727,0.0001964880128614891,0.0002760073419606963,4.393054569907639e-05,-0.0005312156299536741,-0.0001170929745911483,0.0004650887638593601,8.601695100335718e-05,-0.00034110687853321914,0.00015474187647091658
2010-11-24,-9.588714766916098e-05,9.361460177529854e-05,0.00011887853446923471,7.173671904322967e-05,-0.0004152625885806404,3.672118086365042e-06,0.0003970171086942337,-4.6847201422877544e-05,-0.0003294082530311479,0.0002039763000380862
2010-11-26,-0.00013453558748602172,0.0001789873555166836,0.00015100203782009419,-8.389529726385292e-06,-0.0005158454069824321,3.781719524896532e-05,0.0005369470817058672,-9.040599523528134e-05,-0.00038163782759510767,0.00022630730384277237
2010-11-29,-4.3025747075237314e-05,8.742699989807996e-05,9.249379410707168e-05,9.547420774695843e-05,-0.0005551000239249239,-4.394001063497827e-06,0.000571560452684871,-7.045060954532709e-05,-0.00041929283587081173,0.0002451389657088035
2010-11-30,-0.0001590653576750737,0.00018196878416984344,0.0002597821527024237,-0.00013915139321422736,-0.0005213790200610455,7.925047500717021e-05,0.0006317917606604856,-0.00015615790022288287,-0.0004788205876959453,0.0003013755305572921
2010-12-01,-7.71377330595238e-06,0.0001376253668192596,7.33558047258413e-05,-0.00014692538986866167,-0.0004858030253025395,0.00022029849648781685,0.0006228513290876224,-0.00028368320621055196,-0.00041448117278448243,0.00028458044012649036
2010-12-02,5.286183970278904e-05,5.197226116537552e-05,0.00010729123925994673,-0.0001341807844412327,-0.0005543912883277727,0.00026538118062200203,0.0006392123096461699,-0.00026336284782663144,-0.0005104824351911605,0.00034589382835505805
2010-12-03,-8.63937034017825e-05,0.00022572128799950848,0.0001523189644179919,-0.00021349762972039388,-0.0006052959675696239,0.00025877165942726765,0.0006941355963759541,-0.00021567402547407327,-0.0006000337923744714,0.000388797209189759
2010-12-06,-0.00017845979063466273,0.000190172180308924,0.0003792118830783951,-0.00032222201338662475,-0.0005018065847221713,0.00012600286688099066,0.0006619773387221174,-0.00013102412049059015,-0.0005935869330876697,0.0003708305323943742
2010-12-07,-1.4683551931680841e-05,0.0001976044794010166,0.0001403350446289916,-0.00023504816899005097,-0.0006682296280977763,0.00017588183943810162,0.0009493726482429805,-0.00032268800444155976,-0.0006089556888418737,0.00038620400546614947
2010-12-08,0.000144875366837396,8.47960817316161e-06,-4.634200461290684e-06,-5.595317676077363e-05,-0.0006299273922160831,0.00028652233703422084,0.0008180231919540544,-0.00037576969386702436,-0.0006637802746712468,0.0004728946238655371
2010-12-09,0.00020342785061386857,7.502464602061496e-05,-7.862577397877574e-05,-0.00017852802224450643,-0.0006843728469611305,0.00043616078456155255,0.0008363163391558667,-0.0004454631699794334,-0.0005584338616906048,0.00039400644305922355
2010-12-10,0.00023563925497082716,0.00016821575267564554,-0.0001704449937970755,-0.00035235292091251574,-0.0006352574557952698,0.0005970358979011728,0.0008199858235818369,-0.00044830088575134597,-0.000692702888526138,0.0004816738836025125
2010-12-13,0.0001786787758662916,0.00014083533227786274,-8.521133274987016e-05,-0.00028722863369070803,-0.0006242974434436215,0.000483118804509141,0.0007615797776383895,-0.00030727426136688274,-0.0007463948018695751,0.0004890693289981221
2010-12-14,0.0002507209854877477,0.0002187959029990548,-0.00019874367988535497,-0.0003788880766514534,-0.0007645585891740397,0.0006845420009560094,0.0009002376346036976,-0.0004182606954618723,-0.0008953651939500873,0.0006015284942676377
2010-12-15,0.00022201885995102883,0.00025390825348734977,-0.00022887062355253333,-0.0003153195022449762,-0.0007818381740455904,0.0006583929814052321,0.0009100434304557294,-0.000459268700425286,-0.0008761899017894759,0.0006195222842778347
2010-12-16,0.0001694999341985532,0.00020558196550105674,-5.3982724755983254e-05,-0.00035507839370410577,-0.0008124659242421239,0.00064029965735957,0.0008440224683303153,-0.00032855037879311183,-0.0008886380759808854,0.0005787976251336174
2010-12-17,1.8692946186589423e-05,0.0002268734479292031,0.00010023834831507719,-0.00037446161503456275,-0.0007489898801385751,0.0006724724319805697,0.0007551597801282416,-0.0004508286014994131,-0.000709451643664219,0.0005109270070196986
2010-12-20,0.00018847091321695804,0.00019128827749019506,-4.560532841623496e-05,-0.00043897418505146977,-0.0007298182463882554,0.0006652572618869555,0.0008283526419375978,-0.00039791659599312107,-0.0007859287297482601,0.0005246825407978772
2010-12-21,0.00015316531515594065,0.00015988160517853268,-6.993074209550153e-05,-0.0003515911881469113,-0.0006333500019584763,0.000674322860189442,0.0007451459981690119,-0.0004746536392627454,-0.0007567789674186032,0.0005544774286936477
2010-12-22,0.0002105251245051367,0.00024557325922754114,-0.00019753210692255874,-0.0004136209185198105,-0.0006475648856604753,0.0006782918047085716,0.000821244874882731,-0.0005033108286237389,-0.0006551484932061924,0.00045987846725118603
2010-12-23,0.0003468397868771531,0.0001969315144851123,-0.00029239687527908564,-0.0005234364277924676,-0.0005951113426271165,0.0008006216442641018,0.0008199974330179924,-0.0005584827107186011,-0.0006763437226855462,0.00048151122387077305
2010-12-27,0.0003560140953176314,0.00019466616510730762,-0.00039579025289494937,-0.0003674014598426976,-0.000633109838033356,0.0008113084521392637,0.0007484595487620219,-0.0005177903916250004,-0.0006567973290733942,0.00045673158146832676
2010-12-28,0.0003949542056367276,0.00024276294848770774,-0.0005221670206286637,-0.00031013379939562845,-0.0006455918292858909,0.0007949705706056832,0.0007820881720254878,-0.0005561444350786898,-0.0006727192711159444,0.0004929634552823664
2010-12-29,0.0002192689959380164,0.000319690755017137,-0.00017864949815449976,-0.000560841809608764,-0.000719139249183624,0.0007276124330865726,0.0009313399875010495,-0.0004910712250126154,-0.0007256005596178103,0.00047693109941653045
2010-12-30,0.00019966259362767542,0.0003663065854309436,-0.0002911273900717184,-0.00046354321334654384,-0.0006837418540585546,0.0007941511681164755,0.0007713170770294771,-0.00045500083493464627,-0.0007396799562063502,0.0005008578709735922
2010-12-31,0.00018341731059744138,0.0003212186457769975,-0.00011582788892054458,-0.0006161954577407515,-0.0007282606098670957,0.0008601486787080392,0.00088507858994245,-0.0005988757460236027,-0.0007293696771109304,0.000542080667839985
2011-01-03,0.00029344626307406226,0.00018981511899631592,-0.0001639127374250364,-0.0005985252947946218,-0.0006301387319871607,0.0008097447122339257,0.0008630196954258346,-0.0005087720616403224,-0.0008264638470636271,0.0005721104189815723
2011-01-04,0.0002772264788614921,0.00023398755139261208,-0.00027630641345724287,-0.00045824748186685214,-0.0005845224938281577,0.0007222643509704196,0.0007367991765063336,-0.00041572741133192453,-0.0007494329303295716,0.0005125299445479931
2011-01-05,0.0003357644444856747,0.000141014886178567,-0.0003339241058088857,-0.0004186186437563867,-0.0004199266673189893,0.0006831458867329748,0.0006821228442419093,-0.0004859353642996042,-0.0007033680776390022,0.0005202630663366098
2011-01-06,0.00037382577814600655,5.3806154811137426e-05,-0.00029242835260134305,-0.0003876962364409743,-0.00046745565923157414,0.0007504885075105307,0.0006698134185692192,-0.0005407239755458731,-0.0006744730572820906,0.0005153127434387034
2011-01-07,0.00021114498146161133,0.00013410698103978776,-6.639581657802169e-05,-0.0005016736087867235,-0.00045224282856019295,0.0005785808004207284,0.0007315808521479866,-0.000464155328643856,-0.0006067360380555345,0.0004357406313493378
2011-01-10,0.0002191575508523366,8.958295589826804e-05,-2.9167826778462615e-05,-0.00044403582374869573,-0.000517135584522474,0.0005877804644887213,0.0006555298261404947,-0.00036365521380241767,-0.0006316675396659949,0.00043362184299017975
2011-01-11,0.0002996068733383656,0.00020961509037316643,-0.0002139127211672866,-0.0005855056574296177,-0.0004622074655500491,0.0006371713235608645,0.0006759094796811686,-0.0003249465777922997,-0.0006483844430402452,0.00041225134833743765
2011-01-12,0.00033896772366141326,0.00016524620482589233,-0.00034032511359259957,-0.00041810081882925725,-0.0004341854480202009,0.0006532002928631396,0.0005881208909449404,-0.0003126431746808059,-0.000747259418017461,0.0005075501143309014
2011-01-13,0.00029449283947790097,0.00015799580546586476,-0.0002740662005446329,-0.00041348754783441296,-0.0004086121240245242,0.0005584512628278512,0.000594476887332631,-0.0002646885818558681,-0.0007271806168014719,0.00048286934061977926
2011-01-14,0.0002747184245706954,0.0001376494952174752,-0.00019737638362134127,-0.0004481174782883955,-0.0004590258663679323,0.0006713249110405495,0.0005709012063446518,-0.00033545906137634474,-0.0006913612422704621,0.0004768636193118389
2011-01-18,0.0003040972147584633,0.00018936320140022626,-0.00031962139380003595,-0.00037211768100348964,-0.0005273660315705999,0.000671121170066763,0.0006481833543639064,-0.0003726399908376213,-0.0007127928056355481,0.0004919795417359582
2011-01-19,0.00026647980242871833,0.00016479870734920576,-0.0002193798792735147,-0.0003271867470854839,-0.0006437374423247932,0.0006169642946201766,0.000740270899153718,-0.00033211250363094497,-0.0007986458868215196,0.0005326978246674788
2011-01-20,0.0004100717579872059,0.00017610232140593336,-0.00043823321304288943,-0.0003930892590394905,-0.0005427324453420417,0.0006702529203349225,0.0008110215898550314,-0.0004497288399945218,-0.0007719086101450473,0.0005282226558183598
2011-01-21,0.0003836210618490029,0.00018031430119890544,-0.00037984513637579626,-0.00045011624977956376,-0.0005394780337562976,0.0007460727987133077,0.0007213867353809897,-0.0004217859350577058,-0.0007598123056001688,0.0005196202035044617
2011-01-24,0.00036303223325871996,5.692614161184953e-05,-0.00030595031391082803,-0.0002729101829921695,-0.0005513411350509933,0.0006665403435674004,0.0006771633448975703,-0.000418968046328648,-0.0007658291795345981,0.0005520382871956678
2011-01-25,0.00029862676428947933,6.689389264841108e-05,-0.000264109599096239,-0.00022370358144751992,-0.0005528597812610534,0.0006474082922471452,0.0006468750079315563,-0.000402358010834436,-0.000789142475994431,0.0005729100600359929
2011-01-26,0.00040937094339895384,0.00011522219263861763,-0.00033051869282268304,-0.00048445072523961314,-0.0004695096723896456,0.0007035644120538288,0.000653045201907388,-0.0003348854698941861,-0.0007894187822436796,0.0005275019600603711
2011-01-27,0.00036645121902910806,0.0001399611635447733,-0.0002988765524610695,-0.0004260031013337039,-0.0005617122367200019,0.0005949428785861285,0.0008772524050294078,-0.00040023585598381733,-0.0008928639953885223,0.0006024379291057688
2011-01-28,0.00038275374200498436,2.9427562362167523e-05,-0.00018259131468856575,-0.0005201664092117433,-0.00043062167904907474,0.0006539249821140153,0.0006722388576405787,-0.00032505645949677114,-0.0008830391682770888,0.0006034581085950022
2011-01-31,0.0002849006712996255,0.00010465946589966043,-0.00015667104297790134,-0.00037719376756874777,-0.0005535327607986973,0.0005365147375983662,0.0006939816668183156,-0.0002575897001859742,-0.0007746743872151171,0.0004993748883772367
2011-02-01,0.00032196737293560844,0.00015897651701399576,-0.0002452506125525458,-0.00047751797346991774,-0.0004916309077453128,0.0005627979493631578,0.0007881584927744642,-0.00033067796593351517,-0.000844456711401681,0.0005576632949079591
2011-02-02,0.00048802442773909077,8.516592904731163e-05,-0.00044427567449064134,-0.0004576268697194892,-0.0003981728418882072,0.0006470865083677141,0.0006890736997219697,-0.00033903640120099693,-0.0008220892953409789,0.0005526576378931947
2011-02-03,0.0004462792341625506,0.0001320839058292049,-0.0004884576574634893,-0.0004810348497678021,-0.0002986774844241872,0.0006830443353357113,0.0006995671498816157,-0.0004637101238945049,-0.000842068854640908,0.0006138389029590671
2011-02-04,0.0005575104185801146,4.5420358431676276e-05,-0.0005455653693870739,-0.00039562730153053227,-0.0003868364419160053,0.0007086827106155894,0.0006607910527304771,-0.0003989222527795988,-0.0008094002496451813,0.0005641795285046061
2011-02-07,0.0006502012132261869,6.5666054892706514e-06,-0.000636173591302074,-0.00045346090629036235,-0.0002770175460471338,0.0007149315061062422,0.0007027791974352528,-0.0004829561784638059,-0.0007987229020048822,0.0005735365961851632
2011-02-08,0.0007999868721602246,3.788952024556683e-05,-0.0009596451096041598,-0.0004310332747402279,-7.468274689014474e-05,0.0006487155515588691,0.0006643678131226551,-0.0004934747411769955,-0.0006826950919141192,0.0004901815029512632
2011-02-09,0.0006848354124045055,0.00010245836761517933,-0.0008554861947180524,-0.0005133936356175456,-0.00011026214906051379,0.0007767590067427436,0.0007553977632565566,-0.0006943262538049583,-0.0007103835166435493,0.0005649309272262315
2011-02-10,0.0008035103536195196,6.517019347372969e-05,-0.0009470919930816375,-0.0005345721251540751,-9.721426888816345e-05,0.0008178141736062926,0.0006612139165973301,-0.0006658498104736565,-0.0005237756496267454,0.0004220056850216952
2011-02-11,0.0008291468670647056,6.0509592186213735e-05,-0.0009853840752529486,-0.0005622202066331867,-5.272885075665798e-05,0.0008678387132112081,0.0006005847938902117,-0.0006486826041245744,-0.0005238210346265662,0.0004148060479243279
2011-02-14,0.0008267526671054141,5.953762877753104e-05,-0.001080263985150984,-0.0004353846477671477,3.557606820615844e-06,0.00079130335149755,0.0005895776596634289,-0.0006763946996214756,-0.0004926798124253173,0.00041413841062405005
2011-02-15,0.0008408695577795265,9.611370685018873e-05,-0.001005594461706903,-0.000606601074726331,-3.5142150631653143e-05,0.0007783338675506242,0.0006750616162097094,-0.000611621835336508,-0.0004998944861730123,0.00036797195040568637
2011-02-16,0.0008430996415186957,6.910641251071307e-05,-0.0010832186417857664,-0.0004597022933666671,-3.796614058914835e-05,0.0008248886458974598,0.0006072737470396682,-0.0006722074341467474,-0.0004992548228335697,0.00040814472409980707
2011-02-17,0.0007161283852037481,0.0002070939692936694,-0.000936392950546777,-0.0005631712846275207,-0.0001578866620988665,0.0007530586400970492,0.0007029074815510898,-0.0005755556217011057,-0.0004989211406048674,0.00035121783241891247
2011-02-18,0.0006863004161636308,0.0001371436262068708,-0.000814315004587376,-0.0006417307285234994,-0.00011208535607811106,0.0008379860355716105,0.0006819409877065717,-0.0006355074545346118,-0.000605934227619398,0.0004661893804862455
2011-02-22,0.000574459564516536,9.335952608678058e-05,-0.0006644067093438339,-0.0004443976901614133,-0.00020874049055473812,0.0006800735084335208,0.000653433225691228,-0.0005464254876671529,-0.000562117399730902,0.00042491263762730463
2011-02-23,0.0007054770400094538,0.0001589983501856507,-0.0008095629532170277,-0.0006463401887608963,-0.0002036944037492206,0.0008162957880803075,0.0007032700634789397,-0.000519396945065087,-0.0006704608626248096,0.00046530765302765786
2011-02-24,0.0007426947291858249,0.0001348915230730194,-0.0008706449975481511,-0.0006248004510242084,-0.00013753148868207547,0.0008172876757736383,0.0007171458575673702,-0.0005786044909109195,-0.0007480282609944114,0.0005476763514700375
2011-02-25,0.0006678495796951474,9.53888326845917e-05,-0.0007474665198378486,-0.0006030029287428466,-0.0001446714749882179,0.0007971550577884935,0.0007396089479149749,-0.0006333157148617416,-0.0007205124958272954,0.0005492378481338281
2011-02-28,0.0006722546178700023,0.00020900126241192368,-0.0008622404964322961,-0.0006174028759323644,-0.00018510820297166532,0.0008197569495131812,0.000748033251060428,-0.0005683842391470059,-0.0007754847029042347,0.0005602855852727129
2011-03-01,0.0006584655907788204,0.0001311375883000308,-0.000685349316524753,-0.00068268211732651,-0.00023746091774374048,0.0008306677337341466,0.0008004596314104447,-0.0005841634447583191,-0.0008140587615343975,0.0005810266593043178
2011-03-02,0.0005754457862155683,0.0002021476899957569,-0.0006961623608596696,-0.0006233639000461297,-0.0002732374074996581,0.0008742315518974371,0.0007795187571765713,-0.0006493017235907547,-0.0007964632648991138,0.0006084234065618921
2011-03-03,0.000794693637406871,6.642561070704348e-05,-0.0008509993064070237,-0.0006323657868479281,-0.00017364487887632646,0.0008180610506208184,0.0008066525096507571,-0.0006236084881976744,-0.0007575707325304729,0.0005512473126068132
2011-03-04,0.0006105773566791027,0.0001980947834784115,-0.0006648884297086677,-0.0007796575220231951,-0.00018016609350775085,0.0008200616341006994,0.0008012050777507565,-0.0005687766309695336,-0.0008313301979130036,0.000592631198995261
2011-03-07,0.0005928813335980771,0.0002456034105688123,-0.0007775430845059048,-0.0006817878827668055,-0.0001410018913211141,0.0007998953581807508,0.000764594320907766,-0.0005964923951091647,-0.0007875902414874597,0.0005817882216862108
2011-03-08,0.0006356876181536019,0.00021740580661325812,-0.0008217355560366331,-0.000677497301725294,-1.5224997290818817e-05,0.0006822358334176125,0.0006608906007862653,-0.0004727769606919993,-0.0007297198318004169,0.0005211366998138858
2011-03-09,0.0005274109999663815,0.00017714154633325426,-0.0006424676656929711,-0.0006138195752364087,-0.00012274441646986135,0.0007235089897020958,0.000665999002479295,-0.0005462305875433907,-0.0006769618286911333,0.000508801821392707
2011-03-10,0.00040018158415419094,0.00021901743210348077,-0.0004680057523597128,-0.0006001914485472392,-0.00020778977039121946,0.0006296551789110386,0.0006364737176610437,-0.00039553700094593913,-0.0006951979142060319,0.0004812598513702984
2011-03-11,0.0004134491093044315,0.00017280756261292508,-0.00046069121280998193,-0.0005664274133714937,-0.00021319053107427856,0.0006715897158257288,0.0006257879108553556,-0.00045259525873511675,-0.0006267651197162175,0.0004347232877322596
2011-03-14,0.00042013136649816083,0.0002577537299891606,-0.0005412751521555134,-0.0005500117602777431,-0.0002711379319472306,0.0006315932476162883,0.0006069824128229276,-0.0003123320432299251,-0.0006905352704940915,0.0004483676889857832
2011-03-15,0.0004240533732510316,0.00015921112917844033,-0.0005393804202533277,-0.00043110555526979476,-0.00022142444139045675,0.0006607686512186163,0.0005187649114635588,-0.0003918659332422386,-0.000655866396388316,0.00047700319988053935
2011-03-16,0.00032867775223021484,0.0001996198659716241,-0.0004623794289922846,-0.0002960373308042285,-0.0003441631494046273,0.0004999706415345258,0.0005511957102592342,-0.00025915898886760824,-0.0006457933617860998,0.0004280230992353487
2011-03-17,0.0002196961118040387,0.00020987186536565363,-0.00028289104395889204,-0.00038308059756749814,-0.00031187724441111495,0.0005032996980534298,0.0004906889098673546,-0.0002624032055757036,-0.0005725817777479311,0.0003897873904391766
2011-03-18,0.0002707404312644944,0.000295050891677584,-0.00041105718979671853,-0.00047783563361963703,-0.0003133879261960123,0.000600763202283458,0.0005695166907873847,-0.0003485422270876684,-0.000578916502372448,0.0003936578133150251
2011-03-21,0.00041023822226103233,0.00025482808409634417,-0.0005863684111881659,-0.00044432460031168606,-0.00029339316589026103,0.0006362043592878577,0.0006204149953987007,-0.00040578954100911613,-0.0006209321664039716,0.0004283782134482869
2011-03-22,0.00043376621544455145,0.000248075746603213,-0.0006433051383172976,-0.0004683199404188487,-0.00025226581024660223,0.0007646047300248343,0.0005736356227505832,-0.0004940345611898073,-0.0006471708768241435,0.00048580466760179963
2011-03-23,0.0004649040387524647,0.0002556211262672082,-0.0006771912962342743,-0.00036597985258378374,-0.0003942446115779239,0.0006721457194431429,0.0006605454294208724,-0.000411978487068268,-0.0006318281790286748,0.0004284163402473798
2011-03-24,0.00042741892022499966,0.00034765344136048664,-0.000707151067211231,-0.0004776739740074958,-0.0003253359114709104,0.0007207431432302361,0.0006771772669378409,-0.0004730326168965668,-0.0006283925911928501,0.0004384133122825873
2011-03-25,0.00039069582629736163,0.0002896602750114734,-0.0006584876349682222,-0.00036394383810626173,-0.00030965284997466237,0.0006500113244478183,0.0006205592170149196,-0.0004618257606844797,-0.0005729053019707178,0.00041576185438378654
2011-03-28,0.0005294734858366543,0.00020188342242862022,-0.0007903878579215463,-0.00035521262757247894,-0.00023233809066549108,0.0007142172516966631,0.0006046384246934031,-0.0005287561751747202,-0.0006018476577031723,0.0004586530137578315
2011-03-29,0.0005209769408835415,0.000161340763196933,-0.0006878239498149708,-0.00044244664830378304,-0.00018474541847477398,0.0006804489139101005,0.0006287751157916383,-0.0005315131365203202,-0.0006080554699368079,0.0004635531862687489
2011-03-30,0.0004778267165204879,0.00016664356356421326,-0.0006988566757397067,-0.0003295465643081419,-0.00019129088346861618,0.0006528454032360236,0.0005191982952752923,-0.00046184569022861277,-0.0005634806024048256,0.0004288170656581089
2011-03-31,0.00047732984445314594,0.00022656689291643013,-0.0007057815587775476,-0.0004303483959829067,-0.0002470103175292136,0.0007581335169989829,0.0006344960092694689,-0.0005990515476826386,-0.0005454159616644638,0.0004315641135306872
2011-04-01,0.0005699939064303398,0.0002514757979904048,-0.0008892661352007409,-0.000446526415635657,-0.00011930314023164343,0.0006934724919255772,0.0006382031554894863,-0.0005878667026616921,-0.000493387705654276,0.00038332179588533577
2011-04-04,0.0005589505386514108,0.0002261643761789665,-0.0008801254174397497,-0.00028245290727579864,-0.0003027691986547086,0.0007593142903637093,0.0005809255426675423,-0.0005211938119576848,-0.000553882999770508,0.00041535638091331345
2011-04-05,0.0005376564550863604,0.00016777764727959844,-0.0007578356754819231,-0.00032880714083803435,-0.0002631505784462633,0.000712295114395755,0.0005689889662458085,-0.0005216096366537637,-0.0004870883790148231,0.0003713230036441195
2011-04-06,0.0005906703754167507,0.00017296451430101785,-0.0008398683021397652,-0.00035627135330104816,-0.00020484958517872492,0.0007090680762772174,0.0005634922247683,-0.0005169115692723603,-0.00047837093605906933,0.0003599426041837328
2011-04-07,0.0005098583583789632,0.00017127374731145035,-0.0007237433320522527,-0.0003273232463374045,-0.0002706739769738724,0.0007010369518322922,0.0005574937203565097,-0.0004750923088567213,-0.0005367930239890961,0.0003979315704165931
2011-04-08,0.0005253162273094335,0.00015271548277688888,-0.0007993621301564243,-0.00028172439889366,-0.0001695180813770878,0.0006749250423475316,0.0005457470177607088,-0.0005394107540179494,-0.0005584233274632117,0.0004512871162652282
2011-04-11,0.0006352274333955947,0.00013020502769120934,-0.0009680611374984494,-0.0001879531895449902,-0.00016824761805975426,0.0006438557643621175,0.0004856241236152886,-0.00044304647605733494,-0.00047873530736515513,0.00035090627741134195
2011-04-12,0.0005992786455759559,0.00013124595980041156,-0.0008407498212639158,-0.00035773231891562604,-7.425255794341404e-05,0.000636417208583092,0.0004446085031096954,-0.00038333593443520136,-0.0005537222233850461,0.0003992092970788938
2011-04-13,0.0006587686506154454,0.00012636671279281256,-0.0008834962402624776,-0.00040622335887692887,-5.864648260358804e-05,0.0006224572854028158,0.000457369353086063,-0.0003666573472455581,-0.0004840206778061393,0.0003341674452507909
2011-04-14,0.0005907666786636892,0.00016345945384128651,-0.0008433054242890652,-0.0003784724148832852,-0.00015486355696784325,0.0007796915196144477,0.0003937768394735447,-0.0004069706294954137,-0.0005501878924551451,0.000406297555904947
2011-04-15,0.0005867689130817665,0.00015051309885127603,-0.0006983260003846571,-0.0004968873771496541,-0.00021592785382540738,0.0006829105654455464,0.0005491442153684918,-0.0003631094893882317,-0.0005711487931609957,0.0003754970578558406
2011-04-18,0.0004991878332935625,6.226350169118828e-05,-0.0005267439686313853,-0.00032563757315723536,-0.0003536676652512241,0.0006588784777841958,0.0005550773562656118,-0.0003674963703162726,-0.0006583018543352484,0.00045719407726060174
2011-04-19,0.00045301512916965986,0.0001128741675315416,-0.00048045707842644557,-0.000381456999589868,-0.0004056545039849268,0.0007236722470029613,0.000540800898002302,-0.0003517256201443636,-0.0006781852948942596,0.0004671677579045838
2011-04-20,0.0005266896081820436,0.00012979516728910318,-0.0005626995154227724,-0.0005147445401432367,-0.0003422745920003828,0.0008724189938690667,0.0005452644931829252,-0.0004544962930805238,-0.0007027697834868993,0.000502064937386984
2011-04-21,0.0005294775782188832,0.00015138475833689183,-0.0006093818982090549,-0.0005169909277411861,-0.0003187220773855498,0.0009135870131839925,0.00048044649856377256,-0.00044404502882433583,-0.0006729720295366101,0.000487183264899764
2011-04-25,0.0004952625388765465,0.0001723999322314773,-0.0005932487539092738,-0.0004607524200247919,-0.000372255614287045,0.0008467981634046363,0.0005317603413743967,-0.0004182141981281806,-0.0006876251507045988,0.0004858703070083209
2011-04-26,0.0005216856386217976,0.00013603787010530474,-0.0005623514149610703,-0.00041962967997721465,-0.0004464830754498366,0.000788750134896897,0.0005446546341259829,-0.00034509205673469157,-0.0006521365092948955,0.00043486691451539994
2011-04-27,0.0004221844931530447,0.0001629886855287375,-0.0005038977452221931,-0.00036083957940325623,-0.0004383323779094273,0.0007382683461733507,0.0005368017800620739,-0.00032099702061823276,-0.0007445564673374816,0.000508470367486101
2011-04-28,0.00025240484342507736,0.00015302874582389606,-0.00021101277287442072,-0.0003170920488320952,-0.0005981953390750729,0.0006691164172215013,0.0005839435062906552,-0.0003058511572877759,-0.0006906430688911822,0.0004642780375189656
2011-04-29,0.00020775318897698144,0.00024077358825989512,-0.00026662671797750845,-0.00028629069926111583,-0.0006080866162747958,0.000625549774563243,0.00056670251355612,-0.00021735986056400924,-0.0007426820915778856,0.00048053251948538406
2011-05-02,0.0003003713349468693,0.00013472273442924993,-0.00026928812918691454,-0.00028008058056156436,-0.0005913866631723531,0.0005645839843162921,0.0006269359983357391,-0.0002301153627973021,-0.0007016604510365065,0.00044617255666712374
2011-05-03,0.00029798941890094656,0.00019195798182868886,-0.00037306740682227935,-0.0002461195679028163,-0.0005677003829596926,0.0006401173538634203,0.0005789897994754392,-0.000287708317005822,-0.0007114492561064445,0.00047555654229157474
2011-05-04,0.0003719956907752558,7.270322692075858e-05,-0.00037895407449796653,-0.00022619308249469637,-0.0005237860879479111,0.0007253660382215942,0.0004968088736077604,-0.00033456006659654536,-0.0007041632234842457,0.0005016075401123379
2011-05-05,0.0002707553654920828,9.048046780889794e-05,-0.000214439036458936,-0.0002470423308159938,-0.0005203852130997045,0.0005565494796136716,0.0004967647547528924,-0.0001947202877985929,-0.0006922579071649768,0.0004545113511361734
2011-05-06,0.0003094215077320898,0.00014606326735737332,-0.00033321315882267914,-0.00024021422402043403,-0.0005117748385231307,0.0005301297709978878,0.0005145624802315903,-0.00016327244493546944,-0.0006536521535852532,0.0004026088553432672
2011-05-09,0.0003215987694401941,0.00010494047510608683,-0.00039539473811157563,-9.13046754182625e-05,-0.0004976015573885991,0.0004913164930444788,0.0004647564471927934,-0.0001684514303697815,-0.0006427695575069864,0.00041206742756325077
2011-05-10,0.00039833353076171746,7.152093170596438e-05,-0.0004120695184181469,-0.000357366627626028,-0.00020269403896499942,0.0004947789454015396,0.0003904701715602664,-0.00015662456114496487,-0.0006580924279748768,0.0004321169348492984
2011-05-11,0.0003306378524885444,9.93994975680289e-05,-0.00032927086999982825,-0.00027708402175080464,-0.00042734527210113067,0.0005990620644744336,0.000439973569181077,-0.00020248164913672095,-0.0006870488154727961,0.0004551787299808957
2011-05-12,0.0003220967564388149,0.00014466865487248234,-0.0003598274921905761,-0.00030852811845890737,-0.00041432335590026355,0.0005692595216005361,0.0004991783153094134,-0.0001606015725571161,-0.0007959924966154594,0.0005020084863981977
2011-05-13,0.00028353351384597633,0.0001395847754720659,-0.0003038720191863599,-0.00025081616012312836,-0.00047666117093676623,0.0005201715704247697,0.0005221559789519228,-0.00017365404864570083,-0.0007376569432899424,0.0004772585980479388
2011-05-16,0.00034147027870759934,5.974822466871732e-05,-0.00028280736399595744,-0.0003004360063797139,-0.0004621699704617441,0.0005631703272951441,0.0005452502554839922,-0.0001821566828567739,-0.0007981335884379853,0.0005165811934756542
2011-05-17,0.0002817507576035187,1.780530873808422e-05,-0.00019039939934218058,-0.00014438014653166045,-0.0005493097491193945,0.00047031384328720047,0.0005245909481379728,-0.00012550931636950632,-0.0008214476439695265,0.0005370326513488705
2011-05-18,0.0003684389102890744,4.2337059287585297e-05,-0.00037481231969448375,-0.0001959672708500039,-0.0004167972052240166,0.0005703115386348108,0.0004685053222512857,-0.00020031766657577915,-0.0008358679644005357,0.0005746125900023616
2011-05-19,0.00030506256178292664,0.00021782969170013955,-0.00033450477044992695,-0.0003675746020167939,-0.0005405624317353346,0.0005704762550609276,0.0006447110025644999,-0.00018863072153330745,-0.0008101753189200533,0.0005029743557605146
2011-05-20,0.0002664590825827409,0.00021579864871337394,-0.0003742643786466579,-0.00021809377646619683,-0.0005366036688598096,0.000519352304611781,0.0005931391371057151,-0.0001729679656965466,-0.0008178079600743016,0.0005250070890006897
2011-05-23,0.00023856054179411843,0.0001153977224942408,-0.0002250753471133276,-0.00018803942133052438,-0.0005449617075853255,0.000494175611570731,0.0005171967123533856,-0.00010939600730020677,-0.0008216193606251226,0.0005233881063053322
2011-05-24,0.00020076693282432073,0.0001734325487330469,-0.0002727454259372347,-0.00013897823917276633,-0.0005918390037389643,0.0005664727609903421,0.0005134674944572946,-0.0001792191403951239,-0.0008219572235420511,0.0005536045717392732
2011-05-25,0.0003037846906738449,0.00018168428591894964,-0.000358601446491772,-0.00022703824942778457,-0.0005944722577678058,0.0006169491432866936,0.000510761053596584,-0.00015471885233353522,-0.0007453840265760625,0.0004642580863605389
2011-05-26,0.0001060274239638732,0.0002189005012422458,-9.963340708515683e-05,-0.00027510873498680626,-0.0005885981626694257,0.0005052259318854384,0.0005552849377228122,-0.00011529975068527362,-0.0008271267415039252,0.0005225403269336834
2011-05-27,4.985925020274283e-05,0.00028650963800940237,-9.24558258488862e-05,-0.00021444612618869065,-0.0006992635488759797,0.0005077867236367613,0.0005417831428221574,-7.008010339129567e-05,-0.0007992352875819952,0.0004893019569435775
2011-05-31,8.863405491965647e-06,0.0003184782517096968,-4.276886954591693e-05,-0.00031624102475787987,-0.0006308655869418853,0.000496395871390512,0.0005919637988177594,-7.961094530109861e-05,-0.0009104313009487899,0.0005626558656090311
2011-06-01,-7.074156711870967e-05,0.0002689321294725973,7.476696995455589e-05,-0.00015008318037718332,-0.0007147169415809302,0.0003711451616413078,0.0005456316420106577,5.490141265801496e-06,-0.0008385713062507294,0.0005075857085372823
2011-06-02,-9.719066842682819e-05,0.00029688071643950106,0.00011790512162277605,-0.00025381430920493227,-0.0006396806273458741,0.0003625857536506509,0.0005097511017768779,4.518168756556182e-05,-0.0008671871739991885,0.0005255438844938357
2011-06-03,-0.00010877064455397481,0.00024400375166030476,0.00016614213152675366,-0.00025659428708555646,-0.0005464743881320438,0.00034811115357755856,0.00041449845571875366,2.2542200230471487e-05,-0.0007411457180915432,0.00045779544569748976
2011-06-06,-5.859888970509517e-05,0.00020439229984935657,0.00014187970925549085,-0.00016606474602103537,-0.0006558428353539286,0.00031536385593762886,0.00044597654196160824,9.939417085976648e-05,-0.0007847603559963806,0.0004581288955503998
2011-06-07,-0.00012779352903559632,0.0002885089818432335,0.00020784926264588157,-0.00041185600359194526,-0.00047994328803633093,0.0003382469917837666,0.00047715594437458195,1.201971474767971e-05,-0.0007877616121432993,0.0004827630153678916
2011-06-08,-0.000297040589997596,0.00029721776988656293,0.0003453465052382274,-0.00010092114806837778,-0.0006723728316961781,0.00011738312638062166,0.0004627585994017719,0.00019094006349918563,-0.0008177582067216763,0.00047456076900054267
2011-06-09,-0.0001111985361643118,0.00017635091751859976,0.0002488255606961922,-0.00013002668511358402,-0.0007232430608630084,0.0003066437745666978,0.000499311108336304,3.913436140070073e-05,-0.0007682438165828795,0.00046278717495307903
2011-06-10,-9.924543972363226e-05,0.00020239781036223087,0.0003012129293964215,-0.0002315278796764155,-0.000786040326632354,0.00030417144435644985,0.0005406571892353704,0.00012619135580961907,-0.0008086876835847051,0.00045102237235570414
2011-06-13,-0.00014376434155694115,0.00028524184338783883,0.00022130432173600228,-0.0002883021774192397,-0.0006618322511694457,0.0003409918966447399,0.0005869100166269424,-1.6330433027362395e-05,-0.00084392043684519,0.0005199238648430013
2011-06-14,-4.6421489048265475e-05,0.0002718791446557499,0.00011267987814619408,-0.00030065665049646903,-0.0006893747990113722,0.0004572544004668583,0.0005842120788176093,-7.501932388725638e-05,-0.000830203962328406,0.0005155262988124215
2011-06-15,-0.00021700374541677942,0.00026827719641475006,0.0003997233829177787,-0.00027463488533826857,-0.0007672547141035976,0.0002984086187204603,0.0005383178240361483,7.938835979149836e-05,-0.0007414941199005293,0.00041585432745694373
2011-06-16,-0.00020920789385128996,0.00027192677776296755,0.00030700552791382155,-0.00022694048017417616,-0.0006552941347119125,0.00025290242234452497,0.0005109774279869368,5.739282538849699e-05,-0.0007743707643950506,0.0004660826593322828
2011-06-17,-0.00020590974592874753,0.00026450438521059046,0.0002789093967532465,-0.0001932581111833277,-0.0006557214795554385,0.00029557567074362315,0.0005095035897148235,7.527242017923291e-06,-0.0008044722676508395,0.000503863101536689
2011-06-20,-0.0002302356277408567,0.00031062190193991345,0.0003738954752878355,-0.0002743199477504162,-0.000786537130495462,0.0003153661875630147,0.0005174005222523155,0.00012753611398230724,-0.0008064522922059808,0.00045246425754717767
2011-06-21,-0.0002261422544953949,0.0002968521366898762,0.0003281002954342578,-0.00017168071650397292,-0.0008224089467677529,0.00032924365416364676,0.0005033721466152982,9.358909648852359e-05,-0.0007483113518575932,0.00041604510916808113
2011-06-22,-0.00022382987361680402,0.0003185054586832311,0.0002704366379715098,-0.00013930596888013904,-0.0008394155559740164,0.00037825362436437124,0.0005354675767150104,2.757957654568946e-05,-0.0008355260000840609,0.0005068434889752074
2011-06-23,-0.00032129655176685686,0.0002168468277063914,0.0004350184918121111,-2.5605237229128427e-05,-0.0007602591212919922,0.00022858423777817605,0.00043691066880116244,0.00010843283427165729,-0.0008609430603386814,0.0005429260136352518
2011-06-24,-0.00035848932067493314,0.0001357660513491006,0.0005599736283876825,0.00018481000484093027,-0.0009008032775376347,-1.5322516666901875e-05,0.00047928581850959634,0.0002430248908387965,-0.0007366319806489524,0.0004077055127323509
2011-06-27,-0.00043763191289698333,0.000263070529901082,0.00043451239412428894,0.00025910415040920724,-0.0008326891251830412,-1.7901799867572205e-05,0.0003723195632447211,0.0002279357474005636,-0.00058335028487385,0.0003141612861297244
2011-06-28,-0.00030639328802300586,0.00023045948030007437,0.00032154466133332447,0.00013948103531960954,-0.0008066868490556618,0.0001820036728019149,0.00044907538353840606,1.86273733637915e-05,-0.000605469628315293,0.0003781013138693598
2011-06-29,-0.0002164714732591741,0.000372087367304592,0.00016204049516473627,-0.00012709620781697212,-0.0007694428447365086,0.00029994316571136173,0.0006597785033939235,-0.00010660545465272092,-0.0007310221001554096,0.00045694041599912694
2011-06-30,-6.974003009448587e-05,0.00031074950661560746,0.00017196881929432248,-0.00040606353739086956,-0.0007534792662228212,0.0005254042871936822,0.0007636951464428769,-0.00025223114111866396,-0.0008272299886217457,0.0005361064527134515
2011-07-01,-8.600636069932055e-05,0.00030578863288096593,0.00012179297951696484,-0.0002460943409933391,-0.0007904117346914583,0.00044547299402011506,0.0007248024897172529,-0.00020473374183307275,-0.0007626838364428457,0.0004914202183280633
2011-07-05,-9.652626405226797e-05,0.00021119947549451932,0.00032345119438672285,-0.0002671610893985278,-0.0008470166635322005,0.0003121944819397954,0.0007718426639557845,-8.384635689806519e-05,-0.0007709698480896782,0.0004457284946063622
2011-07-06,-0.0001439478087384434,9.030531171923446e-05,0.0004501432157444972,-0.00016372899235245209,-0.0007860950071184019,0.0002486713914240449,0.0006509926267760993,-7.302639396130142e-05,-0.0007422230970748275,0.00047014940575208775
2011-07-07,2.9212612298101196e-05,4.5601806032367735e-05,0.0002126190108362883,-0.0001523006455209381,-0.0007005684013217869,0.00028801976244890656,0.0006617914812951688,-0.00011523621857225524,-0.0007199905373213231,0.00045194174238929324
2011-07-08,-0.00013207040708280857,0.00010608279890195194,0.00034809144258625153,-8.588588666680677e-05,-0.0007135830098220653,0.00014572868582465523,0.0006456386153560548,-4.139811624908826e-05,-0.0007009046846569236,0.0004273707590707887
2011-07-11,-0.00025633749847925883,7.701034064391474e-05,0.0004867058334063444,1.2763544551222528e-05,-0.0007317295662616569,0.00014296314068167407,0.0005394625700209793,-8.162730310186384e-06,-0.0007531166238832487,0.0004913447336854643
2011-07-12,-0.00024738583289237256,6.715280186900003e-05,0.0005558521029974096,-1.2602579046403287e-05,-0.0008150344185029624,7.679490166214754e-05,0.0005750769600148462,0.00010908023077924739,-0.0007353755266278628,0.0004265782497542281
2011-07-13,-0.00025338400692298454,4.986610078616064e-05,0.0005192298364100807,0.0001226576899188564,-0.0007974507084475444,-2.1562410796156783e-05,0.000474757333551578,0.00021613090868952828,-0.0006957148425780282,0.0003855157726048164
2011-07-14,-0.0001627550386353941,8.91800869322599e-05,0.0003655844602465882,1.6046654251849774e-05,-0.000722052796398533,9.137665427804732e-05,0.0004887017360815267,0.00014735812895766073,-0.0007419053355918123,0.0004284490736557178
2011-07-15,-0.00021532580472709227,1.704464014561048e-05,0.0004298904160964577,0.00017402890128213715,-0.00074821756159255,5.4171262147533275e-05,0.00044012653178985076,0.00011230818983683916,-0.0006809434106172102,0.0004177588770790247
2011-07-18,-0.00024579938621208705,8.651737887481698e-05,0.00040350565952770997,0.0001663264608283508,-0.0007322905199772011,8.918508267331121e-06,0.0004085279821621039,0.00015527583678533186,-0.0005748566984068726,0.00032468048996946164
2011-07-19,-0.0002457831014154032,6.160398902575618e-05,0.00044474346894320983,0.00018945991873039808,-0.000782297884269317,-1.8460455783776697e-05,0.0004351874060488786,0.0002032695238208919,-0.0006534120065925866,0.00036569939715881683
2011-07-20,-0.00033823138888040827,0.00014057162478775065,0.0005706385885033496,0.00012377969866825787,-0.0009231464945137482,2.7961869229330832e-05,0.0005047002103823368,0.0001994467609638638,-0.0006497329279557262,0.00034356375445013937
2011-07-21,-0.00019115614535741214,8.73071835690738e-05,0.0005008845624073837,-0.00012139378778905363,-0.0007716037786244731,0.00016854401175927895,0.0005841742372455806,5.534124484192146e-05,-0.0007712297125467699,0.00045896371539864284
2011-07-22,-0.00023642072880346397,7.12797190225154e-05,0.0005383947682283327,6.1021106909243256e-06,-0.0008726737705100022,0.00016996971172270406,0.0005517575904916139,8.23075918431719e-05,-0.000777873180751662,0.00046744084306103023
2011-07-25,-0.0002675216627775396,0.00012130047526219588,0.00045314556699098656,5.921626422293342e-05,-0.000771078561099937,9.205300907144665e-05,0.000517158600577515,9.027206905156543e-05,-0.0007546071561222237,0.0004602172762859097
2011-07-26,-0.00027090712710682975,7.854418730873498e-05,0.000516713992254191,8.608016607496854e-05,-0.0008309318982607661,6.153431423529428e-05,0.0005407115843459112,0.0001299941556245389,-0.0007837647245324542,0.0004728167383517626
2011-07-27,-0.0001498579768915183,0.00011445545839670825,0.0003171178924333156,2.264755235682845e-05,-0.000761597520351689,0.00014428701266175174,0.0005078696644803676,0.00012182728675066284,-0.00076807600795923,0.0004498441471527462
2011-07-28,-0.00026606470865683665,0.00023290595747571486,0.0003957676915032336,-8.16394218894085e-06,-0.000831714568737851,3.893704875340166e-05,0.0006250264361060687,0.00013869019799669924,-0.0007034760292663408,0.0003783747612868954
2011-07-29,-0.0004521073881407203,0.0002977405430912739,0.000488447304386041,0.0002035838277107448,-0.0009288916968593483,-8.063274203675558e-05,0.0006112247280486635,0.0002068979987157847,-0.0007946031104617765,0.00044832016292509214
2011-08-01,-0.000490737661001185,0.0002302100230959002,0.0005887991920087402,0.0003140128853767487,-0.0009494723378444909,-0.00020306844946199956,0.0005745032191553819,0.0002527663848436376,-0.0007046792712067443,0.0003885006636497462
2011-08-02,-0.0005681090216629957,0.0002888237845804537,0.00051638100704783,0.0003675619298855468,-0.0007853385722137183,-0.00025899282092533595,0.00045328938514866204,0.0002724728261233045,-0.0006754099802787072,0.00039028940191720984
2011-08-03,-0.00044841171508455495,0.0001675685085358328,0.0005726546400528683,0.0002614023721322989,-0.0007905773555035803,-0.00021648482677539063,0.00045599456290327037,0.00029960772193406843,-0.0006428785354578512,0.0003421081397605996
2011-08-04,-0.00037920555417531433,4.127929491338361e-05,0.000536574239273914,0.00034122483900337654,-0.0006640175058795035,-0.00024412929556108173,0.00034423963676151123,0.0002735740682683098,-0.000582892117154378,0.00033394582777519083
2011-08-05,-0.00023517002167026594,0.00017619990298665435,0.00037615072362795986,6.714359500966088e-05,-0.0007714801463775036,-5.4577125250532266e-05,0.0005666438939333426,0.0001775007487745707,-0.0006255763917437443,0.00032303890732909846
2011-08-08,-0.0002113195993867635,7.712908799495334e-05,0.0003409175859503757,0.00017536767023679407,-0.0006289629459518501,-0.00014480172785652674,0.0004745072640466412,0.00020516199368177113,-0.0006501136935290266,0.00036201346440299653
2011-08-09,-0.00045760640141591016,8.481791833457846e-05,0.0006341414465850877,0.00025482268560154367,-0.0005658116073539504,-0.00036773175559003113,0.00031210979716279376,0.00033663895735083424,-0.0004514087952907156,0.0002223429514210326
2011-08-10,-0.00036207763712247385,0.0002035707945489579,0.00043837731359237255,0.0001478443150384394,-0.0006819909847866493,-0.00016179727926009073,0.00038591776062110034,0.0004100332111844525,-0.000832604116729925,0.00045208357227504575
2011-08-11,-0.00042926041157248675,0.0002940956988764235,0.0004911445845385662,6.782184221608011e-05,-0.0008253284174777132,1.1660510076403133e-05,0.00046336810046752885,0.0002972945617874326,-0.0008505469976525723,0.00047729304469842915
2011-08-12,-0.00047260267125599656,0.00022007660914041935,0.0005909848029423432,0.00021610683788678012,-0.0008508134311907127,-9.075849685345229e-05,0.0003510830551325273,0.000365007082778708,-0.0007157168572418868,0.00038718866768619464
2011-08-15,-0.0005337759312087731,0.00027548389149794435,0.0006612510486980379,6.40933674513971e-05,-0.0007646588674039738,-6.176092801467997e-05,0.00034375540326800347,0.0003378152703096167,-0.0006967869079205075,0.00037425618143537703
2011-08-16,-0.00047452382207643175,0.00013970802456474726,0.0006458708944047503,0.0002179962200815808,-0.000722024798742291,-0.00013536949342623367,0.00022408791529370323,0.00037186818233262905,-0.0005483213599253439,0.0002808273306903822
2011-08-17,-0.000526983379109872,0.00015150426446208342,0.0007117053563660629,0.00016785535479053805,-0.0006243004756269644,-0.0001617859998311634,8.6931885471455e-05,0.0004574392323548372,-0.0005013557044339437,0.0002413873096522648
2011-08-18,-0.00039161952138066705,0.0001276868118760163,0.0005086307146835616,0.00022302580650089424,-0.000612021396942347,-0.00010825197294223043,0.00010812543635109473,0.00039563618859056113,-0.0004999270476475116,0.00025059369573358914
2011-08-19,-0.0002567436441919096,3.7285711022003014e-05,0.0004793636146725477,0.00015287921088029833,-0.000588538639431679,-0.00014037904080160986,0.0001527320833284232,0.00046310325917485115,-0.00054550090056011,0.0002454259644202386
2011-08-22,-0.0002528686042124169,9.127827875925648e-05,0.00034634656536058385,0.00018783969454252373,-0.0005432958839554167,-9.321182320037348e-05,0.0001637496734093486,0.0003715606674245704,-0.0005596291364938326,0.00028818960666349147
2011-08-23,-0.00030840484994617163,5.980546696825493e-05,0.00044387625779588875,0.00018732532863153855,-0.0004875297449128866,-0.00017663919353079136,0.00014155929597484303,0.0004009063672782247,-0.0005333976095865077,0.0002727095904164756
2011-08-24,-0.00024324720441608563,2.4245952162772505e-05,0.0004787572487529137,8.523298445202616e-05,-0.0005820112294831646,1.4651269378973195e-05,0.00018158119537286035,0.00029450328629312267,-0.0005510156521878126,0.00029728127346707184
2011-08-25,-0.00028267017679743065,8.803306048164666e-06,0.0005142017137881954,0.00022643692188964015,-0.0006397934589375464,-0.00017921195271978357,0.00029130596917929623,0.0003644560559559057,-0.0006306581121994712,0.00032559656740234477
2011-08-26,-0.0002496116561283524,-2.357674453088969e-05,0.000543586842252841,0.0002546859022407831,-0.0007382382975462945,-0.00018272124317262467,0.0002403265527678878,0.00045152417980371187,-0.0005232592651629037,0.00022767397971203834
2011-08-29,-0.0003549866633331479,0.00013105114114801003,0.00047288687455537457,0.00020118689093700636,-0.0006810428616978873,-0.00012045577180837784,0.00031583215903777107,0.00034515911473398733,-0.0006643461085421021,0.000354646437342912
2011-08-30,-0.00041297506525218413,0.0001569630155270382,0.0004919382409634251,0.0002785949972211668,-0.0006903641157600107,-0.00015681159927484825,0.0002224964036989796,0.00039420295261948304,-0.0005885560152222476,0.0003047083150604507
2011-08-31,-0.0003565032950884284,0.00011632460580563646,0.0005506377776342479,0.00021671662198592765,-0.0007890993028492601,-0.00014968491896996151,0.0003328366739598857,0.00037883061036209434,-0.0005454619406841318,0.0002446893449516291
2011-09-01,-0.0004431314285677251,7.741974107953781e-05,0.0006000845721760156,0.0003178269667660279,-0.0006642336241819871,-0.0002404068626403119,0.0002672416524908197,0.00033231918902076885,-0.0005403188828727867,0.00029359734001753457
2011-09-02,-0.00033485832533822896,8.356619820551524e-05,0.000468993932115762,0.00021224751179768804,-0.0005751376923547298,-0.00014514981833016645,0.00021298656411112248,0.00030837849958480906,-0.000478231667122752,0.00024725816472810636
2011-09-06,-0.0004867775656084649,0.00013229470410025806,0.0006250509795980375,0.00020073951185059068,-0.0006396310021373839,-9.922698086434895e-05,0.0002679380046738799,0.00020229732870981343,-0.0005203810893155345,0.00031762211918800326
2011-09-07,-0.00034987502726516824,0.00014341506752778884,0.0004836685179597489,0.00015372382860627488,-0.0006889757122484014,-3.3047465741578574e-05,0.0002815373240513206,0.00024179666896183283,-0.000476544075731139,0.00024415792219378146
2011-09-08,-0.00046368855395516816,0.00017382826378009098,0.0005927843673384924,8.761259579794759e-05,-0.0005640282840044097,-9.377048490137423e-05,0.00028004348226559964,0.00017726569039445625,-0.0004439760139313513,0.0002541550094899772
2011-09-09,-0.00044424753162814905,9.686394742292308e-05,0.0006361813730408768,0.00010681674438902267,-0.0004465435516907458,-0.00027924732809789937,0.0002454241916246148,0.00026280882923845547,-0.0003405814269730918,0.000162427711807335
2011-09-12,-0.00033398968192682315,0.00010191878932344319,0.0004717747671488374,0.00013130193064077875,-0.0005153535636452048,-0.0001448980256875572,0.0002862986936435028,0.00018740464223476055,-0.0003882709101151495,0.00020325099689363219
2011-09-13,-0.0003388131761496168,0.00012336131540563564,0.0004230210701805677,0.00017540064512879807,-0.0005330240203637263,-0.0001487131886225932,0.0002959066922615678,0.0001881840671339348,-0.0003971780565416652,0.00021237473729763395
2011-09-14,-0.00022424828309217966,4.24674743437807e-05,0.00043834312720548844,4.825090979578895e-05,-0.000526253372616174,-8.136962213099556e-05,0.0003593659286350321,0.0001838828393562822,-0.0005356453043446584,0.00029934888654191416
2011-09-15,-0.00024447066749691435,2.0800888418160996e-05,0.0005009369064400294,0.0001448452483267513,-0.000718334689736551,-5.426740456015121e-05,0.00044668178329308576,0.000159087955714423,-0.0005855180370238876,0.00033039866322657346
2011-09-16,-0.00021208664714821973,-5.797559739713088e-06,0.0005365902699444741,4.56239585707118e-05,-0.0007033249722187013,2.080192914280174e-05,0.00046158226043336095,0.00011242362315605839,-0.0005930026777527381,0.0003360550915659996
2011-09-19,-0.00033501436039706827,0.0001296658082182521,0.0004865578346091821,0.00011096602365703108,-0.000645948427636764,-0.00011506689665230843,0.00043730768177333186,0.00017063023239380012,-0.0005461636511626018,0.0003082668309948647
2011-09-20,-0.00029022674335649304,2.9577075943908583e-05,0.0005210452651655381,0.00018741258202061278,-0.0006655497588493649,-0.00014533258644209776,0.0004170083700612004,0.00017188972355786092,-0.0004951317567189334,0.0002692413788156142
2011-09-21,-0.00024130041683813618,4.609689204981951e-05,0.0004403411828335583,1.891623419798122e-05,-0.0004385586624755331,-5.906988457468447e-05,0.0002721222931457521,0.00012594341134097853,-0.0003612087858554068,0.0001975847561781069
2011-09-22,-0.00026146757680841617,2.0169167283086745e-05,0.0004302034455483817,0.00011913368705031811,-0.0003661771828121535,-0.0001833152962885387,0.00022800564592796203,0.00012506492683980394,-0.00021881476356784904,0.00010808516784999514
2011-09-23,-0.00011260933554704609,-7.074586512791523e-05,0.0003513994446876041,0.00014725602601985263,-0.0005327097569381694,1.069540659886549e-05,0.00027864052566113975,7.673180338962221e-05,-0.0003409577298660073,0.00019236483934154808
2011-09-26,-6.65974366908029e-05,-3.691400073161554e-05,0.00025693684258754263,0.00018563934669946127,-0.0005683132191004951,-7.26964281550814e-05,0.000363429359716878,0.00010380409171623084,-0.0002931939925450433,0.0001272330412610198
2011-09-27,-0.00017429911448036745,6.908488876316172e-05,0.0002633616561036737,0.00011714451664181441,-0.00046775253711802897,-7.405871069730147e-05,0.0004039586160484842,3.1848828786797123e-06,-0.0003335762780619714,0.0001926861152327375
2011-09-28,-0.00015956507429830302,-2.1108951177734763e-05,0.00036343481166281675,0.00019856747109707647,-0.0006035040785726808,-3.905108868028362e-05,0.00031627806970293756,9.135072633932595e-05,-0.0002808720442738777,0.00013385890069754838
2011-09-29,-0.0001713515125206687,5.980141629011214e-05,0.00023738645867852162,0.0001818996625404124,-0.0004903310624778025,-3.741834722185283e-05,0.00031562768318071574,2.3435561583760867e-05,-0.00027797349819109335,0.00015895572626184462
2011-09-30,-0.0002453545796269696,9.421236681876426e-05,0.00039562261649972365,7.878028336878642e-06,-0.0004810851740047915,5.1635478868201565e-05,0.00027470836509281733,-4.609004793338506e-06,-0.00020231605840806757,0.0001092324409365554
2011-10-03,-0.00026856295360770156,9.229730594243065e-05,0.0003508195279102791,0.00011519871032900043,-0.00039898300297856173,-0.0001253726283851446,0.00027372786220194144,6.589240411943725e-05,-0.00022559564412550498,0.00012068466351725787
2011-10-04,-0.00020192909069569645,1.8302806195068645e-05,0.0003063555559159332,0.00016511388026145112,-0.00041942185170524334,-1.9736064893893443e-05,0.0002551137879819067,-4.940683183634123e-05,-0.00017295041764793864,0.00011897491250564829
2011-10-05,-0.0001348416091358776,5.009961211944314e-05,0.00025914610181617965,4.152880891394569e-05,-0.00042326806493626565,-4.2712155658959985e-05,0.00039837599995236166,-5.490662137699193e-06,-0.0003494933447265036,0.000206710781885628
2011-10-06,-4.385352783828197e-05,1.5895044925463722e-05,6.998662750262188e-05,0.0002329169115941566,-0.00045234554587314946,-8.574974246492242e-05,0.00039410919739132737,4.1186040267475466e-05,-0.000391639837244849,0.00021823810433460253
2011-10-07,-7.074735526594996e-05,6.049448333120185e-05,0.00015046922195298602,7.042042097351719e-05,-0.00045926629073522827,-3.9859186270077215e-05,0.0004727416242017758,5.228102526937811e-06,-0.000473512460279428,0.0002843684927919081
2011-10-11,-5.07308091673029e-06,8.34225786301697e-05,9.436935580324902e-05,-2.094332095617683e-05,-0.00046052875607328556,-3.71766520795673e-06,0.0004998329863300788,3.0309735222246864e-05,-0.000471994658426695,0.0002536862178530927
2011-10-12,-1.4889283420122873e-05,0.00023466318180463783,-7.41518099114716e-05,-0.0001524087234515397,-0.0003567722274055909,0.00014965195327472022,0.0004931910780018658,-5.280587404888487e-05,-0.0006037408967479937,0.0003771890314816506
2011-10-13,-0.0001255271635796773,7.86755262951076e-05,0.00016619976216704336,3.756017793987449e-05,-0.00036117645177012256,-3.0224866139492296e-05,0.00046935331296810157,-5.3772773624196496e-05,-0.0005555971896871459,0.00037520951618179657
2011-10-14,-0.00017292394479098984,0.00016913112071451303,0.00020556727824094507,-4.559376941650102e-06,-0.0004507951091699191,-9.532332671734547e-05,0.0005189038305911421,8.648347936151754e-05,-0.0006108571554572749,0.0003556341186671669
2011-10-17,-0.00010415866449030694,5.509209614676608e-05,0.00023522276938175058,3.635589185739356e-05,-0.0004851524822430649,-8.997882236004388e-05,0.0005167055619442543,7.296041537198025e-05,-0.0005797000582245457,0.0003434350862103405
2011-10-18,-0.0001798408220663996,0.00011055307142706196,0.00024092371257638926,0.00010420661048840367,-0.0004916357106052732,-0.00010782988822701477,0.0004486828602452732,0.00011250047941570307,-0.0005721170238382513,0.00033469685622449646
2011-10-19,-0.00021929804294126435,8.240656185823033e-05,0.00023194973081119125,0.00022234309087133287,-0.0004575069284559856,-0.00016236218155218397,0.0003907293606307642,0.00013891840358393193,-0.0006000779295220297,0.00037500731980201485
2011-10-20,-0.00020387166904803632,8.31095624263834e-05,0.0003061491215762505,0.00015348381520255243,-0.0005589891760079593,-0.00010755785318731538,0.0004199721441342716,0.00014799836537203806,-0.0006066690416100841,0.00036796371127283123
2011-10-21,-0.00020800892368142936,4.726129213697503e-05,0.0003180003638817688,0.00029390670392398077,-0.0006618352409680575,-0.00015960562966928042,0.0004300821641747901,0.00018957939003558244,-0.0005530801243064827,0.0003048912935551609
2011-10-24,-0.0002087260676480756,0.00014645812910763216,0.0002093857034929749,0.00024934498105849776,-0.0006553443885570723,-0.00015135952314754113,0.0005663662070754458,7.765935477065111e-05,-0.0005657651446206377,0.0003333304278948235
2011-10-25,-0.0003468641770249901,0.00017291505221867746,0.0003559826515870284,0.00020395470590203746,-0.0005291715501846515,-0.00026600103958861025,0.0005305060788240949,0.00011485584428136061,-0.0006014172640672957,0.0003658885142890332
2011-10-26,-0.000243277636562689,0.00011231627200544378,0.00038011317705898863,4.173210822256985e-05,-0.0005315417647893386,-0.00015383468777202015,0.0005365643758854545,0.0001402645047707332,-0.0006285916890904249,0.00034446425673442804
2011-10-27,-0.00026719200332931553,0.00016855606493041287,0.0003709650109068926,3.223545883559954e-05,-0.0005879678043852398,-0.00011457006718133649,0.0005519174225274252,0.00012145809493691734,-0.0006461005593752928,0.0003707360175808222
2011-10-28,-0.0003092289498226092,0.00015780021923683673,0.00042497219963134707,1.7773029758139103e-05,-0.0004770694778531868,-0.0001923190787143491,0.0004250221335357976,0.00022441126886651314,-0.0006041892651333369,0.0003328219601779342
2011-10-31,-0.00041367108590243366,0.00015065656220586822,0.0005037149641402572,0.0002323708504894267,-0.0005741693212492974,-0.0003429025461992412,0.000378170147170738,0.0003456847580698037,-0.0005867930626396595,0.00030748687527649976
2011-11-01,-0.00042243019966536893,4.4620908955030156e-05,0.0006330783769425774,0.00021496721089001893,-0.0004805247822543732,-0.00040038081998618885,0.0002967485929708403,0.0003284642182607468,-0.00041468636508051535,0.00020028159023386533
2011-11-02,-0.0003677855818712597,1.4021105799571327e-05,0.0005243515945872184,0.00032610187716385856,-0.0004715696395850436,-0.0004310896452402579,0.00020796688640481453,0.0004516236535441892,-0.0004874657230434301,0.00023474659193328112
2011-11-03,-0.0003425205942434344,2.2066094590372754e-05,0.0004969844928962642,0.00032655635533740185,-0.00044171629066983584,-0.0005291367754944078,0.00020430661239833822,0.0005285679976424311,-0.0004068971520751301,0.00014104827561575717
2011-11-04,-0.00034853699054091474,-4.8412041399734345e-05,0.0005874306091195739,0.0003058296725417394,-0.0004062391694227077,-0.0005417890028656218,0.00020000663094093402,0.0005046628973984779,-0.00042324603499666047,0.00017003245471179998
2011-11-07,-0.00035929300551214744,2.522462528747627e-05,0.00033833847528429704,0.0005376898889866738,-0.00036926006226008787,-0.0005566073660668112,0.00015219224064371914,0.0004560425116800458,-0.0004578202698861146,0.00023402236152414782
2011-11-08,-0.0002808294261339249,-2.8198912371672628e-05,0.00042447344277986125,0.0004154970956537318,-0.0004846050309877761,-0.0005201959684035667,0.0002799321499619388,0.00047182782306083235,-0.0005065213507569784,0.00022833628968406058
2011-11-09,-0.0003259348798331111,2.839860663443871e-05,0.00040430443551434493,0.00039635530434234444,-0.0004644725515584756,-0.0004038886445210787,0.00014407904882103757,0.000475269047468526,-0.00048328127546125657,0.00022931268223501736
2011-11-10,-0.00028257301430166575,-3.429947969782677e-05,0.00042485361021578957,0.0003701269587079799,-0.00044767759089268467,-0.0004095059339972902,0.00022299340516546834,0.000409688773094323,-0.0005234022799099694,0.0002700106049342496
2011-11-14,-0.00024955707667591217,7.444658271945297e-05,0.00029463819674970036,0.00029243618203158217,-0.0004439132089192675,-0.0003933081485894864,0.00028199543142195735,0.0004457231930213128,-0.0005959860018068565,0.00029317051733141267
2011-11-15,-0.0003192049002608104,8.920311313080544e-05,0.000382490554991187,0.0003405164439686959,-0.0005215936243125139,-0.000396022432511238,0.00027383781356880854,0.00044471552204206066,-0.0005556102956796524,0.0002597393110728846
2011-11-16,-0.00028126179010704515,1.0469503498628191e-05,0.00038747721566423127,0.0003622864426431876,-0.0004440439756772411,-0.0004677183630804674,0.00024327028192364618,0.0004591399381333357,-0.0005567513154585042,0.0002889837131301587
2011-11-17,-0.00023575911765772814,-3.668148164451805e-05,0.00025897070499863485,0.0004820822963395128,-0.00036803469697015926,-0.0004751825077250957,0.0002422823183375021,0.0003873433293013692,-0.0005970117042241041,0.00034283465326152493
2011-11-18,-0.00022907366024269487,-1.0649391534802083e-05,0.00034682900225020056,0.000368908644472349,-0.0005077241571407589,-0.0004293113248159553,0.00037361109000690236,0.00037077895054062407,-0.0005806843933061079,0.00029752881630518493
2011-11-21,-0.00020365589829728827,5.076045747368801e-05,0.0002720337896362252,0.000294435699623459,-0.0005098330791349385,-0.0003422068463709762,0.0004055499697890666,0.0003292377005369995,-0.0006281496105921061,0.00033182606638496037
2011-11-22,-0.0002461636110687587,0.00012053434932498229,0.0002666734411667954,0.0002386930938791873,-0.0005178480640310934,-0.0002646472788999307,0.0003536778100238589,0.0003578999165892924,-0.0006618452343682274,0.00035336804221939785
2011-11-23,-0.00029539348377077,7.879522712994625e-05,0.00034450532020343836,0.0002686183091294269,-0.00042623075310271093,-0.0003432680166493753,0.00029527285333042635,0.000347435486744891,-0.0005995950367860582,0.0003302019165704051
2011-11-25,-0.0002945811401794809,0.00014821307522997168,0.00035320878573605026,0.0002647066212814802,-0.0006307137376098974,-0.00031463844461384477,0.00039630291111642825,0.0004122332303489011,-0.000644755942618442,0.00030922318962126397
2011-11-28,-0.0003213257182146778,9.754012752116585e-05,0.00042080560725962866,0.00026557359285197916,-0.0005877717791968134,-0.00032027165762733324,0.00038763968120752827,0.0003716251985196768,-0.0006719053305909821,0.000359046589158276
2011-11-29,-0.00029390321518105254,-1.3350691610642968e-05,0.0005420910786854347,0.00028049714501825543,-0.0006492240301551652,-0.0003750808364606367,0.00048677670515264587,0.00034479065694779584,-0.000687620410786953,0.0003650591982102547
2011-11-30,-0.00036753834600527347,0.0001516224283014245,0.00045073424148878616,0.00017830388657190084,-0.000542005058158183,-0.000338263770481342,0.00045628639755092813,0.0003224172047506593,-0.0006636606340133001,0.00035164669649919225
2011-12-01,-0.00035136573559408415,6.463183847129944e-05,0.0004541901018365049,0.00035328933064710747,-0.0006028999788469831,-0.00037803460329382567,0.00044082171044554017,0.0003108890589594883,-0.0006618500376928474,0.0003706241180022156
2011-12-02,-0.0003688475912161177,9.167411474748693e-05,0.00046372165706436174,0.0003046404948850415,-0.0005355590166361891,-0.00043718489346836024,0.00040014130625715474,0.0003840073639519159,-0.0006399707934355708,0.0003375534486604846
2011-12-05,-0.00031955933427622803,8.147201001694124e-05,0.00036147246107826546,0.00040018132942767383,-0.0005702981175469898,-0.0004292205931173028,0.00039117049293816396,0.0003776050043666976,-0.0005967508893681799,0.0003040052023934557
2011-12-06,-0.00024498138821803115,4.665955112153659e-05,0.00040661603519046084,0.0002022589817186021,-0.0005123977116667745,-0.0004551715459491356,0.0004927521177724697,0.0004935855951056257,-0.0009333498896444276,0.0005041182562975713
2011-12-07,-0.0003121287400730732,5.7543210604177504e-05,0.0004522432529844415,0.00034774461530642656,-0.000636309434580349,-0.00044805784653766285,0.00043525038671058877,0.0004148581831078489,-0.000573418137841987,0.00026183037884861676
2011-12-08,-0.00034575669174799554,4.408744453208497e-05,0.00047535454881455575,0.0003311263993923982,-0.0005063003715139215,-0.00045345756530160153,0.0002696938522090721,0.0004833480024560577,-0.0005701175286877899,0.00027201965471264355
2011-12-09,-0.0004125660909924819,9.482371970803618e-05,0.0005391642460762832,0.0002576275705588843,-0.0004669276376426199,-0.0005368831995567862,0.00037889238258494856,0.00047301258207824853,-0.0006608813912999667,0.0003338318253603839
2011-12-12,-0.0003931891555362703,9.661603973493398e-05,0.00042181668030084017,0.0004484066522545149,-0.0005311875248051661,-0.0005734362442950634,0.0003625345718702225,0.00047717554800923156,-0.0006106390123952823,0.0003020863308244373
2011-12-13,-0.0004297520700919211,0.00014107830190153079,0.00045100804520921954,0.0004124814546132374,-0.0005807466134151685,-0.0004995959794159965,0.0003448074263210279,0.00047930587880263414,-0.000635385342421857,0.00031686310396445566
2011-12-14,-0.000357938781583914,5.594048143821523e-05,0.00048277649964482473,0.00037144462325139046,-0.0006131120419208165,-0.00040028836603273575,0.0003155848553272802,0.00046878671932413726,-0.0006560768440421159,0.00033280264151889366
2011-12-15,-0.00039839379396554915,8.750336537909141e-05,0.00047138728585715607,0.0004132028286856467,-0.0005847348525623818,-0.00045364425255158686,0.0002939782197574209,0.0004766046640950379,-0.0006021850670891657,0.00029610994148352235
2011-12-16,-0.00040616093024609665,2.2369379145218695e-05,0.0004829076877026744,0.0004489397911229278,-0.0004552678610855584,-0.0004995075526580007,0.00022000282374728952,0.00045789061481718574,-0.000583230287647122,0.00031216747098418776
2011-12-19,-0.00027671016926423387,6.86087433910944e-06,0.000403816755134404,0.0003220151091490064,-0.0004616489529261055,-0.0003721075017955617,0.0002084933503798854,0.0004451931552419894,-0.000546838618877131,0.00027082092805594954
2011-12-20,-0.00028894950885656505,-1.7602702492484294e-05,0.0004399640966543897,0.00033894319275773986,-0.0004909844503875331,-0.00039980816844908257,0.00022963771218931575,0.0005079188655723356,-0.0006282896151980216,0.0003090055242964823
2011-12-21,-0.00028892841855380596,-3.889351576312434e-05,0.0004777825437187037,0.0004018762134945456,-0.000594085843636058,-0.0004112516690240771,0.000335957426593491,0.0004264453330695833,-0.0006473906085217307,0.00033844003951450166
2011-12-22,-0.00023880444475621825,-9.519284641743155e-05,0.0004111178587192551,0.0004223028560106845,-0.0004792360602888582,-0.0003953278680325044,0.00026011570135677994,0.00036550697500400617,-0.0005748074392854137,0.00032558236723695747
2011-12-23,-0.0001817476166950227,9.766324329566975e-06,0.00032312191471553704,0.00018606746604283003,-0.00042470185692084546,-0.000280485771357801,0.0002997263949163619,0.00035378521338163063,-0.0006014400848503645,0.0003159178781982526
2011-12-27,-0.00022712231026397894,7.95741218796482e-05,0.00022038975725841774,0.0003283867276536786,-0.0004477602900137788,-0.0003560824242612604,0.00035292842792174726,0.0003310172490669748,-0.0006013668566277018,0.0003195763494786355
2011-12-28,-0.00024226114616618264,6.164984144961462e-05,0.0003136957865230688,0.00029196145863299343,-0.0004775311347028268,-0.00034240600974232496,0.00028816163126942247,0.0004111216113871774,-0.0006294617625785259,0.0003244881584859652
2011-12-29,-0.0003169640352454348,0.00013317794791871894,0.00026519767426842517,0.00036253166009275837,-0.00042869491590710133,-0.0004142059804130172,0.00023851456086671288,0.0004495019356576674,-0.0005895253307339234,0.00030057422749043064
2011-12-30,-0.0003668791732704717,6.763404947676829e-05,0.0004353843060886308,0.0004018254290111263,-0.0005135391541121739,-0.0004937900531394885,0.00028875096101758924,0.00048464095374070246,-0.0006007368210617196,0.0002963446972287405
2012-01-03,-0.0003087041672603198,7.648731379908543e-05,0.0003532838891768034,0.00036475995597890463,-0.00047583543824228705,-0.00044025912298253575,0.0002194326911057285,0.0005006761542434811,-0.000524736513776821,0.00023457283840495197
2012-01-04,-0.00034475857753337943,8.125130911404725e-05,0.00041572973222655965,0.0002708293830281272,-0.00038729287921956176,-0.00046717718218474043,0.0002569276990408622,0.0004793213876816728,-0.00059623899627987,0.000293200842620283
2012-01-05,-0.0003935192764750394,0.0001444474825401179,0.0002970937216999136,0.0004704917595077622,-0.00038609451752701,-0.0005902083613660344,0.0001947802411236474,0.000556107003464007,-0.0005580509262981953,0.0002651420470206091
2012-01-06,-0.000367211203721584,-1.832499037933812e-05,0.00045604198766281624,0.00037154703807313174,-0.00024578000701124154,-0.0005820837965062227,0.00015639946898352887,0.0004757526142282857,-0.0005495282858633925,0.00030451740397987107
2012-01-09,-0.00042435990656405177,3.076188984443232e-05,0.00041544512327752595,0.0005445924024539478,-0.0003659588531031038,-0.0006012503352306863,0.00012959375281332806,0.0005320390473649295,-0.0005430971267215562,0.0002828555685951452
2012-01-10,-0.0003108567898309841,4.425783340770008e-05,0.000427034838105195,0.00034683744787951257,-0.0004775259825621292,-0.0005452061475899883,0.00025410008958158016,0.0006173253382379291,-0.0006276737826670098,0.00027094142270195354
2012-01-11,-0.0003919541984706216,4.9416254229890655e-06,0.0004652800956002933,0.0005188922167326027,-0.0004956153326276412,-0.000498359728941751,0.0001138079155763947,0.0005852750043268476,-0.0006204469304406483,0.00031871034140055696
2012-01-12,-0.0003045146354980633,8.185546620599691e-05,0.0004232726302997815,0.00024624315654896796,-0.0004913525585964994,-0.000424696102901077,0.00026998063604651706,0.0005282672454768184,-0.0005852880618732216,0.00025551384184311146
2012-01-13,-0.00036788873048478526,4.4015902366664034e-05,0.0003340211382662308,0.0005446304786099706,-0.0004171166500628858,-0.0005290738586931059,0.00015484605420254365,0.0005048732030745254,-0.0005762689992848194,0.0003087619617166866
2012-01-17,-0.00037060627873690806,5.4890934568013294e-05,0.00046930384211501543,0.00031935908663172476,-0.00041273994335071836,-0.00048551094403388555,0.00022076812697612545,0.0004876931743822144,-0.0005828304422511622,0.0003006728505519883
2012-01-18,-0.00041233250892903705,9.722351538909275e-05,0.00038015904647465304,0.0004697348570824951,-0.00041851941260669014,-0.0004888173674737727,0.00013898994352082306,0.0005175786451283859,-0.0006033535083721508,0.00031915931043917725
2012-01-19,-0.00027875360942550406,3.3742110273293985e-05,0.0003043975889365886,0.000518992610947005,-0.0005804410211419737,-0.0004939650401857079,0.0003284095915734933,0.0005100901130216558,-0.0006918884287570107,0.000349299360241407
2012-01-20,-0.0002257197642451588,5.7501337395595136e-05,0.00027408256835662124,0.0003962823811310941,-0.0005780516757357894,-0.00040204320553452813,0.0003465584819696433,0.00045958913974575646,-0.0006245091005659363,0.0002957898811907535
2012-01-23,-0.0002686798290494556,9.2207796192367e-05,0.000366843337494395,0.0003151558888321261,-0.0006213256311165889,-0.0004412416375091672,0.0004398706060387784,0.00048682811033682813,-0.0006832521464842853,0.0003125726801960632
2012-01-24,-0.00028387660430550637,9.700463475206616e-05,0.0004052603341671709,0.00020033772225833352,-0.0005092337448283977,-0.0004108644557825093,0.00036455185349543694,0.0004879286569015734,-0.000654844031830186,0.00030304974848402444
2012-01-25,-0.0004606274959503306,3.815319008791001e-05,0.0005487604718447815,0.0004394931607387335,-0.0003825541518959934,-0.0007110868131339088,0.00029087593717312156,0.0005439925137742559,-0.0006317998589038462,0.0003249714665427422
2012-01-26,-0.0004678148181385946,5.677294713375594e-05,0.0005231803658439524,0.0005326539328578245,-0.00047375211505855776,-0.0007110017738797009,0.0002149994428539779,0.0006453113323914988,-0.0005832278687195186,0.0002628127008049777
2012-01-27,-0.00041363395560831855,7.456499640438809e-06,0.00047617727284452317,0.0005162607748714757,-0.00034061411382824364,-0.0007665777840163007,0.00015352424337538098,0.0006716270910893107,-0.0005394290225262319,0.00023531176510787483
2012-01-30,-0.0004511142938737593,4.6469705815081774e-05,0.00048765646274664823,0.0005301412838679175,-0.00037685610553428147,-0.0007467898431413227,0.00013313623786701846,0.0006348571564263952,-0.0004682665640032453,0.00021309019253492462
2012-01-31,-0.0004557073977198605,-3.484944313199474e-05,0.0005503452332814816,0.0005713419122161459,-0.00036853847681509334,-0.0007325312276447666,0.00012420763097821357,0.0006039963930234045,-0.00048794893968616415,0.0002302094911411541
2012-02-01,-0.0004945999315885953,2.7674072730737333e-05,0.0005105023947013592,0.0006111860275043492,-0.0003622439505488657,-0.0008101327858444154,0.00016033065013120774,0.0006265852896964463,-0.00049252066289927,0.00022350255060440624
2012-02-02,-0.0004736977354145628,-1.91677864303096e-05,0.0005198261454787685,0.0006053592235167526,-0.0003109048763815362,-0.0007976849385998202,9.343660353929029e-05,0.000657137064754662,-0.0005233262761422663,0.00024935763126485155
2012-02-03,-0.00041979385878744373,2.0757122374975324e-05,0.000515666613386282,0.000470044418232278,-0.0004048953652394391,-0.0007090024562467065,0.0002235402089008319,0.0006367409451447544,-0.0006004706685344974,0.0002660016362259626
2012-02-06,-0.0004605268435875499,-9.08201290072421e-06,0.0005089102501011746,0.00061228418831641,-0.0004130884151126754,-0.0007249019547496639,0.00018536255161172993,0.0005873569835858523,-0.0006033642138125149,0.00031804899130687125
2012-02-07,-0.0003940926084103801,0.00010064782978520142,0.00041728913995096135,0.0004584863400195747,-0.00048692359797288757,-0.0006531563889430499,0.00027337230397652713,0.0006179987675355679,-0.0005879826515017735,0.0002542933980429138
2012-02-08,-0.00038139935646523573,1.7029641464947568e-05,0.0004404238283938753,0.0005929800344461524,-0.000543380888194939,-0.000696485014285023,0.00023874401554343887,0.0006915854506877282,-0.0006034517484156121,0.0002424494341446322
2012-02-09,-0.0003777391544371046,9.646335490155755e-05,0.00037488577594535066,0.00044984008995594283,-0.00045028344593415646,-0.0005993496708176609,0.00026986592319435017,0.0005587874113206284,-0.0006210768086947586,0.0002986114689018521
2012-02-10,-0.00040706347852646524,7.535525897236247e-05,0.00038266393526703753,0.0005488474131897314,-0.00043811849181867556,-0.0006581555795715961,0.00019846898658421562,0.0005682535178424819,-0.0005063235887199473,0.00023756692700056467
2012-02-13,-0.0003262933813122674,0.00013048169037374493,0.00019318669995576536,0.0004921243491961022,-0.0003400346313727001,-0.000608285754602745,0.00023194457833801418,0.0005032214221559125,-0.0005261128094115053,0.0002494238100236232
2012-02-14,-0.0003767116516651338,7.846521127834573e-05,0.0003563389989046657,0.00043660042016857884,-0.00027765512292006987,-0.000689219205287429,0.00016895729995376578,0.0005532700644514735,-0.00046106302744267774,0.00021238186000110265
2012-02-15,-0.0003811921723558655,-2.2313390340291924e-05,0.00045904558854766736,0.0005343282943547759,-0.00039541814241421,-0.0006528166996334888,0.0001546540669961679,0.0005698590411175701,-0.00048668170985482,0.00022194357274982895
2012-02-16,-0.00030140417352337505,8.538506348782968e-05,0.00033950611070382116,0.0003166043678785621,-0.00035380328776988667,-0.0005790284807765545,0.0002504069810620752,0.0005291964707002383,-0.00047644322466637926,0.00018911264837960864
2012-02-17,-0.00040947191824348343,9.104465424053716e-05,0.0004606801299354788,0.00033440232569246836,-0.0003664146970586285,-0.0005791210560103736,0.0002701386922989678,0.0004749219391218078,-0.0005169084112844752,0.00023991708365896786
2012-02-21,-0.0003997752045141969,0.00015432350204774847,0.00034195711853300973,0.00038765016749286573,-0.00040446675449105993,-0.0005273835297919614,0.0002689064908465381,0.0004457514093454927,-0.0005262662966152958,0.0002593965488797839
2012-02-22,-0.00039258355429553737,0.00010922918309056525,0.0003817548797302051,0.00036201642878742673,-0.00033184970543903656,-0.0005310912507207177,0.00012985248687386215,0.0005482609882851812,-0.0005205564359982637,0.00024506174062285946
2012-02-23,-0.0004029749595962516,0.0001655441279414041,0.00029135607696940307,0.0004372324870355014,-0.0003414821149422577,-0.0005482496876145909,0.00011626086806556038,0.0005460891281735235,-0.000475034313551885,0.00021318682440116254
2012-02-24,-0.00033689432969750423,0.0001203760593926663,0.00032935967472641644,0.0003593698311533879,-0.0004186916580624419,-0.0004973273856055827,0.0002097781159511019,0.0005053044775901704,-0.0004660804557678859,0.00019460495218895368
2012-02-27,-0.0002724093465537201,4.5025690038653574e-05,0.00026090775694389006,0.00045992513012761823,-0.000395164928735774,-0.0005196689581715031,0.00016767845514840257,0.0005148690203671015,-0.00044997822438919144,0.00018853435487095269
2012-02-28,-0.0004157429599565927,9.172863787186309e-05,0.00038849744595338014,0.0004525089226806601,-0.0003334742308998594,-0.0006087873711845982,0.00013980445187958788,0.0005452964959215476,-0.00048626578080397664,0.00022659237968312984
2012-02-29,-0.0004248842822946265,0.00012763671858868376,0.00042908309469153806,0.00035028992105213576,-0.0003305624290302041,-0.0006043234560524462,0.00011422306277074183,0.000629837300350905,-0.0004897535669576257,0.0001982793830001897
2012-03-01,-0.0004544351425547743,0.00012608274321652783,0.00045986557246768985,0.0003766006662306331,-0.0003647392596645574,-0.0006215709502019502,0.00021702070635453742,0.0005404429125707572,-0.0005180722816092789,0.00023890257654652497
2012-03-02,-0.0005208832900418826,0.00010051944747925144,0.0005058392043130445,0.00043186485775092596,-0.00023436170566608783,-0.0007072009178893304,6.438560235195318e-05,0.0005938174154328027,-0.00042250376945806786,0.00018928409072061642
2012-03-05,-0.00047663335625351417,0.0001972834060065588,0.00032955107160993475,0.00047575580928224366,-0.0003126534359253934,-0.0006492545188346403,8.712559182012108e-05,0.0005902808017981126,-0.00042894266343428133,0.0001895315251922297
2012-03-06,-0.00049070455749208,0.00011852933280284694,0.00041423060418592094,0.0005630100790534357,-0.00034823126675640696,-0.0006826590958526925,1.2225457009670815e-05,0.0006599045030004774,-0.00043012563070453716,0.00018528864149691335
2012-03-07,-0.0005416263331153591,0.00016194921560043897,0.0004458755749400852,0.0004701766254810178,-0.0002655470523312449,-0.0006456473137374068,1.0068297232074253e-05,0.0006113636141599037,-0.0004631089639178,0.00021613986628729598
2012-03-08,-0.0005117018999371688,0.00015998408425275945,0.00038545398399150916,0.0005112325362591186,-0.00030309817247736563,-0.0005971863203470176,-1.659264485867097e-05,0.0006147965102760375,-0.0004478130688797474,0.0002051242314087126
2012-03-09,-0.00040299115391480506,4.936644894773393e-05,0.0003417443858036982,0.0005193737379122231,-0.00022538915532829568,-0.00064778956933652,2.7557203292942478e-05,0.0005676729289315584,-0.00045288094303686313,0.00022392530011443312
2012-03-12,-0.00044474933980609877,0.00019510721796589634,0.0002680509356419473,0.0004243339547557886,-0.00022541507891026512,-0.0005308293162137011,-2.3316845994570193e-05,0.0005687303490683367,-0.0004329102472232643,0.00020033971569769632
2012-03-13,-0.0004776976102488171,0.00020740962198544078,0.00037526875240605695,0.0003407627126717624,-0.0002726790871567736,-0.00052790611109833,1.715642680485789e-05,0.0005812074003542674,-0.0004343779620464283,0.00019148346139965383
2012-03-14,-0.00027398330489378686,0.0001790578795644207,0.00021069618585343444,0.00019755151200168217,-0.0002969886232030818,-0.0004160955804078069,0.00022888337002328202,0.00045138615717911154,-0.0005212855068821853,0.0002406256815566596
2012-03-15,-0.00042315304057884953,0.000215854080794076,0.000378511819614387,0.00020414441056790158,-0.0003580375210484885,-0.0003583102468790126,0.00015818788428407365,0.0004403125572082188,-0.0005077268894228479,0.00024834874329245776
2012-03-16,-0.0003034815048491475,0.00020951065769495448,0.0003277535919339507,8.940207438497185e-05,-0.0004121074302792394,-0.0003449745628991679,0.00027225852257943203,0.00048007080511796793,-0.0005674422357870787,0.00024851201710614224
2012-03-19,-0.00023753390876280422,0.0001643941095208672,0.00024743339559466946,0.00010494480467654116,-0.0004202127915536539,-0.00018990283418809407,0.00025069037295453317,0.0004195517848806958,-0.0007369725491459117,0.00039765648677872467
2012-03-20,-0.00021315359032300098,0.00013797514652716153,0.00024249054320327158,0.0001135847777689273,-0.00043517291072308305,-0.0001591495711799635,0.00026706358961873025,0.0003516651910312335,-0.0006681404519050319,0.0003622100469755779
2012-03-21,-0.00032079767411278344,0.00018417890457456706,0.0002854030651374354,0.00021285201798122667,-0.00041830906446766163,-0.00028665055759340315,0.00022861156889017464,0.0003808918465937443,-0.0005948593402145333,0.00033059297262966886
2012-03-22,-0.00031026505858316414,0.00020941796773545182,0.00023562385371311725,0.00019864757526669163,-0.0004111107924180922,-0.0002627623253953701,0.0002506945089699661,0.00038724667278995303,-0.0006451592042136974,0.00034778751899873506
2012-03-23,-0.00034309640430627475,0.000191629119364664,0.0002479131702279359,0.00026979367635358853,-0.0003844556029134454,-0.0003386708676241818,0.0002533726936518217,0.00037765250890673535,-0.0006107726688177467,0.0003373493518945142
2012-03-26,-0.0003301441634040046,0.000232832688057704,0.00023585784243369628,0.0002199439130398462,-0.0004022312971271565,-0.0003454495002351392,0.00022282234167189663,0.0004920110054253239,-0.0006478583462857061,0.0003221012595105502
2012-03-27,-0.00033823796799883747,0.00018397950974006973,0.0002900053165211243,0.00022925171818138565,-0.0003887755255632813,-0.00032112001410221705,0.00018465719766299835,0.0004501580878031215,-0.000593706707488522,0.00030386576072870264
2012-03-28,-0.00033954877365961365,0.00017342198426230837,0.000262816269564055,0.00027508437509095405,-0.0003633423401340251,-0.0003229550432896546,0.0001669159490926518,0.00041987942668690256,-0.0006338619439324976,0.00036326988863880083
2012-03-29,-0.0004448970417632726,0.00025610223821288325,0.00033406312527227205,0.00025929011979029457,-0.0003384254317875847,-0.0004909884205414935,0.000195101171281414,0.0005389157738907857,-0.0006087620321471275,0.0002999277403530898
2012-03-30,-0.0004763646327319766,0.00031859494190456146,0.0003804634037478732,0.00016216037487567277,-0.00038753479371410934,-0.0004498846895049039,0.00023437448276660347,0.0005530222204078589,-0.0006241038384009363,0.0002889521924477473
2012-04-02,-0.0003804862555716926,0.00022961414200948637,0.0003169094408470301,0.00023383930182184574,-0.00039578223695155984,-0.00044514756669345595,0.00023374652435993043,0.0005328611506010793,-0.0006039425299846218,0.0002776725008548017
2012-04-03,-0.0003701644205595613,0.0002633811626015295,0.0003164945595195991,0.00012762579422811744,-0.000344378527620124,-0.00045518506403595393,0.00025773275196709633,0.0005401479700403757,-0.0005991228926433487,0.0002623688718372541
2012-04-04,-0.00039576434882954484,0.00018747241062610663,0.00032801074745122884,0.0002743941761789914,-0.0003026137804189753,-0.0005021567708083687,0.00016050764421169858,0.000563449036415798,-0.0006170342086936585,0.0003039323208418182
2012-04-05,-0.00043087573954113075,0.00017069505246388242,0.0003535047400899914,0.0003970113426293581,-0.0003793219326688512,-0.0005010300957894835,8.841710879748874e-05,0.0005904376470365902,-0.0005371823873555788,0.0002483948970296232
2012-04-06,-0.0005845581887054772,0.0001798866702865799,0.0004899837202947714,0.00048314501658037025,-0.0002640165132527612,-0.0007184467692869737,-8.753091902395822e-05,0.0007889638812312895,-0.0004567536482846142,0.00016882163616527973
2012-04-09,-0.0004780932381426991,0.00018249891105913234,0.00038900727147929697,0.0003875644633913374,-0.00024310730767230018,-0.0006487674306608696,-6.374169013319796e-05,0.0007868637300623496,-0.0005045945583124004,0.00019220154010842622
2012-04-10,-0.0005603650177287412,0.00018216167185126377,0.0005249360256116631,0.00030950498256846403,-0.0002155612602145092,-0.0006424165388888951,-5.551258082182528e-05,0.0007673995784571522,-0.0005297890795688404,0.00021982296026145168
2012-04-11,-0.00045542693687020044,0.00014799813830684914,0.00042033673947701163,0.0003903161475604781,-0.00032173092854210963,-0.0005654504534134529,-4.7138622797081656e-05,0.0007214265884451058,-0.0005184426420492931,0.00022975218991198865
2012-04-12,-0.0004675825221308015,0.00015584787124187593,0.00045291011414682,0.00032748094114603285,-0.00031662827064808663,-0.000566452898225149,4.520257832735415e-05,0.0006999631016784726,-0.0006142241023540038,0.0002835608547037613
2012-04-13,-0.0004377728655944916,0.00010896570048430526,0.00045137690039121154,0.0003109255518907775,-0.00025643933202166257,-0.0005772800528529125,3.435967832747869e-05,0.0006973206206154318,-0.0006460401045273144,0.00031519958792904437
2012-04-16,-0.0005229219667127282,0.00019649987655726703,0.0005023904160856214,0.00024208240057287719,-0.00020158454874113618,-0.0006245523291429633,-1.2898708755853389e-05,0.0007490334200163339,-0.0005917917538582791,0.00026395307807296903
2012-04-17,-0.0004782776640805934,0.0001385177945492672,0.0005318420609183652,0.00022672572237240592,-0.0002747142338709362,-0.0005152884362252651,2.3052059010715553e-06,0.0006798653590397268,-0.0005701609749320866,0.0002591899116232664
2012-04-18,-0.0005747306099819416,0.00015954079002294128,0.0005842947744680734,0.0003301306388217356,-0.0003328482624165626,-0.0005222680211292401,2.478124977244034e-05,0.0006248715622186284,-0.0006104099141936124,0.00031721764549081516
2012-04-19,-0.00047712479703508875,0.000127066647690419,0.0005101731637330827,0.0003270619259463838,-0.00032035710230658276,-0.0006269542192904373,0.00010557699353664317,0.0006833679831395358,-0.0006077543373368341,0.00027911567226523645
2012-04-20,-0.00047135966548431704,0.00012672308373365112,0.0004998613605432286,0.0004040185433044044,-0.00044919680682334925,-0.0005551961661491578,8.581086768483931e-05,0.0006804267898105655,-0.0005657679562610964,0.00024466572518628757
2012-04-23,-0.0004756451151849253,0.00014904605425203983,0.0004700303930390479,0.0003517419988434698,-0.00034291800198998435,-0.0005709151885008538,1.523523176969084e-05,0.0007448408165393189,-0.0005762467231310124,0.00023339805964663757
2012-04-24,-0.00048641494373833955,0.000158341029552575,0.0005032660915742903,0.0002858385332422243,-0.00034556066296516103,-0.0004868457319665148,-8.74747590648775e-06,0.0007151940392306107,-0.0006210999498646973,0.0002860142754336839
2012-04-25,-0.0004775706165733404,0.00017583394898316117,0.000533413144165927,0.00022682303656118607,-0.0004070136984396914,-0.0004741491727810465,6.754940157281675e-05,0.0007372439637672971,-0.0007172100426738222,0.00033500695150134874
2012-04-26,-0.0005645184307100533,0.00021550699437899675,0.0005204154206479477,0.0002886900622771976,-0.0002907404098655398,-0.0005902134084580148,8.5709661109927e-05,0.0006753461768760766,-0.000687377013578884,0.0003473587928014936
2012-04-27,-0.0005233538748645494,0.00013141444970503954,0.0006030638331808189,0.00025501509914362726,-0.0003004345609400106,-0.0006083778384261378,5.550802597383865e-05,0.0007213819094249556,-0.0006097137061401511,0.0002756929884329129
2012-04-30,-0.0005537616290330286,0.00012191182691057099,0.0006298801295991599,0.0003364301095328923,-0.000382526496104259,-0.0005520713149913675,2.417141506460413e-05,0.0006873582245997024,-0.0005842037130215395,0.00027347368202303157
2012-05-01,-0.0005617493633537922,0.00019347615797632336,0.0005635568164367121,0.0003049262684770076,-0.0003674313281742006,-0.0005172107992843181,3.7421581767053957e-06,0.0007129641605442064,-0.0006326715452316389,0.0003005565431241086
2012-05-02,-0.0006012425463508508,0.0002475426167885936,0.0005099481289871418,0.00035191378383985514,-0.0003056868923641495,-0.0006053782131766119,-2.6598934340168676e-05,0.00076242218807452,-0.0006196734802563601,0.0002869558265829117
2012-05-03,-0.0005795615331321675,0.00017101823502454865,0.000536738841834633,0.0003843688203641429,-0.0002686414387465825,-0.0006615699063776057,2.1713800738102154e-05,0.0007149047719295018,-0.0006622982035543803,0.0003455159338685773
2012-05-04,-0.0006253466126103892,0.00021081326053449243,0.000565271879415203,0.00044005748232363306,-0.0003484753919067848,-0.0006828899266011742,-6.450947629653599e-05,0.0008452100635232863,-0.0005874809188886471,0.0002474919737607516
2012-05-07,-0.000514478714273144,0.00016152317627399215,0.00047723111022088586,0.0004190466234015194,-0.0003502354221329787,-0.0006112988322099777,-4.0337630923653264e-05,0.000821960569607403,-0.0006562300034175551,0.0002921133117193206
2012-05-08,-0.0005652026925905935,0.00019667184873840165,0.0004975916337270759,0.0004488038418564277,-0.000380177234567753,-0.0006290981477738988,-5.266049252107899e-05,0.0008168709597453985,-0.0006088283040846382,0.00027800664437959213
2012-05-09,-0.0005710615348143893,0.0001930804794576537,0.0004980137007303985,0.0004555135861151606,-0.00036896686677496265,-0.0006124447989697343,-3.341402823766118e-05,0.0007373980828257812,-0.0005898274732778798,0.00029515440285223307
2012-05-10,-0.0004979601558557094,0.0001612148569516492,0.00045586800803404447,0.0003921461733719881,-0.0003534536107091604,-0.000536239732114023,9.043739805945916e-06,0.0007397065681547695,-0.0007616429918005617,0.00039103245175700976
2012-05-11,-0.0004899531822254144,0.00015830624880052878,0.0004480866195186897,0.0004224347394357524,-0.00034940047670262934,-0.0006575366692054569,3.760824395251418e-05,0.0008057771005818802,-0.0006944987895629931,0.0003193301319938495
2012-05-14,-0.0004870729613247293,0.000115815889526155,0.0004472301797835744,0.0005001926608170365,-0.00031450483393215874,-0.0007158998597999898,-8.08899839236342e-06,0.0007884134925061174,-0.0005670391958279425,0.00024115080921180768
2012-05-15,-0.0005329927811447183,0.00014899682227967857,0.0004479316253815145,0.0004652537649683236,-0.00025772343229514853,-0.000630643560169189,-6.906576303472925e-05,0.0007140922464475737,-0.0005435929543117501,0.0002581250998099742
2012-05-16,-0.000438091009884745,0.00010077309461297757,0.0004354740142652571,0.00039067329358631825,-0.00023715849057355867,-0.0006415262049032193,-8.676388865437243e-05,0.0008053356179893098,-0.0005838127213166344,0.0002588488873876693
2012-05-17,-0.0004503816848478927,0.00015282856346431474,0.00034168140921473386,0.0004813773107711079,-0.00029717312129501437,-0.0006188818849886171,-6.302420083067507e-05,0.0007757601053852495,-0.0005674625298464284,0.00024515839473027504
2012-05-18,-0.0005202695287758662,0.00015420766172123766,0.0003936805555260078,0.0004609266514047296,-0.00016406374619398322,-0.0006303122177834432,-0.00018411943800205124,0.0007662252833672764,-0.0005129501764498945,0.00023797532830339974
2012-05-21,-0.0004761128864790088,4.6266988874226964e-05,0.0005523568870938649,0.0003669885152248562,-0.00018118091836605982,-0.0006767420376649312,-0.0001657688335518527,0.0008593207922679702,-0.0005446957225803267,0.00021922513669865237
2012-05-22,-0.0004710410094775888,5.211039026515197e-05,0.0005539584967086718,0.00034286166138409405,-0.0002455256449602891,-0.0005392512541627951,-0.00022778736252746998,0.000867686550727706,-0.0005917786076877589,0.00025892293474247957
2012-05-23,-0.00045118156003880433,-3.7189666519078183e-06,0.0005447145325528024,0.00031865510756521774,-9.516218136319029e-05,-0.0005678273281919648,-0.0002661049091359606,0.0008231901508409627,-0.0005991779971871794,0.0002976518492529695
2012-05-24,-0.00040766802277916476,1.930381466208088e-05,0.0005297206283871548,0.000238108788536352,-0.00012955060895156103,-0.0005833135560763762,-0.000137561267329174,0.000797151744693414,-0.0005994462244023162,0.0002733825732395903
2012-05-25,-0.0004310029563197777,7.256029812021227e-05,0.0004524818483229362,0.00034730545606503037,-0.00019593805407412419,-0.0005602605940307299,-0.00022929496227592876,0.0008791928581571608,-0.0005822071511248465,0.00024763658427260846
2012-05-29,-0.00041229332480630814,7.532477630038995e-05,0.0004319443812793339,0.00030569940496122513,-0.00013714348947915182,-0.0005734664730407792,-0.00020907287918454746,0.0008320988257092127,-0.0005459570562907044,0.00022983881388416103
2012-05-30,-0.0005011515615065386,0.00010300652170435538,0.0005050341581708106,0.0003018293848197069,-9.858518851077686e-05,-0.0005567066363372924,-0.00036805047126580587,0.0008906553106076357,-0.00044046039048858954,0.0001656214173407257
2012-05-31,-0.0005380048407469219,0.00018902757761226946,0.00043368033662385605,0.00040456889733596867,-0.0002343880943668315,-0.0004988154579939888,-0.0003446128148457822,0.0008788111056454526,-0.00046281293394744363,0.00017258830061908648
2012-06-01,-0.00041862449353296497,7.947145408880541e-05,0.00039987945833882795,0.00031944242399632207,-9.412969777088326e-05,-0.0004312861903142517,-0.0004703375381539549,0.0008777707177908631,-0.0004052006039226251,0.00014297986261127896
2012-06-04,-0.0003929239356830933,0.00011309040707851536,0.00042930861623141853,0.00018578998100941086,-0.00022854583373645328,-0.0002820588440799578,-0.00028645115948571463,0.0007453385174810891,-0.0005247039153775009,0.00024292046876595724
2012-06-05,-0.00042691789972994405,0.00019476739847302128,0.0004319693301225696,0.00019848148190382015,-0.0003345392872920222,-0.00036857483459969403,-0.00017201462093020294,0.0008198471915023473,-0.0005404673053845226,0.00019683074208199855
2012-06-06,-0.0003646741472129269,7.453313631592632e-05,0.0004196980045217877,0.00022516078867245663,-0.00022745043468156388,-0.00034971397157774423,-0.00020868728694461124,0.0007311769015371054,-0.0005427988609868241,0.00024271407627058164
2012-06-07,-0.00044689474793079757,0.00011242242233318106,0.0003911124384038901,0.00034204483168084887,-0.00018609411366911702,-0.0003971611195234138,-0.00027046479305223824,0.0007322105736317537,-0.0005512784456364987,0.00027500494309455614
2012-06-08,-0.00041781291252685165,9.306386832292268e-05,0.00040340542019448003,0.00030118000725875725,-0.0001120744875428366,-0.0005156794440913364,-0.0002795975494343673,0.000807596055775163,-0.00046341223806736775,0.00018371169456376374
2012-06-11,-0.0004556282417386198,0.00017858775106701047,0.00033332370386973393,0.00031115351641007637,-0.00013278238887693208,-0.00042520438601676563,-0.0003069627453267821,0.0007654438252491635,-0.0004793306996103974,0.00021178193821961427
2012-06-12,-0.00034640605429116147,0.00012874979436435473,0.0002788007039388439,0.0002920532813221969,-0.00017044779231450112,-0.0004083860377780968,-0.0002622061334471987,0.0007696944415822408,-0.0004549440536270495,0.00017294126647591362
2012-06-13,-0.0003960348359459758,0.000109728805616337,0.000217616354031181,0.0004339008854337954,-4.07199174915409e-05,-0.0004404891748559124,-0.00039478259925066796,0.0007372829392129805,-0.0004485733247912259,0.00022313621043258333
2012-06-14,-0.0002852558126347764,0.0001010214890364838,0.00017344909586811596,0.00033086229692286164,-8.972096324812596e-05,-0.0004538777717538545,-0.0002483591566441231,0.0007491252701656188,-0.0004714805593524808,0.00019418148078242936
2012-06-15,-0.0004685577081471684,0.00015914249015761927,0.0003036318062788431,0.0004697183386163247,-0.00017781150011428283,-0.0005640470992450096,-0.00023212016841736918,0.0007626757496707638,-0.00043228670807987993,0.00018135187421983862
2012-06-18,-0.0003869068190401389,0.00012854960916770276,0.0002545666234938164,0.0004025708329446504,-0.00014554752598135894,-0.0005046076396599351,-0.0002302505358884547,0.0007301444343116512,-0.00041700131373097193,0.00016698507846080873
2012-06-19,-0.00038615810606861954,0.00010438426893861152,0.0002832311775022439,0.00044684729563412243,-0.00017371314152115009,-0.0005479258377629236,-0.00025799495005389417,0.0008152273466993515,-0.0004612072892044433,0.00017724467319324422
2012-06-20,-0.0004706808636185413,0.0001911898652430463,0.0003225579837708131,0.0004228834591332932,-0.00023036722498041406,-0.0005156803148824822,-0.0002010173489374635,0.0007298105426805507,-0.0003857772734383695,0.00013704243463605326
2012-06-21,-0.00041696115378297223,0.00013909265123149056,0.0002634455892898857,0.00046390907319869513,-0.00017658970759679236,-0.0005179542384544785,-0.00025223603469643613,0.0007493446659069744,-0.0004203183409126031,0.0001683936162710925
2012-06-22,-0.0004105968340582843,0.00015788762257351293,0.0002893866472008209,0.000353409522672691,-0.00016278148246948957,-0.0004912719550866232,-0.00019587617170545475,0.0007301712885671545,-0.00046111338245748493,0.00019080303883658653
2012-06-25,-0.0004601639350777793,0.00015858981522752068,0.000280628032796916,0.0004918973079811322,-0.00021258370520900417,-0.000491131750158972,-0.00020789167749505136,0.0006875246249619018,-0.0004501211326513703,0.00020295383592048785
2012-06-26,-0.00042980331214498985,5.658759884458794e-05,0.00042222186359970213,0.0003480087760891152,-0.00011453993162858188,-0.0004568493251296858,-0.0002978500054951552,0.0006937792377643692,-0.00040255553288611953,0.00018111230977592083
2012-06-27,-0.0005488871188001419,0.0002289959686018019,0.00038789125775426803,0.00032912139184173347,-9.647671440021939e-05,-0.0005487948387915024,-0.00031496347740194754,0.0008367876902092113,-0.0004195132297334994,0.00014482920732416388
2012-06-28,-0.0005915235784351154,0.00019615594585201948,0.0004824156608305781,0.00039789022470345737,-0.0001432362910940765,-0.0006382624971857601,-0.0002900931828746737,0.000847889055422095,-0.0003856621681011044,0.00012410732032872018
2012-06-29,-0.0005060629108592431,0.00015733404862408964,0.0003942864477870446,0.000511060394132097,-0.0002250928302870315,-0.000689952863671274,-0.0002806035837784361,0.0009013640062165429,-0.0002879919089995332,2.487018210701672e-05
2012-07-02,-0.0004672627960688859,4.569195811012102e-05,0.00047222322821306555,0.00043580046463151476,-8.767526341186367e-05,-0.000698248091424881,-0.0003952943156556848,0.0009650045575653084,-0.0003482011126488341,7.798803185480457e-05
2012-07-03,-0.0005514921975584564,7.879787238407668e-05,0.0005220195777686091,0.0004670291566361024,-0.00011603557208416217,-0.0006868251859252841,-0.0003335487597608683,0.0008732244100856101,-0.0003281003151728544,7.31414431198174e-05
2012-07-05,-0.0005788653741176398,0.0001611561461227803,0.00042207165345758773,0.00039638397929598604,3.607913481239048e-05,-0.0006032097042762176,-0.0004307891387725065,0.0007915982781842041,-0.0002975887749415117,0.0001033769783588441
2012-07-06,-0.0005928466413310209,0.00015062926563001624,0.0005282680559483186,0.0003627106209191564,-1.936790513131035e-05,-0.0006968270479561943,-0.0003910182387524726,0.0008590885204482913,-0.00026712044159402093,6.852461329585197e-05
2012-07-09,-0.0005349839771403187,2.4820744842612335e-05,0.0005337114028906428,0.0004250674867606096,-7.260597753484116e-06,-0.0006043387719380771,-0.00043902239062315607,0.0007723447507070862,-0.0002665777359562929,9.724364724617365e-05
2012-07-10,-0.0005532460776958975,9.742644663010037e-05,0.0004927023451745086,0.0003713307167475849,3.959819781220678e-05,-0.0006351447033011177,-0.00043669188626892057,0.0008245376881823967,-0.0003066150643418475,0.00010640163979155903
2012-07-11,-0.0004698352218854376,7.879552041587423e-05,0.00047047042066747586,0.000343503171057755,-9.21792190365341e-05,-0.0005715627725406932,-0.0003751631691039838,0.0008853126433093963,-0.00034353429308648514,7.163715780568111e-05
2012-07-12,-0.00046489165559012867,9.38442737287294e-05,0.0005053445958267137,0.00021604613860720006,-8.510688642708163e-05,-0.0005054869974405072,-0.0002625468227600916,0.0007491370440688306,-0.0003965482661216456,0.00015048227891438504
2012-07-13,-0.0004963983178675397,8.90779390579821e-05,0.0005382112860589749,0.00027718310933460026,-0.00013498015112266021,-0.0005260941955893793,-0.00026164705650988905,0.0007686615679762011,-0.000390017474537329,0.00013534114425112556
2012-07-16,-0.0004316830267361545,7.531424021448236e-05,0.0004615241264566024,0.0003552038457904868,-0.00022153058294921814,-0.0005778106146810671,-0.0002047450443473063,0.0008185262839148933,-0.0003856383735483457,0.00011178870651650658
2012-07-17,-0.0004568916809523675,5.897903905595055e-05,0.0004519798768064902,0.0004280088451781095,-0.00019030146173337412,-0.0005505937382554085,-0.0002698106946006293,0.0007655000216326979,-0.00035481214642335557,0.00011772653650535952
2012-07-18,-0.000517305800271375,0.0001228150427570237,0.0005564579486185229,0.0002884744691186085,-0.00019841273441849067,-0.0005399014985743413,-0.0002700557251954505,0.0008303673636017115,-0.00039493476992206664,0.00012195229964979612
2012-07-19,-0.0004592915407024519,0.00016192431930864932,0.00046130992324996587,0.00023694540922155434,-0.0001934041114979696,-0.0004945376803191627,-0.00026068264411597056,0.0008103564159844256,-0.00033927912333157895,7.649437046732335e-05
2012-07-20,-0.000508414422668667,0.0001371711253268051,0.0004830384994473349,0.0003429268194586239,-0.00021398909228988183,-0.0004962601404783114,-0.0002734912518027599,0.0007911597380398146,-0.0004150478039776778,0.000153063454554285
2012-07-23,-0.00047599139685120255,9.025306704699186e-05,0.0004733388190472185,0.00039379508629200626,-0.00021711887564201992,-0.00053750207856843,-0.00027830214796558186,0.0008153911930300958,-0.0003672613150563289,0.00010222899768053476
2012-07-24,-0.0005370476402096484,0.00012991743234116288,0.0005184125877743995,0.0003613995940324568,-0.0002173494232195249,-0.000462476727644978,-0.00032879965534575624,0.000760456081490923,-0.0003372981773809951,0.00011288990603131738
2012-07-25,-0.000485570074598166,7.965036689159231e-05,0.0004653356066761753,0.00040485574004670054,-0.00017532450857579967,-0.000519861613668824,-0.0002835095142341582,0.0007105971531625732,-0.0002754663293503025,8.032642664795517e-05
2012-07-26,-0.00047044404161320093,8.059990309846926e-05,0.0004411439118945,0.00034107555289830194,-6.772834191258719e-05,-0.0005477379449492226,-0.00022944257324926907,0.0006535938305709046,-0.0003318525998850415,0.0001301098366399342
2012-07-27,-0.0004090011677192059,0.00011951594208926266,0.000320815451520977,0.0003654290636381269,-0.00012031406476328572,-0.0005436486299281677,-0.0002024725231692965,0.0007085006433715756,-0.0003831287284711722,0.00014431901320354282
2012-07-30,-0.000483128045363919,9.125506791159122e-05,0.00047432460940812415,0.0003490990123946776,-0.0001410341041622994,-0.0005428519868039723,-0.000237104862414933,0.0007165929396293364,-0.00036806784502007445,0.00014107416163805855
2012-07-31,-0.00041089446472621647,6.512159038124521e-05,0.0003517363805310705,0.0004342736535019585,-0.0001478128020354218,-0.0005343606134920759,-0.00021558250941322056,0.0006531096818651258,-0.0003067510673190818,0.00011164516406285754
2012-08-01,-0.0004311008169135555,0.00010151017626201602,0.00041106811348945774,0.00037206198787224877,-0.0001980281868349974,-0.0005935237818017382,-0.00012961492131250037,0.0007070076861477887,-0.0003418247215165593,0.00010230167863671188
2012-08-02,-0.0004982186441383554,0.00012534183718334734,0.00043025106693474246,0.00042024821974519276,-0.00019159428129637878,-0.0005455771149116299,-0.0002555304784017595,0.0007063189676260913,-0.0002818902643572617,9.24335750417879e-05
2012-08-03,-0.00044993723715626823,0.00017097733455689879,0.00035106748030119925,0.00033791822143110087,-0.00021415145944028323,-0.0004635932747157354,-0.00011826618302161925,0.0006114391796638828,-0.0003701559334424627,0.00014438563112764008
2012-08-06,-0.0004321672902977223,0.00011353961400880795,0.00033651603763537336,0.0003871638705926616,-0.00012311553608606446,-0.0005308194260969616,-0.00017498092225907112,0.0006456195536990259,-0.00039791255065221506,0.00017641839408355509
2012-08-07,-0.0003740324500071904,1.6611260731723898e-05,0.00044138670606336705,0.0003355863579185348,-0.00018979010763981938,-0.0005442703054248854,-6.704132138605524e-05,0.0006005258050175502,-0.00035619895670044657,0.00013726813519718967
2012-08-08,-0.0003840437438892622,-5.721818795116325e-06,0.00039667412064560946,0.0004537772138729036,-0.00020063613358478486,-0.0004964366123309917,-0.00014617563607195218,0.0005958997811463286,-0.0003968631747947142,0.00018306084249394838
2012-08-09,-0.0004416194742919953,4.124240412336686e-05,0.00045037128610564067,0.0004134930874167171,-0.00024194460099080184,-0.00045165591752478404,-0.00012218900586934145,0.0005869484279538428,-0.0004863991882606,0.0002515804065846526
2012-08-10,-0.00039811384740954256,7.791704205791102e-05,0.0003835843843970335,0.00036836560032726907,-0.0002443897024085183,-0.0004541006118020212,-0.00014156009825612957,0.0006373736260477034,-0.0003776704782366136,0.00014932584441028698
2012-08-13,-0.0003885188949831076,9.402034729016472e-05,0.0004112486860152213,0.0003143135709860025,-0.00028510681644794856,-0.0004779438831195755,-5.634708688178301e-05,0.0006289609699364068,-0.00038253749599079234,0.00014397205723899742
2012-08-14,-0.0003906402117551237,9.684320364650254e-05,0.0004056398710795559,0.00024072891860838982,-0.00016380438721148123,-0.0004902933058323032,-6.728179753607601e-05,0.0006279747194675965,-0.00045434480284507056,0.0001949548881289738
2012-08-15,-0.0003837227917909561,0.0001420463270407615,0.0004388866129290323,8.926433388189211e-05,-0.00015820801865696395,-0.0004822295668907399,2.0046018238639024e-05,0.0006144765784639461,-0.0004599181955861134,0.0001786335845663893
2012-08-16,-0.00040443515074076,0.00011024578073984704,0.0004846715079255342,0.00019042764875774366,-0.0002998704216990991,-0.0004005066143013703,3.872471768812981e-05,0.0005613501578512134,-0.0005353354321431282,0.00025433651613267216
2012-08-17,-0.00042334493646163716,9.835988958306011e-05,0.0004868396720096894,0.00022013136926775628,-0.0002441557911420974,-0.0004990295475397841,7.722635510241244e-05,0.0005413434120989866,-0.00048666496706371853,0.0002296057963878627
2012-08-20,-0.0003276770900974529,3.600916222618175e-05,0.0003902467871445695,0.0002995156289781293,-0.00023790310293526212,-0.0005107749480900495,1.7609331054515426e-05,0.0006208885968412223,-0.0005294704456235942,0.00024166701011246391
2012-08-21,-0.0003315288562383426,-1.6734432785724812e-06,0.0004041688965078043,0.0003743701624300973,-0.0002528716462235382,-0.0005404534138267036,-1.0167612154832195e-05,0.0006110532985953571,-0.0004428832525702822,0.0001901228073379023
2012-08-22,-0.00036226511278164716,-4.702894178308095e-05,0.000509390758880654,0.0003137606311282718,-0.00014763887170707096,-0.0006379316934048071,-1.6241230469954057e-05,0.0006476029564102363,-0.00046399306460734313,0.00020461601971101875
2012-08-23,-0.0003875700717148227,-6.201078973279428e-05,0.000514748314265532,0.00035795120522300007,-0.00016780302692594,-0.0004975539249302578,-0.0001289342962918407,0.0005849270802823804,-0.00045269319485122597,0.00024034671308274802
2012-08-24,-0.00036996285700279766,-1.12547641792722e-05,0.00046278584687583276,0.00039422944265594473,-0.0002618595606319399,-0.0005386028965109549,-7.705766772989064e-05,0.000642173571969884,-0.0003999149847121533,0.00015952481886534475
2012-08-27,-0.0003688688440452177,1.6374293493930537e-05,0.0003382579447250415,0.00044768005015368437,-0.0001490647064116813,-0.0005457646542439366,-0.00013696325617839483,0.0006200153009781953,-0.00039161676380745913,0.00016934699855979465
2012-08-28,-0.0004643386235162782,0.0001297804616356491,0.0003676559412840112,0.00040309786779215177,-0.0001739043864619769,-0.000544138173252883,-0.00011990885186405516,0.0006490863665990082,-0.00045406579871328304,0.0002063952404125595
2012-08-29,-0.00029987881405436965,-4.280801772494052e-07,0.0003448495917840284,0.0003850200597575277,-0.0001963503202234763,-0.000589142851105116,-9.365269626354471e-05,0.0007343403612290952,-0.0004538231131066446,0.00016878023597360903
2012-08-30,-0.00044730424329688127,6.794267469444016e-05,0.0003413323933587843,0.0005260608189216194,-0.0001228321824922195,-0.0006750426545561817,-0.00015885396505130323,0.0006814062468055646,-0.0004111091007388615,0.00020122366263145702
2012-08-31,-0.0005228132943810979,0.0001559966729239189,0.00044132465253572456,0.00039960722454769246,-0.00012693280245617503,-0.0007347205079877442,-0.00015264799161675106,0.0008170483356897979,-0.000420683896755248,0.00014381409182421048
2012-09-04,-0.0004274843401700385,0.00012882079247945378,0.00037529200278452884,0.00037604232071674856,-0.0001878290227359516,-0.0006319143855694634,-0.00015758362701978092,0.0008230570264096335,-0.00045169308580238904,0.00015305172438979595
2012-09-05,-0.00041237927169110694,4.478109416844282e-05,0.0003921999520955198,0.0004925419555409875,-0.00017372873594599615,-0.0007253043235224263,-0.0001591891147941886,0.0008106816029467591,-0.00038384978380607074,0.00011315708529477386
2012-09-06,-0.00041185645525254307,2.4835872764530746e-05,0.0004240831974161108,0.0005104891740358446,-0.0002776962990098204,-0.0006556442992544861,-6.60494706173978e-05,0.0007360779406558465,-0.0004681790378448514,0.00018319970011044032
2012-09-07,-0.00046276086041481903,1.862742642689077e-05,0.0004927222912020474,0.000481966646381205,-0.00014893486709134,-0.0007941519684195623,-0.0001272285317813083,0.0008063613933627367,-0.00040392760779678,0.00013722870912828353
2012-09-10,-0.000505897421151601,6.183969501019366e-05,0.0005113539135260807,0.00046063795952453737,-0.00020057071815394274,-0.0006864778086281241,-0.0001434387940251053,0.0007711761575645709,-0.0004543798515370401,0.00018593308855465937
2012-09-11,-0.0004684556105655844,8.420373910393922e-05,0.0005069621387841089,0.00041411834173996727,-0.0002774507272762139,-0.0007004198524123255,-7.525685870479054e-05,0.0008304272738429985,-0.00048404651801544143,0.00016987884893783847
2012-09-12,-0.00047436556162226847,9.946899190606782e-06,0.000567238666374867,0.0004598444287704311,-0.0003131738350892607,-0.0006697169494330642,-6.798350192778468e-05,0.0008060880400650207,-0.0005428290291955712,0.00022488849858597407
2012-09-13,-0.0004971858263962375,1.7128468007176567e-05,0.0005315153824321604,0.0005243620397963353,-0.0001691690932979187,-0.0008283015551980195,-0.0001983979377511158,0.0009309921740110957,-0.0004907498212952596,0.0001799823890031825
2012-09-14,-0.0004623282879750218,-4.941441111469178e-05,0.0005385438818541971,0.0006131669383517141,-0.00024502763980920007,-0.0008576734000538232,-0.0001274882269113979,0.0009056276506688374,-0.0005015892430449628,0.000186156213090434
2012-09-17,-0.00041762406739937266,-2.24200319110298e-05,0.000539369978301905,0.0003906005187118257,-0.00016425651456385484,-0.0007273608927167137,-0.00012525340221614632,0.000816878521674249,-0.00044685987791726056,0.0001567201343923713
2012-09-18,-0.0005171453685389724,-7.614752175642055e-06,0.0005809830542837639,0.00047910483030483937,-0.0001366658182881779,-0.0007401936120814629,-0.00019688427774042054,0.0007847043347725333,-0.000430581462021927,0.0001852449344954439
2012-09-19,-0.000467467717816576,1.657849447289704e-05,0.00047349625895480693,0.0005646088830930148,-0.00021254201097089132,-0.0007881878541563161,-0.00011911208847497842,0.0007895849558111241,-0.00038693250732373466,0.00013041988142781583
2012-09-20,-0.00045513213145774987,1.966391347194311e-05,0.0004611749149952423,0.0005314557561571743,-0.000156801132841276,-0.0008371330034060275,-0.00016085482286008757,0.0008659839863248316,-0.0003570806432673587,8.940095046141086e-05
2012-09-21,-0.0005278940627129595,-2.1943023831793272e-05,0.0004739569648664519,0.0006268209816808444,-5.41323312004292e-06,-0.0008253232984866089,-0.00032844024104032934,0.0007955122006342089,-0.0002930266655534544,0.00010616919267776581
2012-09-24,-0.0004677571888756979,4.046068008456676e-06,0.0004531333088517134,0.0005761013022391242,-0.00013273513921706554,-0.0007397489649611007,-0.0003196449412149558,0.0008386560356505451,-0.0002702872974751011,5.861574006061146e-05
2012-09-25,-0.0005490992114542839,4.1090397728185376e-05,0.0004263813517687172,0.0006184648630332855,-2.6833117819645945e-05,-0.0007253940707054492,-0.0004203740865353252,0.0008299336277983044,-0.00033635816349680825,0.00014346908893852345
2012-09-26,-0.00039445590839630364,-4.576595012204584e-05,0.0003867306921205903,0.0005617671440566645,-2.836776963131317e-05,-0.0007343743961873228,-0.0004363629378330257,0.0009122424204163516,-0.0002798243529605615,5.8525520703050365e-05
2012-09-27,-0.0005033465429506163,0.00013687109305118286,0.0003515397881647547,0.0004890084689545518,-3.90267833624146e-05,-0.0007158743202278616,-0.0003782306912206105,0.0008999717233803654,-0.0003148198164444685,7.38563001287662e-05
2012-09-28,-0.000527122118779915,7.899048657704268e-05,0.0004982258553635093,0.00046139607325206824,-0.00011534927499686409,-0.0007007417888180026,-0.00032144272203052555,0.0008780272604235403,-0.00036022807356698994,0.00010915830386526437
2012-10-01,-0.0005667605984843052,0.00010619002923186447,0.0004754365152994785,0.0005879233645564635,-0.0001968284703728041,-0.0007393851681818352,-0.00029784262629693574,0.000874053241291417,-0.0003301254195894679,8.742666955320957e-05
2012-10-02,-0.0005326749501189875,0.00014951146174868742,0.00043386901768744236,0.00046586206272209276,-0.00010962307235600063,-0.0007514028288098983,-0.0003203096873489273,0.0009303752594747583,-0.0003283570767849339,6.206419282697717e-05
2012-10-03,-0.0005546170532040057,0.00013752284420333652,0.0004380651994644843,0.0004905721784008252,-7.570413084958443e-05,-0.000718577264494185,-0.00040077758843467225,0.0009242569732937477,-0.0002994203760047706,5.870421089473887e-05
2012-10-04,-0.0005607754120463444,5.626898587200507e-05,0.0005859553455554497,0.0004362872666743155,-8.12474299451576e-05,-0.0007814103844609272,-0.00031878230577559244,0.0009406751669388987,-0.00039926302349473086,0.0001221861582725199
2012-10-05,-0.0005286043925750736,6.42128851585167e-05,0.0004482786195799428,0.0006177768380377447,-0.0001683819508421459,-0.0007762335196324901,-0.0002914992639262738,0.000888469253450902,-0.0003675410709005379,0.00011354943187814534
2012-10-09,-0.0005570218485839067,0.00012254545066046874,0.0004860936536288216,0.0004333942942500854,-5.735964391993288e-05,-0.0007453658639377334,-0.0003244330472900233,0.0009137241936121136,-0.00040837873030689226,0.00013682608139053282
2012-10-10,-0.00058728403867467,8.930459558890449e-05,0.00045156644162716,0.0006103119336556815,-5.704527801377035e-05,-0.0007828356417172973,-0.0003968901604681826,0.0009261540911737268,-0.0004332457533098126,0.00018079939928063518
2012-10-11,-0.00048792939742727795,4.264132738879701e-05,0.00043606457271566407,0.0006272702632592296,-0.0002466950739124698,-0.0007009934964030623,-0.00031481001496520486,0.0009296681182519237,-0.0004287677197581351,0.00014334617099927977
2012-10-12,-0.0004384004392583372,9.49814613638376e-05,0.000394787568006182,0.0005008960829171478,-0.00025661202176329714,-0.0006771865706070544,-0.00025941481777717185,0.0009256064279975877,-0.00034886455285572035,6.365027961842754e-05
2012-10-15,-0.00047573094495905973,6.660344412446695e-05,0.00048027327285381227,0.0005014554158048324,-0.00025269102810046226,-0.0006854829788002737,-0.0002901563029111473,0.0009595485673723272,-0.0003915170679886261,8.686342843721578e-05
2012-10-16,-0.0005629591791787407,0.00016779147480034144,0.000448589231592126,0.0004789423881398024,-0.00018059468758068473,-0.0007163557848744824,-0.00017858148020522512,0.0008312674729657847,-0.00044089883719954093,0.0001515565592938549
2012-10-17,-0.0003833521613486495,9.989633385586128e-05,0.00028828226645897853,0.00044775528248597405,-0.00016019929701302504,-0.0006215362922143497,-0.00012436462993227655,0.0006905761784047962,-0.0003938244818308227,0.00015760290316177775
2012-10-18,-0.0004169246472334146,0.0001589823737434134,0.0003313587935126856,0.0003555388598667055,-0.00018926230957622657,-0.0006211819186070101,-8.498850240828797e-05,0.0007586774713692554,-0.00044803126080649597,0.00015540752405860878
2012-10-19,-0.00037187167182230673,7.192328530638854e-05,0.00030599871637694434,0.000429782417901843,-0.00015293353020027437,-0.0005884634911502273,-0.00015409075385602877,0.0007084131119670274,-0.00040371783043747014,0.0001552303773994894
2012-10-22,-0.00043312828060903174,0.00010755125835282373,0.0003287624234272434,0.0005098030902173346,-0.00022531981960136928,-0.00065957285287979,-9.2736706208435e-05,0.0007320989936064996,-0.0004448746130120765,0.0001780756436659814
2012-10-23,-0.00036162418718221684,0.00010876652083371052,0.00028336733687106563,0.0003508254699725686,-0.00011919061069499623,-0.000567031234207642,-0.000150505068243793,0.0007124265580045995,-0.00043858206512498166,0.0001825054566010377
2012-10-24,-0.0004151933186860371,0.00017500592458995472,0.0002815314417466638,0.00038841818632428995,-0.00016532465653636575,-0.0006201057313275993,-0.0001345983163834729,0.0007717475582814035,-0.00041774980840903614,0.00013579859777472156
2012-10-25,-0.0003493745030592318,0.000178076651570599,0.0002742067310866152,0.00031040275512593746,-0.00026296141787214653,-0.0005567039359348578,-3.1451447455000184e-05,0.0007539970799036975,-0.0004664185781309699,0.00014938479652002595
2012-10-26,-0.0003812252111349899,1.3519040583984988e-05,0.0003295547384574457,0.00045634169853342585,-7.742109988925772e-05,-0.0005949313089225203,-0.000177616715889237,0.0006660180082289531,-0.00045741101958288177,0.00022348157833880153
2012-10-29,-0.0002678613717906216,3.256639501730981e-05,0.00016855385070318118,0.00045817562083754057,-9.797215443634912e-05,-0.0005596851281995871,-0.00021691100347977048,0.0007437114352935904,-0.00043504822540905985,0.00017459022862112775
2012-10-31,-0.00047170984268277497,0.00013198499177309868,0.00027461764308160793,0.0005775181819793656,-0.00016595888911684993,-0.0006055499450884783,-0.00024547202416624544,0.0007332690739875435,-0.0004214354595643323,0.00019427749205205846
2012-11-01,-0.0005350458671005999,0.00014949798177673278,0.00035579676723279923,0.0005934027092337267,-0.00020650698577000031,-0.0006368352977642816,-0.0002444906609928143,0.0007625422378998575,-0.00040516952250232996,0.00016731104219373447
2012-11-02,-0.0005558505646671779,0.0001410861715025421,0.000467364897496967,0.0004295839278160283,-0.0001604041343411136,-0.0005964051906736474,-0.00022580531646736353,0.0007410937927357295,-0.0004298952327669546,0.00018927716340694234
2012-11-05,-0.0004385796708603043,6.263532823158006e-05,0.00040568393790531613,0.0004232318329003811,-9.765327775521689e-05,-0.000696204751350237,-0.00021857446409073202,0.000839679697587175,-0.0004475826620033013,0.00016748943511284836
2012-11-06,-0.000412915635163712,0.0001230455792129066,0.00035153680995249174,0.0003927599476274122,-0.000150838196037624,-0.0006902075552445638,-0.0001720205141151239,0.0008678373187575306,-0.0004446647455205177,0.00013460729457253837
2012-11-07,-0.00048090875185045857,4.061136586734778e-05,0.0004214033729208796,0.0005042379647533794,-6.285205561338148e-05,-0.0006801879908563836,-0.00034652712600100576,0.000866059974230525,-0.00044928424929234836,0.00018777805767183214
2012-11-08,-0.00051775453525674,7.512371243445309e-05,0.0005257385747964329,0.0004265660119436082,-0.0001605912079088558,-0.00065565715214523,-0.0003145725170514424,0.0009046460142092937,-0.0004372652413887415,0.0001540192154520087
2012-11-09,-0.0005167809540087684,0.00016167215733477267,0.00038845937220400467,0.00045773510506421245,-0.00014544553764815615,-0.0006451338207436718,-0.0002907196385828776,0.0008584838096302033,-0.00040122531481644533,0.00013269864199822942
2012-11-13,-0.00041840397371623473,8.676990281188558e-05,0.00036147520367503993,0.0005080099656143222,-0.00023725420588823322,-0.0006605434598526885,-0.0002624620900530516,0.000920189765337049,-0.000415546494645834,0.00011809696734766187
2012-11-14,-0.00045436057323428166,0.00014845176850179125,0.0004179867599141097,0.0003531013377810854,-0.00020404702514841867,-0.0006498385823856083,-0.00017077486731520777,0.0008903954986429017,-0.0004789348137217639,0.00014328474383756146
2012-11-15,-0.0005129962441743646,0.0001838960469115105,0.00044318829926578594,0.000363069249776114,-0.00020403633105065726,-0.000659657242531822,-0.00018284625202630994,0.0008810334312968401,-0.0004715920560132564,0.00016150841383558157
2012-11-16,-0.0005885476950839057,0.0002006699467482988,0.00044552249493616373,0.0004398276337414398,-0.00014902856839682857,-0.0006390226193458024,-0.0002874740634625835,0.0008499098766967597,-0.00044445874838478644,0.0001724537611539241
2012-11-19,-0.00042066359588489866,0.00016896604585057073,0.00031264420112854063,0.00039874869794275175,-0.00020304988756343276,-0.0006240677902944591,-0.0002028279721253863,0.0008972250962243997,-0.0004609992112717051,0.00013259285026304482
2012-11-20,-0.0004505866604446494,0.0002000722519999395,0.00027276266544403447,0.00044082887726930916,-0.0001532347081494136,-0.0007034194441017843,-0.0001623467005834999,0.0008698387361774189,-0.00045091972778404585,0.00013588315467986598
2012-11-21,-0.0003949294954010995,9.282267857901134e-05,0.00031642165510547757,0.00041821468075183173,-9.744282189069232e-05,-0.0006532601484706179,-0.00021777871241343387,0.0008242565096600041,-0.0004897444565166408,0.00020141208929076032
2012-11-23,-0.0004478035764417681,2.9820009801782496e-05,0.00043683758666134974,0.000517200681822168,-0.00020865745389292596,-0.0006653426919314776,-0.00021831123311111603,0.0008472825608839551,-0.0005055343435543015,0.00021636327802299418
2012-11-26,-0.0004591774954374641,0.000145045424141765,0.00029947035662182043,0.00045520827504450315,-0.00011544797273591728,-0.0006025718755670985,-0.0002194601775087849,0.0007683757968020358,-0.0004886523229288148,0.0002173404595669677
2012-11-27,-0.00046973483343249367,0.00012370968296176164,0.0003682415435692309,0.00043710133119178934,-9.580742135990167e-05,-0.0006883038514242266,-0.00022656044511876888,0.0008220282634245624,-0.0004174663731507239,0.00014635045654051368
2012-11-28,-0.00047346359689175383,3.7186464270649085e-05,0.0004116191403938218,0.0005253961665501565,-7.76364469764492e-05,-0.0007394264048579836,-0.00026913800517987425,0.0008739124863748789,-0.0005106345993437199,0.00022256182256082113
2012-11-29,-0.0005701024205177182,0.0001542103774337918,0.0004514788784265749,0.0003964224074041512,1.0392886276276887e-05,-0.0007430214054963873,-0.0002818802867876769,0.0008363671976149688,-0.00042291131445311436,0.0001693024536900123
2012-11-30,-0.0005362798335702563,6.444604652385477e-05,0.0005268791038967229,0.0004382924120589081,-5.178489856028437e-05,-0.0008793070707113337,-0.00019056837775676023,0.0009370277011139447,-0.0004698430426465887,0.00016456469255981057
2012-12-03,-0.0004652064348415583,6.186040246260334e-05,0.00046247024779826323,0.000407659605092973,-8.351201208459634e-05,-0.0007538504071431295,-0.00021049050107600255,0.0008868331047642633,-0.0004979795367688437,0.00019194464920473456
2012-12-04,-0.0005063814867306102,0.00012472329115159912,0.0004336865729090095,0.0003960790658703449,-7.805836676180863e-05,-0.0007170109346910985,-0.00024714027157383446,0.0008810220271309541,-0.00044970032677133995,0.00016242024505077474
2012-12-05,-0.0005151485681063224,4.0383660773690494e-05,0.0004911345146797422,0.0005140437770698972,-0.00012246110363240683,-0.0007289125741842123,-0.0002575254101920433,0.0008499111914030098,-0.0004661226447774426,0.00019505442103179282
2012-12-06,-0.0005308188144455778,3.0474891748504852e-05,0.0004928307119836371,0.0005386519631019747,-7.614325551831124e-05,-0.0007446184535724026,-0.0003430688872197111,0.0008970282015835565,-0.00047016334385395833,0.000207095723712164
2012-12-07,-0.0005322787767037824,9.864678398755996e-05,0.0005046446465849926,0.0004532736479374161,-0.000141304520851376,-0.0007296385522989847,-0.0003102797627943278,0.0009506373251463515,-0.0004200288811462005,0.00012616015364241145
2012-12-10,-0.0005325356778007953,0.00010412802426406297,0.0005204791173073059,0.00038601022840597816,-9.566926619127133e-05,-0.000766510525040634,-0.000236710754155902,0.0009327212794982241,-0.0004303851997573445,0.00011670768089149311
2012-12-11,-0.0005181040112177453,0.00012442808413602952,0.00044033914028353727,0.00047086380086295925,-0.00017090641997696962,-0.0006791505070398753,-0.00026580882360036605,0.000896564629247993,-0.0004735059075865779,0.00017526139053844828
2012-12-12,-0.0003756785061258508,2.7597412322656134e-05,0.00036967978674349406,0.0005697617955124129,-0.0002822460859943101,-0.000762071769144633,-0.00017114674619963903,0.0009688376200254444,-0.00047029043666746775,0.00012473843746534097
2012-12-13,-0.00041225783818337727,0.00014052740506905533,0.0002965659367316631,0.000573171084822177,-0.0003542690685109529,-0.0006958675919783953,-0.00010297735571017895,0.0008858993269702693,-0.0004674164799834818,0.00013589392483248988
2012-12-14,-0.00038804606241647934,0.0001396947465583968,0.00035396623030385654,0.00037388716696551676,-0.00028407757046721143,-0.0006395864800828599,-2.861846509782419e-05,0.0008071876928182307,-0.0005072759875917945,0.0001714767616662581
2012-12-17,-0.0003922651016839158,0.00015079281573332232,0.0002768117186668882,0.0003662309486359358,-0.00016386630144618781,-0.0006010438543997704,-5.325913345601008e-05,0.000722723254482173,-0.0005478916222201972,0.00024173028404605654
2012-12-18,-0.0004451797024868095,0.0001776708994247029,0.0003658953956052868,0.00038923080310521076,-0.0002959762938183788,-0.0006173815993571899,-2.8252199724097815e-05,0.0007907990227814278,-0.0005531233617183488,0.00021580778664963968
2012-12-19,-0.0004312647316239472,8.545909995710398e-05,0.00036367118556987943,0.00047408379730286623,-0.0002173290926237221,-0.0006397267426201409,-4.46213662119721e-05,0.0006864507406468857,-0.0005288163540956396,0.0002530104269420838
2012-12-20,-0.0003718283917932681,4.843948820683981e-05,0.00033380916263426284,0.00045841895416319847,-0.00021946736721378335,-0.0006180219718878045,-3.7794009689340324e-06,0.0006483067910718517,-0.0005343797808203127,0.0002588251746376072
2012-12-21,-0.00046111229042124105,0.00018808043279907108,0.0003268657723275324,0.00034271005582476796,-0.00016124554438608002,-0.0005507932014866979,-6.374962153423737e-05,0.0006561283758581594,-0.0005451865237831137,0.0002689009422084457
2012-12-24,-0.00040694777057452656,0.00012040946275972456,0.00042108622479481144,0.00027903078491142404,-0.0002643674041112273,-0.0004972835301982909,-2.654794619172396e-05,0.0006915017027255346,-0.0005776866430014446,0.00026032579614610266
2012-12-26,-0.0003501809333397675,0.00011772655809575263,0.00028907185203959763,0.000254014646819691,-0.00011696087052498862,-0.0004714636127089349,-7.278520369315145e-05,0.0006452707656392984,-0.0005917525398556056,0.0002974498211641627
2012-12-27,-0.00040114827906751035,8.699874986598573e-05,0.0002958551325836342,0.000425260029954193,-9.314415872630757e-05,-0.0005697317289018915,-0.00021899333104084644,0.0007470523606465419,-0.0005358245619636534,0.0002648011703964906
2012-12-28,-0.0006308808852126022,0.00024414605557346715,0.00047506528394990785,0.0004959184834579951,-0.0003008232904718072,-0.000643998650652117,-0.00018067883925742753,0.000825770917184894,-0.000453404196664578,0.00016891551310515424
2012-12-31,-0.0005382262678673103,0.00013548809691806343,0.000514682756372711,0.0003833250153501091,-0.0001953667265573427,-0.0006846427190763324,-0.00013187795314221692,0.0008152366498616094,-0.0004973207992770637,0.00019834339093248096
2013-01-02,-0.00041000326872193775,0.00010180772429261371,0.0003263430217926328,0.0004954969017502081,-0.0002557197969084296,-0.0006709738044783147,-4.015267835712037e-05,0.0007748932134163493,-0.0005686899668532232,0.0002471082727904389
2013-01-03,-0.0003387698527412439,0.00013279622261744002,0.000282952025114162,0.00032484699460542466,-0.0002297629051185258,-0.0005981571230804939,2.96034248170908e-05,0.0007475427454985001,-0.0006168474237841851,0.00026546876515875714
2013-01-04,-0.00032229030227132844,0.00011740237239932293,0.00031368616259951293,0.00027983916679347187,-0.00021909831351673344,-0.0006186595957429781,1.811997373730133e-05,0.0007768626832308154,-0.0005513560391544256,0.00020733711931826895
2013-01-07,-0.0003435805523164261,0.00010467645696396357,0.00031555320329102214,0.000302695967962556,-0.0001832677792272721,-0.0005714795150755618,-3.353094870724854e-05,0.0007199312766614646,-0.0005292842478098643,0.00021801620376175543
2013-01-08,-0.0003794286237165784,0.00012334835850317605,0.0003231167133689306,0.0003259273604886994,-0.00020040853395286674,-0.0005556500809744003,-2.7417782814962224e-05,0.0007080523330172499,-0.0005803874222977609,0.0002628836163114656
2013-01-09,-0.00035455556238404796,5.112376985464057e-05,0.00035525918783946135,0.00036226289300014423,-0.00016414311102686853,-0.0006266063917119372,-9.60551139923653e-06,0.0007081349535230756,-0.00062244558934927,0.00029959752636646644
2013-01-10,-0.00038200027845487164,0.0001020387664168906,0.0003678871368652484,0.00041496016887338297,-0.0003542903717560601,-0.0005684741498701885,2.395419427329501e-05,0.0007296056093883674,-0.0005865924875198131,0.00025281359303623574
2013-01-11,-0.0003492075342566535,5.0627536556870794e-05,0.00034588315118865335,0.00044399622951320607,-0.00028297724263094855,-0.0006327496353231094,4.792792983125335e-06,0.0007551804562528838,-0.0005981094105983395,0.0002625441933850267
2013-01-14,-0.0003373123706212495,7.716391538054013e-05,0.0002976199489369176,0.00043284065741261944,-0.0002701846597808807,-0.0005965796345407783,-5.342194050793336e-05,0.0007919886034686227,-0.000592014545200685,0.0002500569952409923
2013-01-15,-0.00032765118073830517,1.7577703597334215e-05,0.0002929013848871527,0.0005156125284641331,-0.00022295597466926408,-0.0006669390649621451,-7.941048743824453e-05,0.0007962797413289049,-0.000578785747408557,0.0002534459214527836
2013-01-16,-0.0003573645157141039,6.264343118686749e-05,0.0003016247769704202,0.0004935515856819487,-0.00024061885190260462,-0.0006314774313427203,-8.248393181934863e-05,0.0007555176374447192,-0.0005275351404549974,0.0002259868746181913
2013-01-17,-0.0003608622090882263,0.00010585638618008345,0.0002504507616262917,0.000494203946821533,-0.00024650732592421684,-0.0006677938089305682,1.678548494382648e-05,0.0007185553742048746,-0.0005478240495245777,0.00023711337920060901
2013-01-18,-0.00027449878265102437,1.301258234268337e-05,0.0002949570439603022,0.0003991235036632625,-0.0001961136173858533,-0.0006571134076991201,-3.7908391283973664e-05,0.0007903969755477455,-0.0005577582683066427,0.00022605210728387018
2013-01-22,-0.00029389349102343506,1.75499544966852e-06,0.00029834661966578993,0.00042630762170721296,-0.0001509036682529048,-0.0006877528767647396,-5.442727708411532e-05,0.0007850181819064606,-0.0005544503537952654,0.00022964249133029455
2013-01-23,-0.0003273998807848717,-2.2227225546564812e-05,0.0003905882593473707,0.00044184683400913527,-0.00022104727645666424,-0.0006457147150717999,-0.00011177775511799284,0.0008204837715860384,-0.0005467178740567805,0.00022185736054122773
2013-01-24,-0.00032640633186425386,5.641067514134063e-06,0.00045334103122630313,0.00021922896578091327,-0.00017373829902433838,-0.0005084599200675865,-8.32101518244352e-05,0.0007445038431946188,-0.0006117424950804543,0.00028080956663056184
2013-01-25,-0.00026940479093654163,7.756734341766449e-05,0.0002733285257667138,0.0002964782808762365,-0.00027575938746308027,-0.0004403711844973967,-3.9236077433965275e-05,0.0007038694576666331,-0.0005747303264237377,0.00024812299656228054
2013-01-28,-0.0003298028257164617,8.358503833985143e-05,0.00032187722179401646,0.0002616377600409077,-0.00016282565594537626,-0.0004741091861466592,-7.821640729244184e-05,0.0006873208855842014,-0.0005943956136697966,0.00028519289231107234
2013-01-29,-0.0003291810898471267,0.00010374750554518444,0.0002666869693496005,0.0004133172133994711,-0.00033906271497152404,-0.00044648900004230947,-4.811353644841587e-05,0.0007135245723150982,-0.0006319197257002793,0.00029754219361174256
2013-01-30,-0.0003270683253055501,0.00013170214695232502,0.0003370050628232306,0.00023862360680164396,-0.00028721407787751004,-0.0004909940284151659,-2.0373933198886834e-05,0.0007838461297167351,-0.0006103943276504174,0.0002448923954694801
2013-01-31,-0.0003651786599024457,0.00019758610549210835,0.00031088997147640514,0.00022832340030251239,-0.000282263181125896,-0.0004580181574395364,-6.30616520885148e-05,0.0007711642261035469,-0.0005621296541136744,0.00022264569077184299
2013-02-01,-0.00045106439807249775,0.00014920605148586248,0.0004143021216393109,0.0003661763467269624,-0.0003682282450518243,-0.00046553347870269095,-6.315586580551286e-06,0.0006750770771422297,-0.0005759927986961622,0.00026272677653190607
2013-02-04,-0.00042212004843685826,0.00011644081992237651,0.00044964415716341045,0.00030942299173617686,-0.0003462531023214559,-0.0004445385767427538,-3.3584979921712915e-05,0.0006811218017403788,-0.000566724929102369,0.0002566017974394916
2013-02-05,-0.0004007596652144628,0.00010531391970113263,0.0003806614577763277,0.0003485228244568027,-0.00027453026521820963,-0.0004583433902422742,-9.298131895356387e-05,0.0006909642766053034,-0.0005657935381737124,0.00026722060899195266
2013-02-06,-0.0005093149599579613,0.00014002612103554608,0.0003920590196592631,0.0004803906888306169,-0.00025607837310095147,-0.0005344582414028316,-0.00011819277200986189,0.0006917831319821974,-0.0005919747815212387,0.0003061487318973752
2013-02-07,-0.0004636831836296756,9.00743294874086e-05,0.0004500108378173583,0.00035101423779215985,-0.0001760618762838297,-0.0005423770743067206,-0.00011964642146114306,0.0006945652774134788,-0.0005891393042746218,0.00030651874277889263
2013-02-08,-0.0004333340061965325,0.0001156856591794334,0.0003671039530207486,0.000354297389474192,-0.00018321938597119997,-0.00046351139425933677,-0.0001489831769629097,0.0006586553072281398,-0.0005307606763710199,0.00026420093313169607
2013-02-11,-0.00037418621498056166,7.138044643031569e-05,0.0003190749295776678,0.00040848403380136945,-0.00021837833450215685,-0.0004656428393919089,-0.00011448543218746388,0.0006422414113557776,-0.000551470621970987,0.00028416760994306317
2013-02-12,-0.0003202690449002133,9.479613936826635e-05,0.00018852862383183502,0.0004933779003271368,-0.00029421141956040373,-0.0004160066738508727,-0.00010228285558979561,0.0006318068973072792,-0.0005611299553472393,0.0002860756511624818
2013-02-13,-0.00022994580067946225,5.492250709574083e-05,0.00019443733742020462,0.00031168137255289854,-0.000241737525526824,-0.0003505216219667918,1.3563727970056921e-05,0.0005100941163565798,-0.0005067932429531213,0.0002434632519261945
2013-02-14,-0.0002946146132532066,4.935832177458831e-05,0.0002946709624258904,0.00028176222705288785,-0.00014527679151212468,-0.0004898590946662684,-3.490873771748795e-05,0.0006266336291199485,-0.0005615537547286296,0.00027394539895077286
2013-02-15,-0.00034370928068028347,6.519549527475663e-05,0.00035488371318626553,0.00037510567735549996,-0.00027937323882928303,-0.000520479206504415,-3.656232261465067e-05,0.0006625020321067744,-0.0005288586272984841,0.0002532811714147515
2013-02-19,-0.00020250147165190992,-7.607918133493031e-07,0.00027476694084489057,0.00026779562667342315,-0.00021182353479681695,-0.0004960601137265781,5.395835252311465e-05,0.0006162335024014962,-0.0005320554506441956,0.00022990367412766
2013-02-20,-0.00021520425586367973,1.2795213894642573e-05,0.00033305033062889003,0.0001903293159160463,-0.00024972699761255466,-0.0003999110668871011,-4.738391507111417e-05,0.0006967495161736975,-0.0005221722236457282,0.00020086178998488663
2013-02-21,-0.0002030241458766493,-2.1149713651587515e-05,0.0002861611144972288,0.00025405630645262923,-0.0002321678816176627,-0.0003602698415629754,-2.5500319041329295e-05,0.0005942963383106237,-0.0005602853563229995,0.00026802841861266885
2013-02-22,-0.00028451206366632243,1.5187846631636599e-05,0.00025485859479165056,0.00037621321811504276,-0.00016857245064334607,-0.0004392904372397966,-6.936715474202375e-05,0.0005798328391077752,-0.000547951051782989,0.0002833854536087102
2013-02-25,-0.00033458731562753877,6.085599993529262e-05,0.00031533665680221054,0.0003300599167333864,-0.0001774053062586628,-0.00045629172271180723,-0.00015481462433262864,0.000684808896352404,-0.00045296078292378014,0.0001845157675602685
2013-02-26,-0.00024137148330796157,-3.343734812245045e-05,0.0003427740063531126,0.00029031026868382584,-0.00019498356288795773,-0.00044971846391210057,-0.0001391744232841878,0.0007018319798637179,-0.0004507252528576852,0.00017612955392841065
2013-02-27,-0.0003673199419799019,1.0410116893645564e-05,0.0004320889793543888,0.0004904917662875933,-0.00036291927351470975,-0.0006101611158259206,-5.4862014847960675e-05,0.0007411994452150503,-0.00045032608757836906,0.00017267444345595712
2013-02-28,-0.00038645793052289744,1.0393025965783377e-05,0.00046522427278054856,0.0003732524692353434,-0.0002472118842927755,-0.0005602113032793961,-9.426522571373552e-05,0.0006988874555656117,-0.0004287456328387479,0.00017022351018249407
2013-03-01,-0.000357304511857249,-4.972804533920241e-05,0.0004258463434056543,0.00047235442096835124,-0.00021373787253453104,-0.0005696788361917483,-0.00016008309905499694,0.0006797012011255689,-0.0003759940892666125,0.00014897041392249524
2013-03-04,-0.0003191540603523428,-1.9885590085923135e-05,0.0004395010869343559,0.00035564649214899456,-0.0002578221261493492,-0.000559434902599419,-8.466667587917961e-05,0.0007184695214897951,-0.00039055432138807716,0.0001170652940743408
2013-03-05,-0.00045583301869378155,0.00011031378726518806,0.0004111966009823563,0.0004360501516590836,-0.00024243184206107493,-0.0006222166506664809,-8.457294030498816e-05,0.0006998261596471086,-0.00039137532971905004,0.0001390867633387638
2013-03-06,-0.00033935763179192475,3.9176508556390934e-05,0.0003495544494134027,0.00034985458570618985,-0.00018651127339753366,-0.000511019228382828,-0.00010157282799460286,0.0006611056452311657,-0.0004494032282155447,0.00018792100334033557
2013-03-07,-0.00022954774068321016,6.381614128327584e-06,0.00034006841376852293,0.00021581596915159,-0.00021481048132386635,-0.00046519259381654077,-2.8696168892918678e-05,0.0006776186043478613,-0.0004715369043427446,0.0001688320405075494
2013-03-08,-0.00023887721908510615,-5.659427421512986e-06,0.00030689222015153287,0.0002982613669914899,-0.00024420653351720986,-0.00042139283623243706,4.007133894129607e-05,0.0005057296542173677,-0.00045250926678342546,0.00021189592387637485
2013-03-11,-0.00027409388161787245,6.039560424393156e-05,0.0002748813823096035,0.0002681992778982814,-0.00017411452740993122,-0.00045395147891443,3.207248736505214e-06,0.0005620646367661443,-0.000512008889021285,0.0002446255352850091
2013-03-12,-0.00031378117557815484,4.222049718346317e-05,0.0002966712330275661,0.00035899386821349605,-0.00022667735404889588,-0.00042173506502447486,-7.085085499881905e-06,0.0005058912374849116,-0.0005031572393776086,0.00026961494449297824
2013-03-13,-0.00034666026587206887,8.767958202276528e-05,0.00030532841933877085,0.0003151223297037809,-0.00020247638706153044,-0.00042392705176836146,-9.643567419873392e-06,0.000520502052848263,-0.0005259707960820724,0.0002808088954853738
2013-03-14,-0.00027478703022346227,5.6488727244144834e-05,0.0002741722425453495,0.00030009384760720575,-0.000191716111317527,-0.0004642421107312906,-2.5371809363652215e-05,0.0005911949138091566,-0.00048504530206444976,0.00021671101378285124
2013-03-15,-0.0003284717030083322,3.695846056613289e-05,0.00031389953247197436,0.00032863311238899443,-0.00010412804546072827,-0.000515236148429252,-0.0001574091131736309,0.0006533458330172312,-0.00039092697150198974,0.00016516508857461476
2013-03-18,-0.000444654074662884,8.664975231099828e-05,0.0004220514551203905,0.0004313221498531395,-0.0002447896700646401,-0.000576630513899069,-0.00014775046050375523,0.0007273767103597624,-0.0004168194962301114,0.00016400113336025035
2013-03-19,-0.00045619705140701274,9.345763677888106e-05,0.0004634225638454664,0.0003339578385276685,-0.00019012289076764284,-0.0005402854837933818,-0.0001523146197677256,0.0006831059313327191,-0.00037313843734572763,0.00013820262045493442
2013-03-20,-0.00044416361919801754,8.790503343185482e-05,0.0004238097900747192,0.00043097806633860154,-0.000249933027025842,-0.0005950310248427036,-8.036394944398173e-05,0.000675762728995475,-0.00040651276263899486,0.00015737566387390156
2013-03-21,-0.0004238902229507693,9.91115771629299e-05,0.00032236488418134,0.0005212543554986323,-0.00025242864471636045,-0.0005590247810972684,-0.00019447514027448078,0.0007341537658517826,-0.00039182565801202524,0.00014476708227936091
2013-03-22,-0.0004324810427207928,9.422084236690594e-05,0.0003255466816542733,0.0004422372025950482,-0.00011286561260385802,-0.0005839078355322005,-0.0001887052523034203,0.0006756397304981156,-0.0003895465569789362,0.00017063183546965968
2013-03-25,-0.0003619271252053251,8.41813176644475e-05,0.00034747288836920625,0.0003061754099478297,-0.00012799588545572794,-0.0004942076586618785,-0.00021817338734930573,0.0007045032593761338,-0.0003726768240954782,0.00013013195106641867
2013-03-26,-0.000453702574297716,9.340768682283688e-05,0.00035937713103755247,0.00042531256088877483,-0.0001002790356116794,-0.0005486274931825255,-0.00025640221501069954,0.0006855271663995625,-0.0003591882466983491,0.0001556704902785956
2013-03-27,-0.0004028139105604776,7.153001111073038e-05,0.0002941544357398622,0.00047531498286687004,-0.00014134019033869424,-0.0005112366896082377,-0.00030038306160509905,0.0007260881717820987,-0.00029225548154920844,7.97892647830048e-05
2013-03-28,-0.0004564361718581312,9.021758339413603e-05,0.0003649901079749219,0.00047501580192489895,-0.00018836732112214238,-0.0005059370096252517,-0.0002092054773747444,0.0006220938818977256,-0.00034735450321803085,0.00015567285693537242
2013-04-01,-0.00038249273297591305,7.554257262960113e-05,0.0003707815010634452,0.00031398435027952826,-0.00012434462022394314,-0.0005085230765411201,-0.00019244187657484375,0.0006539016551872986,-0.00030452625261742985,9.836018269907335e-05
2013-04-02,-0.0004211070447851183,0.00011017549439926188,0.0003583111731857876,0.0004285327335053521,-0.0002611641242527144,-0.0005056975695054136,-0.0001167444397439741,0.0006182705015811037,-0.0003178645866466871,0.0001071763885328314
2013-04-03,-0.0004513907485010261,9.068755030882422e-05,0.0003665109224093467,0.0005072591706517995,-0.0002043081539542229,-0.0006035136310058526,-0.00020559343251216888,0.0007212097301487648,-0.00032493611040710843,0.0001040262833747023
2013-04-04,-0.00043560395295543647,4.469187785004322e-05,0.00039028632371560553,0.00044761304227217396,-7.214202208956355e-05,-0.000641089532252415,-0.00026038228912622467,0.0007393472018770407,-0.0003287732350469169,0.00011635495506778781
2013-04-05,-0.0003949292992893503,3.878233819474609e-05,0.0003202126432069524,0.0005370898185895149,-0.00014656653857935548,-0.0006368272729443732,-0.00024257887238927564,0.0007342914583373591,-0.0002906199052684355,8.20261199261478e-05
2013-04-08,-0.0003494941503989367,6.201383227712632e-05,0.00030221904784337493,0.00044800087501580964,-0.00019391587417738956,-0.0005711455298342384,-0.0002356267957283921,0.0007863012650153774,-0.00030335972229293337,5.3970805791250104e-05
2013-04-09,-0.0004165274113188002,9.865069819917538e-05,0.0003421209410243419,0.00048212655394176077,-0.0001761937718163572,-0.0007005062093630807,-0.0002156679571621179,0.0008393472006417296,-0.0002787720885965954,2.4632132216061142e-05
2013-04-10,-0.00035944123171747773,7.733507337420633e-05,0.0002406937348084213,0.0004536151459004084,-8.374882547772808e-05,-0.0006146767502442675,-0.00021692819095229035,0.0007570226371098367,-0.0004027926874165602,0.0001486332996997984
2013-04-11,-0.00038464193109758555,6.44238653758133e-05,0.00024934814900318255,0.0004953806561515128,-0.00011911765256966212,-0.0005245126457655586,-0.00021712503947786573,0.0006573183904507451,-0.0004265221721008669,0.00020635093889350906
2013-04-12,-0.00035126733861566193,8.126075007069619e-05,0.0002525355776287013,0.0004272805431020687,-0.00011449108002165378,-0.0005314004121168888,-0.00024885663423373713,0.0007081660652119674,-0.0003460477499279413,0.0001225850164560914
2013-04-15,-0.00039706164754492945,4.484733021439932e-05,0.0003355550238707983,0.0004503547818422405,-0.00015179466410498174,-0.0004960108970978802,-0.0002525814587029489,0.0006743530114109338,-0.00036116356552894427,0.00015415204338003335
2013-04-16,-0.0004040382495370335,1.6980303131510334e-05,0.0003701891152023621,0.0005244266139395252,-0.00022320385551069218,-0.000527475802447384,-0.0002182924068139802,0.0006827280735750216,-0.00036945277177606595,0.0001478116782097083
2013-04-17,-0.0003482629526622744,2.9218710332904385e-05,0.00031985899346586894,0.0004219565461419275,-0.00011623730126146016,-0.0005230219616421472,-0.0003000290382631169,0.0007217233411956347,-0.0003049252428348921,0.00010053154671201339
2013-04-18,-0.00037534829104348875,8.911684403819457e-05,0.0002588774515630194,0.0004355749417066447,-0.00011251161758513411,-0.0005126684438763419,-0.0002670110234410574,0.0006952239153437297,-0.00033251038642853267,0.00012153129688470543
2013-04-19,-0.0003560406211298064,0.00010038374561518125,0.0002556459523131583,0.0004087113773076664,-0.0001573595053393985,-0.00048176586612380147,-0.0002504100421450474,0.000700430363936487,-0.0003363654865871264,0.00011732685971439089
2013-04-22,-0.00039161453863135727,8.205469982429316e-05,0.00026674498100247356,0.00046219267961595373,-7.778143269442832e-05,-0.0005802108183687645,-0.00024852760312301,0.0006871104356099035,-0.0003093100995743593,0.0001095625150549541
2013-04-23,-0.0003614671144946713,0.00010769209560367726,0.00028274386509100915,0.0003574841843267591,-0.00010367166979640156,-0.0005459969622134088,-0.00024832055212310744,0.0007479687076689945,-0.0003150282863110046,7.8084706746296e-05
2013-04-24,-0.00034174162697178645,4.355686737402616e-05,0.0003474659367654412,0.0003684490648919038,-0.00015835351559621152,-0.0005560249028135292,-0.00023344932276439176,0.0007811685247785423,-0.00037084846875877833,0.00012064254779568448
2013-04-25,-0.00032732229047460195,3.776593136303188e-05,0.00030523630657536965,0.00036682796363081177,-0.00010517946854881471,-0.0005638552103455477,-0.00017735074210839877,0.0007083461169775616,-0.00036751822612743,0.00012235864440140673
2013-04-26,-0.00041289981916212636,9.450414390586187e-05,0.0003373727661122488,0.0004188460978090242,-0.0001652436535091494,-0.0005124467634943066,-0.00026691732314499186,0.0007576568742855075,-0.00041203498823568635,0.00016127382025836468
2013-04-29,-0.00036432724256213445,4.7444771961322883e-05,0.000396126282761943,0.00028020495751743756,-0.00010940071755085722,-0.00047986901814681647,-0.0002628814048981007,0.0007213081868039338,-0.00033266441177261935,0.00010252940843328423
2013-04-30,-0.0003877242826954301,0.00011958722490190894,0.00026095553114484403,0.00043555881909475487,-0.00015856274914309706,-0.000529337928265588,-0.00020700206060778222,0.0006882164942324485,-0.00033617404222402794,0.00011440267390108727
2013-05-01,-0.0003175169007516935,2.0040209782386806e-05,0.00031633581990162234,0.0003818028424219075,-0.0001416628722854256,-0.0005138008105323652,-0.00022991216552548446,0.0007187364713950352,-0.0003486057705621194,0.00011455533439510071
2013-05-02,-0.0003686590510351325,6.004349043697008e-05,0.0003414288187498808,0.0003861426223297033,-0.00014918187514425998,-0.0005287920071906571,-0.00024107409399279356,0.0007208493906654435,-0.00030389877738595805,8.306651998645637e-05
2013-05-03,-0.0003395959721376133,6.532352774076748e-05,0.00028573920334434356,0.00037411003621027044,-0.00013699312698812506,-0.00045426686158968766,-0.00023644612859549663,0.0006639417353033923,-0.0003434487760519654,0.00012063375350075678
2013-05-06,-0.00036718745674969416,0.00012027792422327204,0.0003091825568538515,0.000346058480390915,-0.00020438059525250234,-0.0004750153842243976,-0.00018897897103388635,0.0006856916723408345,-0.0003434023656747505,0.00011897014813448681
2013-05-07,-0.0003596334554370652,0.00013594132754639278,0.00023190788529669105,0.0003567760048637182,-0.000125739850861679,-0.0004782680218368453,-0.00016477663800718544,0.0006424039940656871,-0.00038626299635119085,0.00014645078789755558
2013-05-08,-0.00039513383455814117,0.00010431641360675802,0.0003080877577164593,0.00034837568723816237,-0.00011949597529011587,-0.00044626449645642635,-0.00021210449039235461,0.0006178155913890045,-0.00037528747253253586,0.0001700442488041451
2013-05-09,-0.00035571417704188124,0.0001193609977581453,0.0002882533159174819,0.0002994556474797622,-0.00016427059875753856,-0.0004443737729664145,-0.0001617877162074042,0.0007034251557370454,-0.0004927714460282034,0.00021084302829763382
2013-05-10,-0.00031793281012980904,0.00011225937456979128,0.0001931150882832519,0.0004387800415497152,-0.00027229417945435824,-0.00038658450266593723,-0.0001636415175278235,0.000667573299943932,-0.00047411366332586816,0.00020207524958587922
2013-05-13,-0.0002745519276022015,5.603287527328313e-05,0.00033544774174392106,0.00017164562175759788,-0.00015434419922755183,-0.0004048103011201343,-0.00011798634878909357,0.0006672651809086216,-0.00046000088857207216,0.0001808550047150935
2013-05-14,-0.0003113231832091454,0.0001247662256136454,0.0002052103145015081,0.00031526367194473475,-0.0001580211709283968,-0.0004194715144329661,-0.0001293548618678201,0.0006624405824164764,-0.0004979677217348683,0.00020613311081026098
2013-05-15,-0.0003925655053382822,0.00015082227316556601,0.0002444076728561682,0.00037581233487811666,-0.0001813108910617943,-0.00042119583588856764,-0.00011862477972699945,0.0005826954058473048,-0.00047167486564132083,0.00023148359169773008
2013-05-16,-0.0004128517079904838,0.00013998209583819196,0.00036248614833850345,0.0002778320312209117,-0.00017981398743541644,-0.0004267813467365607,-0.00017532559359261998,0.0006544281422496412,-0.000406582237550239,0.00016681546687068172
2013-05-17,-0.00033324761812876,9.526632685358618e-05,0.00026524127902837434,0.00036788556985095124,-0.00020209235775227492,-0.0004458846976791251,-0.00013990856163764373,0.0006599376014194518,-0.0004551722228610493,0.00018642750983461492
2013-05-20,-0.0003399971293737711,0.00011766099378811453,0.00022983192234679183,0.0003689970719618738,-0.00020473549081116444,-0.00040708260598985684,-0.00016974606518520632,0.0006604711084290081,-0.00044351796811879785,0.0001886181418297439
2013-05-21,-0.0004089431378325532,0.00014840541009184286,0.0002632455411649198,0.0004174681281235099,-0.00023318280789230228,-0.00038010426935495764,-0.00018760139118309885,0.0006128832691977559,-0.00045933984348347015,0.00022781105861015283
2013-05-22,-0.0002831058773505464,0.0001455695700034389,0.0001937212997860044,0.00029322678141306853,-0.0003189792800138598,-0.0002532964163126615,-6.747618389754337e-05,0.0005689041861352342,-0.0005389883039238902,0.00026049616107864243
2013-05-23,-0.00025210562848168876,7.90209991504712e-05,0.0002327700912522412,0.0002453050082308491,-0.00025274676872251173,-0.00025912037138494173,-4.863284575992374e-05,0.0005169753191694541,-0.0005401071596057919,0.00027945657178863464
2013-05-24,-0.00027945947200771944,4.692516246915398e-05,0.0002938342966455,0.0003008768773414732,-0.0002952429898238299,-0.0002863362488223706,-5.524147924474386e-05,0.000540151280471083,-0.0005556140826816075,0.0002906890049694036
2013-05-28,-0.0002064426441563392,0.00014803271862292048,0.00015463699631455483,0.00010047267829009802,-0.00022508699205323317,-0.00017301553800313021,2.419384215499032e-05,0.00043901799747540077,-0.0005383642731706349,0.0002765842173180835
2013-05-29,-0.00020793394136614128,3.809853183889798e-05,0.00023396376848756895,0.0001771873199341951,-0.00023416810356129397,-0.00012899337002509476,-6.894893420553334e-05,0.0004330219968839595,-0.0005672838786800125,0.0003257618702190851
2013-05-30,-0.00017424413552783764,3.4660570543651546e-05,0.0001740823000193248,0.0002575596494948898,-0.0002685334485404518,-0.00023437001928666018,-3.0997258198757136e-05,0.0005053976251393789,-0.0005028362302341022,0.00023992960133571717
2013-05-31,-0.00011591459491519838,5.171828837163199e-05,0.00021908404336155288,-6.932331276668282e-06,-0.00020751447645023843,-0.00015459095154813154,1.951311403289996e-05,0.00045585500754871666,-0.00047901905579791557,0.0002175403698012751
2013-06-03,-0.00012123351394849303,7.505443251252023e-05,0.00019375539897636962,5.033278627391462e-05,-0.0002885295389142102,-0.00015461894699959552,6.53540189301284e-05,0.0004363018873898977,-0.0004754224953610539,0.00021966929198092427
2013-06-04,-0.00018478464132773187,0.0001042323387182995,0.0002080221924487533,0.0002343158162934492,-0.0005340919704750376,-5.364058925977529e-05,0.00012216643299255495,0.0003430665761380118,-0.0004515994869445407,0.0002117817680160894
2013-06-05,-0.00014669865234399448,6.64890073649153e-05,0.00021527291860725566,0.00011965714195281063,-0.00038405158793050186,-0.0001049333982042662,0.00014013516804629693,0.0003299921770358351,-0.0004665515834859704,0.00023060026928807542
2013-06-06,-0.0001824722493731089,4.570074418478885e-05,0.00022143029174115174,0.0001694861323310883,-0.00030126121566761196,-7.828052849464563e-05,-7.893741522557035e-06,0.00030147042762590504,-0.00038156532837881063,0.00021475056110338564
2013-06-07,-8.457723887399037e-05,5.283682512577446e-05,0.00016665101389184978,5.657454940419552e-05,-0.00040427332462508216,7.585879721111292e-05,0.00011575300377415082,0.00023648580881232076,-0.0004709255792786117,0.00025558453336910897
2013-06-10,-7.086485894225371e-05,7.946267790005172e-05,0.00010378908663085653,-2.8667161944893275e-05,-0.0002447085709068918,9.819252204711949e-05,1.9956388243622808e-05,0.00023694423707614626,-0.0004322738832454841,0.00023781493943655224
2013-06-11,-4.356832167434744e-05,6.447336772512629e-05,2.7687338176619718e-05,4.3373003577142685e-05,-0.00016435881827529548,-2.4966640032333953e-05,1.4590853115285102e-05,0.000267459235581944,-0.0004007309718978627,0.00021439217441616282
2013-06-12,-4.8314092346024855e-05,7.179183842604536e-05,4.393028002199102e-05,3.422137524752237e-05,-0.00023185976693163197,6.280815579220653e-05,-2.49558868882227e-05,0.0003083582697685286,-0.00047146505254602733,0.00025536947817071665
2013-06-13,-6.265798413734587e-05,7.671622962994267e-05,9.045944416241364e-05,-3.0462415895382133e-05,-0.00020918302970690614,3.396423887196652e-05,4.8951869275049714e-05,0.00026043168702762423,-0.00046219727138344796,0.00025398121708829907
2013-06-14,-0.00015720544972068267,8.561527022737817e-05,0.0001714803366199653,8.523583899978666e-05,-0.00026153768392635137,-2.66883262764403e-05,-2.343266682192438e-05,0.00032423618773284174,-0.00040741730810723784,0.00020789024473058526
2013-06-17,-0.0001635134827077979,0.00010777435854522459,0.00022799271576394312,-5.595983374329268e-05,-0.0002549587791497755,1.2141053702634588e-05,4.551568955392035e-05,0.00030570612273367673,-0.0004901571998907304,0.0002659000624345015
2013-06-18,-0.00012634424501050865,0.0001318856466182161,0.0002301439125090305,-8.42321972449496e-05,-0.00040036570212827714,5.688896463103797e-05,9.755071362717305e-05,0.00038022449798289296,-0.0005437538769388801,0.0002531093483002442
2013-06-19,4.2789492156483535e-05,0.00016677672035625348,1.6743356729811976e-05,-0.00031785490876843877,-0.0003620505364667851,0.0003662934499320935,0.0003041704408492142,4.518969451021773e-05,-0.0006988511930257207,0.0004364422150307315
2013-06-20,7.597149452427774e-05,0.00023878042408224834,-2.1248540232123112e-05,-0.00043407925742259754,-0.0004127460286137653,0.00043678421088578015,0.0003715985907414253,3.344247623798466e-05,-0.0006644992045625395,0.000374933858575309
2013-06-21,0.00018850557014571758,0.0002540213077074163,-0.000284560074318793,-0.0003959232085147591,-0.00030519068178666564,0.0005431428699178408,0.00032998690287310353,-5.7966542674176e-05,-0.0007540240343808652,0.0004826550099025495
2013-06-24,0.00020068706247492482,0.00029969849456139004,-0.0002510276241774413,-0.00041914678244912417,-0.0005190082721587561,0.0005687497244996308,0.0004787634030347619,-1.8614812144268633e-05,-0.0008207190321502036,0.00047925140357909374
2013-06-25,0.00016375651829975276,0.00026279769440594176,-0.00019095877470515915,-0.0003742174548383324,-0.0004966234566059317,0.000537858514598635,0.00039549474524530615,3.216733916613229e-05,-0.0007909166348899835,0.0004598163989937287
2013-06-26,0.0001422513984307344,0.000305175862154846,-0.0001389719409528691,-0.0004620921064450727,-0.0005827548247714937,0.0006467566240926509,0.0004213346756357164,2.552346876378772e-05,-0.0008570163887111765,0.000499161759657453
2013-06-27,7.221118050633978e-05,0.0003082380688363949,-0.00010886456166325168,-0.0004407721684762172,-0.0004332389919235076,0.0005325660314774838,0.0003532683423261608,5.336345023144659e-05,-0.0008535629519812044,0.0005166514653256044
2013-06-28,1.187723819975813e-05,0.0003319000090623945,-2.4428744995242096e-05,-0.00045060775474206356,-0.0005410271548605076,0.000561928955220942,0.00048759077409853135,-3.9202952768969956e-05,-0.0009190055122998489,0.0005804741213063652
2013-07-01,4.70737497626998e-05,0.000279343942162086,4.59474494274568e-05,-0.0005399833331445041,-0.0004965706217994834,0.0005590147979667864,0.00042258482342422826,3.465597081987043e-05,-0.0008865634519773444,0.0005345154180921435
2013-07-02,2.2653116511827016e-05,0.00025810033639490795,3.037672488969117e-05,-0.0004465003296285474,-0.000496420937205643,0.0005676363149023315,0.000435661679716131,-4.9453568126914954e-05,-0.0008710136414259093,0.0005481609057575929
2013-07-03,0.0002072970702256898,0.00020046900960467653,-0.00010087685748524922,-0.0004889663935750991,-0.0005137318997488578,0.0005707650405527842,0.0005127186285238637,-6.697742500327147e-05,-0.0008008801173526592,0.00047982416386777027
2013-07-05,0.0002692391638201371,0.0002515655481388951,-0.00017197184155760435,-0.0006898132823569322,-0.0005042975216014729,0.0007618888517726581,0.0007001315800722642,-0.0002713100926689527,-0.001021942225328247,0.0006772590824148314
2013-07-08,0.00026597757255234725,0.00014718517246870748,-0.00010479284717492768,-0.0005654848040474256,-0.0005089360018286941,0.000635383104890733,0.0007289828470392994,-0.00025846472383200814,-0.0010038709401908597,0.000664258848869996
2013-07-09,0.00012486733996305458,0.00022703330329599018,-8.979455239211624e-05,-0.000502078345953472,-0.0004185495018739398,0.0006407580617372385,0.0005224471884279595,-0.00020037004306252756,-0.0009555976984883252,0.0006515180430080592
2013-07-10,0.00021446308371211327,0.0002737440737728033,-0.0002191943971601197,-0.0005515000723673859,-0.00045492167335913023,0.0006963403341229482,0.0005228388455373739,-0.00013392117294424438,-0.00098703861192391,0.0006393822281239997
2013-07-11,0.00010207428132495727,0.00017895590227387905,-2.1913163070989145e-06,-0.00039322641136364626,-0.0004463642107173059,0.00040410963202330147,0.00044876015637337896,8.049394392642059e-05,-0.0009509678194048535,0.0005783975221894805
2013-07-12,0.0001316037237553967,0.00017905537215838485,-0.00015191454434371784,-0.00021338381548214637,-0.0005083946756457517,0.0005102582175691896,0.00035908004419001396,2.12434621016111e-05,-0.0009066889021729779,0.0005793779788040021
2013-07-15,0.00017800827884099755,0.00022665154381779637,-0.00019446399728000247,-0.00041606829285411456,-0.0003578367428029774,0.0004698856297941992,0.0004043484824418908,3.815838372362573e-05,-0.0009182248513932567,0.0005698928413637241
2013-07-16,0.00012250473637802638,0.00028144300008967277,-0.0002207537124806827,-0.0003103139949014837,-0.00042634332152162186,0.00043906678470391307,0.00039869847043637677,5.629788137615291e-05,-0.0008691417966344081,0.0005285956808553094
2013-07-17,-2.8039789758163808e-06,0.00032339596829195386,-6.411473492736277e-05,-0.00028866553675374823,-0.0005030098440502399,0.0003492203303821981,0.0004131006877768559,0.00011835200988508099,-0.0008130283357290075,0.000467043289591261
2013-07-18,6.65702781024753e-05,0.00027438845891704063,-4.925717651540454e-05,-0.0003426138852772229,-0.0005200531671667261,0.0003247277767078685,0.000504616500992202,0.00011890585716836308,-0.0008538220860606766,0.0004754878482353883
2013-07-19,6.556944822742731e-07,0.00024075462269901446,-2.24009292545855e-05,-0.00020952991729407096,-0.0004977585278407781,0.0002851263159838989,0.00046332877662292465,7.632265176616901e-05,-0.0008563727701648566,0.0005200078705052125
2013-07-22,0.00010191486940401632,0.00023730192679907508,-0.00013352062070481029,-0.00023033560251736708,-0.000522783226465197,0.00036136479791719356,0.0004471855455180328,7.501437853780352e-05,-0.0008174669568169063,0.0004804847799533621
2013-07-23,-5.635130735150983e-05,0.000258709864670509,5.1326011028976536e-05,-0.00020479156605366072,-0.0005420562570193146,0.0002823048438371639,0.0004334470737340189,0.00013430845552667853,-0.0008777846388630037,0.0005205892295213899
2013-07-24,5.569220454127913e-05,0.00023992104939897724,-3.355196431246879e-05,-0.0003293332211317581,-0.0005028221736163062,0.0003920923984644317,0.0004860934084693763,6.916987854924464e-05,-0.0009727834585700479,0.0005954839351377458
2013-07-25,4.402523920964295e-05,0.00023744719768615055,7.832891531868729e-05,-0.00040138675560689617,-0.0005705496595772375,0.00031388168222714306,0.0005868441999902635,0.000136126519096922,-0.0009803691846807586,0.000554223046675073
2013-07-26,2.6823092479295635e-06,0.0002698575352241732,2.8174891583745585e-05,-0.00030817703418802413,-0.0006145847874392723,0.0003782766200875684,0.0006110328145861009,1.610594616990868e-05,-0.0009943035848552356,0.0006110536838125277
2013-07-29,-1.2523357261375555e-05,0.0002450999901276621,-1.5864382188916998e-05,-0.00019056641810378128,-0.0005338267668320695,0.0002927487523692249,0.0005703606191642709,1.1550329897636047e-05,-0.0010123515491676782,0.0006451631566451246
2013-07-30,8.716434490904824e-05,0.00022756881526958105,-6.329775468108469e-05,-0.0002829193627157207,-0.0005561823254475766,0.0003388084477010597,0.0006061531474664643,4.920741761359204e-05,-0.0010431055545514142,0.0006359214951393299
2013-07-31,4.646829563066782e-05,0.0003069642373262918,-4.774547698705605e-05,-0.0004086595291559682,-0.000537482566957766,0.00041696532071516454,0.0006189831198772783,-1.0741674865793333e-05,-0.0009823505901200569,0.0005969399726463848
2013-08-01,6.661420282477287e-05,0.00027848822873568753,1.6261575315605972e-05,-0.00038074079542452753,-0.0007470395966637424,0.0004956284857516972,0.0008058241767268069,-0.00015625144158349855,-0.0010634973591036115,0.0006860786584386158
2013-08-02,7.807744062519851e-06,0.00022729234455963736,5.991300401073682e-05,-0.00031910455535770575,-0.0005468458509299235,0.0002963445788848086,0.0006468836168829345,2.5019032780033285e-05,-0.0009826075881198826,0.0005829318936114922
2013-08-05,3.4481181548708844e-05,0.00023354540974306417,2.9559362396705926e-05,-0.0003084101797870549,-0.0005802239386883991,0.00030524407978153173,0.0006233799691434359,7.772599733308488e-05,-0.0010424821804883785,0.0006269558240753759
2013-08-06,-2.5055561985686838e-05,0.0002647539560536907,4.506655197400564e-05,-0.0003152343770734373,-0.0005005170668249933,0.0002741099044903522,0.0005925608800642565,5.491525387774435e-05,-0.0010369602831686517,0.0006478554247227805
2013-08-07,6.36334742684277e-05,0.00023342099032534769,-5.36464860111086e-06,-0.00034372231044795627,-0.0005602237618757486,0.00039617199762196666,0.0005796816818687302,1.4847455325692205e-06,-0.0009575056997830553,0.0005929422701454398
2013-08-08,8.239125888770448e-05,0.0001679663631936972,5.702639656090581e-05,-0.00043799531396139946,-0.0004237322057074021,0.0003695527969464936,0.0005706079117987345,-9.849436935559577e-05,-0.000764225166927604,0.00047678393032461047
2013-08-09,9.443108105673496e-05,0.0001700354243104672,-5.640823522544782e-05,-0.0002684608140687823,-0.000458162207030325,0.00034878028332662944,0.0005757117471760255,-0.00015149750854888747,-0.0007206720727877258,0.0004664943356771506
2013-08-12,0.00013938250941042494,0.00020288702777084792,-4.671237494799775e-05,-0.00040090271879068265,-0.0005273680016664494,0.00042043966716144056,0.0006039551145949791,-6.736511364411474e-05,-0.0007970780807801531,0.0004718062696136491
2013-08-13,0.00021332541928982746,0.00021952745397148612,-0.00014641693428116167,-0.0005290998244846645,-0.00046447012156484134,0.0005539016599769644,0.0007300062402416894,-0.0002719894472252987,-0.0008899421135642807,0.0005849753891353088
2013-08-14,0.00017831248304129156,0.00018626956728053567,-7.719173793039181e-05,-0.00045811320723675684,-0.0004946676302208857,0.0005166678675797703,0.0006833859101906745,-0.00023256524057683678,-0.0008818791613810217,0.0005777998277381388
2013-08-15,0.00018563607995282505,0.00024441478409671484,-0.00010665497588822816,-0.0005268076716781591,-0.0005653889481735449,0.0006167995418051436,0.0007153988801859336,-0.0002449773865036836,-0.0008993262944267874,0.0005809016352641069
2013-08-16,0.00021225642908886478,0.0002606747131389107,-0.00012499949114183357,-0.0006501973139881106,-0.0005146572010149052,0.0007260488040851006,0.0007453359866609818,-0.0003539536680479856,-0.0009049360191632286,0.0006039038054232587
2013-08-19,0.00033541316247427276,0.00025024786681077506,-0.0001947889652343165,-0.000812707396812151,-0.00044320491357856175,0.0007184203977493933,0.0008009046424806328,-0.000315177430607827,-0.0009389204797110445,0.0005995663289729211
2013-08-20,0.00019823092683898255,0.00022512471736211518,-8.689487727856458e-05,-0.0006168929122051707,-0.0004489282941814955,0.0005917826130914898,0.0006985059316390978,-0.00023618073638430326,-0.0009187427400227655,0.0005933579347110474
2013-08-21,0.00028047451402669817,0.00023484585283087148,-0.00010354588783731671,-0.0007248107450627205,-0.0005861893653025087,0.0007148961047396679,0.0008725438536667553,-0.00036045350261718415,-0.0009157590680669708,0.0005876753155272599
2013-08-22,0.00033279327814786423,0.00018562359080902832,-0.00022315648720802432,-0.0006798814109224239,-0.0004743277849399881,0.0008446874591259285,0.0007451960785140252,-0.0004446874152537923,-0.0009618782547547722,0.0006763671600447316
2013-08-23,0.0003368873004813481,0.00019366412325687147,-0.00019170491466706692,-0.0007595608461614129,-0.0004368912731770036,0.0008234757024688129,0.0007187520853550004,-0.00039489586884220926,-0.0008885794924448215,0.0005985283766158991
2013-08-26,0.00030193241464725385,0.00020352031258096025,-0.0003029318178352997,-0.0005484396087091382,-0.0003395535843219444,0.0006223836313275673,0.0006636270110393326,-0.0003303303433193801,-0.0008600998535471874,0.000590262873402421
2013-08-27,0.0003607543617571011,0.00019567852295048187,-0.00034290824696772584,-0.0006539348018618873,-0.00021992580160428744,0.0006470233287953573,0.0005286431948694249,-0.00025384132941196763,-0.0007988763803430388,0.000538493841149422
2013-08-28,0.0002838817740495846,0.0002503939185340559,-0.00020837165062262582,-0.0007046876649717589,-0.00040006922947450306,0.0007171275377055447,0.0006338359806613778,-0.0002720239402411659,-0.0008495674165984665,0.0005489639742891489
2013-08-29,0.000256670274501172,0.00021803933680260865,-0.00014592872083423955,-0.0007371653887982611,-0.00031386898965111813,0.0006598392323278225,0.0006393102182348891,-0.0002813021738933309,-0.0008857812707167428,0.0005902995638014941
2013-08-30,0.0003707903505152026,0.00014481205719396898,-0.00020974633722565562,-0.0007262878428512466,-0.00036007672107068144,0.0006799114663905495,0.0007552279255334665,-0.00033431714565605036,-0.0009647483893765116,0.000647042859741119
2013-09-03,0.00033398597808299293,0.00014557524005604297,-0.0002211715599875,-0.0006193207829214443,-0.00038997853225941626,0.0006681685479451444,0.0007386533879696587,-0.0003317193780669643,-0.0010191111928532642,0.000695143141985384
2013-09-04,0.0004605826136621318,0.00016252306510914803,-0.0003838019022488568,-0.0007166602024836054,-0.00030652641667582026,0.000702386773396152,0.0007313598300424107,-0.00031521549174464217,-0.0009918291731778536,0.0006579591578923794
2013-09-05,0.0005232426279658111,0.00018508522971811636,-0.0004946121297705814,-0.0007468569052412003,-0.0003182168702870764,0.000858039803359599,0.0006920050277211161,-0.0003861758276024682,-0.0009664934420323332,0.0006540555795504638
2013-09-06,0.0004794641813861215,0.00016854421625722704,-0.0004039084383649855,-0.0007893197438899116,-0.0002304038472421919,0.0007842840779499934,0.0006320223517566337,-0.00031368848235348995,-0.0009902866570702176,0.0006616855362071225
2013-09-09,0.0004916692959477071,0.00013168033063177474,-0.00045330092203875526,-0.0006106238551021066,-0.0002699915883877142,0.000621762773466629,0.0006840670811879106,-0.0002866961858351835,-0.0008915885501674381,0.0005828383901059012
2013-09-10,0.0005239783623979078,8.649598121014402e-05,-0.000532314750251563,-0.00048817126691752793,-0.00027727778605231637,0.0006844613181564083,0.0006120424856997583,-0.00033651031786595745,-0.0008760857021803195,0.0006036590867605288
2013-09-11,0.00045481183419946206,0.0001844700434886536,-0.0005186124870404051,-0.0005035272213759386,-0.0002817589024157324,0.0005892224252502208,0.0005438287474407826,-0.0001273567000703961,-0.0009145132252866492,0.0005731347556948013
2013-09-12,0.0004893584949186339,1.2544179584945107e-05,-0.00030217056549441436,-0.0006059258856788742,-0.00029837866377674903,0.0006536254332995366,0.0005971666618428927,-0.00018277593666908912,-0.0009771160878879054,0.000609947117884431
2013-09-13,0.0004601140009011378,-4.538654785362408e-06,-0.00029740324303144904,-0.0005658230444114537,-0.00023172056034528876,0.0006552700451166946,0.0005185367086684815,-0.00024700495120544286,-0.0009348248118178082,0.0006487494750873068
2013-09-16,0.000369737986690356,0.00011632418983024479,-0.00019053519269755792,-0.0006042135143366576,-0.00042903580682178075,0.0006369633884700729,0.0005427809871237747,-9.250338786747844e-05,-0.0008836013149160493,0.0005332158888095573
2013-09-17,0.0002715477955474781,0.0001675835709133375,-0.00016242166763750523,-0.0005885763150604716,-0.0003827189074465864,0.0005673278595267339,0.0006322110539818543,-0.0001383785479895476,-0.0010192974762939302,0.0006528752813337521
2013-09-18,8.509181523211162e-05,0.00014061943435205224,3.7851925537497107e-06,-0.00033128208499791714,-0.0003461514714984048,0.0002952994951432395,0.0003926492173462019,7.711558597715829e-05,-0.0008108612154619499,0.0004935625283621625
2013-09-19,0.000185468531432312,0.00012309397709648744,-6.176466049253454e-05,-0.00042301540720575924,-0.000378807112169836,0.0004039663902112474,0.0005158806651867839,-3.67918323538087e-05,-0.000891927312819514,0.0005645635672376012
2013-09-20,0.00011186326338013431,0.00024563193982407366,-4.32345553971578e-05,-0.0005011788361501471,-0.00044366145806393024,0.0004800472573926358,0.0005379120426889338,-5.169418755694016e-05,-0.0008761155166403661,0.0005403018060668383
2013-09-23,0.0001519678088383554,0.0002039708771825969,-0.00015052953014854046,-0.00034750121746033626,-0.0004381645351196461,0.0004668850858763063,0.0004835076128712687,-4.6360804286070534e-05,-0.0008846560748247204,0.0005610820324887245
2013-09-24,0.00013934355595936017,0.00019226908232106371,-0.00014927633933164552,-0.0002897540346810789,-0.0004024652049930662,0.0003684494606297443,0.00042393106823553073,2.818111356597125e-05,-0.0008429609480786471,0.0005341976289529385
2013-09-25,0.00012404599918854382,0.00017135587940094116,-0.00016779332083217014,-0.00016605594397179398,-0.0004103961602823277,0.00030937774111949867,0.0003816214352667241,7.488171142814443e-05,-0.0008023812440980174,0.0004847862320450716
2013-09-26,0.00017432617281673514,0.00018088927332943384,-0.00013192464411610426,-0.00035091697031360697,-0.00038787232910099476,0.000305397542218493,0.0005014378082987096,3.197597297209184e-05,-0.0008015264018042395,0.00047906009791542914
2013-09-27,0.0002047175751898786,6.504560720960829e-05,-5.567028970714181e-05,-0.000240555962657164,-0.0004927374403664942,0.00027899739244839107,0.00048846112195065,9.16092701175944e-05,-0.0007724363904203085,0.00043179671626067395
2013-09-30,9.332061775271395e-05,0.00011025229378258742,-2.3649249510203883e-05,-0.00021475941140166547,-0.0004427146339698318,0.00027963094288653567,0.0005040369474684572,5.786345815869676e-06,-0.0007996192338007441,0.00048514840493685263
2013-10-01,0.00013006288013750058,0.00011896333011931077,-6.403147447866554e-05,-0.0003304032064993254,-0.00031054915042402244,0.00035177554218767185,0.0004500322602662629,-5.872219071338669e-05,-0.0008447121113953834,0.0005582763029648025
2013-10-02,3.131668088171224e-05,0.00017330950009989202,8.177423476290048e-05,-0.00034972194794818294,-0.000442701629346366,0.0003045324303254694,0.0005223058480206717,-7.402807144989837e-06,-0.0008190380861707036,0.0005056425400650905
2013-10-03,1.835480190934361e-05,8.972469362608258e-05,4.87391889197632e-05,-0.00010850715430461583,-0.00045402111934525306,0.0002375766631290844,0.00046241067924847334,1.438119679722863e-05,-0.0008880916373848607,0.0005797579419771492
2013-10-04,0.00015962905551498817,5.820958591138092e-05,-8.028430133764095e-06,-0.0003495560449948169,-0.000313736301229741,0.000263013823275619,0.0005620161383195557,-5.720148517153814e-05,-0.0008922021510880049,0.0005783414648974153
2013-10-07,7.737518361016009e-05,0.00014348279377176143,-6.619393602777502e-05,-0.0001311615115224922,-0.00046633680950441785,0.00023116910081118734,0.0004569944142329141,7.183411287446304e-05,-0.0008004634329766766,0.0004854020031937953
2013-10-08,1.209452306694201e-05,0.00016926090729075627,-5.304024205146857e-05,-0.00012699939480392657,-0.0003564626696977626,0.00017494524646743774,0.00044497027015943935,2.33757340270431e-05,-0.0008162464945115216,0.0005290387449195036
2013-10-09,8.760414259492569e-05,0.000153792777194396,4.352001578313393e-05,-0.0003248860730733095,-0.00046536707557236386,0.00021931081628158607,0.0005322437822434176,0.00013042263122892833,-0.000874356438519408,0.0004972089894905163
2013-10-10,0.00010133971497207177,0.00011213541821799905,5.9981051616950914e-05,-0.00038273251735013343,-0.0003704279038836463,0.0002399594871716794,0.0005829494154684332,2.341778543838574e-05,-0.0009290848505617358,0.0005618306833406542
2013-10-11,0.0002464702395956064,-3.119506535254491e-06,1.2940088502320403e-05,-0.00032918321057998773,-0.00045172405049836474,0.00022303043883454936,0.0005826290966294521,0.00011184611171111136,-0.0009184192395756338,0.0005248101784703502
2013-10-15,0.00010687437074145085,0.00028592906622474973,-0.00020014805925401623,-0.0003258914468190974,-0.00038753588549677795,0.00029279585132595265,0.0005824064485522515,2.0607677204003555e-05,-0.0009865125498161112,0.0006115629488318147
2013-10-16,0.00010668795854126638,0.00015133758248464936,1.7366024673527974e-05,-0.0003421334049653526,-0.00048566200848625205,0.000295348696051868,0.00059609083293298,5.3119208250365646e-05,-0.0010038846659628786,0.0006116614559324787
2013-10-17,-1.0152135028364609e-05,0.00018194245996496947,7.963974534512357e-05,-0.00020946246450555695,-0.0004964789088457936,0.00019136223536415052,0.0004926615859206646,0.0001334932066281297,-0.000902247582152918,0.0005394386416323754
2013-10-18,-4.5907401441784036e-05,0.00023484584905666408,1.3679772696582231e-05,-0.00020092650434389795,-0.0004016901986086006,0.0001793620861338125,0.0004874304125061617,4.614715574902811e-05,-0.0008397067983188997,0.0005272741485325902
2013-10-21,6.193225390192753e-05,0.00021238797361907953,-6.308023527955048e-05,-0.00026511820505548903,-0.00043125738174637496,0.000264042858728079,0.0005237297888997239,4.644094921905581e-05,-0.0008607439368120418,0.0005102336521092196
2013-10-22,1.1872678686218618e-05,0.00021399993707153092,-6.094492799699116e-05,-0.00017714076858877216,-0.0003819607670438067,0.00015816627617176553,0.00046994602754308473,9.438266777029442e-05,-0.0008123878862638031,0.00048360972940166697
2013-10-23,2.5401673549668117e-05,0.00019741250552409492,-1.8175823799834604e-05,-0.00025804673354208737,-0.000339188203364843,0.0002039496191819333,0.00042257392995720747,5.444818458650441e-05,-0.0007396331236412049,0.0004516931779305136
2013-10-24,-4.633797141477455e-05,0.00020711153632541448,5.88393386674014e-05,-0.000131711608532821,-0.0005486164473061132,0.00025213374059454736,0.00045113024347509176,7.363128015891798e-05,-0.0008098435687093203,0.0004938033446232684
2013-10-25,-1.5203457247821457e-05,0.00026294828213895797,-4.319869303433623e-05,-0.00017303642029042323,-0.00045226879625753346,0.000181761845311006,0.00038454067670445555,0.00019201607676127067,-0.0007535448451135088,0.0004153867751963275
2013-10-28,4.341658526219874e-06,0.0002744469701448797,-4.622691384343681e-05,-0.00019979813109861346,-0.0004971418636580431,0.00021240018759430962,0.0004007201534671906,0.0001967342774697317,-0.0007574221497246569,0.0004116694808880064
2013-10-29,-2.8234266733466668e-05,0.0002646605586812757,-1.7952518793878632e-05,-0.00021952797467965314,-0.00038818929658575394,0.00013727831673285458,0.00041392307441088724,0.00017585461434537972,-0.0007777710423701525,0.00043934854340167695
2013-10-30,-0.00010553639400543764,0.0003109291887289517,-4.1192045068345765e-05,-2.9962682264172806e-05,-0.0005241079550249942,0.00011040342189296524,0.0005017399203992301,9.168559023869233e-05,-0.0007890050925347183,0.0004752623055640434
2013-10-31,-5.100351272189547e-05,0.00028861444668133306,-3.525375221001201e-05,-0.00011930140598702269,-0.0005490887869942689,0.0001752227825612858,0.0005681901756473817,7.918036468432255e-05,-0.0009010071453960378,0.000542806483883107
2013-11-01,3.0906992112686633e-06,0.0003005563362159818,-0.00010730248151595047,-0.00015212551505739812,-0.000525893122317064,0.00017419629493827665,0.0006254083171109183,4.151925037769802e-05,-0.0009371378214279233,0.0005785694393864241
2013-11-04,7.222489487097861e-06,0.0003416509611088136,-0.00020362021862330485,-0.00015995276837385336,-0.00048116463210916977,0.0002584438363372292,0.0006033767690726902,-2.1225568985223237e-05,-0.0009405238242143274,0.0005960902120333289
2013-11-05,3.2738045289247e-05,0.00026997343314197006,-8.287316285728128e-05,-0.0001910347260850368,-0.0005905759818356521,0.0002760209283193468,0.0006732688876143235,3.943341344757323e-06,-0.000996919221887535,0.0006041445709757398
2013-11-06,-0.00010442345190751767,0.00029800408153417,5.547807964430599e-05,-0.00019690730300359668,-0.000504130139107788,0.0001315412528182843,0.0006174695001230461,7.666547157504297e-05,-0.0009688385987677989,0.0005956169549983098
2013-11-07,-0.0001287530523030034,0.0003005034919335585,0.00010757678818100968,-0.0001598685632292693,-0.0005979477580479913,0.00014058308195777358,0.000596343421995358,0.00012234319777106387,-0.0009359146292231973,0.0005551781212166582
2013-11-08,-6.57284578698574e-06,0.0002617906484187083,4.350391047911275e-05,-0.0002757350974094317,-0.0005501310653152547,0.0002003548259641632,0.0006921246256244469,1.2949119085274574e-05,-0.000995975161099824,0.0006182637062086271
2013-11-12,9.646896403910923e-05,0.00023162448612347973,-4.341169839694719e-05,-0.00034472810645196604,-0.0005701888182458575,0.000335608008988025,0.0007238290237423298,-3.065905118817061e-05,-0.0010366591122480256,0.0006381453648439672
2013-11-13,6.684640806903165e-06,0.00021263402431971872,5.974895108586814e-05,-0.0002607329172891553,-0.0005684749570882622,0.0002541146263257601,0.000671916680685513,-6.017196164925104e-06,-0.000971563543011339,0.0006018103355563964
2013-11-14,-7.464700992248845e-05,0.00020804806920893607,0.00018828652326388206,-0.00023267334407942736,-0.0006075962610390551,0.00015401384607109485,0.0007162694412934031,2.8865234711170085e-05,-0.0009786983917045092,0.0005982673975356706
2013-11-15,-5.753080115708379e-05,0.00019613707237252538,0.00012683520660492897,-0.00016561639072070486,-0.000584933859658238,0.00013764775157197942,0.0006960713833470099,2.801171386963494e-05,-0.0009994879868198206,0.0006232877202465847
2013-11-18,-1.8039840626092032e-05,0.00015074035283423092,0.00011552622801032277,-0.00010032996089812682,-0.0006412673171214481,0.0001191476983640697,0.000676445850215094,8.8001043696561e-05,-0.0009603350491648038,0.0005696829019464639
2013-11-19,-5.310180223637277e-05,0.0002012831887791477,0.00023262933325917182,-0.000360597427014258,-0.000582046234079394,0.0002357309236692591,0.0006907278647074154,2.0542943702444444e-05,-0.0010047538847693938,0.0006201694751800726
2013-11-20,-0.00011024382501913091,0.00031745327628196723,0.0001438145289973634,-0.00031101626908054854,-0.000618512150466378,0.00018149513842389414,0.0008097350496592548,-8.935348451238195e-06,-0.001046865176819331,0.0006431121254830002
2013-11-21,-0.00015360771456519396,0.00027448483496568966,0.00020237074779968817,-0.00014731852370710244,-0.0007480766104596649,0.00016671861352469258,0.000808711174831462,6.505052444798903e-06,-0.0011040609670329576,0.0006957039410649055
2013-11-22,-8.859135507201829e-05,0.00027152956810476154,0.00010278057410139968,-0.00012311237782201877,-0.0007013054119325646,8.505261543055587e-05,0.000825632511303652,4.263647878817445e-05,-0.0010457983451910846,0.0006296260512207649
2013-11-25,-0.00012660165024816668,0.0002558291762181934,0.00022646343244648887,-0.0002380241972167194,-0.0006724994394809924,0.00016653874788563616,0.000732403160139887,6.275903823256546e-05,-0.001034957894243696,0.000626807793970792
2013-11-26,-0.0001876589200514938,0.0003147702581375942,0.00022120295949024007,-0.00018579793914046128,-0.0006774626849553279,0.00011733017938973626,0.0007142318980501855,6.709984610888883e-05,-0.0010194487885514247,0.0006381408683977172
2013-11-27,-0.00018170700698853684,0.0003339187100680301,0.00025235559232823605,-0.0002710992632840598,-0.0007093476685423568,0.0001690824752269282,0.0007690326493086201,4.505467492697812e-05,-0.0010593898414516315,0.0006536515394341899
2013-11-29,-0.00022231515991943658,0.000375615112513472,0.0002627026622485651,-0.00031000199731633267,-0.0006837227718585245,0.00015108279026812207,0.0008292121470761839,-7.534563862186122e-06,-0.001008574077519489,0.0006136404313987348
2013-12-02,-0.00015415556333728806,0.0003684068601799233,0.00022411357685926062,-0.00034770994995350375,-0.0007565535482763125,0.00023077970856981433,0.0008546473813378051,1.4075506966616802e-05,-0.0010707711356580107,0.0006369826694909639
2013-12-03,-0.00012540766537019645,0.0003337879126723061,0.0002528256355425647,-0.000424703813513963,-0.0006713359858451298,0.00018040073830659711,0.0008247555572887533,8.075585937209959e-05,-0.0010611858656292758,0.0006094635828094719
2013-12-04,-0.00014776292199112316,0.0002997018674041137,0.00028719699009865495,-0.0003737299161297716,-0.0007145124709402751,0.00026019744046635804,0.0008706359926505501,-8.816321300800581e-05,-0.0010336746857119716,0.0006395997590698949
2013-12-05,-0.000520343175573405,0.0003031187913536558,0.0005885785110746867,4.728801836196249e-06,-0.0006578284115713968,-6.157180442679065e-05,0.0004937800305118006,4.9904520891604076e-05,-0.00048612453206033773,0.00028503150765329943
2013-12-06,-0.00047112231464271415,0.00030952086328847736,0.0005295818981053556,-0.00012604152641051795,-0.0005111101848733731,7.890680398889988e-06,0.00041531754628774953,4.969282036845074e-05,-0.0005249034329479554,0.0003208403831676185
2013-12-09,-0.00041881499679275033,0.0002667618597511096,0.0004980828791253623,-0.00013218120249769774,-0.000491426546274109,-2.6554419219710843e-05,0.0005163262180798225,-1.2494736520159144e-05,-0.0005327634417482199,0.00033291951951905374
2013-12-10,-0.00044834694966928274,0.00023425201856059437,0.0005793475449350884,-7.454479656217664e-05,-0.000530340322930734,-6.714648405042357e-05,0.0004152243198391366,8.782898030906816e-05,-0.0004765138155708032,0.0002808299600144115
2013-12-11,-0.00042717815039043866,0.00025867500346154213,0.0004928863982085053,-2.5965721030918754e-05,-0.0005709659525756205,2.0012971743541344e-05,0.00038039741563124577,6.302506085194975e-05,-0.000469234111728091,0.00027839889316516597
2013-12-12,-0.00031448944905343684,0.0001727784817129041,0.0004518897998331108,-5.446047676604341e-05,-0.0005846045001250948,7.668123070857756e-05,0.00046865848503899535,3.1747172679411073e-06,-0.0005800705105273724,0.0003605316180089191
2013-12-13,-0.00029723236375880013,0.00017326440974530085,0.0004291141889743561,-9.451909877222168e-05,-0.0005186993814392943,8.259238712176112e-05,0.00042189433122213557,1.7394511274231722e-05,-0.0005521682473707684,0.0003383418493935128
2013-12-16,-0.0002808344634625383,0.00019581029839975742,0.00035817949375346447,-6.827714963392097e-05,-0.0005069865007832908,5.428906225819763e-05,0.00045515018701521373,5.926751093284638e-06,-0.0005373625568494966,0.00032385815224846015
2013-12-17,-0.0003318935834743567,0.00016183779198334866,0.00046332286448369855,2.3334618355816926e-05,-0.0006317414372731924,6.026211310559797e-05,0.0004366945295160053,2.3737902641957076e-05,-0.0005268532316329566,0.00032131516640829944
2013-12-18,-0.00038709677692959224,0.00027277647884675887,0.0004553022914433537,-6.043690143225878e-05,-0.0006880866326829417,0.00018642186150898653,0.0004863349771468649,-5.361947523413457e-05,-0.0005798992651788945,0.00036837757121665343
2013-12-19,-0.0002808450989356591,0.0002602932294387965,0.0003425514367468331,-0.00015679419551034232,-0.0006573023533273754,0.00026774246890889225,0.0006559396932767497,-0.0001971443147096262,-0.0007213576061691693,0.00048688140465190377
2013-12-20,-0.00011577122450832824,0.00022242258348552412,0.00015955324024244117,-0.00025835207302526107,-0.0005428020845925294,0.00047021815288932414,0.0005782927002029835,-0.0003147180648104403,-0.0006631868843572988,0.0004631813721950803
2013-12-23,-0.00011800439756692383,0.00020265733797771197,0.00020152844123964755,-0.00029677381726948447,-0.0004563948523054924,0.00034156814490873474,0.0005834067272184502,-0.0002434004282377729,-0.0007134774003094285,0.0004995158398126073
2013-12-24,-9.407958483372437e-05,0.00021393700302240175,0.00017611277324379665,-0.000420792720848676,-0.00038754511511879773,0.00042598443821392426,0.0006460011164605151,-0.00036616095271377325,-0.0006979159449361297,0.000504924917156542
2013-12-26,-4.4571225764928864e-05,0.00020956178889789756,-6.477915982248776e-06,-0.0001773665193737688,-0.0004552386142610519,0.0004024366871103434,0.0005716212274820553,-0.00031028411859113786,-0.0006413343129384047,0.00045107565502096325
2013-12-27,-7.556761827018528e-05,0.0002430119630396387,1.4841991532932178e-05,-0.00019358745857665262,-0.0004936275902687019,0.0004361825539802751,0.0005801327279916987,-0.0003162587952115735,-0.0006754785933753213,0.00048078824023078254
2013-12-30,-0.0001802436424934988,0.00027769051863280763,0.00011849254941133413,-0.00018329811035504686,-0.0005073627612572143,0.0004169550800516564,0.0005117107247748359,-0.0002475288415343113,-0.000681460719663414,0.0004742274360556367
2013-12-31,-0.0001711485148230983,0.00029801846268603764,0.0001402158304370806,-0.0003130416732216499,-0.0005226685216553626,0.000520824873098142,0.0005751248489164335,-0.0003073534266768742,-0.0007053773941951211,0.00048433340963792426
2014-01-02,-0.00013530827178425016,0.00022016189345568397,0.00015382951563161756,-0.00016730879167748498,-0.0006130093756266794,0.0004707648557439256,0.0005327017853173875,-0.00026295436913508635,-0.0006620356810707884,0.0004636750960976474
2014-01-03,-0.00011731263314591238,0.00027797327265421555,2.2839969732269937e-05,-0.00018664572494566604,-0.00045068050399546186,0.0003775709440959653,0.0005011652267127333,-0.00023492620589982138,-0.0006332601812632163,0.0004440579602521949
2014-01-06,-0.00013647114237234058,0.0002428677449928272,7.070039257599356e-05,-0.00013339454832746178,-0.00046525460763829646,0.00034335662401589057,0.000429110262347928,-0.00016235952495557288,-0.0005994559673783983,0.00041204839848330704
2014-01-07,-0.0001663827172557146,0.00026265980050730936,0.00012171678598509083,-0.00023186060510890522,-0.00034714369028770314,0.0002604810111007799,0.00044390948854119636,-0.00015790132304015908,-0.0005731429248920158,0.00038769171315775064
2014-01-08,-9.049700856015707e-06,0.0002272262665697723,-7.03734155508371e-05,-0.0003464988552808138,-0.00019836983125764464,0.00038834268119884024,0.0004576762112502783,-0.00028416909635580953,-0.000607551626976191,0.00044330650475320893
2014-01-09,5.853195044586932e-05,0.00012959208508961644,-5.271961292734918e-05,-0.0002736353761811118,-0.0002799989309983271,0.00037581534631470764,0.0004929861053102058,-0.00023214929055973693,-0.0007150419083924303,0.0004965433777546907
2014-01-10,-2.9923586115791594e-05,0.00010168801967101618,8.629814367999374e-05,-0.00016588184737811743,-0.0003524089982581361,0.000300782905605923,0.00036409998431172555,-8.821379733579826e-05,-0.000655680161850053,0.00043936514715374464
2014-01-13,-0.00013928101198285074,0.00019163004515490546,8.612254742556137e-05,-1.9021640796827635e-05,-0.0004446291120830514,0.0002196359839172629,0.00035348975975280084,-6.259209359900028e-05,-0.0005340592433269314,0.000348655695391914
2014-01-14,-3.356481273136873e-05,0.00016908214138006215,7.395502743989335e-06,-0.00020279810662788894,-0.000317538233542484,0.00032306392239724036,0.0003960072277260987,-0.00013510228260711632,-0.000659043145251989,0.0004535701863264477
2014-01-15,-3.137407267960753e-05,0.00012062688839354653,7.798631133525266e-05,-0.00023369713263269535,-0.00029777042958375327,0.00032177852899923157,0.00041457164605839675,-0.00017131501335412164,-0.0006840123810369358,0.0004837578420949992
2014-01-16,-1.8314064669984118e-05,0.0002300949775767159,-0.00010847390452863406,-0.00018343989727604478,-0.0002936383800672439,0.0003346977206790565,0.0004093678923722255,-0.0002077476658880334,-0.0005987108001863986,0.00043824572393135613
2014-01-17,-2.2392519005603236e-06,0.00018217408155348793,-9.563695562958747e-05,-0.00018380772981045884,-0.00023917629387366218,0.0003447625083544646,0.0003391697073988238,-0.0001741899252526817,-0.0005929329185784607,0.000422291041026146
2014-01-21,-1.4090148217011658e-05,0.00021818595714831641,-4.25352759731146e-05,-0.0003331264179678656,-0.00023628115042378418,0.0004330741591853475,0.0003551807988010115,-0.00020155436424444326,-0.0005818564536255247,0.00040300799925092196
2014-01-22,8.293306558288075e-05,0.00022943537004919252,-0.0002696087368119773,-0.0002375782892862048,-0.00023154427861055496,0.00048785190471124784,0.00043258705105528317,-0.00035761254129498474,-0.0005574294331612481,0.0004213330073584362
2014-01-23,2.231389894862809e-05,9.2205792531464e-05,-7.526321853534596e-07,-0.00018107131362155417,-0.00030045632265968125,0.0003816898591420016,0.0003703282139162038,-0.00023316246118570277,-0.0005694719231402259,0.0004188302768499616
2014-01-24,-6.06831056662028e-05,0.00015583560954773618,4.3573565007789345e-05,-0.00021518455939241888,-0.0002512716160010236,0.0003279252820494929,0.0003626673646031746,-0.0002146760935847654,-0.0005584672021706205,0.00041048402648956317
2014-01-27,-2.322724869658222e-05,0.00020076661458227527,-9.524754479793866e-06,-0.0002973712510675637,-0.00028264387447856244,0.0003951694029135887,0.000456371931947145,-0.0002750369943768545,-0.0005953937686097588,0.0004313197833495097
2014-01-28,-3.5017434155259846e-05,0.00018551142794386846,-2.186438851263235e-05,-0.00018000817840215346,-0.0003233107498849634,0.0003295100669447968,0.00043099463122129797,-0.00019896073064492106,-0.0005868952567913768,0.00039859198504839377
2014-01-29,-0.0001236357766201378,0.00021962716497241075,6.897837124963274e-05,-0.0001529802575243296,-0.0003569885791078545,0.00022540227127128103,0.0004709132664054948,-0.00016954204016026916,-0.0005605803037127474,0.0003786033936027111
2014-01-30,-0.00014164116734426902,0.00026985493410132497,5.72355056453807e-05,-0.0001784483567331234,-0.00037885945098880235,0.0002638320349093448,0.0005278943519421743,-0.00026461077179600057,-0.000525777639831658,0.0003708803643126049
2014-01-31,-0.00020030625595136698,0.00025764619456696946,0.00013151975630857574,-0.00015651710731771082,-0.0003408177603526552,0.00015574688575934435,0.0004973359372944311,-0.00016332756796414924,-0.0005349990231144769,0.0003523951298907632
2014-02-03,-0.00019184978252029684,0.00019210323600997014,0.0002705949715524818,-0.00024872284578213253,-0.00038523556883829444,0.00022790568662283892,0.0004918910066597816,-0.00017389152713683312,-0.0005446758504081411,0.00036100513192761224
2014-02-04,-0.00015430752661819394,0.00012901431233622784,0.00030179709319619915,-0.0002403027699936799,-0.0004065942142473999,0.00024567842525219374,0.0004584179893083462,-0.00016329219004409395,-0.0005213163668597934,0.00035086326016914304
2014-02-05,-0.00011369428511901522,9.008104122031828e-05,0.0002775817377153667,-0.00020380722052877392,-0.0004548285389787141,0.00030513805561721563,0.00046319280925501485,-0.00019751784625141738,-0.0005355574378338446,0.0003695370044972668
2014-02-06,-0.00012445078789802516,0.0001432287668946755,0.00027119230305242556,-0.0002907968774158226,-0.00038784963294134344,0.0002358955818303251,0.0004920835467670283,-0.00015053696325026053,-0.0005181373769806638,0.000328836133791012
2014-02-07,-0.00016114422700609329,0.00019404311557616395,0.0002628856729408062,-0.00031908492755791055,-0.0003244714506686732,0.00014934209476731575,0.00048322892135237855,-2.3927022513713092e-05,-0.0006612478601460761,0.00039948145156396
2014-02-10,-0.00025423148935172434,0.0002812480863902669,0.00022086903279613912,-0.00019015878845758975,-0.0004006022954625779,0.00019438838211892004,0.00046093146451112177,-0.00010130999498368654,-0.0006526209368312302,0.00044599165579667366
2014-02-11,-0.00026333145062668376,0.0003649803500262699,0.00012841430068928,-0.00021972671838632607,-0.0003648132736642209,0.0002230652021643978,0.00047901212517607525,-0.00014414406441358094,-0.0006441239640511479,0.00044101244935223355
2014-02-12,-0.00016994093119149744,0.0003199473216784613,0.00011055677336320653,-0.0003651512535691971,-0.000312809579255815,0.00033733849686858573,0.00042442478701130645,-0.00012376891952196878,-0.0007068869207570577,0.000488501797402556
2014-02-13,-0.000280142728047026,0.0003286964591326767,0.0002706694529413321,-0.0003748332920605452,-0.00028786840932193327,0.00017549916461824001,0.00047719969575681087,-4.2854631469958077e-05,-0.0007411049326043889,0.0004741511689763528
2014-02-14,-0.0002538795084608503,0.00033481833276370826,0.00023649811827830872,-0.0003846803457762814,-0.00026158740635659743,0.00021588469106454886,0.00038027067845684825,-3.685413793371589e-05,-0.0006821377211763541,0.0004558401981744342
2014-02-18,-0.0002355088314499674,0.0002469179839739345,0.00030175284276977017,-0.00031637273696612537,-0.00038146011815685856,0.00027700027982440964,0.00043931233732866226,-0.00012545132436642473,-0.0006283408537438723,0.0004223170903375484
2014-02-19,-0.00016632358930570798,0.00029174988901938307,0.00010516066314760993,-0.0002731987355175129,-0.00037750127807991037,0.0003386556660109029,0.00048320756668233586,-0.00018968821588811677,-0.0006856061779516309,0.0004737982495128107
2014-02-20,-0.00014420317679303787,0.00025001810931121326,0.00015854431611775463,-0.0003606986748113704,-0.0003447381690500021,0.00040841562918703805,0.0004470608273990581,-0.00020259550087211795,-0.0007103679480330999,0.000498932048557249
2014-02-21,-0.0001345388304378074,0.00026061954122925826,0.0001752417399219872,-0.00042100076786473137,-0.0003753574925947625,0.0004385052085800461,0.0005287561409212209,-0.0002635612007283322,-0.0006778577962110663,0.00046912951374428885
2014-02-24,-0.00010131050727099264,0.00027199986068748426,5.011463137841892e-05,-0.00029712524905587887,-0.00038245852419328645,0.00040253178228660466,0.00048505917762459855,-0.00020470948011924728,-0.0006940677845511806,0.0004694213781368528
2014-02-25,-0.00012385219190158862,0.0002652199743910505,8.065219613296996e-05,-0.0002807682594382025,-0.0003799453557586678,0.00034742708666237604,0.0005224254630277203,-0.00020202564672351306,-0.000714600090219529,0.0004851630595715875
2014-02-26,-0.00017216149379795792,0.00025369755169965937,0.00013248122918195645,-0.0002344734955518537,-0.0003698845272604636,0.0003299894430143918,0.00043787990735347226,-0.00016982222006484485,-0.0006946709419880653,0.0004872297036636608
2014-02-27,-0.00014179146227201298,0.0002386287001600769,0.00015383939267138978,-0.0002639287034230213,-0.0003916405967500326,0.00028666908203735415,0.0004794270193213407,-0.0001408143859107716,-0.0006963125158004208,0.0004766410596453788
2014-02-28,-0.00015296555594574433,0.00024373288630832066,0.00017837683342468717,-0.00033483234834126834,-0.00038044599761040496,0.00035151932199562787,0.0005170918115754812,-0.000199929935839456,-0.0007081274769595372,0.0004866522505816498
2014-03-03,-0.00018272864375096763,0.00023484847059488778,0.00021965573392221187,-0.00027740220908407335,-0.00040730810509083653,0.00030960611638379716,0.0004847774103864076,-0.00017602100732704018,-0.0006237182119237447,0.0004176516742677161
2014-03-04,-0.00013575727803800573,0.00025376950379453554,0.0001660220095918623,-0.0004105396818138759,-0.00032745297576114874,0.00037583026852852815,0.0005483874957120695,-0.0002495689698819997,-0.0007127216694141833,0.0004916292555752558
2014-03-05,-0.0001545649924460708,0.000254145644002285,0.00019836624678509383,-0.00043377763431119536,-0.00032390524648442855,0.0004041420386983914,0.00048333462999025287,-0.00021648032902391728,-0.0006990309148303328,0.0004926016968030411
2014-03-06,-0.00011982636503842198,0.00022971804530788392,7.378619674037264e-05,-0.0002025550344662893,-0.00038523030097792517,0.00034503764303486784,0.0004844144790161521,-0.00023297051140236044,-0.0007005933668750644,0.0005091388830214122
2014-03-07,-2.765408524714138e-05,0.0002608789015118142,-4.18848307531805e-06,-0.00045419420922052827,-0.00026239341963301376,0.0005192969937055508,0.0004979274792884202,-0.00032463415980292856,-0.0007254450060916115,0.0005193591649121851
2014-03-10,-1.2404753181053806e-05,0.0002576689196773788,-3.2186226730957597e-05,-0.0004990526747327218,-0.00020106061564690442,0.0005102922873135678,0.0005088927108647459,-0.00031571199032292413,-0.0007320189448390829,0.0005156392108650043
2014-03-11,-4.1686899226825685e-05,0.0002306950259123305,4.8747764897611855e-05,-0.0004941856450216024,-0.00016779131358633619,0.00039878243979293154,0.0005424175194238823,-0.0003341708980382947,-0.0006783750554794216,0.0004958812476486274
2014-03-12,-1.4063926032481088e-05,0.0002447365749941307,-4.32711019860445e-05,-0.0004439139605408992,-0.00014103260447623656,0.00038783833213079655,0.00045238199243193,-0.00023148915831832859,-0.0006994364215339444,0.00048819820630049277
2014-03-13,-8.804140591962102e-05,0.0002387201630037549,6.852277473897643e-05,-0.0004540217914475249,-0.00012840189291239788,0.00034500353078729604,0.0004797988989380178,-0.0002619054242814535,-0.0007317650567807352,0.0005322897070983365
2014-03-14,-2.3899994971389102e-05,0.0002449227888397964,-8.131099050630525e-06,-0.0004038691782383792,-0.0002801910709255137,0.000467331047827875,0.0004862802866150949,-0.00027369623695340864,-0.0007147322930610087,0.0005092428878418903
2014-03-17,2.1877088815898762e-05,0.0001758563237397485,-1.1579638960972083e-05,-0.0003843080708122444,-0.00023600720393850312,0.00039105256460128177,0.0005361311122033634,-0.00026914609977635867,-0.000759676583090306,0.0005359673947950422
2014-03-18,-3.314082330129549e-05,0.0001484943168227695,0.00010607327192863189,-0.000407645769134231,-0.00022779481965770274,0.0004192333684729845,0.0004589713998296545,-0.00026796404794032433,-0.000726461289825793,0.0005308308951398888
2014-03-19,0.00022078513934360635,0.00019858779751193807,-0.00032577896345932587,-0.0005325093680645663,-0.00012944213868889415,0.0007220964891700293,0.0004943514566300572,-0.0004676085150218459,-0.0007485797092477084,0.0005695744157675278
2014-03-20,0.0001887485288111886,0.0002257374247506929,-0.00031449171978218185,-0.0005485144990437073,-4.592808244601246e-05,0.0006253539381321539,0.0005077342513909767,-0.0004432994752287117,-0.0007714514350885687,0.0005758466508694049
2014-03-21,0.0002651432406495152,0.00016133049181555573,-0.0003353710557583338,-0.00061115818680209,5.8325230483987495e-06,0.0006725197836214038,0.0005662456754012973,-0.0005437821980686479,-0.0008178853008693129,0.0006375564876622414
2014-03-24,0.00032998629292888405,0.00016103898249053659,-0.00043400989092025636,-0.0006139321377610371,-2.4600590955209736e-05,0.0007896204338847211,0.0005727932916379623,-0.0006078134484066855,-0.0008218611552233829,0.000652142371149099
2014-03-25,0.00029537173757616703,0.00022671804973570144,-0.0004709994975275974,-0.0005647234645773103,-9.467059077795416e-05,0.0007787201099864888,0.000626501024878226,-0.000593960135460276,-0.0008744585521247294,0.0006721329530016557
2014-03-26,0.0002778603822497415,0.00016867773332861907,-0.0004297766580832337,-0.0004851266792397597,-3.1241724322986567e-05,0.0006200666665932345,0.0005886502223398683,-0.0005385877846380213,-0.0007857726324263931,0.0006166407291560635
2014-03-27,0.0003243113226537851,0.0001527320689951524,-0.00043424493970130296,-0.0005648755467947044,-7.644252440335356e-06,0.0006374095417757755,0.0006123212656465662,-0.0005030571575798462,-0.0008559267225696568,0.000639349662320432
2014-03-28,0.00033190101695744386,0.00014420262561291853,-0.0003815345453300912,-0.0007017850202429435,6.64647915067304e-05,0.0006699510669426825,0.0006612695170732825,-0.000597428968387468,-0.0008497530966762798,0.0006571412768757792
2014-03-31,0.00027793289135651686,0.0001679172722223747,-0.0003413220842377286,-0.0006394361491151414,-3.781248265802631e-05,0.0007221808439870359,0.0006353986330480607,-0.0006177795887468904,-0.0007787364919307135,0.0006119102237892721
2014-04-01,0.000274979099945652,0.0001488775681708392,-0.0002929427700685853,-0.000654718473130895,-1.132598556988565e-05,0.0006536366658031895,0.0005982193686839693,-0.0005226507244915114,-0.0007765394457609764,0.0005823220026205389
2014-04-02,0.0002735601975322172,0.0002580488770970486,-0.0004346549616964766,-0.0006120284559305769,-0.0001049598374498438,0.0007212732244036013,0.0007158820456290502,-0.0006160034836693411,-0.0008058471785250682,0.0006040775662642175
2014-04-03,0.0003427044150629768,0.00021608382454391768,-0.0004917040150693808,-0.0006790069122945821,3.415287449949796e-05,0.0006917267801413683,0.0007224323032816136,-0.0006626800623467169,-0.000762405743486877,0.0005885055181112375
2014-04-04,0.00025542300549854597,0.00015403882041166743,-0.00034767418200907303,-0.0005571292973081815,1.4185337837915521e-05,0.0005975060362854341,0.0006392029677349947,-0.0005966606192461116,-0.0007961092065234404,0.0006379336461467822
2014-04-07,0.00018729506062693948,0.0002261759841278001,-0.00030675091945952756,-0.0006153134763007256,2.2470657911496245e-05,0.0005784841665290516,0.0006508397722181682,-0.0005720697758355917,-0.000791694032723611,0.0006209181153541479
2014-04-08,0.00022255358314166328,0.00023486825102014494,-0.00032894448763015204,-0.0007396457514432979,0.00013747287578322158,0.0006011889788909187,0.0005601435078918596,-0.000497756671592478,-0.0007595301213590977,0.000568985892796442
2014-04-09,0.00024103813983854635,0.00015864794691659075,-0.00025518224583657816,-0.0007355770615625565,0.00014117666270213602,0.0005600418910877147,0.0005530800015058311,-0.00047681290424067546,-0.0007695228015721298,0.0005814262763697356
2014-04-10,0.0001863483145790955,0.00023057080177727016,-0.00032191777955065267,-0.0005652273496042949,4.604518609267923e-05,0.0004812402512719017,0.0005082086581536423,-0.00033848073041471693,-0.0008226197455845352,0.000596447170537931
2014-04-11,0.00018800657153373392,0.0002318837897427368,-0.00031745661172590087,-0.00054437800180127,-9.998561375776371e-06,0.0004749647868950088,0.0005462079013387779,-0.0003488183314933266,-0.0007402933078134791,0.0005196660763621061
2014-04-14,0.0001721825658552335,0.00021153369828746623,-0.0002538979743232179,-0.00062823611030238,5.4238822009246984e-05,0.0005563939225973306,0.0004859280227736615,-0.0004107112392404931,-0.0007407188728900671,0.0005537490244597668
2014-04-15,0.0002619874833180807,0.00012136783002945103,-0.0002599198052026946,-0.0006415491140516374,3.101110666088071e-05,0.0006258966721068189,0.00047178910039514035,-0.0003971612639269012,-0.0008054953579052226,0.0005918398824255808
2014-04-16,-0.00025476922545549944,0.00021251347333536066,0.0003299201375531356,-0.0003862265825726589,-7.71098744235723e-05,0.0001185369441219393,0.0002351826460064918,-6.250138054059509e-05,-0.00034859749344837154,0.00023424300226403127
2014-04-17,-0.00024996307426332565,0.00025243336232573174,0.00024209613205177318,-0.00030501024752637926,-0.00018185416651128085,0.00017084987781500194,0.000369888015162724,-0.000175047840315707,-0.00042061995871238433,0.0002974131666953622
2014-04-21,-0.00025538061974303064,0.000284783573556161,0.00022866727540441487,-0.0003643632784463809,-0.00012431835456060657,0.00012495755220086682,0.000410537060154776,-0.00015198377582415976,-0.0004302825424671586,0.0002725047722426169
2014-04-22,-0.00024073751367029123,0.00030699637792673843,0.0001251668587967542,-0.00027216859477738505,-0.00014081529170689375,0.0001734509623073921,0.00033330549451476496,-0.00014267266697128717,-0.00046072034151694446,0.00031798627905309934
2014-04-23,-0.00027658945981616436,0.00028633786711082553,0.00023392233864964816,-0.00031124383971449596,-0.0001382007985735699,0.0001319620752962894,0.00032250923260399716,-0.0001324313960236051,-0.0004436684720409839,0.0003289360537509292
2014-04-24,-0.00025723287796063776,0.00028725572200813756,0.00020083190734259326,-0.0003006917558935002,-0.00016943160769842744,0.00015240040340113586,0.00042727203261181887,-0.00021794588871655932,-0.0004322868099533514,0.0003104763976539762
2014-04-25,-0.0001965225134911756,0.00017567211183569818,0.00024071257360202972,-0.0002743940500347791,-0.00017749751315783782,0.00012628449056960311,0.000438785381056999,-0.0001940472952209754,-0.0004655976225058575,0.0003259124348549622
2014-04-28,-0.00022252895816925444,0.00026231533105615314,0.00013828033998706342,-0.00018767481472345155,-0.00021849443784885056,0.0001282641721688932,0.0003988857894899056,-0.00017330234247268234,-0.00039869974468868113,0.0002726963677683811
2014-04-29,-0.00026675355608011956,0.00028440949000119013,0.0002132996597466743,-0.0002558603649943205,-0.00019675934729981512,0.0001558250991738168,0.0003298265406012392,-0.0001543405325728775,-0.0003615960904162982,0.00025177619645660315
2014-04-30,-0.0002852167145110641,0.00024139374119664465,0.000292397492218161,-0.00021372389136364335,-0.00025865967316470936,8.365984551489056e-05,0.00038136545683719464,-0.00011909562475463653,-0.0003676459012576863,0.0002453717065886013
2014-05-01,-0.0002598971454636386,0.00026218468503139776,0.00022256475299814015,-0.00022644925283681495,-0.00019997390185531178,6.66022881211821e-05,0.0003503359387656037,-6.948599809556213e-05,-0.00040243815604588257,0.0002562603743170022
2014-05-02,-0.00023480428184319955,0.0002919146990876802,0.00012920056627148478,-0.00030099275806804923,-5.311688054334893e-05,0.00013069018784524905,0.00032336142401584445,-0.00018063550147354862,-0.00042332287141259514,0.0003184934158978192
2014-05-05,-0.0002034295113002164,0.0002261818377315433,0.00016244504489606646,-0.00028437177897542177,-5.9743305531602744e-05,7.826842654313701e-05,0.00033100015145041267,-0.0001253546549929048,-0.0003973250922161345,0.00027233687744621093
2014-05-06,-0.00014299273242665734,0.00024350821617180726,2.740011673408823e-05,-0.00034298327730991705,0.00010648622616485359,0.0001229783851280017,0.0002420992436543562,-0.00014641403030879463,-0.0004121180998663612,0.00030237864012250953
2014-05-07,-0.00021767209312162377,0.000250767667751619,0.00014876911696771642,-0.0003184588459064939,5.100038025826134e-05,3.0009121213307732e-05,0.0001958219191357767,3.997243874966777e-05,-0.0005628661625126062,0.0003829660133362611
2014-05-08,-0.00024496951024402617,0.00025427581956728046,0.0002053566372941459,-0.00028286259474289387,-6.272377169121157e-05,5.321647415667402e-05,0.0001936552017100246,3.294477245284477e-05,-0.00040635352626303134,0.00025639082288933523
2014-05-09,-0.0002569299323221782,0.0002541861805874739,0.0002179598218214567,-0.000270694766523907,-6.543496001707241e-05,1.5033192435301435e-05,0.00022716726782951585,3.737056397589908e-05,-0.00044993789946966983,0.0002915538871308687
2014-05-12,-0.00023746231298993483,0.0002842395322892069,0.00014011000214496458,-0.00022553079376905032,-0.00011976252310218205,9.827994215792432e-05,0.00022286667129510843,-9.82233993428866e-07,-0.00046108640229969994,0.00029910165427766977
2014-05-13,-0.00029023453257363336,0.0002591070100816319,0.000276846947148805,-0.00026067878440376403,-0.00014201171206246373,3.213502734852186e-05,0.00023502804962013957,4.336162704577859e-05,-0.0004110918605359365,0.00025780978466140997
2014-05-14,-0.0002862773000021171,0.0002457607544968937,0.0002698404884026774,-0.00016782881259980132,-0.00021422125204976009,-5.770495646047202e-06,0.0002475972851107497,7.175254914167442e-05,-0.00041075361361902346,0.00024991879876502116
2014-05-15,-0.0002550459991857781,0.0002670760828552619,0.00019423364808058338,-0.0001884521363935388,-0.00016028455320866997,7.645543396181051e-05,0.00010950341953623252,8.929336895404857e-05,-0.00038423773133431857,0.0002524141479471956
2014-05-16,-0.00028339926693022097,0.0002694105750862466,0.00022618041787466855,-0.00017028702924611712,-0.0001938649604469496,3.8064370431915157e-05,0.00020636437989148687,5.126277363061427e-05,-0.0003705047223282777,0.00022659524645788492
2014-05-19,-0.00033851953861300995,0.00028232155918522713,0.00032327170345089907,-0.00022987951658717636,-0.00018576601746792508,3.265011269301503e-05,0.0002008089587019618,3.842240287578805e-05,-0.00036791454900845025,0.00024533914098933546
2014-05-20,-0.00039716369581596585,0.0003491669344336024,0.000339421571042294,-0.00022674180537905157,-0.00021461209559035452,-1.311707801935659e-05,0.00018616831625715285,0.00011630469108066255,-0.00032553963995274326,0.00018622324064632156
2014-05-21,-0.0003216226033097587,0.0002960743985657117,0.0002434333235655894,-0.0001710991447551203,-0.00018117603093352475,1.686332153413156e-06,0.00018707742806169797,9.043465447999832e-05,-0.00034780964267347447,0.0002028854912979952
2014-05-22,-0.000310447444154225,0.00028147531410431455,0.00028108192389216663,-0.0002133632381450595,-0.00018394584793073737,2.375394972625733e-05,0.00017519849971687693,6.868115754504744e-05,-0.00031151110280321775,0.0001897402817599425
2014-05-23,-0.0002910997283690026,0.0002133136521044191,0.0003402831985606826,-0.00019852258138843134,-0.00021995196883158215,-4.0042993075559835e-05,0.00025674561591898515,9.040649560767763e-05,-0.0003363582568299238,0.0001846355185237472
2014-05-27,-0.00027753570744484113,0.00028684280747246583,0.00016590086396111702,-9.188752762230535e-05,-0.0002867893780744875,7.264265220160472e-05,0.00023715671211677405,4.2384186009568336e-05,-0.0003628310458956979,0.0002129554137027187
2014-05-28,-0.00026580687498459465,0.00019566412720112015,0.0003030181594989482,-0.00012919550857354387,-0.00027712269954358135,2.280774307503522e-05,0.0002342361994541256,4.347405345803482e-05,-0.00033344033581622287,0.00020673200628347488
2014-05-29,-0.00025061386786431216,0.00020081477116783402,0.00028775022002106205,-0.00018287010529927528,-0.0002629460259367354,9.190303281774066e-05,0.0002767901157088651,-3.500852553871975e-05,-0.00033134042656378024,0.0002051443024665492
2014-05-30,-0.00028937843423390894,0.00027501600788757216,0.00026583941303262376,-0.0002450207355652696,-0.0001859095603158039,6.43129388666723e-05,0.00029060268309983456,-4.657865695859367e-05,-0.00036899173578762434,0.00023970859321743865
2014-06-02,-0.0002486091296547577,0.0002777617799021719,0.00018985971112061542,-0.00027180419580717955,-0.00013927164852531662,0.00014065088108399307,0.00028227333003419744,-9.108529645845617e-05,-0.0004206983988112034,0.00028013027259027323
2014-06-03,-0.00024901150529757016,0.0002779813330071255,0.0001629589919757503,-0.00020969776458532388,-0.00020432862833032368,0.00017211034481686913,0.0002959405689406912,-0.0001479414403778856,-0.00033543497138908973,0.00023754112222042212
2014-06-04,-0.00025332852194484605,0.0002821658100869201,0.00017407319679651307,-0.00020753096067973806,-0.00022270237908244075,0.00011222152588824877,0.00040581677149994014,-0.00016628282813358278,-0.00039181706762539403,0.00026717479246276404
2014-06-05,-0.00031033261876243335,0.0002786308946704574,0.00025110313542124954,-0.00013878907650485307,-0.00031291062223719884,0.0001437887737464616,0.00033234876816276224,-0.00015924173674471478,-0.0003511833904455697,0.00026750766954505845
2014-06-06,-0.00024746938314760164,0.0002594879320327146,0.0002164438595189588,-0.0002819282647499371,-0.00018218617972207314,0.00020090961662089582,0.00033366915669868005,-0.00020207441776768503,-0.0003843773782129939,0.000287808453666806
2014-06-09,-0.0001893305397466999,0.00025825046180470316,0.000126492869575934,-0.00027070122299042727,-0.0002130701321372587,0.0002514917423420242,0.00039324532939401594,-0.0002185620295721974,-0.0004271063643255385,0.00028856526493995643
2014-06-10,-0.0001383036591779783,0.00024163660765233285,1.027088467184245e-05,-0.000293717784560079,2.233870614945857e-05,0.00017466171392037377,0.0003291478099724521,-0.0002597288019107642,-0.00041468763722150165,0.00032908786259160105
2014-06-11,-0.00016769863562740762,0.0002494300017462152,6.947013343541709e-05,-0.0002892239569241865,-6.576867670379273e-05,0.0001672966033868517,0.00029712773617162486,-0.0001207438294581406,-0.00042843898727285695,0.0002907462581033318
2014-06-12,-0.0002111160642618072,0.00033692709716815655,2.3855074421783333e-05,-0.0003004549855035298,-5.982484906452354e-05,0.0002391288537919624,0.00026216339208981476,-0.00019349394557286945,-0.0003936671150116394,0.00029732241169428547
2014-06-13,-0.00012109789898243263,0.00030868462959791,-7.289382190832274e-05,-0.00036129485177402096,3.303450742018696e-05,0.0002570119448928043,0.00033760219575945313,-0.00023825288676053435,-0.0004630894729254209,0.0003189424713415448
2014-06-16,-8.881333091079001e-05,0.00027642112722568984,-0.00019333573070125752,-0.0001561190275441108,3.034091069288071e-05,0.00019643464193508722,0.0002261769548019786,-0.00019272181282592796,-0.0004141290722284169,0.0003162050330203364
2014-06-17,-2.888207884411422e-05,0.0002844125606248761,-0.00028111712733308787,-0.00020271159436311727,6.484054738397846e-05,0.00028494655143566916,0.00024931076572826116,-0.0002890247634434809,-0.00040290121247218286,0.0003215020562210985
2014-06-18,-6.735602413963628e-05,0.00027956689759400317,-0.0002167211297687242,-0.00020644231552529105,7.027951576278439e-05,0.0002277060807220864,0.0002411127044424123,-0.00022114042909874426,-0.00041374751999843223,0.0003061102302842067
2014-06-19,-9.600679029958431e-05,0.0002763805916470134,-0.00019732858531839193,-0.0001065600618716106,1.6876817558486926e-05,0.0001625037543735719,0.00019133181928804657,-0.00015472068924964402,-0.00037800413987897075,0.00028645198177715964
2014-06-20,-2.150269339241503e-05,0.00019950085118299973,-0.0002409214967183191,4.5858744191851555e-06,-6.20899765707561e-05,0.00014457148344739282,0.0002317715490433997,-0.00015011769818531334,-0.00036094634250163904,0.0002550974831047603
2014-06-23,-7.203721150291187e-05,0.00028305453874286193,-0.00021145673890507564,-0.00022896823280115722,0.00010673572164123651,0.00019251498859298305,0.0002619100937470975,-0.00022963184911511947,-0.00042010220518634567,0.00031772754530016295
2014-06-24,-7.246831218927406e-05,0.00022675668299658816,-0.00012062172545436564,-0.00020877478791056937,2.6598628878913427e-05,0.00021589160628919177,0.0002182078918865349,-0.00018396636842229336,-0.00038877916776317717,0.00028721733045890957
2014-06-25,-6.249700504699923e-05,0.00018290776199814032,-9.854892559005117e-05,-0.0001218567060208382,-6.65311651463947e-05,0.00022168627706953964,0.0002171337193485126,-0.00018407834491463576,-0.00034808939909393086,0.00026003796699269194
2014-06-26,-9.916848797367439e-05,0.0002094953587786295,-6.95999811117854e-05,-0.00015612773615944747,-1.9438478482538407e-05,0.0001505290364335471,0.00027927584267547004,-0.00020655188807948768,-0.00038761438205623874,0.00029964636902229946
2014-06-27,-0.0001515768803176083,0.00028545434006990006,-6.0463621688379345e-05,-0.00013657951996671504,-0.00012204682931630205,0.00018669009755906824,0.00026545387126574935,-0.0001705419709388499,-0.0003283427374288911,0.00022713326180042598
2014-06-30,-0.00017002611867573812,0.00026740878144877636,-6.789343422407756e-05,-3.2561384498966048e-06,-0.00014228467482748156,4.3506791468219536e-05,0.00027296776781311413,-0.0001190956337503088,-0.0003260918981155547,0.0002447833230309199
2014-07-01,-0.00019733952591106927,0.00029651652020095494,-2.006780046144097e-05,-9.274690171667474e-05,-0.00013759285354107004,0.00010767415958017404,0.0002561552419427064,-0.00010179417251551456,-0.00038051732143747075,0.00027004551289960127
2014-07-02,-0.00015249835289214846,0.00027816082936094413,-4.5506956604521786e-05,-0.00017412219867035585,-2.2542165280376586e-05,0.00010315937936790712,0.00019186504170654387,-0.0001074642660454303,-0.0003111861206519101,0.0002417343126599955
2014-07-03,-0.0001212171518245406,0.00032174515438149545,-0.00022958089730163562,-9.074898941252053e-05,1.372975306099082e-05,0.00013517377920517146,0.0002487150803823397,-0.00021225237073585826,-0.000330834803062105,0.0002660145339038189
2014-07-07,4.2930467014093085e-05,0.00017454298748758017,-0.0002800117776513623,-0.00020507147873330758,0.00015487938468889371,0.00017987104536555665,0.00026800998563536113,-0.00022083555951729963,-0.00043023895178888327,0.0003118737127295393
2014-07-08,1.7812228921831983e-05,0.00023103021297498093,-0.0003298971148258296,-0.00020098463843292239,0.00024296125140472156,0.0001204741070154787,0.0002087193378195809,-0.00020226059294342277,-0.0003624978515117082,0.0002745103368821042
2014-07-09,-1.918004847246079e-05,0.00022230447200297717,-0.00029355508625818704,-0.0001061992037193803,0.00017099024590043477,7.949212512206247e-05,0.00017823291613169173,-0.00013113516989019317,-0.0004108687699460878,0.00031042803087760057
2014-07-10,-0.00012043808229275825,0.00031669539234409176,-0.00016747493815613343,-0.0002657044623065371,0.0001280176124023244,0.00018183006550139338,0.0002117100251718164,-0.0001810337059703314,-0.0004227229263229215,0.0003195831527328663
2014-07-11,-0.00016805996364106289,0.00034454291819112836,-0.0001611763685718567,-0.00013980430522342237,6.030468423127294e-06,0.00016768549204200164,0.00017687398174833988,-0.00014144797356058572,-0.00038194899033727747,0.0002978760370418443
2014-07-14,-4.664911407834221e-05,0.000248562060678005,-0.0001952140320307474,-0.00025076480052339725,0.00012849798098434582,0.00019953863156390444,0.00026409244520321853,-0.0002717018538997834,-0.0003552311874169614,0.00027854231883352176
2014-07-15,-5.571474178139995e-05,0.000283914321899917,-0.00024026697272595495,-0.0002778024341045099,0.0001739168794073053,0.00024584623290110214,0.0002279666692241826,-0.00028300605121640843,-0.0004162476757904529,0.0003422033185951981
2014-07-16,-1.3429179030308695e-05,0.00027924707807033843,-0.00030570480606725,-0.0002838610927488874,0.0001776799535656258,0.000306375886019266,0.0002419522310543147,-0.0003112856566538022,-0.0004466484748802922,0.00035562366619452945
2014-07-17,-3.05238937604117e-05,0.0003042098994010025,-0.00029499127624646655,-0.0003112533942857326,0.00018586225582542526,0.0003020027939043615,0.00024179462439985477,-0.0003414368194296115,-0.00036427758271670094,0.0003095400005381638
2014-07-18,7.265281844552902e-05,0.00021761036136858634,-0.00041489384441557105,-0.0001773218676492834,0.0001595694402370569,0.0003516595116704775,0.00020447498680931792,-0.00034912404620151063,-0.0003916012090851122,0.0003272179339366549
2014-07-21,8.987069667519912e-05,0.0002222054093374157,-0.00042444187893833727,-0.00028864558264762863,0.0002625932432363306,0.00039593570234890477,0.00019162596775235477,-0.0004004125431940689,-0.00038074522297949775,0.00033059255796916154
2014-07-22,1.4133666977106732e-05,0.00030112264275094515,-0.00036613723322440387,-0.0003483141018185759,0.00023180525851846344,0.0003677432443107975,0.00024897083131826883,-0.00036430086921076035,-0.00038792175369281937,0.00030217387092634773
2014-07-23,8.05774949267802e-05,0.00015424171620344383,-0.0003291166904145382,-0.0002181205234297271,0.0001697070943546871,0.00032518831382707253,0.00021414666515076272,-0.00030845285416793156,-0.0004102166995053509,0.0003235525830524999
2014-07-24,0.00012908602273140437,0.0002240738085151998,-0.0004829760558556779,-0.00022755182934265043,0.00017599380467560322,0.00035878752339316144,0.000326784028667898,-0.0003947493270874611,-0.00044248388338063993,0.00033170915212554775
2014-07-25,0.00010966436299335818,0.0002109973930663956,-0.00047159067627657665,-0.0001455750481030452,0.00013189684284693574,0.000334326478048555,0.00028255744848863437,-0.000364176655874706,-0.00040320962381805436,0.0003146805366297939
2014-07-28,0.00018717383709626468,0.00017151482100192486,-0.0005476430550089512,-0.00019419080036833878,0.00022166377444328596,0.00044365268216301976,0.0002577641202777814,-0.000490038036748016,-0.0004248150069057176,0.0003749253610126277
2014-07-29,9.782823084428756e-05,0.00022613921126889917,-0.0004537460380385674,-0.0002015682319096027,0.00017945302706130067,0.0003511229593236194,0.00026914278078247686,-0.0004021687721653122,-0.00041835819410262,0.0003524726243741491
2014-07-30,0.0001574125845159621,0.00012990049562891916,-0.0004324596395746483,-0.00019978257809262663,0.00019377108214169332,0.0003337524044007764,0.000350929020010219,-0.0004434368822040409,-0.0004916379723319333,0.00040129696434332285
2014-07-31,0.00010132455417135997,0.00014304626975891993,-0.00033510056000312445,-0.0002635263754987571,0.00019291444826765106,0.00031901105442818864,0.0003500237823544361,-0.00041280154193302707,-0.0004975638281295124,0.00040574017427392334
2014-08-01,-4.4040282127114766e-05,0.000145736355103107,-9.065197861376963e-07,-0.00034150095492856483,6.693477112536782e-05,0.0002103904388265146,0.0003511609636383771,-0.0002727596823155591,-0.0004591825287958845,0.00034411193127224793
2014-08-04,-6.0403144009203e-05,0.00018301582588361965,-8.708696905981059e-05,-0.00025271237255688507,7.744813546120902e-05,0.0002106828968572276,0.0003255395676816271,-0.00033577856111286983,-0.0004089102935952611,0.00034808905108746346
2014-08-05,-1.6597433278114373e-05,0.0001620088569117687,-8.962981492968009e-05,-0.0003019589639689825,5.1734204127766234e-05,0.00027382442615482214,0.00035756827543656153,-0.00035133018671073407,-0.00041134572827082605,0.0003257055447642085
2014-08-06,9.705791523852473e-06,0.00017495994172250188,-0.00019339868668999003,-0.00021501698493718926,4.4114749920777865e-05,0.0002869660392622285,0.0002893148146657504,-0.00029954775984967,-0.0004249740720446045,0.0003278170962743715
2014-08-07,-1.2532084780950375e-05,0.0001171602118205213,-4.0398909897351124e-05,-0.0002965698845477467,7.459932686693788e-05,0.00024222164433762572,0.00029207744812659656,-0.00029621875954357127,-0.0003621973677548837,0.0002811927848848164
2014-08-08,-8.789297826939258e-07,0.00020571604111847418,-0.00019093550108449046,-0.0003035298362367867,0.00013169296468475145,0.0002656458761771917,0.0003122487635903795,-0.00035259659669902715,-0.0003961684352574296,0.00032960261959556064
2014-08-11,8.58522504933649e-05,0.00014563522865772196,-0.00030841251507963616,-0.00024874470177659383,0.000209998193422831,0.00021588445860648564,0.0003112250319088558,-0.00032866844397304307,-0.0004250654149344779,0.0003446412151924816
2014-08-12,1.1757586202677643e-05,0.00020743955841060022,-0.00020742240299399957,-0.000345651038466073,0.00017251091803729447,0.00028056217429963184,0.00029981735527466816,-0.00031390117542243537,-0.0004167550582273513,0.00031110302947789936
2014-08-13,-5.41673493975649e-05,0.00023605746351819357,-0.0001351823966281411,-0.000306342296486288,9.069041551003874e-05,0.0002509994596957138,0.0002760119049345505,-0.00024909188925202955,-0.0004027129951634893,0.00029321619649059355
2014-08-14,-4.486774849690983e-05,0.00024103497018717886,-0.00012654522276844696,-0.00036438490075726016,7.646068805692262e-05,0.00031526516593875613,0.000296901092660843,-0.0002714462091651555,-0.00043062378125882303,0.00030769340790302163
2014-08-15,-2.8102802033757126e-05,0.00021928673140923874,-0.00018290422311879407,-0.0002932138574415497,0.00012554439991940315,0.00032683196954601257,0.00022830705011405578,-0.00032726294191996047,-0.00043185138875465046,0.0003643246394004415
2014-08-18,-3.552558490811414e-06,0.00019637406513883793,-0.00018454338746410866,-0.00030510400896388394,0.00014308048930258138,0.00026056344865900936,0.00030906348076436413,-0.00030831519439582927,-0.0004608187388794628,0.0003529695539904315
2014-08-19,1.0679001811463018e-05,0.0001676537223176846,-0.00017247816451271747,-0.0002446797252069451,9.53010114479319e-05,0.0002318322142901251,0.00029920684619846524,-0.00030777432285864284,-0.0003843104923419438,0.00030412686679363865
2014-08-20,6.337053149855294e-05,0.00016055230946316907,-0.000274052144163953,-0.0002660054027844791,0.00010962216990528448,0.000399076867218396,0.0002715497879938779,-0.00038668028327527165,-0.0004511087503289504,0.00037533668345897386
2014-08-21,3.946163281341885e-05,0.00028208128454787474,-0.0004242153959891639,-0.00026777448260962254,0.00021401200558567035,0.00036005081809218145,0.00028762024213438084,-0.00041097142306149165,-0.00047525023451269396,0.00039564762569070655
2014-08-22,0.00019535453380372866,0.00022552806011405654,-0.0006322347001215492,-0.00019702599451876853,0.0001805041743821352,0.0005163605931136211,0.00034264083002349954,-0.0005403735313398751,-0.000484952879774226,0.00039205922859760975
2014-08-25,-0.00018339336211806487,0.00027135496567140527,2.5820152320665812e-06,-0.00012390385330084738,-0.00013481766379656868,0.00017199877789941115,0.0002363948730639276,-0.00017926987934849953,-0.0002476816516853615,0.00018598832567242457
2014-08-26,-0.0002495442146136327,0.000297695808569891,0.00012433406456823014,-0.00018929364084253192,-0.00017887631760923894,0.00015865767926629554,0.00022723978756420543,-0.00011740985349111693,-0.0002476280675917167,0.00017536572176794774
2014-08-27,-0.0002141796770450324,0.00027519560819620607,6.83505624693543e-05,-0.00016081065399704744,-0.00010314756739490671,8.229008933440321e-05,0.0001780833089522274,-3.4181116632104463e-05,-0.0002811284900149785,0.00018973699331802096
2014-08-28,-0.0002641838736147407,0.00032032298344263,0.00011867921051794271,-0.00017482060411808716,-0.0001774770583287278,6.632262102486755e-05,0.0002963897810727076,-8.661574306560033e-05,-0.0002929166904350501,0.0001941556044486245
2014-08-29,-0.00029772483305377724,0.0003818627590245165,8.266999964513778e-05,-0.00018851808706665026,-0.00015217484024652658,6.228762698212362e-05,0.0003154838924925886,-0.00011433367765976629,-0.00030773464161618774,0.00021432815200005464
2014-09-02,-0.0002442307145876605,0.0003401277634067693,-8.643791605452214e-06,-7.002608917724539e-05,-0.00014161656442127774,6.37392717394887e-05,0.00026309894414076537,-0.00011400366233922654,-0.0002869516242750836,0.0001978547888273896
2014-09-03,-0.0002518681963525619,0.00032813974972801965,7.73774891481855e-05,-0.00017662298455193518,-0.00013809592632912232,8.426832246613211e-05,0.00029885853510427593,-0.00015373949274260362,-0.0002498903204954002,0.00018177270152695824
2014-09-04,-0.00022387430560264957,0.00034059271140215346,-4.834762434791865e-05,-8.099027351111694e-05,-0.00010661063301360858,3.062263714611116e-05,0.00029072288997665854,-0.00012375474834894207,-0.000264853036163689,0.00018656447110665386
2014-09-05,-0.00029747719803058893,0.0003605748209752769,8.123557400881273e-05,-9.606713536224575e-05,-0.00014628776071443778,-8.835122530306133e-05,0.0003111905217637982,-6.56480279771221e-05,-0.00022519072349107966,0.000167171341059362
2014-09-08,-0.00027129089098652294,0.0003902292358166936,-1.7994580679597848e-05,-0.00010964186187437976,-9.28157314392733e-05,-3.5401108578681645e-05,0.0002837312616259108,-5.379861841837974e-05,-0.0002828442857868464,0.00019011444559258184
2014-09-09,-0.00021284430645898204,0.0003614690059585774,-6.651094365947249e-05,-0.00017417708226937032,-6.003559703867539e-07,3.8990276995706785e-05,0.0002728428744590075,-0.000116017546312977,-0.0003508259354802201,0.00024741754669095617
2014-09-10,-0.00021070941368566724,0.0003563642982857113,-9.994621996277527e-05,-8.28283722854933e-05,-7.874801346249502e-05,6.644442484228519e-05,0.0002504649983835795,-7.154439406416302e-05,-0.000318591138766422,0.00018757803229355746
2014-09-11,-0.00022119557626871256,0.00035708524611772997,-8.768967610762904e-05,-6.945839807228748e-05,-7.372670539143415e-05,5.420622056167071e-05,0.0002258791374832904,-0.00010931667425597563,-0.0002836388801560896,0.00020828204519574012
2014-09-12,-0.00029522257454714764,0.0003856498077509119,2.062540043796103e-05,-4.646581367194567e-05,-0.00022614587896476086,6.874279805214184e-06,0.00030693592251721316,-5.107146616861041e-05,-0.0002999735859674016,0.0001989360176433419
2014-09-15,-0.00028791247529339164,0.0003764611746471725,9.575896781843394e-06,-3.0604697533222203e-06,-0.0002122871606826237,-7.525693733793914e-05,0.00027150157426805016,1.9077351048446545e-05,-0.0002501521346644185,0.00015213374874661206
2014-09-16,-0.0003325162512468866,0.0002930319000206462,0.00030276368510169364,-0.0001557405206953598,-0.0002631121867957293,-0.00015607571077313337,0.0003545265895034816,4.516566670407021e-05,-0.00019361544754909962,0.00010695096478041677
2014-09-17,-0.00027795688911396214,0.0003542424262181757,3.7094767362066136e-05,-4.039369281489541e-05,-0.0001884653158617782,-9.42464576496882e-05,0.00033014769055116425,-4.0902634357384976e-05,-0.0002355293520136907,0.00015680527201704375
2014-09-18,-0.0002204702079589884,0.0002951909012049691,4.0605292154433656e-05,-0.00011426807440761185,-0.00012875160128832976,-1.744941598581795e-05,0.00038093788148122615,-0.00016572547058832723,-0.0002546919472990773,0.00018482808961379354
2014-09-19,-0.00018985876248457155,0.0003026946432409273,-6.0624952906903565e-05,-6.621059208244875e-05,-0.00011347900080124415,6.180091247157127e-06,0.00038189466585604806,-0.00017125336876743294,-0.000329356177905301,0.00024050089756887105
2014-09-22,-0.0002483134995772664,0.000367807513694443,-5.438432390075191e-05,3.596025751327961e-06,-0.00019882904581517563,-2.918787464012418e-05,0.0003607087894967366,-0.0001080263101781477,-0.00028831607615294186,0.00019472969252297412
2014-09-23,-0.0002567295907367335,0.00036302646983986684,-3.859917579199538e-05,-2.0413710159474137e-05,-0.0001655569619997358,-1.6825146089510107e-05,0.0003163688528347898,-0.00012029904119235935,-0.00027348698177208364,0.00021376301458312513
2014-09-24,-0.0001372799929013384,0.00022783184866616578,-5.5904608155169086e-05,-3.426247935373831e-05,-0.0001292605914229774,7.478460542150595e-05,0.0002911196269553308,-0.00015249667427021107,-0.0002927099897343105,0.00020814643291865859
2014-09-25,-0.00023586799709246416,0.00029936029006911687,2.8749503607185798e-05,1.8364100297287717e-06,-0.00020160093185446482,-0.00010114143920120222,0.00035911682688736027,-5.739556337795715e-05,-0.00029192339222301744,0.00019927009016042913
2014-09-26,-0.00015113001375757258,0.0002580398184604838,-7.919964336351119e-05,-4.920827290519434e-05,-8.910412604641073e-05,2.0860461345192233e-05,0.0003136338582656051,-0.00014399146526362927,-0.0002919467059047734,0.00021306957714390534
2014-09-29,-0.00020868552165219636,0.00034869758306948194,-0.00010409288267827321,-4.635098701287043e-05,-9.968408188723576e-05,1.0022110196229034e-05,0.00035221922182986434,-0.0001707443751615481,-0.0002937809538664411,0.00021249693778273987
2014-09-30,-0.00014843043600207178,0.0001767305224838284,7.641277690393841e-05,-0.00011809686323272645,-9.483762864477378e-05,-4.896994842521624e-06,0.0003219442824358293,-0.0001306163475769881,-0.00025902493424176387,0.00018074998983065582
2014-10-01,-0.00021376577622356428,0.0003156645273266663,-2.4317838195589588e-06,-0.00012095036085125587,-0.00010975955701030514,-4.581918205740637e-06,0.0003216972834267709,-7.847424751990587e-05,-0.00034463330099078135,0.0002384426700743486
2014-10-02,-0.00022861095218660243,0.00029372616202018596,5.0739549748231695e-05,-0.00013063642497310266,-7.61227008008597e-05,-4.812840536819185e-05,0.0003339913356608139,-0.00010418210414732398,-0.00032526091483071895,0.0002350807638277011
2014-10-03,-0.00014193923532941383,0.00023964564769466708,-7.761162827750359e-05,-7.643784322327891e-05,-1.9825296153455282e-05,-2.1150268002229078e-05,0.0003286449532785736,-0.00012488076776576498,-0.0003404334764425185,0.0002348629622257424
2014-10-06,-0.00025474203927218313,0.0003524795607344107,4.263909599696138e-06,-0.00014258852161650511,-4.131849426757504e-05,-3.9032446449167174e-05,0.0002925826825413841,-9.237460331770059e-05,-0.0002996704682740117,0.00022114026652802002
2014-10-07,-0.0002079477817384971,0.00029933651938323286,-8.160895526671593e-06,-0.00010825942541260822,-5.8054448047835036e-05,-4.7948580251297446e-05,0.00028737857555246465,-4.704221039821682e-05,-0.00032438497116776474,0.00021527200005327235
2014-10-08,-0.00023441080414221804,0.00033483127129182153,8.028789579920962e-06,-0.0001805802379420702,-3.226007115202968e-05,-8.825910821980837e-06,0.00029830575913764035,-7.5603133557825e-05,-0.00035138185793943955,0.0002432086379416075
2014-10-09,-0.000211070071763808,0.0003338098154304678,-2.3259459149677347e-05,-0.00023016534046511015,2.3462020766303743e-05,7.062918730396314e-05,0.0002972996931156248,-0.0001576660584572502,-0.0004049716410073727,0.00030146708963812996
2014-10-10,-0.0001890536320106701,0.00026458225578635187,3.301296191463455e-05,-0.00021197668087907882,-6.167908734294042e-07,2.9685541819382544e-05,0.00030505412074999586,-0.00011101775045133447,-0.0004179967943751528,0.0002990563355843162
2014-10-14,-0.00024653937329143514,0.00026095001118449894,0.00017887620778245282,-0.0002287458689130572,-0.00011172722457642066,2.9395862408423956e-05,0.00028347464340768014,-2.2416503939491628e-05,-0.00040823110764160245,0.0002650475996449318
2014-10-15,-0.0004048281366523514,0.00032472429188086386,0.0004390224186131698,-0.0003064804425970025,-0.00023251994904591004,-3.9138481235961864e-05,0.00025592767700060096,0.00011522335449868151,-0.0003596541726832575,0.00020789296031134205
2014-10-16,-0.00032721203496627365,0.00028444293893534157,0.0003681656940992908,-0.0003223900667923556,-0.00017862446829943358,-2.0053544188117223e-05,0.00025807334471435184,0.00010663247415550539,-0.00037053875379268464,0.00020085944632603978
2014-10-17,-0.0003107608136817451,0.0002924316654877723,0.0003127772076190838,-0.0002679299617065049,-0.00021781775601325236,-3.220639364218819e-05,0.0003287852144693605,8.580144308363222e-05,-0.0004105768976162133,0.0002184942554660993
2014-10-20,-0.0004010481633842654,0.0003846509314223627,0.0003220372646601617,-0.00024175832627100664,-0.00025046300505429057,-5.418699183373267e-05,0.00029645688040640106,0.0001362106807368188,-0.00040024268051120845,0.00020746000698607103
2014-10-21,-0.00039633883347950784,0.00038751137455539245,0.00030666490271220653,-0.00021893002161468356,-0.00029241163534512657,5.658892743343191e-06,0.00029766580657936484,9.107170154122601e-05,-0.00038991407323612365,0.00020795685250463505
2014-10-22,-0.00035965831311571077,0.0003469730945056355,0.0002604649979732793,-0.0001601155424626119,-0.0002567462317983535,-4.4323000938390616e-05,0.00027432838982468025,0.00010258676995878596,-0.0004009739125335962,0.0002379929998326709
2014-10-23,-0.00037591632720060554,0.0004046587986877968,0.00025551732864596767,-0.00030010146411299423,-0.00021576952529373146,0.0001357487197670513,0.00027605398323495706,-2.7207297513081458e-05,-0.0004397995147323516,0.0002868446803544235
2014-10-24,-0.0003934475414876693,0.0004075036424613241,0.00028192897785391966,-0.00026538361436821874,-0.00029322201655690786,0.00012810676457335017,0.0003501689458525123,-6.104030268587468e-05,-0.00045092858070173297,0.00029785000313602844
2014-10-27,-0.0003572604347288525,0.0003567430991788615,0.0002601168984939751,-0.0002289509770884348,-0.0003074589821285244,0.00017901317591132067,0.0003323886329550489,-6.620407471180298e-05,-0.0004916736375844034,0.0003226931396941232
2014-10-28,-0.00027270858666039385,0.0002958288236477317,0.0002247513162813681,-0.00026662387046642345,-0.0002087444999348282,0.00010987173534089678,0.0003337957859267972,-7.870729437172569e-05,-0.0003864144838678224,0.00024894653413524287
2014-10-29,-0.00016759565922660607,0.000352034555707146,-0.00013244192587407127,-0.0002445867799028244,2.8289241023521372e-05,0.00022292788822821097,0.00029147792098937336,-0.00020827198130146662,-0.0005142192773169019,0.00037270347810216056
2014-10-30,-0.00021988735145020319,0.0003638182302759204,-5.9725097473240906e-05,-0.00017728157130996163,-7.314948580733685e-05,8.987552840605123e-05,0.0004005540422858632,-0.00017519531880863873,-0.0005026731114377118,0.000354298652397788
2014-10-31,-0.00012126731060325314,0.0002897720106831393,-0.00014455555715254848,-0.00019432350559343402,4.198306436094777e-05,0.00014754439311791614,0.000339279989022407,-0.0002417870024755825,-0.00044673836569690886,0.0003301229966340691
2014-11-03,-0.00014685392101798956,0.0003480251453160942,-0.00020174596058807797,-0.00014613387534917217,1.2602250174201246e-05,0.00016338881810181935,0.0002869197666029062,-0.0001642829322734199,-0.0005239341692980237,0.00037208341162180483
2014-11-04,-3.7121727378154655e-05,0.0002573565619200796,-0.0002935294208222261,-0.00014082155941033767,0.00011549536180479117,0.00016750857648653236,0.0003022388430554343,-0.00021862398804060879,-0.0005615042400252714,0.0004092057215921638
2014-11-05,-8.927427493209583e-05,0.00032481541499323834,-0.00030192752337267464,-0.0001351954676801709,0.00011619147206200046,0.00014783870698406934,0.0002651260519391241,-0.00017453720877193268,-0.0005529416991199333,0.00040030024672061196
2014-11-06,-1.4510322373445994e-06,0.0002327435199071097,-0.0003140481561494494,-0.00018603518267921136,0.0001979486089864948,0.0001775279654743639,0.0002809391785642684,-0.0002584741958996245,-0.0005038161147445583,0.0003744858981987037
2014-11-07,-5.736116580407123e-05,0.00023430774064149166,-0.0001988599443015803,-0.0001663482355975408,7.963282972585882e-05,0.00016421515853283844,0.0002604535415556379,-0.0001519001641594707,-0.0005533090468472016,0.0003891436013596858
2014-11-10,-7.67889261753477e-05,0.0003088387615319028,-0.0002851068280674057,-0.00014224389333182107,0.00010825816281651544,0.00011462823632426081,0.0002874486259556025,-0.0001274710312665489,-0.0005833381604757673,0.00039523153380514875
2014-11-12,-7.873358177838818e-05,0.000285956992521214,-0.00022886548322124944,-0.00018173654770065658,9.511796863102134e-05,0.00015287388482206413,0.00025442149948925324,-0.0001492263196768602,-0.0005452095040681497,0.00039585616213171776
2014-11-13,-0.0001829090443695089,0.0003451551557617155,-7.991857065524225e-05,-0.00024338749948234466,-3.5182620749724114e-05,0.0002301372037622415,0.00032239479923283285,-0.0001978598431415339,-0.0005374839145941661,0.0003789239124520234
2014-11-14,-0.00013830449764460433,0.00026097521423059283,-8.798802572921368e-05,-0.00012812339891744937,-6.521121735626571e-05,0.0002023584036569409,0.00026226115257562896,-0.0002001964194940052,-0.00047147221485895757,0.00036697385384509493
2014-11-17,-9.022282521001018e-05,0.00023064759800889143,-9.843339099343813e-05,-0.0001486227740357263,-0.00011864606850093586,0.00028513519948125676,0.0003030133709735344,-0.00019396019713146043,-0.0005001649333383935,0.000329732250952737
2014-11-18,-0.00011972548859435174,0.00029270922418625706,-0.00014389686694828738,-0.00018921361258426514,-4.527459140718504e-05,0.0002855465087794329,0.0003219316096626894,-0.0002583035502205927,-0.0005412935758189047,0.0003976456811458258
2014-11-19,-0.00013038355189580177,0.00032004988179785304,-0.0001139881402260057,-0.0002832189193874091,-9.136251103962142e-06,0.00025495706985813327,0.0003662283674691312,-0.0002220940530246636,-0.0005747442289734048,0.0003917413781315826
2014-11-20,-0.00013083379210824508,0.0002972185870520441,-0.00013109373562983665,-0.00020724920629747786,-1.2400212123316393e-05,0.0002388367794499413,0.0003371304351627996,-0.0002482704686597795,-0.0005314172498282373,0.0003882125131831546
2014-11-21,-0.00016476651561479907,0.00033273528927116206,-0.00012492376572898877,-0.000191418768239803,-5.477618887044476e-05,0.0002800272567578012,0.0003350405686895659,-0.00030119841706245307,-0.0005245642164025399,0.0004150484991000819
2014-11-24,-0.0001741020467858977,0.0003558250710431778,-0.00015161083763858907,-0.00015602296633696316,-8.570536026187604e-05,0.00027983334579312347,0.00034576160939783773,-0.00028754505619011175,-0.000526271425895744,0.0004000171131618921
2014-11-25,-0.00015055210457276929,0.0002899981212169874,-8.718095934233784e-05,-0.00021900129076719236,1.86507420187991e-05,0.0001806104614838558,0.0003021964704972256,-0.00018826624248062182,-0.0005889772456496127,0.0004440147133211586
2014-11-26,-0.00010512284156111387,0.00027170485292523527,-0.00016894425485837862,-8.814665046810288e-05,-7.118652055235555e-05,0.0001467554206869854,0.00035954851907234534,-0.0001842827810932951,-0.0005560232768658628,0.00039607278639283705
2014-11-28,-0.00019367806636133445,0.00031606014238590385,-2.700687505291727e-05,-0.0002233063815993792,-2.4943685891700568e-06,8.949527487282088e-05,0.0003174331160154427,-0.0001342792173459964,-0.0004734044957109343,0.00033133325550009987
2014-12-01,-0.00017786603423576076,0.00033652156433363695,-0.00011564223495826075,-0.00016455775513246704,-5.111908396315118e-06,8.903473087646004e-05,0.00035479915369218337,-0.00015224388058758184,-0.0005691835864233899,0.00040462562152212417
2014-12-02,-7.851894425634696e-05,0.0002909150252728554,-0.00027478248047897247,-5.935873548413521e-05,-5.069278957730086e-06,0.00012107016056802852,0.0003784811469176551,-0.00021255720339266593,-0.0005451352524498618,0.00038480788764503476
2014-12-03,-7.751285473485012e-05,0.0002758003731769328,-0.00024553394808733025,-6.060341447834943e-05,-2.7802187860971952e-05,0.00014037351801825595,0.00035016304591890465,-0.0001786516643041726,-0.0005850997977250791,0.00040893342751439216
2014-12-04,-6.911523352307267e-05,0.0003292133887840957,-0.00031897879450547,-0.0001354767916390623,5.744557339848466e-05,0.00019360341024227817,0.00034539944999220987,-0.00023346744473914938,-0.000616049925179999,0.0004480260965218606
2014-12-05,0.00010138692500518236,0.0001832931819715413,-0.0004944410191817044,-8.708559131668202e-05,0.00022507376772077162,0.00024095893335745674,0.00031282919323272207,-0.0003180790945228294,-0.0006927141046851916,0.0005297403652487764
2014-12-08,0.00011407811481632083,0.0002703965070534729,-0.0006133131338650973,-0.0002277290375854368,0.00039491660725549105,0.00029818518166682684,0.00029261677089147814,-0.00032767561462147474,-0.000744024432506634,0.0005422504992585939
2014-12-09,3.178802599566275e-05,0.00017842936536722608,-0.0002805115653725836,-0.0002614929763243715,0.00021529511729002394,0.0002530519334149779,0.0002698251429517663,-0.00019595026096453846,-0.0007358220457746069,0.000524773837267907
2014-12-10,-3.488172551307801e-05,0.00022402930034427825,-0.0001768690317328109,-0.0003030812215317081,0.0001254001459034728,0.000271100510710243,0.00026904540139928435,-0.00012620021816603724,-0.000736018259101974,0.00048665774532917136
2014-12-11,8.136848385097845e-05,0.00014102788802561642,-0.00030195902244944907,-0.0002742406368614683,0.00019890256104016825,0.00032769886220180774,0.00034715779142295566,-0.0002959216130003113,-0.0008279563553912836,0.000604563222563196
2014-12-12,-4.6016635930161653e-05,0.00023776090924713987,-0.000206902085482241,-0.00031863550520387206,0.00020799912057212558,0.000292262385416988,0.0002768730986800749,-0.00023485333032759181,-0.0007994509771241907,0.0005917194899940983
2014-12-15,2.206321465745187e-05,0.00020997992255434965,-0.00026154810915552046,-0.00037543705333263015,0.0002394708858493612,0.0003722792712998954,0.0003196773760420525,-0.00030146397147734136,-0.0008267223285476737,0.0006017003376209175
2014-12-16,-4.5525610602662706e-05,0.0002740926264313073,-0.00023469283142273393,-0.0003360312282790932,0.00016774489138608045,0.00031524447001454216,0.00032129701009726147,-0.0002649529714402882,-0.0007989510053410392,0.0006041351231837883
2014-12-17,1.930642755075578e-05,0.00022388161795548582,-0.00026731244275818127,-0.0004051397105194971,0.0002619688291052736,0.00037849883621324243,0.000342434015217153,-0.0003367863675081753,-0.0008174216775390999,0.0006006089510491794
2014-12-18,4.8891226786889523e-05,0.00019586269133551747,-0.00029966971172307394,-0.00030482345382506354,0.00014120919266467045,0.0004093375597098922,0.00039697272563095354,-0.0003342672880644569,-0.0008402984712548474,0.0005854434451431426
2014-12-19,0.00010086165726224831,9.399658747242059e-05,-0.0002515334116495148,-0.0003334381031333709,0.0001927231264721753,0.00041841702333456424,0.0004138738928555208,-0.0004205459420017488,-0.0008947795828803742,0.0006813540937983982
2014-12-22,3.4020591725556415e-06,0.0003193904583576046,-0.00040845057557817527,-0.00029678765355510995,0.00020170586411925005,0.0003856864225431425,0.00038813474414493496,-0.00036060216972467335,-0.0008610700189401986,0.0006260006624385708
2014-12-23,5.003364156229244e-05,0.00031756610581415174,-0.000528044653730055,-0.00027080215970908157,0.00020371451859650842,0.0005792166932830807,0.0003144730398400228,-0.00044515698544859983,-0.000873147216501606,0.0006516126924476749
2014-12-24,-3.069765113107772e-05,0.0004072659255551353,-0.0004892754768989409,-0.0003089029613632943,0.00021312700038399884,0.00043440038536080375,0.0004612437225950533,-0.00046348012404851674,-0.0008921054659713698,0.0006691120082182866
2014-12-26,0.00016927405149379276,0.0001307531849755059,-0.0004585595239618204,-0.0003265671871218881,0.0003220865629355533,0.0004303457650045549,0.00041858679115892514,-0.00046263031734562754,-0.0008832802672739844,0.0006602193723193386
2014-12-29,0.00011977876634784642,0.00020308555766462757,-0.0005076246749102864,-0.0001806717382111852,0.00015329212170364648,0.0005149052423807088,0.00030915510111556924,-0.0003840919909626102,-0.0008656292286785203,0.000637701598280728
2014-12-30,7.15908842180304e-05,0.00025978450007619106,-0.0005112382652516685,-0.00016983874141611802,0.00018031415349177397,0.0004032743392476494,0.00035858201350569274,-0.00036647645810950966,-0.000866321962355289,0.0006405024349804694
2014-12-31,7.651675960931598e-05,0.0001821031735574929,-0.00034555803469018013,-0.0003075057726159378,0.00022951083378862196,0.00036926771454661583,0.00037646336259517313,-0.00034128036802727815,-0.0008707402019339922,0.0006311750164373978
2015-01-02,2.9090727043289838e-05,0.00019098961243041294,-0.000270445658764737,-0.00028723296240000615,0.00014335468361883347,0.0003519794684129149,0.00036392743890128684,-0.00027742691501193156,-0.000867406510792014,0.0006239491821846029
2015-01-05,0.00017445222109998412,2.9236025913764166e-05,-0.0003268693296309289,-0.00017842293800261234,0.00013206646264902165,0.0003794324403418297,0.0003060662204824975,-0.000274204572378374,-0.0008624221094344665,0.000621044947052514
2015-01-06,0.00012988588592452964,4.7729636515883665e-05,-0.0002951324522611643,-0.00016719713672820775,0.0001719341042713332,0.0002762297591601473,0.00028393150148854976,-0.0002396487700739268,-0.0007934965368316706,0.0005867776101238821
2015-01-07,0.00012081872121221459,-2.9893321906571515e-06,-0.00016455503986956407,-0.0002585705822359336,0.00020531184115523717,0.00020778081840698397,0.00029398509422203997,-0.00017214299403592662,-0.000763078746632527,0.0005335269150653667
2015-01-08,0.00012373168264550374,-1.1453166002401089e-05,-0.00019679655763016422,-0.00015240682437852888,0.00015486516278219453,0.0001660784006642553,0.0002687652044175183,-0.000134573109317377,-0.0007112609064246107,0.0004927164545730743
2015-01-09,5.6068458456393175e-05,6.0257217961036456e-05,-0.00015039900070043912,-0.00017795393964161344,0.00012724277059281142,0.0001590614981292187,0.00021410466609635137,-7.806837109551254e-05,-0.0006623926109851699,0.00045192059983309094
2015-01-12,3.4877110901688655e-05,0.00015358145436373204,-0.00028229653678270837,-0.00010060961321925552,0.00011269707391664899,0.00013784398254685325,0.00022569428450409587,-5.3471829026766754e-05,-0.0006599124407998674,0.0004309703617219225
2015-01-13,-1.2654628264042805e-05,7.73895594021718e-05,-6.339051662856325e-05,-0.00010320446083762064,2.1786524046937122e-05,0.00011872800179467922,0.00017188735437955252,-5.025846214370619e-05,-0.000550599302541567,0.00039063235402237925
2015-01-14,-3.557476129590801e-05,0.0001555036160360752,-0.00013063060907931873,-8.329603780766678e-05,-5.987555056969317e-05,0.000219606866069786,0.00018992065370711936,-5.576111557932875e-05,-0.000615272764375601,0.0004151793289435511
2015-01-15,-0.00013543267900709588,0.00019500325539167213,2.720865967662271e-05,-0.00014860409114315302,-6.947871946875843e-05,5.535753359895389e-05,0.000271334206944987,1.7560410186537312e-05,-0.0006090812355551284,0.00039637259023773963
2015-01-16,-2.7763714222657347e-05,9.086531785973211e-05,-5.252989164081798e-05,-5.215636296042759e-05,-9.970999453270783e-05,0.00010705172981092734,0.0002882920731361628,-5.174329500520075e-05,-0.0006138653334175348,0.000411695407723834
2015-01-20,4.4266714983661035e-05,0.0001269034400746455,-0.0002888346904639243,-4.653914379753633e-06,6.151128173037188e-05,8.005576384436178e-05,0.0002694161819090969,-0.00014014362965304034,-0.0005135903445643991,0.0003660546747731655
2015-01-21,2.912220961847988e-05,0.00013998655824058455,-0.00026742907647554336,-6.352680235791313e-05,8.754737903156166e-05,0.00011670892554273456,0.0002970955108374321,-0.00018077193055577104,-0.0005423430922523245,0.0003833922722801947
2015-01-22,5.957854410512705e-05,0.00014985788103025254,-0.0003023828578909396,-0.00018745725592831265,0.00018895037682959033,0.00022254823120782148,0.00026354871602933885,-0.00021430601463096402,-0.0006513733347643866,0.0004712553500310773
2015-01-23,7.06746762906676e-05,0.00011019021284318711,-0.0002663474975503721,-0.00014221501248994767,0.00010372712586254919,0.00022293349643423034,0.00033122428056023626,-0.00023820797866946214,-0.0006772781289826509,0.00048523739205856217
2015-01-26,0.00010315809567792688,0.00010382185173994304,-0.0003280856445587138,-0.00016011948970250534,0.00016510635298724353,0.00027741148094446826,0.00029022229488374907,-0.0002695173377207684,-0.0006804292359021552,0.0004985640935114902
2015-01-27,4.838028713767919e-05,0.0001631906908938504,-0.00034696504717014135,-5.177217325560632e-05,8.866602736469671e-05,0.00021213798399163236,0.00021973486160357242,-0.00016546986713271428,-0.0005868401207701039,0.00041977172512384225
2015-01-28,-2.1470270571001743e-05,0.00016662069898674937,-0.00020374095135642983,-6.902638674308355e-05,5.410815911652961e-05,0.00011046283895026036,0.0002421952990460871,-0.00015397488742209878,-0.0005150611994109225,0.00039128041563414595
2015-01-29,6.946940569245959e-05,6.238688767729343e-05,-0.00022678753692114708,-8.248513051248123e-05,0.00013858186955405423,3.885992910665145e-05,0.00038303389319786774,-0.0002687162069855073,-0.00042672699315099774,0.0003118537715595081
2015-01-30,-5.813353592483463e-05,8.685184147070278e-05,1.4837240496997717e-05,-0.00010176106150625204,2.3621261799243454e-05,-0.00010580216037379964,0.00036601007732090657,-0.00014114379866405832,-0.00027947611639248665,0.00019494313366933205
2015-02-02,-1.4196477398193606e-05,9.339048373836084e-05,-0.0001286783548018354,1.327435107805093e-05,3.2372078450013976e-05,-8.497089477559755e-05,0.0002968734152805682,-0.000208271565768154,-7.516823980259144e-05,7.563848637612627e-05
2015-02-03,-3.2193560483928334e-06,1.7668536322476103e-05,3.897156382645954e-05,-0.00016937523461178945,6.914819392429827e-05,-6.895357817639745e-05,0.0003997847404511347,-0.00018190380198465986,-0.00028376388220443735,0.00018025305055681048
2015-02-04,2.793026416929096e-05,1.9299047823192203e-05,-8.483406161334701e-06,-0.00018598082797431897,0.00010833646213752324,-7.884565470486944e-05,0.00036624812399503603,-0.0001312981523521467,-0.00034157914129037334,0.000224177003548421
2015-02-05,5.045776461886045e-05,-2.2418652174915378e-05,-1.1965212336163909e-05,-0.00018571200606888084,0.00017625240267160266,-8.323694366856038e-05,0.00030995848247559327,-0.0001359140787394672,-0.0003171179923996195,0.00021951785578981642
2015-02-06,0.00022318847227233482,-0.00013901418560552793,-0.00018023927303948556,-0.0002057627225795916,0.0002598899818883355,0.00015108699558625746,0.0003098194305252121,-0.0003042230384318785,-0.0004920831302852799,0.00037778413246516637
2015-02-09,0.0001800907528992366,1.3240226344786638e-05,-0.00034238881281012466,-0.0002041764569051148,0.00032733502017509575,0.0001713410215003191,0.000307416518165779,-0.00031439424748640546,-0.0005690537438971209,0.0004308134217112618
2015-02-10,0.00016233563638579258,-9.298221999755958e-06,-0.0002904570771158953,-0.00012959328850760225,0.00022381444973769253,0.00015058929419545924,0.0003146694002175779,-0.00026980860007215154,-0.0006095011418782437,0.000457654322132791
2015-02-11,0.0002541346781844979,-5.2566634763578056e-05,-0.00038185025004755903,-0.0001648029255599901,0.00027724575728468696,0.00020951633613595227,0.00038612935424123945,-0.000379779763612937,-0.000571627133095734,0.00042262206999839694
2015-02-12,0.00017350280907148146,-3.674391449716777e-05,-0.00021366577269636092,-0.0003170107089519045,0.0003180539471431664,0.00021893082624905962,0.0003822350649123202,-0.0003860022270124816,-0.000597839210339797,0.00045908422484021785
2015-02-13,0.00018787491172409887,-1.8884809314903767e-05,-0.0003310640264583462,-6.395253570191852e-05,0.0001308021641711083,0.00022414950471053886,0.00038494361603749055,-0.0004119554515023098,-0.0004771696065595833,0.000374862311109881
2015-02-17,0.00024388947909697534,-0.00010103537492177643,-0.0003157843060634059,-8.682027038803448e-05,0.00019087984361916902,0.00018433997868691487,0.00039215109317291066,-0.00038190780323445195,-0.0005480476627384157,0.00042233506934141046
2015-02-18,9.426765503810038e-05,-1.9210742976381672e-05,-0.00010306383908422704,-0.00013394096669724735,7.407105612958383e-05,0.00011368005391357988,0.000381098010869569,-0.0002976914609950157,-0.0004275104107797738,0.00031708759014038856
2015-02-19,0.0001837651406617427,-4.402577972488703e-05,-0.00029853690852131576,-2.4377710364102516e-05,9.066967644861049e-05,0.00016403593852672496,0.0004247369336179106,-0.00042547352506382835,-0.00040709232392712943,0.0003369021011084723
2015-02-20,0.00019844604509013293,-3.8476293223701575e-05,-0.0003184078948572904,-0.00010517901117074787,0.00015363849870159325,0.00025342916152825204,0.0003881506101759309,-0.0004472863347791192,-0.00047120533001228024,0.0003877235454117049
2015-02-23,0.0001287668382898853,5.537697064384253e-05,-0.000313715258117935,-0.00013196670375754515,0.00014319768558910748,0.00028085237872239877,0.00038523681588912423,-0.0005023497889093675,-0.0003995862565282851,0.00035490478781845247
2015-02-24,5.594295407495439e-05,6.196809706552828e-05,-0.00016234757333868487,-0.00014489368606611895,0.00010319647115602029,0.00014733726309514202,0.0003382787589819962,-0.00033509586908393035,-0.00032923797388960743,0.00026462904290375927
2015-02-25,0.0001655042934635055,4.409988472590053e-06,-0.0002987705171989762,-0.00011523173278128306,0.00016466967517098606,0.00020082913351985275,0.00036426797214628506,-0.0004354666373507163,-0.00030209730279456143,0.00025121558875515135
2015-02-26,0.00027806907824749316,-7.751667764566064e-05,-0.0004331287882232415,-5.3823046097497065e-05,0.0002029137715195261,0.00021449066122905883,0.00043290414736885455,-0.00046955793031610085,-0.000519139374653442,0.0004262234527206317
2015-02-27,0.00015972398808201472,-2.7389278554274e-05,-0.00028282538137563637,-9.443746066218305e-05,0.00020989355850856324,0.00015005188819005102,0.0003682995905181473,-0.00044972962006829473,-0.0003669550868731185,0.00033448149765679877
2015-03-02,0.0001897053510330367,4.223964738520015e-05,-0.0004245902971651864,-0.0001192213770534337,0.0002500777326026743,0.00022201099177412108,0.0003517276687486255,-0.00042982035940994714,-0.00039165031321721985,0.0003086652253511714
2015-03-03,0.00018183489678268147,-3.84972722512816e-05,-0.00021356277272406403,-0.00023035084962979603,0.00018188316265939884,0.0002138180765963553,0.00043813040232628525,-0.00043113422333381293,-0.0004247691859755841,0.00032162133234049997
2015-03-04,8.334974145776922e-05,1.390007697356962e-05,-9.70118797257234e-05,-0.0002716417678363132,0.00013417533716077873,0.0002239945988258482,0.0004113082766876719,-0.0003965923171038964,-0.0004580887892250557,0.0003564628937445906
2015-03-05,8.515156334231613e-05,-7.515146270125066e-06,-0.00011145000980637915,-0.00018407190200270436,0.0001532669928591742,0.00014222111611881388,0.0003108120317390252,-0.00032675364675487095,-0.00036581607981646044,0.00030469470249445615
2015-03-06,0.00018565809757559626,-2.6609394253717918e-05,-0.00027356385865952206,-0.00017734114273722668,0.00022046307798109094,0.0001823872583716392,0.00036236189988126874,-0.0004139262963096385,-0.0002968986548300828,0.00023660902054905772
2015-03-09,8.303775086708018e-05,7.127605031541611e-05,-0.00022237897375150008,-0.0002427326141637206,0.0002498253778659091,0.0001931566818199719,0.00030052674370475985,-0.00036794549731037837,-0.00038421251598251896,0.00031982669076190476
2015-03-10,0.0001123084036127584,9.895208544194586e-05,-0.0003712728897597036,-9.702141093948478e-05,0.0001987079089364862,0.0002011636637639265,0.0003058770299698664,-0.0003812725937994525,-0.00040124506581869224,0.0003342302663477091
2015-03-11,0.00016443448751986576,5.166098906338515e-05,-0.0004022947434654707,-6.906738796912809e-05,0.00018936232909830264,0.00018808808481526884,0.00035273046915695536,-0.0003817109589399001,-0.00042874987305739284,0.0003353127697529948
2015-03-12,0.00010441632728280155,9.421176824918331e-05,-0.00032998748037517097,-0.00011051238966458456,0.00013636416884499174,0.00025562755261621453,0.0003569641481163434,-0.0004295204909857027,-0.00041906098984619347,0.00034045316718434027
2015-03-13,6.077749206725598e-05,0.00015962906498821349,-0.00036336156824393496,-7.541077940372617e-05,0.00012843247229974396,0.00018040398009194075,0.00034938163555696053,-0.0003433555223567239,-0.00045833416921342574,0.00036270277387044983
2015-03-16,-7.82381426137575e-05,0.00030771092680744036,-0.0002779650834146153,-0.00021422545716624428,0.0001898001197146379,0.00014004428164067668,0.0003497514190442218,-0.0003218734695871542,-0.00044811173660996156,0.00035341177379293737
2015-03-17,4.525986714573344e-06,0.00024838021746908276,-0.0003949296728937039,-6.686290476682136e-05,0.00014353133132624304,0.0001425028744295384,0.00032347192538117325,-0.00030907003593258486,-0.0004085301214774399,0.0003162498349869071
2015-03-18,-0.00015493360565288467,0.000277163279759685,-5.024152619684339e-05,-0.00018499593910279843,2.035183234497945e-06,8.555631081131124e-05,0.0003457137072956362,-0.00026548060191566164,-0.0002508524833720639,0.00019515727810192826
2015-03-19,-5.749548988220161e-05,0.00018256712115639418,-0.0001090307306020645,-0.00018611172964744759,3.588028624599941e-05,0.00014208619923559637,0.0003598592875497103,-0.0002718139636286761,-0.0003712611118012292,0.0002757429797461755
2015-03-20,-0.00012244403009238413,0.0002442655832576863,-9.224608165523751e-05,-0.00016530600102147332,4.1584875075524955e-05,5.59498148827442e-05,0.0003204770593913907,-0.00020425000632567913,-0.00031629867235950446,0.00023936189358737467
2015-03-23,-5.858923413366922e-05,0.00016102825734501565,-9.693397938672623e-05,-8.085967118822649e-05,-3.178399963059235e-05,0.00011029197877071746,0.0002709727422501411,-0.0001840184865178271,-0.000328993311786787,0.00023961501190754644
2015-03-24,-0.00012370797854414274,0.00020387645005827686,-2.665206350048856e-05,-0.00013849591384211372,-2.0204861727782242e-05,2.3018487030280338e-05,0.0003441162456507309,-0.00016054501603643065,-0.0003449627503970751,0.00024391714804683495
2015-03-25,-5.2058894184251554e-05,0.00010746526224519794,-5.396596833652338e-06,-0.00017708652018534176,4.428573273207795e-05,2.5584711571663074e-05,0.00035835400549585547,-0.0001881983649360333,-0.00039325238820405936,0.00028018094593136936
2015-03-26,-0.0001972901697239095,0.00022981494010200542,0.0001419150674318759,-0.00028522234393669067,2.3753310099024205e-06,-1.276575778074232e-06,0.0004241987842591548,-0.0002107013970694717,-0.0004210023471462633,0.0003175405534549258
2015-03-27,-0.00016421977786736363,0.00014717755708824236,0.00019789745192000732,-0.0002375828064701893,-0.00012997521540080229,9.688937062257708e-05,0.0003837432079955849,-0.00011155561846613524,-0.00050671142963803,0.00032297168809993296
2015-03-30,-0.0002457300936762489,0.0002810542264974347,0.00015320267896309914,-0.0002612790056181688,-4.6581653673934825e-05,-2.2112830112599666e-05,0.000350784070631157,-7.757289827893185e-05,-0.0003928300545324691,0.00026105375297033606
2015-03-31,-0.0003345790444950213,0.0003530110585272712,0.00021377996520326919,-0.00020477424739407182,-0.00014879426073538884,-0.00010300263767976103,0.0003609894378391286,-1.541470868525463e-06,-0.00035161061353677567,0.00021592009314063548
2015-04-01,-0.0002573711056706236,0.00018927233175498577,0.0003314106135839604,-0.0001959773017145604,-0.0002004724534656402,-0.00011977828831621906,0.00038434081336234313,1.9491197597702042e-05,-0.0003963201445379774,0.00024525571325969067
2015-04-02,-0.0002007278213802164,0.000150099036992849,0.00026783276662358793,-0.00016797061105219054,-0.00019302189786026686,-9.9381573209021e-05,0.0003904280373577228,3.0924691003752364e-05,-0.0003934507082586705,0.00021428330981067278
2015-04-03,-0.0002715725981987219,0.0002519682280915325,0.00022259514179292974,-0.00013709322556092716,-0.00014114116217456806,-0.00017609964519025093,0.0003079391327423589,9.464573797072356e-05,-0.00035642672507748413,0.0002046028237137551
2015-04-06,-0.0002278702595662142,0.00021321286112662352,0.0001729704476616928,-9.71830794643247e-05,-0.00013780995323443672,-0.00018968158824039794,0.00036742444529866067,6.50373689118737e-05,-0.000423027739490333,0.00025707764763437807
2015-04-07,-0.00020630375515008867,0.00022289034315626708,0.00014901547394521137,-0.00018588089913574267,-8.241082890879381e-05,-9.52262255035051e-05,0.0003728323854104189,-1.723971649852593e-05,-0.00041334918896588496,0.00025540726614236425
2015-04-08,-0.00014737507114045729,0.00017968949324883232,9.009381076389555e-05,-9.6665567597032e-05,-0.00014698683546468874,-3.5457012682671776e-05,0.00030108028069675274,1.4774925613785655e-05,-0.0004600122773584514,0.0003012990050818773
2015-04-09,-0.0001390370190022632,0.00017228738877604968,3.631310637767409e-05,-6.324069203035142e-05,-0.00011849845289670091,4.109457009623951e-05,0.00028532568370803063,-8.233373056331164e-05,-0.0004728692405399672,0.0003417280886641137
2015-04-10,-0.00010718929821991699,9.784434854272781e-05,0.0001289955650709139,-0.00015425719868397778,-9.138142917571729e-05,6.317459661947002e-05,0.00028817994297140187,-9.753334011702863e-05,-0.00045140323643186667,0.0003250654231108964
2015-04-13,-0.0001967713570143645,0.00022339225387663433,0.00011330984306112983,-0.0002231359393553489,-1.959508843581842e-05,2.3303572236038628e-05,0.0003133300214617808,-0.00012383569008971723,-0.00040694871135664445,0.00029713726135631793
2015-04-14,-0.0002140118763349319,0.0001993276640918191,0.00020079583442986822,-0.0001646031510677739,-0.0001777183847682419,-7.328480626848238e-06,0.00035034963252034493,-5.363311207156815e-05,-0.0003891520938353772,0.00025623384591639403
2015-04-15,-0.0001650980498896034,7.716105528975548e-05,0.00031115306756718947,-0.00024508429210384763,-7.772198533634485e-05,-5.59282232883828e-05,0.00026485495335932044,2.3948726623940902e-05,-0.0003745510656424436,0.00024173561075022457
2015-04-16,-0.00020787563025412078,0.0001031677088575184,0.00033189641801189846,-0.00013659503624765482,-0.00024483148319019363,-3.324879408312352e-05,0.00025616549724409576,5.810595664698312e-05,-0.00031757539165332485,0.00019170932968361892
2015-04-17,-0.00017931880915152777,0.00010968401980520498,0.0002934031290927784,-0.00024282973891159854,-9.985691986392001e-05,-3.2106779172914185e-05,0.0002803195246052041,4.837695334242165e-06,-0.00036760198098302957,0.00023355775518098948
2015-04-20,-0.0001506452671267621,0.00011626976602007984,0.00017128432073847165,-8.541002175797407e-05,-0.00014166309190125764,-6.492655036479007e-05,0.000241794311854171,3.1112042608087004e-05,-0.0003050981796045814,0.00018711310012594837
2015-04-21,-0.00011495542366206813,7.413003206914437e-05,0.00014256957810787878,-5.1093552224026374e-05,-0.00016971713737177693,5.28722687812011e-07,0.0002456484010042864,-2.3985517412367097e-06,-0.00032454233153014767,0.000198832092186213
2015-04-22,-0.00012180050545649006,0.00014758957348119878,5.336291459199106e-05,-9.970469193779433e-05,-6.949767683964159e-05,-1.5392489826019512e-05,0.00030993476022376024,-0.00011910405464853752,-0.0002663822286012203,0.0001807058560837245
2015-04-23,-0.00014142840508741617,6.476678245602929e-05,0.00023879653952123487,-0.00010088929975527426,-0.00018630124249715413,-2.9881500778445452e-05,0.00024059356298440637,2.474755143877863e-05,-0.00029628184123605544,0.00018648781971915968
2015-04-24,-0.0002115697706823486,0.00013583962786636828,0.0002785275695723504,-6.354699927492262e-05,-0.0002859758127573553,-6.295021365202054e-05,0.00032961183600647287,6.40982146912078e-06,-0.0003170641721740759,0.00019007036401533922
2015-04-27,-0.00021051312511308968,0.00015921480219761907,0.0002974643025464509,-0.00023355561058476665,-0.0001725749000852806,-2.4953457118432817e-05,0.0003016798383914526,2.2486383017963213e-05,-0.0003006314568723377,0.0001606100424231087
2015-04-28,-0.00016197044109122894,0.00010859508553666419,0.00021602626382656673,-0.00013496581083837292,-0.00010376363525334102,-0.0001528249954372892,0.00036087017270008265,2.4822005180065443e-06,-0.00035551002551975977,0.00022103586680638151
2015-04-29,-0.00015633190708881813,1.2978868550596757e-05,0.0003873443155531053,-0.00018325742996569937,-0.00017910297161288953,-0.00012265552095971563,0.0003711230091316131,9.513250466684775e-06,-0.00038312761086597286,0.0002438046634868421
2015-04-30,-6.194262319679737e-05,-4.5427449958952595e-05,0.0002646852175152803,-4.0473833520165287e-05,-0.0002196716760484961,-0.00010697141223465871,0.00032573334815053784,-1.0285124699742354e-05,-0.0003078918578022956,0.0002010846866487767
2015-05-01,1.4296097818604264e-05,-0.00013031811285980585,0.00026216059908353495,-0.00014712834872962315,-8.34567605553626e-05,-6.904282232334663e-05,0.000365773604180733,-0.0001228600181653397,-0.0002792776256623636,0.0001896193055725484
2015-05-04,-0.00012142486177202814,3.773308933789372e-05,0.0002526300893035192,-0.00010249296489289392,-0.00018613750296652548,-0.00011018710407062829,0.00041712026160699994,-7.689399825119153e-05,-0.0003023911563365851,0.00019192437521359934
2015-05-05,-8.620848773859472e-05,8.929236174297416e-05,8.23670236970611e-05,-0.00010365180448370596,-4.276818103508308e-05,-9.84911802408648e-05,0.00032850032742988075,-5.23041261633328e-05,-0.00032311138865029343,0.00020618454434783925
2015-05-06,-3.737272712524224e-05,1.796247315761655e-05,6.290088290008102e-05,-2.4873931547813623e-05,-5.2527831141988696e-05,-0.00013420055500971972,0.00031238678139348247,-4.946255315932402e-05,-0.0002737933254134718,0.0001791452166850678
2015-05-07,-2.8435943893094363e-05,8.110644476216921e-05,-7.895108579529433e-06,-0.00014403999379538745,3.0193216858355465e-05,-6.530197853398499e-05,0.00040745721644557323,-0.00013703244667417208,-0.000382798846890766,0.00024608533907073335
2015-05-08,-0.00015567426817727147,0.00012016636802259016,0.0001541575693386841,-9.399988422079553e-05,-8.697378489377731e-05,-0.0001385445960964682,0.00036142078650707246,-7.234221025329696e-05,-0.0003082009140857808,0.00022150540062034624
2015-05-11,-0.00014991581414808934,0.00011637160693889377,0.00018665798034636942,-0.00016461953738663646,-6.602939763538512e-05,-0.000128399795446172,0.00039083843317973613,-7.818931147812042e-05,-0.00031500862414040806,0.0002084860446307235
2015-05-12,-0.00015549167305454515,8.551020732756529e-05,0.0002513326047137829,-0.0001339308104372017,-0.00014073926309529118,-0.00015442769919313953,0.00042876241631436066,-5.656449874951244e-05,-0.0003468140394397301,0.0002222530252238772
2015-05-13,-0.0002300961384136478,0.00016069661280258525,0.0002910427030946689,-0.00014500955894472187,-0.00024928835025488615,-9.976607650917513e-05,0.0005270053125597564,-0.00016083650369192945,-0.0002801807020613202,0.00018765752808030597
2015-05-14,-0.0003243838722902984,0.0001639140151599316,0.0004372409715423431,-4.241729156353666e-05,-0.00037798013657182154,-0.00018645375138649951,0.00044119740337646846,-6.689212305888842e-05,-0.00017612026900006364,0.0001331801174857053
2015-05-15,-0.00025871878449118134,0.00017879630078953017,0.0003328009366527309,-0.00011982550951057571,-0.00026742313806100114,-0.00015977434482710405,0.00046165963827895715,-9.840796559069942e-05,-0.00019369105108618667,0.00012470931527069906
2015-05-18,-0.00017068441925633394,0.00013175280096649393,0.00019337430834651418,-7.070866279364034e-05,-0.00020992449665442094,-6.91046245500631e-05,0.00040945898062070413,-0.00013904083632146694,-0.00022446144469254886,0.00014884021057687963
2015-05-19,-2.6420105872041827e-05,2.067069674502797e-05,6.104855902521952e-05,-2.7346842651673406e-05,-0.00014940402459545296,-3.619739100108044e-05,0.0004613961871237533,-0.00024505660450785394,-0.00020380854203614837,0.00014462561351089379
2015-05-20,-0.00014037302506906676,0.00010292576916515368,0.0001768924734439365,-8.507697357852586e-05,-0.00016916044852145068,-6.224216096983523e-05,0.00040186397927162443,-0.00016425205072134047,-0.00020157571139302333,0.0001403099144894615
2015-05-21,-8.172653101694231e-05,3.8474656877704504e-05,0.00011200227334731217,3.912380953926403e-05,-0.00022583713908086965,-2.2055087633667675e-05,0.0003662246093300639,-0.00019496134534907616,-0.0002067648120513861,0.0001765302702054529
2015-05-22,-2.4327155193995634e-05,6.0192019371025e-05,-4.94074485095598e-05,2.0046696926867037e-05,-7.617240866594766e-05,-3.426477810493378e-05,0.0004066577705606339,-0.0002918304365285042,-0.00017820368936349862,0.00016831383171577938
2015-05-26,-4.430406839443809e-05,9.202695878209586e-05,-4.4057219958669024e-05,1.4669142109590728e-05,-0.00013676509588569224,5.801472395231336e-05,0.00036472115813955194,-0.0002863996652933687,-0.00017102123994441887,0.00015340113094971033
2015-05-27,-0.00010664876885199696,6.988852577724655e-05,0.00016365638273675666,-0.00010686546368745935,-0.00012878439232497964,-5.361874938952099e-05,0.0004080084842806829,-0.00020379177243429886,-0.00017685894727294607,0.00013506775023389844
2015-05-28,-0.0001195255369285392,3.702638882968157e-05,0.00023300772722768988,-6.62027185495094e-05,-0.00019289333827086572,-7.637173405119525e-05,0.00043053889021778605,-0.00024142017946798822,-0.00012928908796681557,0.00012595391602565967
2015-05-29,-6.869935302787534e-05,-9.250941561014033e-05,0.00033694265151782343,-1.2654320916035897e-05,-0.00030596933642687216,-5.434877913955069e-05,0.00036066814154030527,-0.0001261143371648725,-0.00011234458602829914,7.430674275584609e-05
2015-06-01,-2.6706127179419785e-05,-7.155358966145272e-05,0.0001982777080008517,5.438286709459096e-06,-0.00022057548493102305,-5.3096563551333076e-05,0.00036962715586834685,-0.00015870297451445886,-0.00015917759638968063,0.00011648481555768045
2015-06-02,-8.489355605251495e-05,-6.03325641064707e-06,0.00024908765996269587,-9.350511119634013e-05,-0.0002047521693259724,-2.953729995894272e-05,0.00042726972749885725,-0.00020598938839138173,-0.0001960367890176569,0.00014421841531171362
2015-06-03,-1.769047130786218e-05,-5.214139008886823e-05,0.00013241669361957042,7.441690474049422e-05,-0.0002549984311762399,-9.639110661810099e-05,0.0004944937095407373,-0.00022427884489436417,-0.00021125451791929178,0.00015515216591471467
2015-06-04,-8.990441018702426e-05,-3.7547605216560866e-06,0.0002424519728229874,-6.400846154662725e-05,-0.0002517250046401541,1.094082318457354e-05,0.0004217068017111046,-0.0002001126865573688,-0.00028108320244152676,0.00021609855674046413
2015-06-05,5.156373564229314e-05,-0.00010903280099982529,0.00010358306765049109,-8.15278719086543e-06,-0.0001744935304414403,1.2459594810994984e-05,0.0004606022774893172,-0.00026646699629392576,-0.00029422505727730655,0.00022421146149311302
2015-06-08,-8.625270816159183e-05,5.440808688493928e-05,0.00010371366939280688,9.92816930542404e-06,-0.00023270679231565498,2.5391186986703507e-05,0.00043137921290764894,-0.00025041827254851726,-0.00030281807035602293,0.00024849445746925186
2015-06-09,1.1181576364318848e-05,-1.867441764825072e-05,2.845538539994431e-05,2.6983513701926004e-05,-0.0001593070588804986,-2.6921009274288865e-05,0.0004693923029906871,-0.00023025956068926587,-0.0003533411866484884,0.0002519515940347314
2015-06-10,-6.94763627394229e-05,9.177393939124292e-05,-3.0012238862340765e-06,7.192364523504139e-05,-0.00023812098906049808,1.3556090235983254e-05,0.000410075980150193,-0.0001538218565971146,-0.0003802388139137296,0.0002568562744568806
2015-06-11,-7.591975279584044e-05,0.00012349393586514115,-3.1462909615524726e-06,-4.815212373947449e-06,-0.00021927414785040053,6.734334865031444e-05,0.00047092247115646316,-0.00023402835643996853,-0.00043639475924145063,0.00031171078383345624
2015-06-12,-3.3959252670934026e-05,7.677639011431495e-05,-3.7916987574216666e-05,6.044219600762676e-05,-0.0002655943785826939,9.990834068899015e-05,0.0004977104418081128,-0.0002937068580634687,-0.0004068614408478284,0.0003036055429302201
2015-06-15,-0.00010413461785704168,0.0001460249665546972,2.4794611415759893e-06,1.550099444994242e-05,-0.00022715767650947558,3.439083734304085e-05,0.00046454822849321953,-0.00024256801275322412,-0.00033443217218201773,0.0002453852595628095
2015-06-16,-0.00014427590026479058,0.00018256786398426934,2.97954045464649e-05,4.772371286305629e-07,-0.00025631379003974997,4.64731559460356e-05,0.000454429406212712,-0.0002127016704471206,-0.00035822532013012054,0.0002581388886784483
2015-06-17,-0.0002093958684924536,0.00016548104404620384,0.0002048785021369669,1.9589819596089325e-05,-0.0003329743457247576,-0.00012249603529043349,0.000484602781939715,-0.0001132858135191768,-0.0002710802976918121,0.00017299301993995223
2015-06-18,-0.00013694580750781503,6.857178284467929e-05,0.0002271278173247961,-6.270989546849903e-06,-0.00034165174323649156,-7.74472944831267e-05,0.0005340734603990864,-0.00014720725815323826,-0.00031284979721186296,0.0001920906659081574
2015-06-19,4.856204974184634e-06,-0.00012920875049895445,0.00021869081679757674,0.00010135197913856836,-0.00036899913918563704,-3.1754470879594154e-05,0.0004420684248987346,-0.00012513805548662257,-0.0003454092439140223,0.00023343385630238134
2015-06-22,-0.00010459738356109243,3.5507553451069205e-05,0.00020210355162428306,-2.1243073917450936e-05,-0.0002867347352070813,-2.720506689325372e-05,0.0004959065706509301,-0.00016594994218016926,-0.0003810339041728124,0.0002524607179672858
2015-06-23,-0.00018252731088036196,4.232360235000238e-05,0.00037449134633257743,-1.8829648657811213e-05,-0.00044396030825806856,-6.597156178280231e-05,0.0005113281716873849,-8.529430691442408e-05,-0.00033041508417283247,0.00019821202565448864
2015-06-24,-0.00013856908207213935,-1.8153603971641607e-05,0.00042149841056319083,-0.0001263687393152843,-0.0003982751691425524,-3.503811815089991e-05,0.0005975502906745006,-0.00014737507434421648,-0.00041034052439329824,0.0002545770615632048
2015-06-25,-0.00012258584576899204,-5.9334532464480356e-05,0.00041836495284060336,-5.567527834961835e-05,-0.0003997327112426254,-6.667831102582372e-05,0.0005972410246975757,-0.0001686866400118503,-0.00040793394199560226,0.00026501895811666815
2015-06-26,-0.00014961893068904495,-8.31773757145127e-07,0.00032444127765272283,0.00010956808061448296,-0.0004709764566634758,-0.000138478100741201,0.0005050593911411563,-6.172719727198794e-05,-0.0003240952613290972,0.00020688305191945283
2015-06-29,-0.00030551859222144654,0.00021666465853757927,0.0003400797563211117,-3.1443646742663686e-05,-0.00041247716523941554,-0.00013227890886153768,0.0004824687939722419,-7.222003191440646e-05,-0.00029378991133069757,0.00021005721910049777
2015-06-30,-0.00035732743089381044,0.00024154430215928588,0.00042659343059956237,-9.804119308072078e-05,-0.0004123796284832681,-0.00016849906599812267,0.0005290287061879388,-3.704296162650167e-05,-0.00036418762278699057,0.00024126058618730364
2015-07-01,-0.0003384959309058748,0.0003567367889123718,0.00017850932731397918,-5.443977387849502e-05,-0.00028705917852956883,-0.00016211531468988266,0.00047741280872246744,-3.8945391108703015e-05,-0.00034926055489091154,0.00021763466230915324
2015-07-02,-0.0003316385523657677,0.00022195837011970807,0.00035654362337655954,4.244558400785282e-06,-0.00039554828158143776,-0.0002220213147527579,0.00044877685874780346,4.687099539370937e-05,-0.0003488257754146566,0.00022052886074144795
2015-07-06,-0.00030230629758234843,0.00011774624186562904,0.00048449528085774433,-3.0462383875596438e-05,-0.00044311420199558485,-0.0002251264508443835,0.0004799295319998509,7.997877011789445e-05,-0.0004236122683785523,0.00026331494297559405
2015-07-07,-0.0002116809502259365,7.928901426584249e-05,0.00041784825732628416,-0.00018935331109289338,-0.0002641709148063845,-0.00016900689557512727,0.0004914490574800465,4.605374175118207e-05,-0.0004652032385794279,0.00026424735073523817
2015-07-08,-0.0002741524179619382,0.00010717932362123083,0.0004847634342793111,-0.00015311190635400925,-0.0003381174950713422,-0.00016283267444111744,0.00042650164093862436,9.191650077518612e-05,-0.00044367774376073005,0.0002616247730413655
2015-07-09,-0.00020667568489289107,3.8935961744726534e-05,0.0004282843986379379,-2.0016285182250515e-06,-0.00045726184127918394,-0.00012073070380464943,0.0004297926300487649,8.249455552169008e-05,-0.000479905783150672,0.0002867648868416714
2015-07-10,-0.00025052086679128887,0.00011733623074361183,0.0004317045500625335,-0.00013749341478097588,-0.00037582808796984835,-0.00010654788119301636,0.00048220391360740203,1.1647138726811335e-05,-0.00039664022830830994,0.0002234815988568506
2015-07-13,-0.00019306616836218602,0.00011986917589060437,0.0002589859941127103,2.1548877938705815e-05,-0.00043424771364231583,-5.600401271442165e-05,0.00045252222868410324,1.1163306695653047e-05,-0.0004219263522551378,0.00024078499490338273
2015-07-14,-0.00028245868289939944,0.00018948118247451534,0.00031825136360134725,-1.2405862658708411e-05,-0.0004136676457416246,-9.361017224196813e-05,0.0004173284514421144,4.861696622749517e-05,-0.0004212980808673654,0.0002498450159313034
2015-07-15,-0.0003106676075905039,0.00019901981043662237,0.00040587971700106794,-7.872894958804808e-05,-0.00046167456339800406,-8.348122564912422e-05,0.00041770203970234454,0.0001232457756075861,-0.0004568060703147199,0.00024482349740063275
2015-07-16,-0.00018922658731707062,8.861973200011597e-05,0.0003213078990335523,-0.00010294626100982186,-0.00030195353019503435,-6.135643423994461e-05,0.00041555267928245973,2.1764608415304754e-05,-0.0005143011873021859,0.0003226487424390252
2015-07-17,-0.000160273757287096,0.00010798373373466425,0.0002351369142430961,-7.310870719456387e-05,-0.00034541867857428195,4.658423676563023e-05,0.0004684017950433092,-6.245085845626303e-05,-0.0006263682990603307,0.0004109704845595488
2015-07-20,-0.00021222301994577977,0.00021440014064797027,0.0001766953418349663,-0.00011337796316303068,-0.00033140977923163187,0.00012140832279444735,0.00044000730286792786,-6.326277356654211e-05,-0.000683298348596581,0.00045113690651183216
2015-07-21,-0.0002480446528916025,0.00012045459319442141,0.0004291887975447885,-0.00013323994357149725,-0.0004621775343598023,5.552210811177183e-05,0.0004655387584715301,1.0982551744524727e-06,-0.0006281833473098068,0.0003998511108687826
2015-07-22,-0.00014162831309804134,4.333887196843146e-05,0.00025779428245045494,6.784919970529574e-05,-0.0005056737606625623,5.0448460151064634e-05,0.0004642328213612032,5.056138621638284e-07,-0.0006681239701091871,0.0004305550193563351
2015-07-23,-0.00018489322294203256,0.00012451118336919732,0.00028876320173763575,-0.00010955864580721852,-0.0004096389172711743,4.450167687410078e-05,0.0005152494695858587,8.73670078886668e-07,-0.0006983505294547374,0.00042813219188620605
2015-07-24,-0.00023668381283074505,0.00017303813057102223,0.0002670247334336036,-3.710480969703993e-05,-0.000438474457150213,5.543791399847259e-05,0.00048198224977516815,-5.302863132691446e-05,-0.0005969782842694012,0.00038437346603136663
2015-07-27,-0.0002881991276026865,0.00019892318812743935,0.0003225872399496266,4.41407941022872e-06,-0.0004758928128772485,-5.196671127690594e-05,0.00042086516776779215,7.987215446439433e-05,-0.0005322908505194027,0.0003216626725597721
2015-07-28,-0.00019896153737725955,0.00013424791782931178,0.00027351669721815486,-5.1255400061459705e-05,-0.0003911991268750279,-2.4009132142302492e-05,0.00042720878675122503,7.842608385807623e-05,-0.0006116830253194878,0.0003632764984608135
2015-07-29,-0.00016936636687365809,6.944092935168354e-05,0.0003057424610503987,-5.23411502629809e-05,-0.00033380855893903535,-0.00013326112814970523,0.0004776859307210092,9.793856149551902e-05,-0.0006175305625206323,0.0003543132432162685
2015-07-30,-0.00015959552159136353,1.5220783343428568e-05,0.00038191247126468774,-8.746895058492181e-05,-0.0003160092712184495,-0.00019295408428887315,0.0005086030537934175,0.00011754457558270023,-0.0006524006612638293,0.00038487961879433985
2015-07-31,-0.0001354858660360998,-1.8991096695623183e-05,0.00036574866776006246,-3.6704153925055244e-05,-0.00032256071106768515,-0.00017803533054447027,0.0004481896693397519,0.00011895128347316763,-0.0006021464121087998,0.0003607820979933639
2015-08-03,-0.0002318197841072266,0.0001636203651758767,0.000246796740540821,2.108520765937115e-05,-0.00036098409337287016,-0.00014367971936907718,0.00039332717863826624,0.00016116652827725259,-0.000630473306845989,0.0003811585884105767
2015-08-04,-0.00018324759424792928,0.00012159837508191008,0.000234156985261697,-6.404605659262111e-05,-0.0002449709842658465,-0.0001551393162957694,0.0004147645824629266,0.00015405427676727299,-0.000712277375718131,0.0004353820572165455
2015-08-05,-0.0002600470949760003,0.00019068306106671405,0.0003338043399878387,-0.00023079743716146635,-0.00023021047956016567,-4.372134995909299e-05,0.0004119347370146187,9.125726103041687e-05,-0.0007004672133850212,0.0004378732361357447
2015-08-06,-0.0004121712521136225,0.0004899101694186038,0.00018497876122770254,-0.00026911968629763413,-0.00020759778197854996,-6.394545680570018e-07,0.00042924461322339097,5.667300362641181e-05,-0.0007399181756986874,0.00046848030167500124
2015-08-07,-0.0004380414346755044,0.0005168264983656334,0.00019229156995158444,-0.00024972036989168774,-0.00021967730410786881,-2.783215287094007e-05,0.00037726066070471395,0.00013892696241136343,-0.0007531900561356837,0.000464311799820781
2015-08-10,-0.0003277652349614221,0.00030649273209170345,0.0002938767719329865,-0.0002551199369037376,-0.00020828317328745911,-4.988851657311902e-05,0.0003950308275176735,0.0001428488463327722,-0.0007774365087292213,0.00048044498403555097
2015-08-11,-0.0003933775725180411,0.0003957398176510588,0.00028997801109443763,-0.0002707049752481254,-0.00017732457855270528,-0.00013448692175258362,0.00039732741912824193,0.00018134555028016114,-0.0007286902913992976,0.00044017140570260654
2015-08-12,-0.0003782360501274971,0.0003330321651674659,0.00036052096105958307,-0.0002606121257791522,-0.0002470581506591775,-9.487222274329361e-05,0.00041876629312253416,0.00014467101282397699,-0.0006977150644077133,0.0004213270392279256
2015-08-13,-0.0004121953960790608,0.000384251545953469,0.0003467096692657055,-0.00024669047707378405,-0.0003016007262434603,-7.668298715057115e-05,0.0004580570410380319,0.0001445991309842777,-0.0007767524289505924,0.00048131438103340973
2015-08-14,-0.0004689166454651221,0.0004746176093603344,0.0003599295631522949,-0.0003176529387301898,-0.0003095190341909776,-2.1070108468211612e-06,0.0004483166300967359,8.676292281327089e-05,-0.0007302428256074911,0.0004589535059642512
2015-08-17,-0.00037487765541042626,0.00037854093940152024,0.0002955388738379869,-0.00030078608600820397,-0.00021531917042046794,7.507053613985126e-07,0.00040601445604023303,6.935374286809459e-05,-0.0006979306028885371,0.0004387741019611924
2015-08-18,-0.0005627675204808078,0.0005239243827810203,0.00044314871049971373,-0.00025861787463674155,-0.00041820100899026165,-3.6329639094799526e-05,0.0004435245490916513,0.00015512658176836114,-0.0007029642517894404,0.00041227774240901877
2015-08-19,-0.0006059938396880996,0.0004977108332116186,0.000599584885908624,-0.00027208407493609,-0.0005035726244749447,-0.00010627999767199095,0.0004019894978367841,0.0002865145745555228,-0.0006823250767698068,0.0003839503155253429
2015-08-20,-0.0006563371948095082,0.0005999308511555421,0.0005193802274514139,-0.0002610528601047343,-0.00045923276634122004,-0.00011719360806287764,0.000411384479080526,0.00021667536911978633,-0.0006538986185059131,0.00040113991332915364
2015-08-21,-0.0006449421367948776,0.0005763015776514776,0.0005217748313520207,-0.0002541887808863398,-0.00040076168101536684,-0.00018583218960434994,0.00038692964669769306,0.0002156460331354873,-0.0005355373937003735,0.00032091833374797013
2015-08-24,-0.0005375814232873591,0.000473042827979379,0.0004774686376316055,-0.00026586682713175287,-0.0003555005313203262,-0.0001742662562435448,0.0004353650653345642,0.00018226563221124606,-0.0005483694212376385,0.0003133907617747615
2015-08-25,-0.0003934576215306189,0.000272235916352583,0.00044516770192656093,-0.00010184338275278423,-0.0003700687321698745,-0.0002710805614697803,0.00045783642574498407,0.00015550577834950313,-0.0004860399367327614,0.0002926372871287046
2015-08-26,-0.0005040755524519459,0.0004135685610366592,0.0004306861405980779,-5.286386694449297e-05,-0.0004132632371455069,-0.00039661732320827106,0.0004905505875108344,0.00022307918121681342,-0.0003872025992216546,0.00019299346966795972
2015-08-27,-0.0005615859586100071,0.0005219617126490188,0.0004016371068303387,-8.93190461642374e-05,-0.0004230156459748627,-0.00044298494053167034,0.0005923276192092743,0.0002741234311539366,-0.0005479775124090959,0.0002743022181180173
2015-08-28,-0.0006206927992251156,0.0006508171546358305,0.0002896645239069094,-9.228196719627928e-05,-0.000309601687894177,-0.0004328368064175237,0.00048680704766868726,0.00025648606300025453,-0.000511698459800973,0.00028265076670111813
2015-08-31,-0.000596084267734126,0.0006653122822422785,0.00019109393021926645,-0.00010010999810862366,-0.00021710685610768637,-0.0004360531963536578,0.00048213077119428627,0.0002390702467285795,-0.0004904703739551652,0.0002628225093623017
2015-09-01,-0.0007989832299144543,0.0008260015286566098,0.0004208567299926777,-0.00024238005240150712,-0.00029199521227531514,-0.0004949059984640618,0.00047576966116262553,0.0003268572692966855,-0.0004087087583842623,0.00018685669209903694
2015-09-02,-0.0007092621819072462,0.0007965583549855086,0.00024792314354238603,-0.00010413425404719699,-0.00032970708180639005,-0.0004369685401118834,0.00047437911405205993,0.0002791421771773349,-0.0004017247504338184,0.00018325668267666836
2015-09-03,-0.0007536767442559473,0.000793062791457861,0.00030314995623800757,1.1757346494224198e-05,-0.0004903942878641907,-0.00048789615994230054,0.0005203554958962374,0.00031662939279965274,-0.00039054948310477886,0.0001787633688814204
2015-09-04,-0.0006624998099453342,0.0007152133308900961,0.00026009448214602254,-5.6988927171876605e-06,-0.00041007819135470587,-0.00041643261585311807,0.0004170092479231467,0.00031399698823138256,-0.0003997688090499399,0.00018786994195854612
2015-09-08,-0.0006781257797059114,0.0007478048587629415,0.0002354674171099985,-5.921014055144773e-05,-0.00034421201049193197,-0.00040260553906206614,0.0004347330177600951,0.00026047159671766656,-0.00039416319546206613,0.00020022654821974864
2015-09-09,-0.000736557400486778,0.0007950021039372568,0.00025747427603202465,-3.8477238085561985e-05,-0.0003360788963720548,-0.00045418573943393353,0.0003271201972996386,0.00040021114674943653,-0.000472268969168705,0.0002601074676671124
2015-09-10,-0.0007293059244611681,0.0007797697697477584,0.00030091858405830677,-6.259378745398538e-05,-0.0004099206229274954,-0.00039020522948942857,0.0003577528878305515,0.00040564062762204686,-0.000489915904979446,0.00023784593628236456
2015-09-11,-0.0007211262435230894,0.0006969010920770198,0.000476535354085786,-0.00021748682618446136,-0.0003938931773507272,-0.0003344130202190942,0.0003152687655983803,0.0004520840073844769,-0.0004874379582754697,0.00021275705226539432
2015-09-14,-0.0006212688872904936,0.0006183126031387054,0.0003412458053847129,-7.384309332806281e-05,-0.0003874935630419213,-0.0003485426681021798,0.0003377185950616292,0.0003872171460906418,-0.0005030346573642909,0.0002509733625846479
2015-09-15,-0.0005944271611233714,0.0005056580151887404,0.000489341171294011,-6.317457104202187e-05,-0.0004950270021180699,-0.0003918699050223899,0.0004072503457603349,0.0003643440976128995,-0.00046792715315833663,0.0002475876156447683
2015-09-16,-0.0004995081011922937,0.000369013862070815,0.0004958976620143638,-4.6921319503002296e-05,-0.0004436964504370613,-0.00042004569831890354,0.00043769321647103496,0.00036534655843999467,-0.00048684925522233385,0.00022872065588337015
2015-09-17,-0.0005238881349040519,0.0002479027052315246,0.0007473287628791373,-6.617760370034986e-05,-0.0005239186936250532,-0.00047192662600992197,0.0003931137498976167,0.0004056899583797305,-0.0003960318966287346,0.0001881855152152702
2015-09-18,-0.0002449357865571141,-4.45874384128438e-05,0.0005856113508456227,9.190260049977885e-05,-0.0004716421171604007,-0.0004297770503898825,0.00036603134098781714,0.0003960471014317485,-0.000546347881868945,0.0002985582422783198
2015-09-21,-0.00022403295257798604,-4.2622377113283715e-05,0.0005337785027164123,0.00011156327515716904,-0.0004708322319522066,-0.00040028870060074447,0.000392885021896959,0.00033553326272779335,-0.0005195991244830028,0.00028417997012496546
2015-09-22,-0.0002620621017445238,-4.522997025823588e-05,0.0006045013795662646,0.00011981739756887749,-0.0004508898229017323,-0.0005320638677742441,0.0003425130002473395,0.00044521317076614414,-0.00046397421017824875,0.00024364367244730442
2015-09-23,-0.00011578490235314717,-0.0001359866190156977,0.0004548746356790095,9.299098275386292e-05,-0.00032321411272854574,-0.00044765144341473925,0.00031679434702538284,0.00043369118391286057,-0.0005761655824159558,0.00030104482550736764
2015-09-24,-0.00014726769401466217,-7.590588617262532e-05,0.00043702860321268803,7.435812908246093e-05,-0.0003291483579083952,-0.0004855054726602033,0.0004581130573130497,0.000384315785409501,-0.0006952164966285874,0.0003792812702614959
2015-09-25,-8.470783944200988e-05,-0.0002416301946370277,0.0005926353344884623,6.118493772273772e-05,-0.0003926676172628322,-0.00045110634794904084,0.00040263487209701854,0.0004205160372691731,-0.0006549739802860118,0.00034828411229165246
2015-09-28,-0.0001723838214942555,-5.9758176483263366e-05,0.0005032728938942684,-1.5868191709267863e-05,-0.00031251874485371117,-0.00047308780235445595,0.0003886244252716102,0.00049176733983727,-0.0006906518693859942,0.0003398933129059034
2015-09-29,-0.00019232966453931185,-0.00010092600087988133,0.0005865593593393633,2.814632430248043e-05,-0.00037603673354554,-0.00045121253552198384,0.00032985950233895694,0.0005057692113197912,-0.0006648388366162807,0.00033416052718608646
2015-09-30,-0.00021545861457328524,-0.00012563869254313923,0.0006508015246515816,5.7051012723277963e-05,-0.00038352142890607857,-0.0005147670953970975,0.0003295327349999849,0.000469062589844374,-0.0005668100034695658,0.00030082771498481445
2015-10-01,-0.0001633589807585314,-8.124586471901999e-05,0.0004851413158478311,8.315676058894082e-05,-0.0003587065695812748,-0.0004845779348680527,0.00037162147242745733,0.000437013234594906,-0.0006071510480945182,0.00031808125851004107
2015-10-02,-0.00012025465901994807,-6.978650014884049e-05,0.0003341532070142753,0.00016685009421936892,-0.00029470928962170226,-0.0005084381609008429,0.00030986946918234656,0.0005027420012510379,-0.0006584920519910227,0.000337628297180554
2015-10-05,-7.199051707003274e-05,-0.00013555813922512224,0.0003163799449611253,0.00020733419804540125,-0.0002926253050392364,-0.0005074645942030505,0.000298135965004373,0.0005141001180035687,-0.000672881859774592,0.000344379555100624
2015-10-06,-0.00011282011883980445,-3.256128196382855e-05,0.00025866040304756274,0.00014191594475655885,-0.00020891504447905287,-0.0005159195050821776,0.00025924236967429445,0.0005232452459490028,-0.0006551548700935439,0.0003426240054492935
2015-10-07,-0.00010836950886423697,-4.923397141923399e-06,0.00017996348330746826,0.00026388279424208877,-0.000315352974597876,-0.0005159637277757506,0.0002823408037378218,0.0005814902117753547,-0.0007062784775391448,0.0003427600994085067
2015-10-08,-8.742979481831173e-05,-6.207770114565478e-05,0.00022844848498280567,0.00024741615124213023,-0.0003241157331748037,-0.0004809856816954377,0.00031608733118449264,0.0005258031813412563,-0.0007829927753106106,0.0004198568436766109
2015-10-09,-2.690829025787189e-05,-0.0001250530719968453,0.0002337927916654715,0.00012479983282577285,-0.00015308715104400857,-0.0005003499634488127,0.0003192535872012757,0.00047537193692844676,-0.0007747357709417084,0.0004267817280454965
2015-10-13,-7.282290846355827e-05,-4.654287754060789e-05,0.00017607887193832154,0.00021256979348340758,-0.0002336550218694465,-0.0004994767075739408,0.0003125439821286165,0.0005150210154897389,-0.0007963551775912146,0.0004326728496853831
2015-10-14,-0.00015023013254697427,0.00015255398341341455,2.4768664829642826e-05,0.0002088895005823519,-0.00025144259890532046,-0.0003982148856535566,0.00028694302903833555,0.0005427631988254439,-0.0008890995881917427,0.00047228237658756764
2015-10-15,-5.463683230067628e-05,7.17494000363495e-05,-7.868075160973216e-05,0.00024204445468171618,-0.00011624822386724701,-0.0004589064444302307,0.0002993111147832142,0.000474683351427696,-0.0008826035890795031,0.0005038705261852447
2015-10-16,3.0933840739178983e-07,-1.2042345154867446e-05,-1.5853093324078634e-05,0.00015572023540950334,-0.00011586136895545482,-0.0003536769239581329,0.0003171989101930159,0.00041108295708521675,-0.0008997493953735065,0.0005127328328841836
2015-10-19,-0.00021771325355240075,0.00028017693177262264,-7.420205151863722e-05,0.00022773333397696147,-0.0002163265280241064,-0.00038304741805777684,0.00034444897804351143,0.00038351382407432813,-0.000846387495218797,0.0005034676312221063
2015-10-20,-0.00013067916007828196,0.0002591663867458822,-0.0002538287566893958,0.0003744219247793562,-0.00024602866575079534,-0.0003607001141351686,0.00036191166082276405,0.0003135568157111787,-0.0007542843186643493,0.00043644321863957336
2015-10-21,-0.00018865009959809974,0.0003042109126807262,-0.00018765044211705448,0.00030855265473010794,-0.00024188145352171259,-0.0003508684576805157,0.00033574591718540936,0.0003405406209930975,-0.0007652096770510361,0.0004454139022288285
2015-10-22,-0.00025022534083663883,0.00029968152813020406,-2.429420803088918e-05,0.00020320023138616257,-0.0002721031713722958,-0.00035367640447631424,0.00038193545193611345,0.0003486627306558965,-0.0007748404775969886,0.0004427953489453233
2015-10-23,-0.0002243534437236456,0.00035661069631935834,-0.0001817584159734295,0.00028406571022447126,-0.00029499356206511354,-0.0002856952229906805,0.0004143967488212316,0.00019489774448127814,-0.0006541988644287178,0.0003915569760178546
2015-10-26,-0.0003156822194076488,0.00048520867079287025,-0.00020703347987655442,0.0002545708367402127,-0.0002418193422447472,-0.00031833721208703383,0.0003469315609242671,0.00027853774134404055,-0.0007198997193157211,0.0004380558823640114
2015-10-27,-0.0004276886925096203,0.0004951062538975405,5.819029247763983e-05,0.00014362376980274483,-0.0003417645248893174,-0.0003692557998117921,0.0003634498903958179,0.0004089814527537469,-0.0007345027355707724,0.0004030368371037013
2015-10-28,-0.00040059252461844104,0.0005339081471880057,-6.309479041780594e-05,0.00018026616091322036,-0.0003733926417234974,-0.0002785608523981752,0.0004266078704175738,0.0002958765013576989,-0.0007857648404329849,0.0004661629003118589
2015-10-29,-0.00027382264201202173,0.0004134704803295543,-0.00015374283549614374,0.00019330954563137864,-0.00021825607173594185,-0.00029505968089094115,0.0003452097069530542,0.0002962598993720804,-0.000740117912312873,0.00043299644197078435
2015-10-30,-0.00031567715170603596,0.00047708200340663325,-0.00016576513305319954,0.00015181915198643915,-0.00018944611968275786,-0.0002617475306616497,0.0003410948906948895,0.00024338348067623125,-0.000735572897750246,0.00045483947666497687
2015-11-02,-0.0004782406034452956,0.0006856463919415407,-0.00010723631930236854,3.420796625330531e-05,-0.0002597309576208226,-0.00018992535990558154,0.00039588323631870037,0.00021333707007924543,-0.0007377075356974488,0.0004441097664438162
2015-11-03,-0.0004942798537585813,0.0006484240514589578,-1.0508803887276843e-05,8.235292416295184e-05,-0.000347209454863202,-0.0002633676135633048,0.00043525235506675086,0.00023361005293237244,-0.0006760027031378311,0.000391564857981995
2015-11-04,-0.0004686627131432068,0.0007110809324204956,-0.00016681824904196414,4.063978667993677e-05,-0.00022175437847853086,-0.0001833511781008032,0.0003860672965810795,0.0001698773256809255,-0.0006629997502395936,0.0003953395444460904
2015-11-05,-0.0005052113204173864,0.0006643012282419088,-2.908495457632984e-05,6.028126993415199e-05,-0.0003111065968881034,-0.0001808506948659666,0.0003836821862142764,0.00016038463285434137,-0.0005943286433398656,0.0003507297852752521
2015-11-06,-0.0005542216817724185,0.000759695697423019,-2.420434149708918e-05,-5.787523656737223e-05,-0.00030481238741669574,-0.0001546434748733727,0.0004742581475540228,0.0001313844274581609,-0.0006158659324423076,0.0003451332507045102
2015-11-09,-0.000399959537674386,0.0006502173316688111,-0.00016329697998820197,-0.00019115642241453873,3.606699808833547e-05,-0.00013409713046214078,0.0004085010018448111,1.0530028275845121e-05,-0.0006130818084068151,0.0003969077882661799
2015-11-10,-0.0005443699837979054,0.0006191083982998754,0.0002462805045400744,-0.00027923452802554836,-0.0002552846056917066,-9.197588753018585e-05,0.0005124214115530719,2.890419262902358e-05,-0.0006202592376915138,0.0003841593474962074
2015-11-12,-0.00048826114458566054,0.0006321029516132741,0.00010683789003937752,-0.00024707810057975586,-0.00020962519969165705,-9.714415623691963e-05,0.0005488577323630971,1.0484198489656843e-05,-0.000651919116332219,0.0003956054260968664
2015-11-13,-0.00039961371229633785,0.00039093733786450336,0.0002672482372943251,-0.0001792731126865274,-0.00019804058906350806,-0.0002641573965398228,0.000577203985805172,2.029472747813038e-05,-0.0006095811430535808,0.00039578126336551125
2015-11-16,-0.00041981707353190307,0.0004672940440196673,0.00015850037628012577,-1.679438490580394e-05,-0.0003551082019326735,-0.0002043778677944287,0.00048634557465210976,0.00012340437703665594,-0.0005983291831806667,0.00036064019952067317
2015-11-17,-0.0005046383977080932,0.000589664157826071,0.00019161976175651428,-0.00017226520292609737,-0.00030595554998242604,-0.00014804091406502018,0.0005578414827300537,3.258717496285035e-05,-0.0006457087657333639,0.00040493425455176424
2015-11-18,-0.000374829082885739,0.0004666119276518503,5.585965865077813e-05,-9.473416130707443e-06,-0.00030355053807756653,-0.00014035571071577616,0.000502733247308252,3.0825925792867664e-05,-0.000622806742439759,0.00039531366354677785
2015-11-19,-0.0003849258750363313,0.0004927536813077527,1.1777378157660709e-05,3.237358334197936e-05,-0.00031159634929874176,-0.0001307641826399919,0.0004976289792282436,4.570850958701689e-06,-0.0006368233629942439,0.0004260201462206771
2015-11-20,-0.0003128559282660557,0.0004407871470396966,-7.81063814084184e-05,9.393275777605514e-05,-0.00027769717266875465,-0.00012403743322969563,0.0004928870020539516,-6.653638627718977e-06,-0.0006475821891583425,0.00041893568782620794
2015-11-23,-0.0003522036332986357,0.0005917040452058748,-0.00022334247372590797,1.5793594052970067e-06,-0.00010318224739085981,-0.00014038753319701655,0.00044566406272157286,5.745465560327845e-06,-0.0006590438686317687,0.000434755811545888
2015-11-24,-0.00038872558501096776,0.0005390938542378064,-4.925984230746191e-05,2.44071959387155e-05,-0.00020598926937785873,-0.00028678913581628787,0.0005047754926641376,0.00013561943593278988,-0.0006818263151431823,0.00040922488472432475
2015-11-25,-0.0003632877255734235,0.0006093736693020013,-0.00020961980291730672,-5.062501022400426e-05,-3.509738273962254e-05,-0.0002736342652333128,0.0005349565159574396,7.589826437715691e-05,-0.0007383166725601249,0.00045014778911741174
2015-11-27,-0.0003795873094752122,0.0006278762374661803,-0.00024675944803686633,4.2846700107712285e-05,-4.426007698322791e-05,-0.0003099530286591219,0.0004723278770254087,8.21015539732052e-05,-0.0006990357304793443,0.00045422729711613527
2015-11-30,-0.00034294689669723535,0.0006962566261704394,-0.00042009802519535344,6.450733353371117e-05,-5.2882133818646024e-05,-0.00023076738146043593,0.0005007229365647688,5.2352954502791343e-05,-0.0006711947729676482,0.0004047209578186481
2015-12-01,-0.00044826007431862745,0.0007430989860550074,-0.00027824941449631525,5.978600424375036e-05,-0.00014587050694290712,-0.00028508380224264926,0.0005205943146264214,0.00012864267829313172,-0.0007413286802447037,0.00044643365118805095
2015-12-02,-0.0004011857974277229,0.0007090500966644509,-0.0003326091448192592,6.932568137580329e-05,-0.00010010624774583338,-0.00027863751894949274,0.0005382010215495177,0.00010343701682865442,-0.0008256498199783434,0.0005186694714189172
2015-12-03,-0.0006247069693320973,0.0008367676988435737,-5.558156598601399e-07,-8.497443540960402e-05,-0.00030769766474746454,-0.00020422889697034596,0.0005570316860084475,0.00012552022304798335,-0.0007619968243667771,0.0004648259318781843
2015-12-04,-0.000749747484118676,0.0009470525998352044,9.16408765101297e-05,-0.00012249451088412917,-0.00039812811161738307,-0.00019098404476843023,0.0005875855918395928,0.00015019268474949707,-0.0008354283713427647,0.0005205549129900407
2015-12-07,-0.0009487167089044096,0.0010910654035146449,0.0003724896684728857,-0.0004102053712020017,-0.000375479220984418,-0.00023606195179419476,0.0006544510735902904,0.0001932503718273873,-0.0008463563466837298,0.0005056006963859647
2015-12-08,-0.0011628338630844202,0.0010574890864294018,0.000999279100213398,-0.0007385252264581477,-0.0005405053061933035,-0.00023903472975751738,0.0006469937764621778,0.00032000249555104096,-0.0007764088219110038,0.0004340567573481377
2015-12-09,-0.0009754584167650155,0.0008464802195329276,0.0008917299061053582,-0.0005387590680462958,-0.0005345397054892162,-0.0003297427821007809,0.0006455099403036325,0.0003835597888121982,-0.0008547190388395534,0.000463928286262693
2015-12-10,-0.0010712484856173375,0.0010771971611915265,0.0007110921686367322,-0.0005514623925921783,-0.0005145325135978741,-0.0002618771822368547,0.0007090500544458186,0.00027802209092177635,-0.0009008583614885345,0.000524984298125409
2015-12-11,-0.0010712894083168977,0.00099788585009557,0.0008329306193722921,-0.0005448257141795441,-0.000524981590187195,-0.0003724416727923629,0.000684782987839111,0.0003894901728481691,-0.0008687180195266417,0.0004769477610443787
2015-12-14,-0.0008930362619071095,0.0009719577517700844,0.0004313788886016398,-0.00030046658370913755,-0.00044784560348256827,-0.0003807775883734911,0.0006989209022353025,0.0002810417596408078,-0.0008562516744102626,0.0004951206563426208
2015-12-15,-0.0008862375978723656,0.000999529454836232,0.0004358650939095708,-0.00044905661941383596,-0.0003801545062730987,-0.00029012738752907247,0.0006621889965650885,0.00033744879407611797,-0.000958536180036898,0.0005281745422304057
2015-12-16,-0.0006005795701692655,0.0006696239179477294,0.00034183923534251027,-0.0004080441072233029,-0.00019843622156531793,-0.00032425741218194276,0.0007468308083938488,0.00016036777404887514,-0.0009213840213390043,0.0005330260752060278
2015-12-17,-0.0006165518688756766,0.0006544849100159717,0.00041329400699789947,-0.00047435945793776295,-0.00020386213136507764,-0.00017197416715362263,0.0006184570854489008,0.00014777147490059594,-0.0009509809641409274,0.0005832378928563829
2015-12-18,-0.00078665746196944,0.0008030592760358739,0.0005019323057357094,-0.00040704563929715165,-0.0003707959057295124,-0.0002554778095438838,0.0006674394212338973,0.00019108040859871014,-0.0008391872837614778,0.0004956509912216675
2015-12-21,-0.0007322195385515715,0.0009323890039935386,0.0001583146952151039,-0.00038294097548467916,-0.00014558503705267185,-0.00023527893851674198,0.0005994643442130652,0.0001555867691085018,-0.00090135505469989,0.000550209439171296
2015-12-22,-0.0006556780232435029,0.0007365080183002436,0.0003171297365721637,-0.0003708329432507221,-0.00022230583885598544,-0.00024268901657575198,0.0005991459820726547,0.00016010485473500966,-0.0008238529110125223,0.0005028126026359707
2015-12-23,-0.0006692355063000685,0.0007934086032669865,0.0002183171364866631,-0.00026372652064851447,-0.00028623080222321337,-0.0001972770421530476,0.0005946867839106453,0.00011625904646483595,-0.0008101782862491025,0.0005043085549781383
2015-12-24,-0.0006865097485923783,0.0009287007751300003,4.650240709853232e-06,-0.00017553407562198933,-0.0002474669574462785,-0.0002496915523502452,0.0006207681047824265,0.00011765467268587404,-0.0007897439197721776,0.0004767767660357261
2015-12-28,-0.0006586450119717671,0.0008791648130249824,2.6507195377556414e-07,-9.835188777674968e-05,-0.00030561732467081215,-0.00022286507032609829,0.0005946645819495042,0.00012781685875544804,-0.0008449548466918609,0.0005292479970418033
2015-12-29,-0.0005741827289974166,0.0007833535128594186,-3.6855301633700356e-05,-5.30577745746965e-05,-0.00031234905147256575,-0.00011247989239900405,0.0005093808349643236,7.086777661543739e-05,-0.000767551851572075,0.0004933827207477294
2015-12-30,-0.0005079510112152219,0.0007397772361238597,-0.00010500480637714617,2.4480370077153285e-05,-0.00038327273997227664,-0.00015116266433095119,0.0007326861523693218,-3.3490290283839236e-05,-0.000790207673058891,0.0004712490635277837
2015-12-31,-0.0008579426455701696,0.0010643744803160138,0.00010717787491238209,-8.758752003337408e-06,-0.0006313959309980875,-0.00016015367024338478,0.0006936988526764255,4.617250414458429e-05,-0.0006480920463558561,0.0003958922253037532
2016-01-04,-0.000611566318406389,0.0009147678780697527,-0.0001699811369580348,-6.197446964261409e-05,-0.00025295820835300603,-0.00015521785754236614,0.0006316348947295256,-5.237489247334609e-05,-0.0006797741031215748,0.0004374223199377983
2016-01-05,-0.0007392256206939221,0.0008410026994243765,0.00028148640334401363,-0.0001926029694617852,-0.00042165439765692175,-0.00024975740872071675,0.0006374951771176869,7.749665150899587e-05,-0.0005793116805502783,0.0003450220480982272
2016-01-06,-0.0007021477368753491,0.0006992671961007077,0.00042807977480856674,-0.00021186334969368337,-0.0004129610810650053,-0.00032249680072215375,0.0006095684761208801,0.0001678242009038461,-0.000622182071490552,0.000367321726711875
2016-01-07,-0.0007614581985659866,0.0007077441252013586,0.0005334898863482481,-0.00020719980581567106,-0.00047087596733595694,-0.0003672460332438468,0.0005558443177593395,0.0002927309597451286,-0.0006653347146842285,0.00038305996388147273
2016-01-08,-0.0007186125841589668,0.0006857318126623794,0.00046953709809711194,-0.00018943718057623515,-0.0004010110051849529,-0.00044536609995044635,0.0005879304741338333,0.0002994912806610628,-0.0006145262205324679,0.00032611603402745576
2016-01-11,-0.0008278901753987515,0.000874471396921127,0.0003714429612960198,-0.0001468052623758119,-0.00041527518744196787,-0.0005080138770694187,0.0006190526842583602,0.00034136877756524645,-0.0006633134110261667,0.00035529999241940696
2016-01-12,-0.0007591218191632743,0.0008230374026829369,0.00031786302357750956,-0.00012888418668935593,-0.0003996610003277525,-0.0004286783771913563,0.0005041221963234602,0.00041988721047839586,-0.0007579198100790378,0.00040928674545494606
2016-01-13,-0.0006957025141510181,0.0007583214287647244,0.0002598909853012369,-6.69711848698129e-05,-0.00038241306122000635,-0.0004712456911341086,0.0005736734044167816,0.00039662013130656315,-0.0007721761658999841,0.0003987210665726375
2016-01-14,-0.000437223221675729,0.0005503566286493384,1.26757456708846e-06,0.00011136134261465272,-0.0003015256615947672,-0.00042140330266260927,0.0005652921423852826,0.00026396048001262745,-0.0007982458838176644,0.00046754867702299835
2016-01-15,-0.00023597974660830544,0.0003323595725826089,-0.0001020686967505742,0.00022215083482050868,-0.0002508776045563321,-0.00035639747687201025,0.00043414181337754487,0.00025172637572602394,-0.0007133964872499295,0.0004185312198631587
2016-01-19,-9.41633020025024e-05,0.00025864700208782024,-0.0003095069035676688,0.00034743337051940625,-0.00018239679784067854,-0.0003592161690227427,0.0004068065644095807,0.00023899835808342818,-0.0007745548816802117,0.00046761764705140554
2016-01-20,-1.2396309071347963e-05,0.000233083742136651,-0.0005012069393984381,0.0004963126538556073,-0.00017713565106645957,-0.000326589956536439,0.0003362676547233705,0.00025390440941665607,-0.0007078991798496158,0.00040512833839636414
2016-01-21,-8.661437034388235e-05,0.0003415370245164716,-0.00048253653125912826,0.00040552157260767725,-0.000155217387222158,-0.0003377477220099633,0.0003880542747451733,0.0002661279534662865,-0.000762170457922734,0.000420851043588414
2016-01-22,-7.008456419393353e-05,0.0003357893116281976,-0.0005264122643504855,0.00040489959368147574,-9.421175345051928e-05,-0.0003185479227466887,0.00029396011679576686,0.00027948177480422234,-0.0007713826477473255,0.0004678608701127497
2016-01-25,-9.622609357542869e-05,0.00039456199929098056,-0.0005689498021190951,0.0004173458270740789,-0.00010692287405510668,-0.0003086074771172908,0.0003764066753402934,0.00021217892579204062,-0.0008223039818405289,0.0005025912491750592
2016-01-26,-0.000282300544248844,0.000610905891191527,-0.0005077144542867396,0.00032250433539871004,-0.00015175723615486018,-0.0002428076889981097,0.0003250064876648001,0.00022969366557247864,-0.0007896581652388247,0.0004864858268824844
2016-01-27,-0.00019063763755940112,0.0004394538258963715,-0.00043416825218240383,0.0003207492698178438,-6.472691245520273e-05,-0.0003971448539520396,0.0003362604124579928,0.0003050378405900153,-0.0007784847280439995,0.00046717294745543883
2016-01-28,-0.00018696721555868474,0.0004531587223920129,-0.0004631568251086543,0.0003524896440861014,-7.271761041663556e-05,-0.00048307234306097825,0.00043984701650134905,0.000285022996116463,-0.000765946890049142,0.00044058168672432563
2016-01-29,-0.0003155275949286466,0.0004389238766773695,-0.00010507618996813146,0.00021191022550913485,-0.00021356063577140233,-0.00044926053417447716,0.0003809554950095842,0.00038872572528139,-0.0007569452014780063,0.0004186643825153692
2016-02-01,-0.00032115484666183974,0.0005976653664377931,-0.0004019753415326231,0.0003443198764826825,-0.0002209908533300515,-0.0003900320025941942,0.00044065691451772304,0.00028115700662715085,-0.0008056188886008606,0.00047606844766682685
2016-02-02,-0.0005450753553359368,0.0005118463165432047,0.00032482185376684833,4.821314274532345e-05,-0.0004574430494292941,-0.00046193291381328196,0.00045712163227891803,0.000494666309510082,-0.000806406847727946,0.0004342821365464558
2016-02-03,-0.0006232115506603535,0.0005084948331188456,0.0005089073966293226,-3.2006651078299135e-05,-0.0004759532484203289,-0.0004885775993258394,0.00044527595215937757,0.0004960070294698984,-0.0007558976395094126,0.0004143548321899823
2016-02-04,-0.0006332848179971631,0.0005268791857514664,0.0005307665022972995,-9.226655494182657e-05,-0.0004513160244945906,-0.000546625849436929,0.0005004342549035871,0.0005450231493070584,-0.00079263830046589,0.0004135467565249615
2016-02-05,-0.0006487315270590887,0.0005234276830334214,0.0005360243769227504,1.581747021618847e-05,-0.0005498351893513647,-0.000550915903892852,0.00041929766902736726,0.0006476346922663669,-0.0007802931461821823,0.0003878680133997149
2016-02-08,-0.0005246061622057345,0.0003540248116570984,0.0005667761901960002,-3.440912182664686e-05,-0.0004688530183462464,-0.000494504582465664,0.0003939347175203455,0.0005460697932474778,-0.0006853198675940732,0.0003468853143395491
2016-02-09,-0.0005851589274831954,0.0004549853138351356,0.0005022677807060491,2.3037468075008498e-05,-0.00045314516844845165,-0.000608390807946009,0.00039368344008074846,0.0006157981836492285,-0.0006533663022161157,0.00031078615099398854
2016-02-10,-0.00045288410570642383,0.00032813193579506357,0.00041166645142607164,0.00012497452757462713,-0.0004985999489360605,-0.0005374983764533155,0.000442393843147015,0.0005244915969590917,-0.0007031947767969296,0.0003606643050657575
2016-02-11,-0.00042568106224940595,0.00038279336945251045,0.0003182973100388613,-7.936896689800417e-05,-0.0003350600300816801,-0.000292704420723499,0.0004169191911946087,0.00039089719756235305,-0.0008702925574627998,0.0004940094552763272
2016-02-12,-0.0002778498486282785,0.00019874926531692448,0.0003259351006118759,-3.939636054240813e-05,-0.00034819556617982257,-0.0003555406797642723,0.0004943094017411682,0.0004426479245816725,-0.0009759102921162166,0.0005344670438968899
2016-02-16,-0.00038169717911829644,0.0003853459068422897,0.0001884878462893461,6.984555533805486e-05,-0.0003866334090220809,-0.0003609644206138095,0.0004507705405820562,0.0004703112980109121,-0.0009718485956397259,0.0005355321383293879
2016-02-17,-0.00044725231975128446,0.00042087777416633266,0.00031089049045434237,-6.181816736428817e-05,-0.0003777424022428349,-0.0003439853017156193,0.0005122188243142489,0.00038737022230528675,-0.0008990210869986408,0.0004977325826145407
2016-02-18,-0.0005918795272842302,0.0005614904131664988,0.00039185111217487825,-8.641625033181839e-05,-0.0004803145388599817,-0.00031353636981525795,0.0005054349765431041,0.0004213662026099005,-0.000948251710566745,0.0005402826307694605
2016-02-19,-0.0004977091998337423,0.0005566318543936289,0.00015863922146751742,8.562238047613545e-05,-0.0005087118595307402,-0.0002778337354646856,0.0005045834999600051,0.0003922098314072184,-0.0009365494772552614,0.0005225888393096401
2016-02-22,-0.0004349089184206732,0.0004169418123524558,0.00021734885174038137,0.00014808806659889588,-0.000539652179225851,-0.0002969305856328503,0.000493531417112102,0.00038874721464755846,-0.0009280826194310275,0.0005362629091216278
2016-02-23,-0.0005332042229556156,0.0005342289514665404,0.00026865245800848387,6.700935591577063e-05,-0.0005638274746038001,-0.0002468969468347477,0.0004772980863941411,0.00038135211077813813,-0.0008978115387970192,0.0005132854652285419
2016-02-24,-0.00048293692460344307,0.00043274195214140776,0.0003261800227113299,5.697077776203874e-05,-0.000488631102559943,-0.00042408929494345583,0.0005614623938929083,0.0004352432162087194,-0.0009634977550376164,0.0005489611316035273
2016-02-25,-0.0006069092663651631,0.0004654885989895663,0.000554477337175275,2.3660574635147626e-05,-0.0006309535361632163,-0.0004689519448832207,0.0005487311664211358,0.0005101958209534525,-0.0008461797726547655,0.0004503845330894596
2016-02-26,-0.0005062704985532877,0.0003644299701655723,0.00047768922744234957,0.00010053516413381994,-0.000612337005521487,-0.0005133133554567591,0.0006632998659254919,0.0003849103360277252,-0.000791636527510655,0.00043340263153270053
2016-02-29,-0.00065908114577272,0.0004652706653688653,0.0006613033101108834,-1.4466814732870016e-05,-0.0006731824388204639,-0.0004258506978883029,0.000567321871500057,0.0003928510315346738,-0.0007087656422335858,0.00039500796800110913
2016-03-01,-0.0006531973761277014,0.0003876285710751439,0.0008177564746798555,-3.891175025443755e-05,-0.0008118162812190879,-0.000425616653238552,0.0006616830845179739,0.00038930296800408076,-0.0007130792913360336,0.00038765497042954344
2016-03-02,-0.00042664453687229435,0.00015651332731904128,0.0007255675672622692,-5.298694939581683e-05,-0.0006935606111610291,-0.0003273411143487979,0.0007070548232791483,0.00024747690367426384,-0.0008100018005314687,0.0004751839151304685
2016-03-03,-0.0006349226829710313,0.00038948308839917116,0.0007455534400433467,-1.1879043785691448e-05,-0.0007821097864035044,-0.00035945543470074226,0.0006436698423818339,0.0003617172061223632,-0.0008520858248914978,0.0005022737309569626
2016-03-04,-0.0005980648240030044,0.0003660766517874286,0.0007252169883969163,-6.1018311652824564e-05,-0.0007081876960320851,-0.00036511174274474374,0.0007027496245330563,0.0003001139847547754,-0.0008138506056591596,0.0004510640692920592
2016-03-07,-0.0004905827381484463,0.0003631327866926992,0.0005004260485210006,-2.8380803765531287e-05,-0.0006110445843708935,-0.000309713670146523,0.0006509539887927449,0.00027754796243981833,-0.0008660405505831019,0.0005159772156394099
2016-03-08,-0.0006062332969398497,0.00039800145163199335,0.0007113637891865039,-0.00011109615291647439,-0.0006279322922686688,-0.00044849513777564867,0.0006699167933639019,0.0003859512616506966,-0.0008258664933289729,0.0004544993444491191
2016-03-09,-0.0005170755645441455,0.00029168834690282766,0.0006792912647710161,-5.97356605941228e-05,-0.0006072890962269123,-0.0004256566476235849,0.0005876026549155901,0.00045101814952229133,-0.0008842244666641755,0.0004842028375402485
2016-03-10,-0.0005133288825668885,0.00038076337528150303,0.0005335288779697977,-8.078842170603472e-05,-0.000594829502912635,-0.00029794904956339033,0.0006878233660315251,0.00027482496569820186,-0.0009532311628009139,0.0005640132501694255
2016-03-11,-0.0004522036209909028,0.0003683102530468935,0.00041124050868767293,-2.7890904668207567e-05,-0.0005008329749715597,-0.00034864299861401583,0.0006223870093624781,0.00029977323983995663,-0.0009413663647574316,0.0005703057460234376
2016-03-14,-0.0004591934241316895,0.0003906881358337073,0.00037893429307482573,-4.7264930274626415e-06,-0.0005480627285419405,-0.00026915111662509025,0.0006119703371877776,0.00029415059971523924,-0.0009506058736447123,0.0005558821752713779
2016-03-15,-0.00044808034856990385,0.0003633202186968734,0.00040300696194149697,-1.2446082757709698e-05,-0.0005505023305312114,-0.00023838367887277223,0.0005721391589251119,0.000285397386538537,-0.0009037976974156786,0.0005290370774658458
2016-03-16,-0.0005342416642155489,0.0003276274058450941,0.000687847640854067,-0.00010388411184351215,-0.0006582976188278626,-0.0003344156367946025,0.0006025234724305606,0.0004299448012292477,-0.0008952043538775385,0.0004773415585946593
2016-03-17,-0.000577699773509536,0.00044509393338357326,0.0005624584370739682,-3.719633385394598e-05,-0.0006599952716075871,-0.000361505715384779,0.0006314469496834715,0.0004145979922759377,-0.0009166264807158771,0.0004989313845785749
2016-03-18,-0.0004764036300786796,0.00025342905944895043,0.0006179249995903495,5.238076818932756e-05,-0.0006358818290106375,-0.00045445242105804015,0.0006016647604282152,0.0004335078731584549,-0.0009202416411402334,0.0005281209799257135
2016-03-21,-0.00046162041416965326,0.0003120553188984774,0.0004916108905383297,2.650632796171934e-05,-0.0005113699421081877,-0.0004706613290977619,0.0005716036176269153,0.0003969764093807969,-0.0008538559990086403,0.0004998526159428161
2016-03-22,-0.0004314179426575856,0.0003121438789577191,0.00041352883258209076,8.799258740636862e-05,-0.0005891011741955658,-0.00042380355406609546,0.0006647058150705334,0.00035187743268003807,-0.0008576307488273455,0.00047213043101259483
2016-03-23,-0.0004963994839974496,0.00032620029246436914,0.0005581879843881395,1.4694892126153325e-05,-0.0006473703171968707,-0.00035574506403655143,0.0005930201976483279,0.000420199441508666,-0.0008693047260859843,0.00045512670634125646
2016-03-24,-0.00046775309646310227,0.00034103351812614455,0.0004381090640750325,0.00011633871994792995,-0.0006161783875694524,-0.000420451749085924,0.0005824846909527059,0.0003941440913986377,-0.0008268706103161938,0.0004592355886008752
2016-03-28,-0.0006522821839728445,0.000534607997957022,0.0005233992008680591,5.773608175286063e-05,-0.0006915790000199731,-0.0004597291910876551,0.0006157694602841601,0.0004583573772559066,-0.0008457840593808184,0.00045870435761148284
2016-03-29,-0.0008716474013110622,0.0006216615067975904,0.0009643940730419227,-0.0002385923138155813,-0.0008219595381251527,-0.00036138896517859745,0.0005982515892762261,0.0004922821429882672,-0.000788692985813258,0.00040478011060210775
2016-03-30,-0.0007986921792628326,0.0004008032387393004,0.0011322910284585347,-0.00013695931872533852,-0.0008982099759909448,-0.000568313390765721,0.0006939749861632778,0.0005729778781188161,-0.0007733839018813568,0.00037503005578000057
2016-03-31,-0.0007977029750467512,0.00040531637875556876,0.0010926766619752098,-9.552899623357404e-05,-0.0008680598446385891,-0.0005694626083147785,0.0006094572770892343,0.0005826879935239247,-0.0007297221628426408,0.00037104984020561865
2016-04-01,-0.0007117549160280618,0.0003137426670038264,0.0011063853787898316,-0.00013373749975808136,-0.000882534565277579,-0.000499720877281673,0.0006420586596712977,0.0005664584014411743,-0.00080382123578265,0.0004017553374589672
2016-04-04,-0.0006205416224563101,0.00024103296290707912,0.0009819463730098349,-1.813021915174351e-05,-0.0008609288440373248,-0.0004919260161377354,0.0005343103365478951,0.0006426914357926666,-0.0007521003171485942,0.0003432442333539537
2016-04-05,-0.0005538996346396057,0.00017574466104560522,0.0009163671042635262,2.379054614150885e-05,-0.0007734913655161896,-0.00057385529242494,0.0005682844772310486,0.000606363427879477,-0.000777546848929514,0.0003888500627278191
2016-04-06,-0.0005053303397388287,0.0001974681352301449,0.0007867740335934679,5.994498939895093e-06,-0.0006588496590379401,-0.0005461660549854232,0.0005483640984964393,0.0005499431964697266,-0.0007685430794554353,0.0003903206764894196
2016-04-07,-0.0005222694796155236,0.00026520500811866906,0.0006887035954920772,8.123858027914849e-05,-0.0006838381346568074,-0.0005720836250998548,0.0005646863548794887,0.0005903769635265746,-0.0008290750464768626,0.00041669836481712796
2016-04-08,-0.000467263995221524,9.215145548487416e-05,0.0008712521066695164,6.915466987067638e-06,-0.0006906699242928156,-0.0005137600539337657,0.0005010192871112602,0.0005981481009124379,-0.0007991728506805997,0.00040103797235114744
2016-04-11,-0.0004411387315895808,0.00011687068663903885,0.0007888728675805061,3.1592690924028485e-06,-0.0006160831753780644,-0.0005715454536062581,0.0005241016492996617,0.0006063372325414672,-0.0008044109403485128,0.00039333006102208745
2016-04-12,-0.00040844435406846725,0.0001257980069603896,0.0007121958600348572,1.282065129902532e-05,-0.0006095503096482727,-0.0005427726701531677,0.0005355082776354134,0.0006265197033060374,-0.0009038277302960453,0.0004509956636267881
2016-04-13,-0.0004386960308292434,0.0001888931985301592,0.0006795599730371315,2.2531895559656928e-05,-0.0006473150887727885,-0.0004943300659125249,0.0005405472409546492,0.0005845167031419407,-0.0008625398640566655,0.0004287220022691496
2016-04-14,-0.0004974008952402828,0.000292508950774633,0.0006160016567668316,5.2861984565865e-05,-0.0006929208777015517,-0.0004288106554245028,0.0005699960873161644,0.0005103142500628745,-0.0009437652823762188,0.0005217151372227044
2016-04-15,-0.0005522188249368607,0.0003444166882158686,0.0006208237380726294,0.00011424977062797666,-0.0007727331097352325,-0.0003848432392891312,0.0005110068248428568,0.0005470108362697658,-0.0009010937540694201,0.00047217048017417565
2016-04-18,-0.0004175651608297067,0.00022701936494695608,0.0005219221183855628,0.00011248538125256582,-0.0006319010040960176,-0.00039874641907421647,0.0004753298375607673,0.0005009373700959989,-0.0008377009471123749,0.00044815599873201245
2016-04-19,-0.0004699985860064462,0.0003050737523336189,0.0005046155315348282,0.00010919796302855805,-0.0006563592295181636,-0.0004129946543778417,0.0005774797783604652,0.0004155588592567108,-0.0008248397577024433,0.00045243322544938
2016-04-20,-0.0003476346644074647,0.00019675694222315125,0.00043067810855363167,0.00010747242517674532,-0.0005645872879725001,-0.0003624775576065199,0.0005564287428679107,0.0003563699114862984,-0.0008492974087502964,0.00047535702848864117
2016-04-21,-0.0004129113243134981,0.00021351427205458908,0.0005152920551179645,0.00014146143358875936,-0.0006667316940905717,-0.0003093000001043577,0.0004847955711779206,0.00036362608374752164,-0.0007713344624688812,0.0004416949278981605
2016-04-22,-0.00039512138969597255,0.00026873535898473905,0.00038561029866241055,0.00013773770558115142,-0.0005858719418709198,-0.0003119410211958884,0.0005054207889825073,0.00031087207511369674,-0.0007753382377498619,0.0004609363754708093
2016-04-25,-0.0004085528549891567,0.0002995485587243161,0.0003731665478916464,0.00016514338142711686,-0.0006610967066092172,-0.0003197481211732918,0.0005683388402397474,0.0003443097868814464,-0.0007886200298440754,0.00042739872802095846
2016-04-26,-0.0005978965241468723,0.00045771775207688326,0.0005606283917514139,-7.049987104344735e-06,-0.0006435389261711007,-0.0003880776583676266,0.0006102250928919639,0.00038110827564694083,-0.0008197362092398214,0.00044566917280096374
2016-04-27,-0.00048097190572819574,0.00031952171662620425,0.000509241583692554,9.388528558607924e-05,-0.0006243308741413992,-0.0004229059743349195,0.000536693968658547,0.00041457407812536123,-0.0007429566560572566,0.0003968210487628465
2016-04-28,-0.0005977196706079767,0.00040673664658359915,0.000638790846655286,5.123259190129015e-05,-0.0007362837879855717,-0.000454906740059954,0.0005696253119484799,0.0005044686060110062,-0.0007395678597284377,0.0003566609642561905
2016-04-29,-0.0006720632873330936,0.00048038080543661224,0.0006735457465218662,2.661009741867105e-05,-0.0007668885349856637,-0.00042052364938448446,0.0005860237422965573,0.00042902073479899813,-0.0007064408952940776,0.0003704720777817118
2016-05-02,-0.0006396614347977132,0.0005593271939934802,0.0004631723118488961,8.933887553779288e-05,-0.0006860511487765224,-0.0004313601538625672,0.000530865514752385,0.0004443781386662127,-0.0007052685628684066,0.000376043810746695
2016-05-03,-0.0006744143630478651,0.0005840097180578947,0.0004937596339146663,-1.3371084850593434e-05,-0.0005700611975935719,-0.0004759243052710523,0.0005461527372655327,0.0004755436292277031,-0.0007784466109136273,0.0004133997893838205
2016-05-04,-0.0007152765400896099,0.000621002286874782,0.0005078403781165093,0.00010181076347698988,-0.0007308843579195996,-0.00048783552978010417,0.0005632626497583046,0.0005078433392786477,-0.00076724262710803,0.0003998332668380955
2016-05-05,-0.0007092134240937204,0.0006109526990459011,0.0005180218116475118,3.472305519453163e-05,-0.0006522955619742941,-0.0004889883228353879,0.0005671766916753272,0.000528158160083371,-0.0008656041866819918,0.0004567281641734179
2016-05-06,-0.0006977316463258061,0.0006477827465003051,0.0004435186862311157,3.3731149774465785e-05,-0.0006128870579447492,-0.000492608787748889,0.0005550074143189886,0.000521910303619387,-0.0008264933584310706,0.00042748209384236777
2016-05-09,-0.0005251054004907899,0.0003800036284950701,0.0005001437555414903,0.00010888895724610239,-0.0006665079900246666,-0.00043990026482961485,0.000476587054378811,0.0005963412191636736,-0.0008627773581075596,0.0004313980354623756
2016-05-10,-0.00043894756471580523,0.0002235160149826449,0.0005849198976286361,3.9847289017843485e-05,-0.0005496791277622409,-0.0005169289496561365,0.0005134689809732414,0.0005521920561796581,-0.0008631748384717274,0.0004546081247025491
2016-05-11,-0.00038713181842508137,0.00016780254912314267,0.0005371055966833325,0.0001517960093271372,-0.0006654101388485611,-0.0004161699514384429,0.0005872799830103949,0.00038789504232171826,-0.0008527520779827991,0.0004899641203013928
2016-05-12,-0.0002818316144249703,9.59052524863598e-05,0.00045581817749995243,6.156097389011482e-05,-0.000493629902438196,-0.0003528302309116684,0.000562675589514533,0.0002842640679897382,-0.000802292250639134,0.00047075758143969373
2016-05-13,-0.0002446594366919989,5.0589173993386295e-05,0.0004558031780710634,6.386997853224247e-05,-0.0004988841891164393,-0.00032644085805989473,0.0005667642472283446,0.00025254452084729276,-0.0007585361315322753,0.0004389843573329791
2016-05-16,-0.0002681709268878068,4.027634703573273e-05,0.0005165545029833761,7.971314254402034e-05,-0.0005499380983524232,-0.00032500168400120995,0.0005567397963432037,0.00024166734266405782,-0.0007510637661240424,0.0004605819257488125
2016-05-17,-0.0002916267342985665,0.00013502355059473318,0.00040503577079052146,8.928644002909394e-05,-0.0005411453352750437,-0.0002639969510878377,0.0005685635656565383,0.00020856558126599797,-0.0007841600904308112,0.0004752534779787973
2016-05-18,-0.00024276159075439308,0.00012204724957417049,0.0003439749916500784,2.780663001223163e-05,-0.0004602431674010383,-0.00021522844516153744,0.0005874537299243587,0.000156854396287813,-0.0008164256680407642,0.0004971353320704017
2016-05-19,-0.00024244728879466116,6.247560054001376e-05,0.000450565340001873,2.6324953778534763e-05,-0.0005038439085140369,-0.00029547520193746665,0.0006373391372317058,0.00022670215566403945,-0.0008367025232631428,0.0004741215338674859
2016-05-20,-0.0003459613266239515,0.000117947149033076,0.0005961754383664386,-2.001136623568968e-05,-0.0005943805970186015,-0.00023806520656336969,0.0005114594326081287,0.00030744184706690825,-0.0007668350829359849,0.00043238809073536597
2016-05-23,-0.00035009613860882043,0.00011193160271705683,0.000601862117757394,3.783356772888054e-05,-0.0006782262030259039,-0.00023328765016221095,0.0005646069494836398,0.0002879166838464925,-0.0008056638566459016,0.0004637905155455979
2016-05-24,-0.0002947741772942134,0.00011454349813653803,0.0005248454851121964,-3.2380059968705605e-05,-0.0005947099345190755,-0.00018633635103497762,0.000602379951943479,0.00022857801812290954,-0.00082931739123214,0.00046602533944790567
2016-05-25,-0.00033821989566753304,0.00016762326236559842,0.00046176845617003793,5.711595567578498e-05,-0.0005528565868416803,-0.0003162745518790165,0.00062795719913631,0.00021497502339520164,-0.0007973358857412301,0.0004766134143016701
2016-05-26,-0.0004412823553029046,0.0002520783470807992,0.0005689501129549305,-1.6996969036068427e-05,-0.000589112943168435,-0.00035171294255665654,0.0006718015256127613,0.00022569742265493922,-0.0007723466223278387,0.00045320137815885175
2016-05-27,-0.0004187057767570052,0.00019960979904392814,0.0006176596488218292,-4.571566170258334e-05,-0.000623983040741953,-0.00024704897455095354,0.0006180041550490067,0.0002182778428804176,-0.0007925053047664055,0.00047559877033040085
2016-05-31,-0.0004892511620465064,0.0002744353797983984,0.0006875436690465166,-0.00011294221118485388,-0.0006655966909093133,-0.0002390869026467901,0.0006744850225415509,0.00023630861175664986,-0.0008768748201106388,0.0005111328076732521
2016-06-01,-0.0005676910161613162,0.00036919123641981477,0.0006893794381667888,-0.00012238307852315347,-0.0006689000508203133,-0.0002911089955206451,0.0006514942363986878,0.000322944429409347,-0.0008930646292496271,0.0005100742061217023
2016-06-02,-0.0005672577704258592,0.00039387827948371944,0.0006586570741030614,-8.023730020137801e-05,-0.0007731110047614238,-0.00022758009089374372,0.0006529533015855703,0.0003564015993513629,-0.0009167218582001209,0.0005028361655093835
2016-06-03,-0.00043236958825867327,0.0002271504674465838,0.000607613683917119,-3.710426622215244e-05,-0.0006123225036150596,-0.00028066376755128165,0.0005214287133459283,0.00041047612143253753,-0.0009369490601709475,0.000532421914079536
2016-06-06,-0.0004707277262401034,0.0003025948229413338,0.0005600922734089984,-8.921160946934875e-06,-0.0006293587141244575,-0.0003148829571918005,0.0005874437506246544,0.00037124590462021476,-0.0009181660827505059,0.000520636080256081
2016-06-07,-0.0004736201449279812,0.00032833047748674453,0.000528530389367325,-9.198622596884396e-05,-0.0004896097477509083,-0.00035863714659806027,0.0005472141757913822,0.00042951817535631306,-0.0009741188571248012,0.0005546078284971931
2016-06-08,-0.0006404766741727719,0.00047670919927038716,0.000666475031435616,-0.00013700187648805432,-0.0006366999747464408,-0.000353381684829299,0.0006044561973637865,0.00044407197568223714,-0.0009525488620843667,0.0005281863099278264
2016-06-09,-0.0005710839997124374,0.0004147530487236821,0.0006033769608614131,-9.785267401219658e-05,-0.0006581651713910754,-0.00025512874556583506,0.0006087096237359178,0.0003630560897190556,-0.0009665146815502762,0.0005591133664899078
2016-06-10,-0.0005746503433296506,0.00040772447668799804,0.0006356344430762549,-0.00011993760610311526,-0.0006226307180315707,-0.0002936390946432759,0.0005642127739543621,0.00039926885819033947,-0.0008922754799832143,0.0004961134909856717
2016-06-13,-0.0004698798793016713,0.00026745590837329303,0.0005720186319770225,8.940936387167447e-05,-0.0006912400919630978,-0.00036461297525010143,0.0005780257498542822,0.0003895695797219781,-0.0008623594948992674,0.0004919905288757014
2016-06-14,-0.00048119919759622223,0.00032661726092064096,0.000495271618009459,9.349128418694331e-05,-0.000677372804626028,-0.0003166474905627135,0.0005529486419600625,0.0003900040300758925,-0.0009253437278421185,0.0005435949249982634
2016-06-15,-0.0004117296137634125,0.00018814490325329888,0.0005766429765666856,6.48611800377237e-05,-0.0006038598350699264,-0.00040221909502631027,0.0005045564568045315,0.0004637307965943069,-0.0009264288081770079,0.000548745105268842
2016-06-16,-0.0003081993509593357,4.718214442488069e-05,0.0005901486187618711,8.197247073751628e-05,-0.0006368809109126346,-0.0003289824029275943,0.0005536150857473852,0.0003837840478712398,-0.0009008264781287141,0.0005181488816145656
2016-06-17,-0.0003318881523841307,0.00016792137830116223,0.0004427620492678322,7.832585174031691e-05,-0.0005475051755245396,-0.00032717195249745007,0.0005472345857393188,0.0004161122967042512,-0.00101892094542844,0.0005720398176660146
2016-06-20,-0.00045885611297578986,0.00027431392938895034,0.0005598779634853075,2.122298596428287e-05,-0.000615945309758701,-0.00037191519839613676,0.0005266276358410846,0.0005140919371586644,-0.001016577822710217,0.000567292714222515
2016-06-21,-0.0004823803348253195,0.0002965784067464495,0.0005905115924475261,1.8678007037756066e-05,-0.0007065481654251592,-0.00026036547415546167,0.0004976901617048095,0.0004746817539734889,-0.00098609205201005,0.0005575366963998483
2016-06-22,-0.0004547641060350053,0.0002503837618183123,0.0005806448517640178,4.2874111949513065e-05,-0.0006726130759303461,-0.0003291355147011076,0.0006197546014598959,0.00038198638842976834,-0.0010193487645408505,0.0006007792575587062
2016-06-23,-0.000385030206329141,0.00023883269483782055,0.0004829741689691292,2.3503403504588488e-05,-0.0006348370930460874,-0.0002688245597799125,0.0006307514717862686,0.00035425276894524016,-0.0009795881586283015,0.000536165510422671
2016-06-24,-0.00044492440759677076,0.00032933029536829977,0.0004489334158941172,2.1614114092211034e-05,-0.0006285127531241485,-0.0002085693383330131,0.0005185045862588031,0.00040689172448157146,-0.0010522444115631698,0.0006085428001606705
2016-06-27,-0.00032206227119173716,0.0001873913524026048,0.00039040416028001453,0.00013921823175604663,-0.0006570966711331823,-0.00021805892011330166,0.0005468976578782304,0.000369091810798668,-0.0010543920574764658,0.0006184784466840808
2016-06-28,-0.0003492393248267561,0.00022665561870220804,0.0003851363799836256,9.804155371727786e-05,-0.0006023930068762744,-0.0002476974390217476,0.0005347545668985283,0.00037708548283109725,-0.0010069503827918637,0.0005856040606921041
2016-06-29,-0.00034236808853799075,0.00020910761942974972,0.00041758168118087233,3.70200581245525e-05,-0.0005393599999858091,-0.0002826670103350491,0.0005538951107599416,0.0003798565850421983,-0.001041536175110807,0.000608509274604107
2016-06-30,-0.0004542744399213209,0.0003227566639183183,0.0004938848148293429,-6.79464087569269e-05,-0.0005460272151166937,-0.0002712960948044168,0.0005936382518774742,0.00035643347919087943,-0.0010303113703899018,0.0006036947135947893
2016-07-01,-0.00038829904606242464,0.0002966649791288226,0.00039302479704048793,-5.4470794415171706e-06,-0.000523452595442904,-0.00025543686726062914,0.0005793397088072264,0.00032941280561632827,-0.001040530386137984,0.0006156902158811935
2016-07-05,-0.00033722323528974016,0.00017984147021390864,0.00045215395886761666,1.452573201515036e-05,-0.0005628126480678496,-0.00019835011987468475,0.000549953985735185,0.00029055552826703565,-0.0009847128496381502,0.0005968854869988216
2016-07-06,-0.0003775221306710581,0.00023521366576258716,0.00047548822013386473,-4.890156000940914e-05,-0.0005120678065592714,-0.00026119137722197677,0.0005548096300309058,0.00034855816688133916,-0.0009955599308558508,0.0005809520726819777
2016-07-07,-0.0003722689192766815,0.0002036661275511397,0.0005201892555708413,-6.661751150866327e-05,-0.0005547824914447245,-0.00017692764397459274,0.0004974680399858697,0.0003839457057603305,-0.0010502948960470979,0.0006163212004562761
2016-07-08,-0.00029760755483336683,0.00012616648434338792,0.00046499218368691204,8.628353660868927e-06,-0.0004971146026104597,-0.0003010323715196099,0.0005203964626942555,0.0004072831667584157,-0.001023057120740932,0.0005914167745921656
2016-07-11,-0.00028713586571641045,0.00021339566282495281,0.0002984405507838626,2.8455305995819975e-05,-0.0004764309081961935,-0.00020697553034850283,0.0005706979089984826,0.0002845065139891901,-0.0010700114191554491,0.0006449644439978919
2016-07-12,-0.00036628922754930243,0.0002583792843977436,0.00040401975675190445,5.988809440872142e-06,-0.0005669626945954496,-0.00020783330980049704,0.0005574292562359594,0.00038751632622029304,-0.001138192854287047,0.0006657322143535718
2016-07-13,-0.0002744495115416779,0.00019260299948621606,0.00031162259420764067,2.332817512875566e-05,-0.0004749627203124891,-0.00022440234063845002,0.0005969221827664406,0.000287564922928904,-0.0011062766783657418,0.0006682442421055285
2016-07-14,-0.00032557640066715196,0.00018524532482402413,0.00044294657438384566,-7.203559711482094e-05,-0.0004444555172539756,-0.00023791909452658584,0.0005829345154340568,0.0002788282780239494,-0.0010607537359780678,0.0006513951735163115
2016-07-15,-0.00030237839533274295,0.00026763000246238147,0.0002416148794689701,-2.9879659887438112e-05,-0.000329449197017731,-0.00028803398563020943,0.0005525764002419914,0.0003123248333561125,-0.001055729409284379,0.0006313628711846139
2016-07-18,-0.00043163852984354776,0.0004222627082926282,0.00031091103069633315,-0.0001582074904969387,-0.000333903856186913,-0.0002106517473753882,0.0004992995918785253,0.00032013148577608036,-0.0010311287776696328,0.0006126297164857075
2016-07-19,-0.00049512711718231,0.0003594892423803486,0.0005425948828539856,-0.0001320381340319688,-0.000510787305563894,-0.00028118872305332027,0.0005571065713282329,0.000356213232202798,-0.0009335108739425349,0.0005373683190325433
2016-07-20,-0.00041907985237016245,0.00030318677202860727,0.0004333796753661842,-1.3726478896248541e-05,-0.0005373614410769945,-0.0002559603087961444,0.0005601294237319674,0.0003455520062768114,-0.0009467055034203774,0.0005293186154660817
2016-07-21,-0.00046630049256451674,0.00036330273438624824,0.00043951580657039524,2.07722506176556e-05,-0.0005751649266590372,-0.0003213321749620159,0.0005530799171529262,0.000387113232814134,-0.0009116939345023382,0.0005096775229779874
2016-07-22,-0.00039461430809540395,0.00029548931351744846,0.00041956391665178873,-4.049794924655507e-05,-0.0005402672605458059,-0.0002656477145380181,0.0006327311044470197,0.0002972869558916808,-0.0009314699544695111,0.0005278241588334981
2016-07-25,-0.0003868948897882982,0.00032990415524100734,0.00035296132409924803,-9.978732171165086e-05,-0.00042393981645399287,-0.00023832828583357328,0.0005853099881593712,0.0002856750231330571,-0.0009561910673062425,0.0005510626004987113
2016-07-26,-0.0003468453280240781,0.00028023622881964867,0.00029271449417336143,7.67757146278485e-05,-0.0005227766380138648,-0.0002444700745130937,0.0005465190743345755,0.00029565000910867535,-0.000933786991646663,0.0005562374806194967
2016-07-27,-0.00025303929030386215,0.00011971357701240706,0.0003072034521387967,0.00019476178284544374,-0.0005401457929380595,-0.0002918711334285312,0.0005315347535950494,0.00030064088452053106,-0.0009253693919051217,0.0005569212716055802
2016-07-28,-0.00044340456814239175,0.00031245375399306403,0.0004439183991225967,0.00010389584046227585,-0.0006478695682414805,-0.0003550197037726355,0.0006078199680196045,0.00039691224799670403,-0.0009763526622270022,0.0005574354952103365
2016-07-29,-0.000349536391757309,0.0002040032879049498,0.0004127640631494305,0.00014028000542342864,-0.0006269480897320026,-0.0003290486777155245,0.0006014671764363981,0.00035428953973566137,-0.0009636931127802693,0.000556224364927145
2016-08-01,-0.00039304198026331736,0.00030882302293833543,0.00036223114301261756,6.740548572864262e-05,-0.0005740352595104492,-0.0003220298645542994,0.0006090582145604883,0.00037412614557657577,-0.000956617853101388,0.0005229302605554119
2016-08-02,-0.0004568303068540223,0.0003829621218834865,0.00037060962045411174,5.521375720750517e-05,-0.0005477622661150851,-0.0004154543688240121,0.0006341727723750828,0.0004270296570785103,-0.0009979639990343077,0.0005472126237416088
2016-08-03,-0.0005904657066639727,0.0004300843313871489,0.0005997538093313482,-7.1816778192722655e-06,-0.0006811156048736446,-0.0003944545464086586,0.0005854451055378115,0.0004909859198585585,-0.0009715822516964852,0.0005373206089282351
2016-08-04,-0.000639363168181137,0.000494716666281759,0.0005926445711486629,-6.067118727346062e-05,-0.0005906326530101874,-0.0004453561192522791,0.0005662758796610989,0.0004938714872768837,-0.0009579485639214513,0.0005475722998812549
2016-08-05,-0.0006213289271415848,0.0005411777709992864,0.0004948775950155346,-0.00010471546346641197,-0.0005233987900522333,-0.0004025489098307012,0.0006341754719238792,0.0004103498470523579,-0.0010060348827441654,0.0005777001641111001
2016-08-08,-0.0004970453981191455,0.0003905894038530389,0.00047672285967121156,-4.2355877037138223e-07,-0.0006210663115070354,-0.000313694172427291,0.000624284884043938,0.0003297312172865271,-0.0009375829432249072,0.0005468864129115139
2016-08-09,-0.0005413617274738053,0.0004530267384305975,0.00046009408886837997,-6.443342072125907e-05,-0.000535174361911377,-0.00035492314940636753,0.0006267053696222599,0.000368514860382016,-0.0009554651734586077,0.0005432890285651734
2016-08-10,-0.0005731038082267843,0.0004329780690766633,0.0005757445674076916,-5.8681271992007573e-05,-0.0006439742066308811,-0.00034665276300313054,0.0006860229167281687,0.0003308813607723754,-0.000942272245503941,0.0005385572735329344
2016-08-11,-0.000521027855049943,0.0005335247264278793,0.00024848735418155164,4.999510051006267e-05,-0.000564130587356276,-0.00026240057733094985,0.0006570848926140821,0.00023645309548267143,-0.0009442068435810032,0.0005670731115122
2016-08-12,-0.0005210362565882237,0.000359230265005327,0.0005610505902664664,-2.6929791481116946e-05,-0.0006435549764574611,-0.0002742501098285891,0.0006560846784206403,0.0002216676927341739,-0.0008428739311401486,0.0005113380101681268
2016-08-15,-0.0005408186003245477,0.00048140954631801895,0.0004228761525737375,-8.169748882541714e-05,-0.0005598748643441016,-0.00020970125551719558,0.0006468984774268462,0.00016354238399969752,-0.0008014435755297859,0.0004790868773591056
2016-08-16,-0.0005933261088343356,0.0005404507426109576,0.0004301863673873878,1.903680025920531e-05,-0.0006872365319107697,-0.00026492418739267054,0.000659352327750563,0.00021970329726421663,-0.0007766590300495695,0.0004544407321738081
2016-08-17,-0.0005733988897540679,0.0004718437888098304,0.0005136365575172984,-6.359611645382658e-05,-0.0006406964341930024,-0.00024052698697170707,0.0006594745809660081,0.00021387478676450182,-0.0008141061801127843,0.00047439581683991414
2016-08-18,-0.0005815351445103106,0.0003536354580584008,0.0007195060222444424,-4.3481138566812266e-05,-0.0007901533608073684,-0.00020292252721720513,0.0006660504120562846,0.00017582289330921042,-0.0007620434057413646,0.0004654382508088896
2016-08-19,-0.0004780705169727152,0.0003061186196937479,0.0005584183601490206,-1.607528363098236e-05,-0.0006351313121898284,-0.0002610404950332511,0.000633904324035638,0.00018701958262306619,-0.0007414274472651722,0.00044694220367539825
2016-08-22,-0.0005361297342894528,0.0004305173627982819,0.0004751123134852774,4.0892848367597365e-05,-0.000716447773778394,-0.00023489044056902372,0.0006314623603233885,0.0002497544156690179,-0.0007838409127658187,0.00044330941767556364
2016-08-23,-0.0005274832685895547,0.00040153119753411765,0.0005241385572886939,-6.206418483747922e-05,-0.0006322323041793067,-0.00020771848467709617,0.0006187653751680115,0.00021420418686134146,-0.0007943949270738382,0.00046503711176462334
2016-08-24,-0.0005307316128743945,0.00038884081745017233,0.0005064043278791008,3.890857958166634e-05,-0.0006012121637856138,-0.00042694515506185547,0.0006251506062074225,0.00032862619410780995,-0.0007243835896384096,0.0003960081388808337
2016-08-25,-0.00041965314189633613,0.00028061595411887214,0.0004665420550532661,5.5548828833616205e-05,-0.0006116298095042039,-0.0003664813595465003,0.0006723062304228016,0.0002679068335094126,-0.0007849493776034104,0.0004396554470972036
2016-08-26,-0.00033082132859471244,0.00023234444804296362,0.00032230603853222826,0.00011105183989904358,-0.0005308218968892425,-0.00030811927183515934,0.000656226154956566,0.00011046006457800239,-0.0006515090259419098,0.0003894162627302543
2016-08-29,-0.0005024294662742818,0.0004168350003889206,0.0004061296841650049,4.9249498414076845e-05,-0.0005837619651549025,-0.0003291777218269714,0.0006042000245982428,0.00020945881603612326,-0.0006091517157642036,0.00033855756936066947
2016-08-30,-0.00041517143008824474,0.00031218372729687176,0.00040459884400507323,2.7412968243836766e-05,-0.0005359642223395113,-0.00033342352976477654,0.0006667144780530578,0.00014422802188545844,-0.0006053359204513595,0.0003332235241923741
2016-08-31,-0.00042400198821010903,0.0003173995898402707,0.0004210677693166128,3.010519398945026e-05,-0.0005628935525550556,-0.00031060523051583064,0.0006675261010934963,0.0001498373784587434,-0.0007009278907502588,0.0004122391037071037
2016-09-01,-0.0004395471214765378,0.0003480805802357932,0.00041304331557437575,-2.869322390688673e-05,-0.0005163441249000245,-0.00028622926455372337,0.0006674243989877055,0.00012178633624010046,-0.0006830393723588277,0.0004033493121321924
2016-09-02,-0.0003505717401241378,0.00022491235453849477,0.0003551981865613169,0.00013018820865620673,-0.0005349496609783622,-0.00031789814749522485,0.0006661088649492306,5.794580423413784e-05,-0.0006390736821392656,0.0004089573624724632
2016-09-06,-0.00045957246839671475,0.0003546920193896602,0.0003851672854456468,6.946557900491031e-05,-0.0005130310619396485,-0.0003604705218686593,0.0006105050334323514,0.00016421050457956707,-0.0006600657857152616,0.0004102665476319982
2016-09-07,-0.0005545896181682807,0.0005156513752686952,0.00033416226875518373,3.0518993332754804e-05,-0.0004887578576313438,-0.00037542729986008924,0.000619415690032394,0.0001833036625714414,-0.0006575712727078069,0.00039475561272506177
2016-09-08,-0.0004915193833704718,0.0005317515467477855,0.00015873955222683086,9.418576352007019e-05,-0.00045049649513613857,-0.0003010834628954743,0.0006018724419195286,9.20494168892387e-05,-0.000631164508698441,0.000396251976151913
2016-09-09,-0.0005431395441366721,0.0005870481994688257,0.00019961801757075771,5.293440015431347e-05,-0.00048778484366592163,-0.00029199355121817434,0.0006136829160996605,0.0001188616779511098,-0.0006171217907273811,0.00036813066024442634
2016-09-12,-0.0005600418766865175,0.0006563970957578014,8.694537366969127e-05,0.00014578062431650288,-0.00047018945517269053,-0.000392754012631006,0.0005818744990666834,0.0002481520097469235,-0.000669143305344299,0.0003742731169955535
2016-09-13,-0.0006991713914186173,0.0006512699267800003,0.00047934107891043753,-8.835625022196938e-05,-0.0005728294249644703,-0.00036253197194633865,0.0006750999664114944,0.0001979143078030092,-0.0006305085408707112,0.0003491218737392762
2016-09-14,-0.0008045887371642396,0.0006731972399569176,0.000645972422422948,-6.0167265485098174e-05,-0.0007064662589037866,-0.0004589192388445764,0.0006863223714070922,0.00029286662999453844,-0.0005380759803194253,0.00027056658265646114
2016-09-15,-0.0008719496179628123,0.0007052980637675546,0.0007640785226405945,-9.225630934522541e-05,-0.0007923488333069911,-0.00043450587418571683,0.0006392971895582845,0.0003522680471608926,-0.0005204234998289203,0.00025002091617669017
2016-09-16,-0.0007874623463808039,0.0006853184069090038,0.000619082539384419,-9.732276156121291e-05,-0.0006541086395732264,-0.00045957425921322806,0.0006248708656994822,0.0003515876057161374,-0.0005227833555148179,0.00024034696480478707
2016-09-19,-0.0006656962950993082,0.0005581216436810442,0.0005224130359724848,3.664445752885048e-05,-0.0006444364713548978,-0.0004555906453289488,0.0006359712369453027,0.0002747405647247139,-0.0005700758563195914,0.00030925186285072487
2016-09-20,-0.0007002333656949164,0.0005961092586523444,0.0005381564732786313,-2.252133085975036e-05,-0.0005479531750155146,-0.0005587430430943393,0.0005916661331970049,0.0003648200172967561,-0.0005022074209660617,0.0002410854697364878
2016-09-21,-0.0007732222403765117,0.0005904093412331668,0.0007277148814391829,-6.512785734054047e-05,-0.000700334215180589,-0.0004803408157760033,0.0005865252098313668,0.00035597167159054366,-0.0004425266778859717,0.0002006215032386606
2016-09-22,-0.0007064588142236647,0.00043532002660706974,0.0008137721986849261,1.6107858646120798e-06,-0.0007363285878622186,-0.0005407088465951664,0.0006000454352122313,0.00034841405903722825,-0.00041162439037339266,0.00019612267655048227
2016-09-23,-0.000766898873565749,0.0005118402325002408,0.0008477274613631859,-9.258683041529943e-05,-0.000691080759169212,-0.0005627052761565214,0.0005799802463324639,0.00040423336683706457,-0.0003781359698239485,0.00014745977487871237
2016-09-26,-0.0006004285132209528,0.00039522039579281253,0.0006319127725547043,7.164137632200904e-05,-0.0006489938431529611,-0.0005373689751808318,0.0005589078717066018,0.0003404023822255152,-0.00036984876794903324,0.0001586959359953545
2016-09-27,-0.0005601021314619627,0.0003575786103344864,0.0006339077282294546,3.6131347476561423e-05,-0.0006398510884104668,-0.0004703580333771627,0.000564759123181071,0.000292858029359834,-0.0004036116186367719,0.00018878991686798602
2016-09-28,-0.0006296694887336588,0.000409348842878186,0.0007135281754077861,-6.361128865822394e-05,-0.0006395179560260457,-0.00048178603291010313,0.0006468155117319851,0.00027808865003084784,-0.0004771195310699118,0.00024594171447277213
2016-09-29,-0.0006474410715836022,0.00041788094075284696,0.0007568470926348344,-9.266123227660242e-05,-0.000665973847183518,-0.0004215958695849755,0.0005926518253546835,0.0003077881232159078,-0.00047790274041384015,0.00023027112738252184
2016-09-30,-0.0005708221367143355,0.00040442271350240623,0.0005497276691159509,8.485506867085373e-05,-0.000615412819528276,-0.0005192757743178213,0.0005631214410553101,0.00035036922443260066,-0.00047114811991900984,0.00022417281488520957
2016-10-03,-0.000584274552475581,0.00038668456312946665,0.0006240527053716265,4.548047298390083e-05,-0.0006653284505829492,-0.00047927310041363455,0.0006066991041150591,0.0003160490393421221,-0.0005054284021310078,0.0002560225645416338
2016-10-04,-0.0005245673809375173,0.0003246943459025665,0.0006110069978854226,2.4681557066343063e-05,-0.0005802827887050593,-0.0005256849757499897,0.0005845128646694946,0.0003339830759446494,-0.0004477596326250867,0.00019875581722173657
2016-10-05,-0.000518155175458512,0.0003309860186247876,0.0005755728782496491,4.9068721626773296e-05,-0.0006037216230746663,-0.0004605716586450672,0.0005576032754611802,0.000312276023252768,-0.0004863291333411131,0.00024347585862043858
2016-10-06,-0.000390485722429456,0.0001579990671004292,0.0005822022537657588,8.006853485800422e-05,-0.0005541122026684036,-0.0005314582077514205,0.0006256318969836364,0.0002562933366789359,-0.00046457876093605396,0.00023880983357435492
2016-10-07,-0.00043416135345958687,0.00014857013565123482,0.0007295074525849547,-9.246130818833104e-05,-0.0004753732025242329,-0.0005015032514036379,0.0005655571615129987,0.00027108001710289195,-0.00040402332737164703,0.00019285632327570648
2016-10-11,-0.0004032115270453376,0.00011738472089404834,0.0007145979091554159,-7.822357816760286e-05,-0.00047332604319638184,-0.0004799478511960508,0.0005072717422830181,0.0003263201214191956,-0.0004566507802704657,0.00022634097855604024
2016-10-12,-0.00043443106789046657,0.00013533118578107003,0.0007134657238538778,0.00011376360914214234,-0.0007357841638667463,-0.00041592597290485665,0.0005532330805286742,0.00029927743701965714,-0.0004424365908297784,0.00021323114179199604
2016-10-13,-0.0004821690034200639,0.00019350096788147558,0.000728060106070837,-2.4070511365504796e-05,-0.0005368774568696374,-0.0005440525520266134,0.0005470410016806017,0.0003636768218601219,-0.00045163883655441675,0.00020711381577584106
2016-10-14,-0.0005005666975196857,0.00019215372870077206,0.0007634576386005947,-3.4264806996831335e-05,-0.0005097922713175104,-0.0005920015259623795,0.00046269315613838534,0.00044401159973187637,-0.00039245376642741206,0.00016754838026730376
2016-10-17,-0.0004933516891715527,0.0002132363999363205,0.0007422927502619258,-0.00010940494298616182,-0.0004452955905862657,-0.0005364185428974738,0.0004987430509163417,0.00037209226138430404,-0.00042100486515975546,0.00017801993821652679
2016-10-18,-0.0005047655580515814,0.0001821142501263551,0.0008004372482536774,-1.2960064996155388e-05,-0.0005868578245680125,-0.0005748329931366813,0.000514094118095304,0.0004058642976967966,-0.0003727002014404235,0.00014959323039259037
2016-10-19,-0.000518620831730641,0.00023545161077311635,0.0007369545074851942,-2.8261263254428584e-05,-0.0005200403835632968,-0.0005754978266543018,0.0004681383875587159,0.0004365413271073884,-0.00040068628591239525,0.00016698807607154822
2016-10-20,-0.0004757303417683434,0.00019248618479130418,0.0006837453513830463,4.089251469854664e-05,-0.0005457378557633379,-0.0005364085244859516,0.00046732533580004683,0.00039986315751420684,-0.00042296665933535746,0.00019875309289306073
2016-10-21,-0.0004421453484658171,0.00016423943270021338,0.0006844979834414091,1.81554961572062e-05,-0.0005296562003750029,-0.0005236382924101949,0.0004436830399224892,0.00041772372445471675,-0.00041274575483228604,0.00018020637546940083
2016-10-24,-0.0004322143049671832,0.00014564099778523274,0.0007119136925095061,-4.61328093448142e-05,-0.0004636410299109165,-0.0005471171004630612,0.00047089137180718506,0.00040632682348817895,-0.00046396703699429914,0.0002184909272180402
2016-10-25,-0.0004936761550826787,0.0002929065847426223,0.0005744471135874819,3.9024057994954675e-05,-0.0005632279931242629,-0.00042459254464996543,0.0004158584449154151,0.0003915077293814573,-0.00044614178642975524,0.00021822897447048434
2016-10-26,-0.0005539197519700179,0.00032163343645399967,0.0006770274090194253,-1.3867034534830597e-05,-0.0005647581551408865,-0.0004946389842336481,0.0005051440777431408,0.00034630094899449487,-0.00043549550733843964,0.00021292894794017192
2016-10-27,-0.0006672132443970541,0.0004303734841983693,0.0007599121294809301,-9.876783932994716e-05,-0.000550391258533317,-0.0005893358274538588,0.0005505982356652714,0.0004313525811806586,-0.0004749999562276945,0.00020820333612115577
2016-10-28,-0.0006784624503421363,0.00047866623415035187,0.0006810611111174331,-3.748816348503499e-05,-0.0006075912022568027,-0.0005147355286192323,0.00046896212731705605,0.0004926643394869736,-0.0005091971659796739,0.00023068979581668952
2016-10-31,-0.0006422532094942784,0.00044466427459473323,0.0006272742570332876,7.630890754302053e-05,-0.000647503311032022,-0.0005608603491044119,0.0005088027139491802,0.0004425250105542927,-0.00043960411304230784,0.0001893290635441927
2016-11-01,-0.0005856108639340548,0.00037606437455685576,0.0006551791875756491,-2.6770872534631965e-05,-0.0005537764797196448,-0.0005192147494063448,0.0005072417600919567,0.00040653231629375966,-0.0004958769372857483,0.00023638741207202343
2016-11-02,-0.0005714730892639039,0.0003816338851394454,0.0005956204923393453,-3.72825292611588e-05,-0.000397941416956437,-0.0006215203961489578,0.0004083902730706978,0.0004943352486145199,-0.00047112393068475186,0.00021985710774062237
2016-11-03,-0.0005738685654059637,0.0004088680417075347,0.0005620774085098573,-3.8967923503491556e-05,-0.0003960165603086249,-0.000639263297624532,0.00045823224248930927,0.00048486063224525283,-0.0004704404859617803,0.0002046464169887588
2016-11-04,-0.0005799955556889023,0.0004526504197843173,0.00047913854087455656,5.755322265984901e-05,-0.000465549483481412,-0.000586356865297814,0.00042100065572824724,0.00046441496225676365,-0.00042879723264409655,0.0001861070711744843
2016-11-07,-0.0005152791836485491,0.0004391076407741362,0.00037801713742210107,1.6283273576923885e-05,-0.0003731917860578717,-0.0005059683997797534,0.00044093458823332016,0.0003588429689734343,-0.00046216662411054446,0.00022299588103465856
2016-11-08,-0.0005519667330481839,0.0003002980880407241,0.0007036455024472333,-6.716726337239846e-05,-0.0004685617810103633,-0.0005524319240000006,0.0004478514889059426,0.0004251532376313913,-0.0004865561351513163,0.0002510926060778386
2016-11-09,-0.00047289306003283835,0.00022623745073544442,0.0007002298543952699,-0.00016936730425782046,-0.000443763802886403,-0.0004340086347460817,0.0005899483047288566,0.0002622572485629915,-0.000559337206230269,0.0003012450419669528
2016-11-10,-0.0004574522223239159,0.00031053395252999237,0.0005383624497281095,-0.00020250705321870136,-0.0003262477941647513,-0.00038060316875917523,0.0005973698056058532,0.00020523056620052466,-0.0006539185350150252,0.0003686682985160547
2016-11-14,-0.0003461306848041301,0.0002815467799102472,0.00034129879249693816,-0.0001992698983610073,-0.00018929861358449665,-0.00031112166174373374,0.0005561005357736307,0.0001058262531796958,-0.0006124373133965209,0.0003752154045022771
2016-11-15,-0.00030531380649605807,0.0001533449191969856,0.00048112116581971055,-0.00016889962165050898,-0.0003099260100239785,-0.0002988170490653627,0.0006280390290665759,5.366872822014368e-05,-0.0006037117773099662,0.0003672448516917337
2016-11-16,-0.0004820913864852167,0.00044573598379044326,0.000424625558247323,-0.00028982527630834996,-0.0002687947389875007,-0.0002877596149828965,0.0006485769368826146,3.0346405418730377e-05,-0.0005780968494747615,0.00035659653646627834
2016-11-17,-0.0005311925557154144,0.0004656348803911744,0.0004477666201081745,-0.00019249038724275178,-0.0003798563054511102,-0.0002890359262277403,0.0006007817042745396,0.00011948302479898934,-0.0005798548151367301,0.00033888402997531847
2016-11-18,-0.0004226944889800426,0.00039527930039382365,0.000342658971728433,-0.00019817223842478332,-0.00032111379717206234,-0.00017433161254013646,0.0005796533273252982,5.242300794383592e-05,-0.0006687489315818952,0.00041528328897341704
2016-11-21,-0.00034247862943987805,0.00028264820023639857,0.0003498410837644945,-0.0001439771633325558,-0.00032341358718226965,-0.0002151325864218831,0.0005721771533694735,6.577449501758703e-05,-0.0006572854361926415,0.0004141129916100175
2016-11-22,-0.00029777197067965954,0.00022314253665818747,0.00032626772418551785,-0.00013183868376979123,-0.0002639519761906163,-0.00024617395072550063,0.0006237830338970719,-1.3709256509248507e-05,-0.0006210959892047965,0.00040201278906208324
2016-11-23,-0.00023697794800437138,0.00021068542750420777,0.00020492816747806446,-7.646699491725868e-05,-0.0002660253901365754,-0.00018322556651243632,0.0005959577330958664,6.002741614965362e-06,-0.0007028996249608087,0.00044887816537272224
2016-11-25,-0.00027608746759723475,0.00020824378828720493,0.00031587180358804735,-0.00014282049732604156,-0.0002501964900829042,-0.00025312969646404046,0.0006493834478019482,-1.1734947903394022e-05,-0.0006615761055486329,0.0004202493903549785
2016-11-28,-0.00021467767665908025,0.00015222420461217558,0.0002538810700024579,-5.7125774401171545e-05,-0.00029455212507392345,-0.00018503995883327115,0.0005722136153347331,2.0975617580566014e-05,-0.000660762459903954,0.00041270243725100367
2016-11-29,-0.00023446754348421285,0.00018357886188130265,0.0002536617527269941,-0.00010155934699439088,-0.000231920750362654,-0.00023939028735318543,0.0006103410941302699,-2.4106845943408506e-05,-0.0005868839406792774,0.0003707490111239352
2016-11-30,-0.0003191977177007437,0.0002824361621793564,0.00030711260017680236,-0.00015552345632983446,-0.00028528216331091816,-0.00023579404571379484,0.0006302508814538428,2.9603555806032716e-05,-0.0005985604613707278,0.00034359708620103693
2016-12-01,-0.00022113869043017577,0.00010379726266200335,0.0003925036153843925,-0.00018203417356058883,-0.00026166864041679214,-0.00019331146614482916,0.0005801790503491139,1.6343168463023305e-05,-0.0005434863654248598,0.0003074110215725359
2016-12-02,-0.0002911805926557936,0.0001740731750853458,0.00036655738629256043,-9.141392407897679e-05,-0.00028246135914116073,-0.0002708588009935377,0.000593972181432114,-4.09482519627552e-06,-0.0005848053430383138,0.0003913257690828023
2016-12-05,-0.00032514985486567765,0.00025232365586568516,0.0003463300566353966,-0.000136283604046954,-0.00026255967924283634,-0.00029592799053237626,0.0005760873886325249,6.306174900237022e-05,-0.0005516009363434604,0.00032956215996170907
2016-12-06,-0.0003577357876535098,0.0002334408937616026,0.00045041556681768395,-0.0001985824444756118,-0.00030268329487138923,-0.00021731146658856768,0.0005471795079508845,9.287731663700297e-05,-0.0006043113113504521,0.0003568029648454672
2016-12-07,-0.0002828111485300121,7.360169023685418e-05,0.0006022083352874713,-0.00028201660415406483,-0.0002754497459532511,-0.0002610065510114598,0.0005695654623612441,6.420465655694596e-05,-0.0004890495666123248,0.00028048617694381717
2016-12-08,-0.0002871992996740652,6.995516044185426e-05,0.0005677323830913933,-0.00013668418104489585,-0.00036127762490918355,-0.00035135089108589285,0.000651732089051546,3.692186515609486e-05,-0.00045505856065820166,0.00026522447666217294
2016-12-09,-0.00024869544685889814,5.6967466674606726e-05,0.000491972945888014,-6.510711221108939e-05,-0.00039761545573722447,-0.0002799807030949633,0.0006116466067503309,3.442094216156086e-05,-0.0005012406791327154,0.0002970049817606901
2016-12-12,-0.00035091574586035984,0.00018383967527285834,0.0005194046394071099,-0.00013361518348336578,-0.0003962550830150322,-0.0002782235464068618,0.0005304229319335226,0.00017887902482342788,-0.0005944508882358528,0.0003380335360623557
2016-12-13,-0.0002985894139208474,0.00011660691791774442,0.0005401037869032753,-0.00018105658310427555,-0.00038876821924421247,-0.00017174375931351335,0.0005044942044961122,0.00011677520608385436,-0.0005568724300953551,0.0003188430614181545
2016-12-14,-9.852667109484618e-05,-6.332879886532857e-05,0.0003750319144933262,-9.722379466920068e-05,-0.0002938811082915764,-0.00012180358442548389,0.0004714594665632989,6.185381692423372e-05,-0.0006390450633402198,0.0004073441719713265
2016-12-15,-0.0001607021835070173,6.568871307022738e-05,0.0003156515442620713,-0.00014182445634326225,-0.00033457002960705223,1.8764042256702584e-05,0.0005352070401903539,-5.413833533905732e-05,-0.0007198720984390033,0.0004762435612639948
2016-12-16,-0.00020679812525921902,6.716036315864218e-05,0.00038527009291499,-0.00010138298513605488,-0.00036684617778694195,-0.0001104023596593881,0.0005781632781437646,1.9335515296470956e-05,-0.0006997612458744355,0.00043649354486620384
2016-12-19,-0.00021385264206262404,6.0340962695530805e-05,0.00043114048254638826,-0.0001743539823831023,-0.00034792406673324686,-1.1677287614409587e-05,0.0005120652929135362,-1.3223663103367062e-05,-0.0006593454931597131,0.0004165619623639795
2016-12-20,-0.0002357841864720064,0.0001337683422324206,0.0003855098593794383,-0.00017417193045652507,-0.0004017033155598194,5.505808943518861e-05,0.0005337515056062017,-2.2584542476486447e-05,-0.0006798350941141229,0.00040408265595987675
2016-12-21,-0.00023455000242879678,0.00012947805773138883,0.0004035963222286977,-0.00026765005151633756,-0.000297881511925311,9.831101793504257e-05,0.00043326069133698547,-4.174915090040393e-05,-0.0006340837984807994,0.00041128551389809503
2016-12-22,-0.0002480103533169667,0.00018743217080479952,0.00032095076731279183,-0.00019091049962374936,-0.00033538774696637713,5.767521834805847e-05,0.0004973653149347446,-6.926549951768307e-05,-0.0006395680968640759,0.0004182520144210694
2016-12-23,-0.000211710085834765,0.00014342746265972196,0.00030533508692690177,-0.00017695270150921288,-0.00030989270493452653,8.792382004994478e-05,0.00042577923293710823,-4.577170730593952e-05,-0.0006315979581296878,0.0004169161561190654
2016-12-27,-0.0001959160743658806,0.00017473992081813543,0.00019933703950055642,-4.988605542225778e-05,-0.0003714100955775415,5.7814290903967364e-05,0.00039821516587619857,-3.677714763363621e-06,-0.0006035849608404496,0.0003949645210813042
2016-12-28,3.5609989977071488e-06,-0.00020089549001237397,0.00038197715175523547,-4.413065295054419e-05,-0.00035802239178946496,1.772936758182367e-05,0.0004329845038016783,-3.0116776685684687e-05,-0.0005734867952698133,0.0003704459341187828
2016-12-29,-0.00028694951158207867,0.00017500274009998786,0.0003385582458055227,5.50200424434058e-05,-0.00048195211982450525,-0.00018688721436656286,0.0005612067504858764,2.762627137611537e-05,-0.0005423512808116829,0.00034129846263262
2016-12-30,-0.00014353052258741367,1.074862818580425e-05,0.00032032472127312486,2.507676352940004e-05,-0.0004039295697285481,-0.00010635564647173967,0.0004743821963561039,3.526201298528764e-05,-0.0005533691605589149,0.0003414185025427535
2017-01-03,-0.0001844800965259052,3.154544606198857e-05,0.00040412905654717453,-7.960779962084587e-05,-0.0003562479593731717,-0.0001513091804180751,0.0005063459378151815,4.131231741950209e-05,-0.000529328857266996,0.00031729680361584217
2017-01-04,-6.678751448364537e-05,-7.57448336493648e-05,0.00025821925973316603,0.0001270847368242383,-0.00037491345722989386,-0.00019297850770474967,0.00045573122231805027,8.582525709712602e-05,-0.0005846901446191523,0.00036446328810782816
2017-01-05,-0.00011880648838157471,9.308728034168948e-06,0.0002484165395440843,5.1381288604827186e-05,-0.0003397099832787992,-0.00017363312471435285,0.0005026032859520822,5.056163157965768e-05,-0.0005950930593962289,0.0003649089212173183
2017-01-06,5.0065290230272286e-05,-0.00016572599104052333,0.0001681185342878016,6.332229046700222e-05,-0.00020304142033086663,-0.00015833874624341174,0.0004379850902257454,2.4281004368510023e-05,-0.0006176633365539801,0.0004014676892785847
2017-01-09,1.4950403831909438e-05,-4.728348154040777e-05,4.0461639862422044e-05,0.00014616133783489776,-0.00026028406006091236,-9.842466571038586e-05,0.0003645952619341919,7.989026920043538e-05,-0.0006411645101551088,0.00040024988445813356
2017-01-10,6.392583568707623e-05,-0.00011836491324599893,7.176582558371739e-05,4.800790957386683e-05,-0.00016533927829865368,-6.281798418035847e-05,0.0003558506431487127,4.427116054498553e-05,-0.00065414867361549,0.00042003048453614564
2017-01-11,7.96839578067303e-05,-0.00012450404321788337,3.900385829275557e-05,0.00010112669764132318,-0.00020470017124384586,-7.563119557994075e-05,0.00036534766638407143,7.756107104186019e-05,-0.0006768411422339408,0.0004186884351582397
2017-01-12,0.00011117123980066215,-0.00016296096358691618,4.752084689990145e-05,7.009731979171728e-05,-0.00020132595383879313,-4.9177035756152454e-05,0.000473432460313096,1.2388965915703654e-05,-0.000848883457700008,0.0005469202418733506
2017-01-13,7.769344616561074e-05,-0.00010213965539326245,-1.3783090247090901e-05,0.00014591215618107133,-0.00018789472534648174,-0.00011824617941609203,0.00038061954096372044,5.412400001182649e-05,-0.0006549628800574005,0.00041893635500670975
2017-01-17,6.145396438970042e-05,-6.349623999759701e-05,-4.490802297030423e-05,0.0001737646356613897,-0.0002406568680935351,-8.795356490323702e-05,0.0004275422665146883,-5.6375964490491814e-06,-0.0005758583690021121,0.0003551581298966121
2017-01-18,3.159992723940266e-05,2.4089051863167982e-05,-0.0001360589359105796,0.00014880290201416298,-0.000137336077982754,-0.00012638096476256036,0.0004528120289528058,-6.505817065918795e-05,-0.0005708746559238628,0.00037872799965642245
2017-01-19,5.7559775922841165e-05,-1.9006828601181823e-05,-8.937938281329896e-05,0.000151087718850966,-0.00021966349918338401,-9.355480097866103e-05,0.00045087791783592415,1.7499427410798407e-05,-0.0006655234913470198,0.00040967732283805555
2017-01-20,-0.00013679768953148413,0.00011744003740438592,0.00010311233723513981,1.5528180399791355e-05,-0.0002136739690571255,-0.0001594801699671515,0.00046225124007138324,3.461886695764124e-05,-0.0006027355002987331,0.00038188784029241293
2017-01-23,-3.1896419470037705e-05,-5.498387119636048e-05,0.00011717929453904444,0.00015065667333608555,-0.0002666847793974785,-0.00012141368404605321,0.0003252960465338732,9.440309899034702e-05,-0.0006196606928392315,0.0004078310475621981
2017-01-24,-8.158964478009907e-05,8.895841465795563e-05,1.695709377797297e-06,0.00015228875828174337,-0.00025249773562514843,-0.000172502052935352,0.000458257013280141,2.9290989746327822e-05,-0.0006415078672254229,0.00041786748341319027
2017-01-25,-7.485471302222293e-05,4.4199901007194176e-05,5.9767760763239364e-05,0.00014536965655653766,-0.0002847232784393295,-0.00016207430687882607,0.0004908019014873699,1.9292602442957246e-05,-0.0006218554781505584,0.00038317412925752137
2017-01-26,-0.0001309081413290534,7.808754903088164e-05,0.00012498830313445453,0.0001520483603446223,-0.0003184113468417873,-0.000263124030788809,0.0004884880588201385,0.00010125063292271141,-0.0005998240868532873,0.0003676306307778508
2017-01-27,-0.00013007152826008742,9.032757773236397e-05,6.440847219705594e-05,0.00024950061850886884,-0.0003699043619138989,-0.00024332747339270155,0.00044872578953737696,9.185968576634618e-05,-0.0005852277348049641,0.0003846672048771864
2017-01-30,-0.00014231724049039527,0.00015174470528981666,-8.256852513514532e-06,0.0002528856521497591,-0.00036497876544873235,-0.00022481034077987544,0.0004664126222136168,8.104913454254348e-05,-0.0005426908658297293,0.00032793368168157824
2017-01-31,-0.00021408684550167957,0.00012537096248047344,0.0002513781455519507,5.9447479249862684e-05,-0.0003464052855491149,-0.00026686739383931235,0.0004894001159553851,0.0001302889576522484,-0.000564797958008411,0.00033637844520783416
2017-02-01,-0.0002251101005209047,0.0002418419818071612,6.0333612107939943e-05,0.00014815327580922598,-0.0003125181345429266,-0.00027007246387332137,0.0004798245180488471,0.0001256732615042347,-0.000636125639121108,0.0003877817112508432
2017-02-02,-0.00018927242643459238,0.00011836907893804892,0.0001910548565444755,0.00012303794897889665,-0.0003321704129106741,-0.00030861101950156386,0.0005193213617387289,0.00013879914699801987,-0.0006779274269726084,0.00041765403025600945
2017-02-03,-0.0001406048082657164,0.00013373728637366532,5.586504814610038e-05,0.00012853763993918993,-0.00025626762644762394,-0.0002598218822098125,0.000451159352345739,0.00014498445690281844,-0.000652410684063489,0.0003937948280563798
2017-02-06,-7.014954239873469e-05,6.217949287263061e-05,1.823015724588227e-05,0.0001516222469956103,-0.000215162274625081,-0.00024047969737681432,0.000381948009335116,0.0001612158852539597,-0.0006197592197122459,0.0003703201292591697
2017-02-07,-0.00011830519125437255,0.00010191153694615995,5.393670495223296e-05,0.00012027126826590247,-0.00019814373251844652,-0.00024048538369778397,0.000335641745406904,0.0001611752260663353,-0.0005625976218628578,0.00034708683759676964
2017-02-08,-7.217055398880436e-05,7.819165108005014e-05,-7.410086243881189e-06,0.00017609560592000972,-0.0002466636033113881,-0.00026009497961819797,0.000489715562754723,7.491481450831727e-05,-0.0005815333029343707,0.00034876474871779403
2017-02-09,-3.144448068531473e-05,0.00010429603215652509,-0.00015461999800368484,0.00022603384501565515,-0.00019721102220104925,-0.0001904869315434224,0.0004367341770092417,2.0420210454584475e-05,-0.0005899869484871367,0.0003761483715645289
2017-02-10,-9.148234107229751e-06,4.7163501665267726e-05,-9.225104946618962e-05,0.00017985282729026525,-0.0001741902089956917,-0.0002228490900076513,0.0004802988006079069,-2.8465446561275892e-05,-0.00051813686286847,0.0003382910721424319
2017-02-13,-9.181153488567028e-05,9.186525568678858e-05,4.2714777734933e-05,8.666734928869033e-05,-0.0002306229047167839,-0.00012955488700293338,0.00045864235031667366,-5.334562492757475e-05,-0.000523262598821319,0.0003497450804642553
2017-02-14,-6.615625297452452e-05,0.00014370542721350767,-0.00011051304358084164,0.00012769133336612212,-0.00022731368869062345,-3.565903327928249e-05,0.000464168405468951,-0.00012628534846051073,-0.0005378611547714983,0.000368481849235755
2017-02-15,-7.481282784737708e-05,0.0001671832467527905,-8.710952972413623e-05,4.052764655135786e-05,-0.0001636395310357537,-0.00010223805983295559,0.0004971385096525609,-7.833406843026774e-05,-0.0005242749685125635,0.00032467260378906543
2017-02-16,-0.00014013701508630919,0.00024215840074630086,-0.00011330256975227403,0.00011206532348054417,-0.0002239406104835532,-5.0333138375952685e-05,0.00042284213396358294,-9.824368060131969e-05,-0.0004654927044485599,0.00031448557955008477
2017-02-17,-0.00015700738398923952,0.00024021060874068918,-7.972520693274796e-05,0.00012195972458018539,-0.00024676951344819106,-8.306157491689073e-05,0.00043141697731105544,-7.97300431873843e-05,-0.00042901984738909216,0.00028170708115443643
2017-02-21,-0.000265239757894181,0.0004140945608945906,-0.00012693122259202147,6.576632222616945e-05,-0.00019405648225236626,-0.00010481725696341246,0.00042917611934650476,-6.369707658879578e-05,-0.00048715341800527334,0.00033374195124934516
2017-02-22,-0.0002549260932188397,0.0004041674759875718,-0.00016025454622079285,0.0001246071718657652,-0.00022255314890005234,-0.00010437466923885613,0.00044199263068747663,-5.857047798961748e-05,-0.0004651524730930716,0.0002948689342403485
2017-02-23,-0.00028651563120076634,0.00035445006084001973,5.702445576091439e-06,0.00010466951764214957,-0.0003041066453816268,-0.00018153279774861877,0.000546496259230287,-8.606337263756397e-05,-0.00048077130094840645,0.00032837598685096434
2017-02-24,-0.00028976882873706436,0.00029030204513290966,0.00015206668967126385,-2.0837982201912797e-06,-0.0002881512673078776,-0.00016771676695105306,0.0004878002864674505,-4.393368862339736e-05,-0.00039988726375577224,0.00026212208066641457
2017-02-27,-0.0003277552507727063,0.0005119202362777369,-0.0001537682230825007,0.00010408371705506424,-0.00024362064003597035,-0.0001618383193975198,0.000481134300565525,-5.373751777787081e-05,-0.0004460805312083635,0.0002894999890494243
2017-02-28,-0.0002931503676322613,0.0002933284417590207,0.00017330506913869857,-6.367979079429514e-05,-0.0002502997729244543,-0.0001385005663215727,0.0004968561941383863,-5.280905462131877e-05,-0.0005239228756442199,0.0003599129750416624
2017-03-01,-0.00027459616950590605,0.0004404547364093023,-0.00012946211025204567,-8.794599861351032e-06,-0.00016711052624910142,-4.198990908174313e-05,0.0004727062723236426,-0.00014706916608362222,-0.0004568977997968654,0.00031354381093521774
2017-03-02,-0.00035549530670550816,0.0004751279831725387,3.2054249653235695e-05,-0.00010722464636272674,-0.00023833961166883078,1.901259433663427e-05,0.00045084949955560144,-0.0001550863095791527,-0.00044794861925547685,0.00032839542559498155
2017-03-03,-0.00022398825804872957,0.0003087077117806501,2.5846021762653687e-06,-2.291920663260831e-05,-0.00023714877774963158,-1.6067209406878807e-05,0.0004826322085645027,-0.00013968078626089286,-0.0004893392659281112,0.00033033957098381125
2017-03-06,-4.977440358193072e-05,0.00014195690258774103,-8.76160951991875e-05,-5.6999441215007524e-05,-7.192333959943342e-05,8.828265120643108e-06,0.0004687391864598052,-0.00019547584034819085,-0.0005207069925059551,0.00036304906707498863
2017-03-07,-0.00018909918575574659,0.00022382031588756048,0.0001238925276095277,-0.00021757204553327948,-0.00012434078430231463,5.864716537586773e-05,0.0004239159510255712,-0.00012055859376281994,-0.0005593284695823882,0.0003814134500032991
2017-03-08,-0.000225678984239603,0.00024269712915679642,0.000135790057326321,-0.00011692027202043695,-0.00020203509120687857,-4.855287597195501e-05,0.0004226496052996166,-1.4539587019923167e-05,-0.0005611502841938593,0.0003684132411795882
2017-03-09,-0.0003030841376980972,0.00036446087782382973,0.00013784585711782392,-0.00018694463716444586,-0.000249425752733113,8.754656924571391e-05,0.0004944547375346289,-0.00018120483853885372,-0.000513012663763239,0.0003488243301450547
2017-03-10,-0.00026865648341251915,0.00036725320689101094,4.1944137281561475e-05,-0.0001697722132338493,-0.00018090859783142024,9.079562914375908e-05,0.00040429433022098893,-0.00017402045760900667,-0.0003288468989136317,0.0002169972936796466
2017-03-13,-0.0002715778675280549,0.00038753204405932856,-6.617257427607437e-06,-9.225310571610475e-05,-0.00019930500555784617,6.379832942393637e-05,0.00036773309022229,-0.00011976870163882963,-0.00038588614208795793,0.0002562811012943936
2017-03-14,-0.00030416941458598443,0.00042734514689568917,4.263421071085127e-06,-8.161952872602629e-05,-0.0002601631343844592,6.610124111728136e-05,0.00041690166574464074,-0.0001240006866152811,-0.0004115845190274872,0.00026653026284261666
2017-03-15,-0.0004150824255740107,0.0004700276024332973,0.00014729514356665724,-6.87771429393573e-05,-0.00031892827382636046,-4.0421549354713315e-05,0.0003639219394191498,1.923530448314642e-06,-0.0003585315504849064,0.00021847041541362203
2017-03-16,-0.0003356460657664819,0.00048218812888582707,-4.032158561251102e-05,-6.80252022497458e-05,-0.00016909508093898226,-2.5113211079404174e-05,0.0003731749352126612,-8.451283666007989e-05,-0.0004150988992918138,0.0002823569598631101
2017-03-17,-0.0002652095694442658,0.0003791785650239035,-1.373533736730853e-07,-6.926779684643565e-05,-0.00023449614144059605,4.746583155316661e-05,0.00036297200882823635,-8.438272633931251e-05,-0.0004141395893108024,0.00027860335567363864
2017-03-20,-0.00031297507620506575,0.00038128637421136827,0.000114730697501517,-0.00014242460362436093,-0.00023410753130209336,6.639821564961845e-05,0.0003681399428495484,-9.347199218922783e-05,-0.0004241929267030757,0.00027665896557954595
2017-03-21,-0.0003854133077797039,0.0005040190849641153,8.196269559436128e-05,-0.00020457015881222146,-0.0002104503279235035,6.053011432685662e-05,0.00038485681572702005,-6.968242006135869e-05,-0.00042160513555678306,0.00025964065011863796
2017-03-22,-0.0003410700888124736,0.00045153797574250254,4.162257977681667e-05,-0.00011136395882884939,-0.00028416455558044444,0.0001360254275507393,0.0003899243203076448,-0.0001403852388971033,-0.0004654218088331989,0.0003237693558721805
2017-03-23,-0.0003973347827280543,0.0005038250403408273,9.808552085693693e-05,-0.00017346518380261487,-0.00027537428379280013,9.67360316902234e-05,0.0004258444947799096,-0.00011229601910091314,-0.0004944616670798652,0.00033246747079682115
2017-03-24,-0.0002874153177006471,0.00032913199969857206,0.00015304550720006416,-0.00016703084573066636,-0.0002291584449068372,-5.132216605602952e-06,0.00045340074792190113,-6.036173326978353e-05,-0.0005122482019093225,0.0003252901446527401
2017-03-27,-0.00036962408929388634,0.00045105688401265304,9.052140794577057e-05,-8.682608597502563e-05,-0.00030691272719760715,7.939072898781319e-05,0.00037484518949189305,-0.00010967822522137821,-0.00043310349753439975,0.0003109176700063915
2017-03-28,-0.0003701216249840907,0.00044551470583830376,0.00013746080341915136,-0.00018237482780660529,-0.00024743965983695625,3.5943000634863775e-05,0.0004470763426170851,-0.00012272521985705678,-0.00044113416606965036,0.00029804345491271644
2017-03-29,-0.00045261618532540984,0.00044317246215952975,0.00035473257919219764,-0.00032923486223490617,-0.00023053074513279363,-1.7436603112104543e-06,0.00041795276731839207,-5.8496428840554976e-05,-0.000424558599130008,0.00028165092090469065
2017-03-30,-0.0003652541861905905,0.0003928532889916035,0.00023725501123571767,-0.000252136905733457,-0.00022849820873960258,8.730777763726882e-06,0.00048054022495516713,-0.00013069302153885173,-0.00042339507499249834,0.00028047824755689926
2017-03-31,-0.0005060288926997626,0.0004783272728611475,0.0003681158895683951,-0.00015260121379649834,-0.00048187204801663705,6.350943849636054e-06,0.0004923475698395685,-3.4018449261732225e-05,-0.00044526095512442687,0.00027449169847096333
2017-04-03,-0.0004638316287798386,0.00044526278532855054,0.00032502126101064885,-0.00016975654496859637,-0.0003840640635426728,-4.795441060079231e-07,0.00041480822647343984,-7.006101665783804e-06,-0.0004689729263657079,0.00030973103390342926
2017-04-04,-0.00046509025775581456,0.0004209695731777728,0.000372948354340312,-0.00013534266303919656,-0.0004403119684724538,-3.070814201202102e-05,0.00039699970128112896,7.057256778821366e-05,-0.00045939528916266736,0.0002685648198565982
2017-04-05,-0.0005208496586439661,0.00044713595258952417,0.00041734851293902774,-6.737744550346786e-05,-0.0005237956245569761,-9.38541328476157e-05,0.0004259526697711208,7.76160067609312e-05,-0.0004233098586825905,0.00026174057232973905
2017-04-06,-0.0005939155421360968,0.0005183203917788221,0.0005175836641421808,-0.00021460667457638173,-0.0005644083658132848,9.001059690989799e-06,0.0004595520553356304,2.6880164026805986e-05,-0.0004047159967257227,0.0002475365355531396
2017-04-07,-0.0004480383743525884,0.0003719144289351488,0.0004416424790093208,-0.00021651717055899168,-0.0004068163823384638,-3.0165719249779926e-05,0.00045588112414333623,-7.907067166103982e-06,-0.00042184937927044683,0.00026238864412446786
2017-04-10,-0.0005227700317682604,0.0005166790012363885,0.00032011549334711245,-0.00018744634954936078,-0.0003431957457637382,-2.5916580965575087e-05,0.00038055319008067565,3.0718154660092784e-05,-0.00047572877382057524,0.0003069916207797084
2017-04-11,-0.0004734373725027458,0.0003834979578143539,0.00045892079962676566,-0.00016228440131566858,-0.00043847618375740353,-7.584012296055903e-05,0.0003311703774812151,0.0001637713272565726,-0.0004129013264320483,0.0002254194105929079
2017-04-12,-0.0005270856648822431,0.0005010054128036703,0.00035667594890703355,-0.00012379586248406974,-0.000425669858867158,-0.00013632794770521497,0.0004366341401657696,8.975236071585499e-05,-0.00040348880379259197,0.0002326023548813276
2017-04-13,-0.0005382305081784444,0.0004665563215502308,0.00043549033077159606,-0.00011950131585589628,-0.00046529668265318444,-0.00014046020565409642,0.0004351945643021847,7.615218397667017e-05,-0.00037409414958348985,0.00022468026890198195
2017-04-17,-0.00045576075078025344,0.00036797748322105715,0.0004552217726431218,-0.0002056093980409117,-0.0003775479282287792,-0.00010603216237644111,0.0004320462048642455,3.809516675598243e-05,-0.0003631301530374123,0.0002148341633867075
2017-04-18,-0.0005409132355159371,0.00044722754345630916,0.00045687911938714285,-9.421371838168845e-05,-0.0005058345178204152,-0.00013291585053343963,0.0004033140541061381,0.00015897924393126067,-0.00039986771480460606,0.00020691641991595414
2017-04-19,-0.0005281843671052933,0.0004967434207418468,0.00040736288217054113,-0.00016881122728065572,-0.0004501977094680514,-0.00014306443721251796,0.0004685964100165779,0.00011600150511389268,-0.00041552464843880657,0.00021653286581133774
2017-04-20,-0.0005199377233810823,0.0005256081084780619,0.00030929011963403905,-0.00013433158047578345,-0.0004146776180914691,-0.00010385837450229904,0.0004782704680484466,3.678979545203645e-05,-0.00045549567370857524,0.0002785992676747201
2017-04-21,-0.00047036301437224093,0.0005065440866458496,0.00022869862491009356,-9.351666725650708e-05,-0.0003833947753897962,-0.00010807312309760522,0.0004452720974335786,7.578770357623624e-05,-0.00045898981271589104,0.0002572927742715697
2017-04-24,-0.0005406429819100125,0.0005810759535343334,0.00023064635014656727,-4.76416303209614e-05,-0.0004407936453503236,-0.000136210629121971,0.000442530327737712,9.141357971977418e-05,-0.0004427940279181572,0.00026360680971802136
2017-04-25,-0.0006073659805467362,0.0005387574776953043,0.00047373748424115597,-0.0001393947759587913,-0.0004999694685223557,-0.00015007377619806472,0.0004119349271226383,0.00015707863472936429,-0.0004546814287301054,0.00027065620058732906
2017-04-26,-0.0006208879263522663,0.0006038270096223423,0.00035457329062674875,-3.110510763137432e-05,-0.0005354478553658889,-0.00015118071864653193,0.00041217373615923605,0.00014331544618554487,-0.0004300426943931665,0.0002554033438547966
2017-04-27,-0.0006778046344564966,0.0006586280879150308,0.00042941344484699086,-0.0001263135187599112,-0.0005104793787022305,-0.00020654962393618428,0.00045716663831490284,0.00016828797632414613,-0.00040565530413727915,0.00021220913931573743
2017-04-28,-0.0007086054665550144,0.0007243153276518689,0.00037134637974486906,-4.1990912762811944e-05,-0.0005806028879867878,-0.0002443003032884493,0.0005079081070727028,0.00017322888027870506,-0.00043313740731205225,0.0002294110150774624
2017-05-01,-0.0005756248947752472,0.0004951788497665408,0.0004775629205746746,-0.00015273395246489206,-0.0004494727013177671,-0.0002255800853272795,0.0004562994461061176,0.00017340731563341566,-0.0004407718067929549,0.0002419840720745553
2017-05-02,-0.0006592154368923603,0.0006226010965707952,0.0004380855289077834,-0.00010960390672724168,-0.0005282405569142657,-0.00019502175575919142,0.00044078167107482885,0.00017883621478831033,-0.00040329955953280483,0.00021524329055017458
2017-05-03,-0.0005522183694331786,0.0005135059595486203,0.000391630454432898,-0.00013568941764486274,-0.0004241518555176682,-0.00017757544062231914,0.00043595618794947666,0.00011489958882131973,-0.0003892737500884348,0.00022400120173282287
2017-05-04,-0.0005107867297603971,0.0004475260420508456,0.0004063740556391679,-6.481609451078861e-05,-0.0004931788455936684,-0.00020352436975367566,0.000476943707001104,0.00013002248279220946,-0.00039859370708754047,0.00020949514223232366
2017-05-05,-0.0003848792722654735,0.0003670604557333753,0.000247430432348289,-3.549153760016091e-05,-0.00036601886886275005,-0.0001345219364953451,0.0004069136763209767,5.195009419930313e-05,-0.00037301141018537473,0.00022104459096038143
2017-05-08,-0.00041097134058386796,0.00035164201869757397,0.0003396288609832168,-5.686241931288083e-05,-0.00041329838518180256,-0.00012925650351018614,0.0003802133481686752,9.647122510947001e-05,-0.0003681155214521996,0.00021062264263977185
2017-05-09,-0.00044595585869945144,0.00042120457696987433,0.00028085932868776933,-2.3371018764845042e-05,-0.00039707862007542366,-0.00017883939359719658,0.0003681023779427313,0.00011820895511477705,-0.00031384759971676834,0.00017128184235249908
2017-05-10,-0.0005049985585914383,0.0004965303293016383,0.000296408716693489,-9.217624777045803e-05,-0.00038491585911640085,-0.00011621707884041169,0.00039947587778853613,3.3511987541423593e-05,-0.00027166394192505716,0.0001433853771107968
2017-05-11,-0.0005344849076340634,0.0005317526370411784,0.00029656356946454986,-8.400692791427078e-05,-0.00043117810218322797,-7.489569746768968e-05,0.00038698142005880523,3.182840631551359e-05,-0.0002757363777018476,0.0001533237577501581
2017-05-12,-0.0006277614304935585,0.0005729151321426096,0.00043337208607397044,-0.00013826647420849512,-0.0003991510275973588,-0.00019962675374457506,0.00035465332861484705,6.66874155498369e-05,-0.0001587914928094479,9.702391706082475e-05
2017-05-15,-0.000481725264610695,0.00041357967238687086,0.000366806857722864,-1.0630225413161415e-05,-0.000472286169754638,-0.00017363694273996727,0.0003738021441891601,6.544622139786557e-05,-0.0001419569478929919,6.090164453269667e-05
2017-05-16,-0.0005860806749040295,0.0005613744729466904,0.000386611651125442,-0.00012511845546719913,-0.0004701168477569007,-7.759930610675217e-05,0.00036104882294586346,5.249646759382387e-05,-0.00021760533624444467,0.00011489986553682094
2017-05-17,-0.00041653887648956077,0.0003453328742192129,0.0003346555416430027,1.0855056093035317e-05,-0.00044513490070586734,-0.00017985525071649577,0.00039655880422823087,4.4949605029289547e-05,-0.00018421592504936496,9.36031591722633e-05
2017-05-18,-0.0003675065161762893,0.00032991302282396433,0.00026644257704059454,-2.0330347037935542e-05,-0.00037342077363131283,-0.00012072177015388236,0.00035604083898892885,3.350819222803364e-05,-0.00024261533515223394,0.0001392389521109004
2017-05-19,-0.00043725394413158744,0.0004117449285260741,0.0002856448796613193,-4.647645119584473e-05,-0.0003981784869031696,-0.00011117033881317614,0.0003977991909687485,9.068741310028217e-06,-0.0003093739864777588,0.0001988798565962721
2017-05-22,-0.0005034770765724277,0.00046249214899761297,0.0003598947743707788,-5.0463316831618824e-05,-0.0004963026887250255,-0.00011131650353142508,0.0003929580706397151,9.881658449044373e-05,-0.0003286883041640834,0.00017554985153082903
2017-05-23,-0.0006489980719319027,0.0006578499657047751,0.000365516537048206,-0.00015073028292661786,-0.0004497456213471765,-0.00010820037946963207,0.00038255614787403164,8.505468648216039e-05,-0.0003257301650552956,0.00019289774412086305
2017-05-24,-0.000669945473998625,0.0004711192912688466,0.0007473481216749706,-0.00024379659180395405,-0.0005428798599577626,-0.0002740371709218335,0.0004753346121862366,0.00019723486293457201,-0.00030048673108726276,0.00014014689638271183
2017-05-25,-0.0006412264651229575,0.0005269714350978096,0.0005431369462592546,-0.00010408803982068018,-0.0004838858974666616,-0.00030397209277218534,0.00044406331183673847,0.00015697573890254002,-0.0002771365886897574,0.0001401696356471034
2017-05-26,-0.000643178581164262,0.0005090145843834257,0.0006052016668117305,-0.00015423133231458157,-0.0005305688487558923,-0.0002350385829662828,0.00042541109516733636,0.00014921030453909218,-0.0002730394352461127,0.0001475302834402087
2017-05-30,-0.0006352582318061763,0.0005085513647237541,0.0006093454744729616,-0.0001988156313021943,-0.0005107780759060505,-0.00021256564461670166,0.00040641687315244243,0.0001666012777483232,-0.0002637594359355955,0.0001308148799117649
2017-05-31,-0.0005178008982308722,0.00034270366304416447,0.000603338220901025,-0.00016248273702838822,-0.00044210349424462364,-0.00026588424570062746,0.00042630406176724644,0.0001756275359462607,-0.00030117381505242666,0.00014199838624854438
2017-06-01,-0.00043561425465573657,0.00029860022278982955,0.0005215244055257629,-0.00018306440274635898,-0.0003772981565112188,-0.0002060850201037294,0.0003895971121013926,0.0001467843672141901,-0.0003061653887595668,0.00015117003594901368
2017-06-02,-0.0003955438141052033,0.00021630992877627077,0.0005403929740779943,-7.016451068107658e-05,-0.0004389067293242045,-0.0002613315070955184,0.0003585121809082936,0.00020573936652605596,-0.00030021398540240954,0.0001450796850540545
2017-06-05,-0.00040137186430958677,0.0002767579573552167,0.000416386799486676,3.7580816695571145e-05,-0.00047400474553763866,-0.0002800178981438098,0.000366256666610186,0.00022508606628348152,-0.00033215591593126204,0.00016580615452416875
2017-06-06,-0.0004952395422413818,0.00036968576944938075,0.00044253109021158074,2.4845193574251148e-05,-0.0005025716278158499,-0.00023612928066429548,0.00033359163445879914,0.00019682463073580903,-0.00029933382183989707,0.00016658449404331754
2017-06-07,-0.00039632633303129765,0.00028882316968818246,0.00037650389173861896,3.40049677181771e-05,-0.0004416600459196951,-0.0002597243050484928,0.00036311978072367176,0.00020494797354135563,-0.0003426526158076641,0.00017287298016727473
2017-06-08,-0.0004431457581049736,0.00033269844566413166,0.0004110661533902483,-2.9739926823686355e-05,-0.0003938412968198749,-0.000288119349166973,0.00035068088127461136,0.0002054523475615161,-0.0003302710117926676,0.00018747212722765652
2017-06-09,-0.0004923131875339461,0.0004363827888583978,0.0003496574128312724,-5.093631321838321e-05,-0.0003306476312914166,-0.00031791286920527725,0.00033580915954701737,0.00020938962130049796,-0.0002880237204838966,0.00014909613982464973
2017-06-12,-0.0004128892519361261,0.00031518400715523434,0.00038774260673954744,-4.698696896621689e-05,-0.00036712918691770083,-0.0002530613037914249,0.00031792046826635903,0.00020667638440983321,-0.00028798507814637234,0.00014230515843081243
2017-06-13,-0.00045090802621000105,0.00035024353240836054,0.0004029815127513485,8.90037841982938e-07,-0.00045562423725071556,-0.00023046245627428644,0.000301509221249642,0.00021674256240511794,-0.0002478434619528347,0.00011340393961501924
2017-06-14,-0.0004213633305728149,0.00035542840788929317,0.00033025197369888383,-9.231917856324101e-06,-0.00036836395839711517,-0.0002382845169791037,0.0002508731174690887,0.00022357048682574918,-0.00022275890761036532,0.0001003959078278889
2017-06-15,-0.0004349504828387238,0.000364920280435747,0.00036350099953144123,-7.868186060016463e-05,-0.0003650348635627701,-0.00018485604868531333,0.0002874033052036942,0.00018260459570574455,-0.0002898021491944576,0.0001571252810995856
2017-06-16,-0.0004426205673006278,0.00034468856670246024,0.0004565265853834072,-0.00020364293682293214,-0.00029256518625522115,-0.00017207846203965566,0.0002497807307328889,0.00020394812977438462,-0.00029605886570414214,0.0001521747384854097
2017-06-19,-0.0004170025669667683,0.00034787950288336575,0.0003833763015566559,-0.00016050410289652865,-0.0003209027421861594,-0.00012569348570681121,0.0003192549480618319,0.00013233602815327164,-0.00036576474948393084,0.00020727273485232275
2017-06-20,-0.0005086061750523199,0.0004491765258089319,0.0003912333709975291,-9.934327803497178e-05,-0.00039439568589803853,-0.0001926606906902488,0.00032023572256608887,0.00019240454727487838,-0.0003293189780711851,0.00017139828545868763
2017-06-21,-0.0004873814601181921,0.00040259750648045586,0.0004496988438895469,-0.0001320744988472372,-0.0004552209531873252,-0.00015125656748175495,0.000380394834358172,0.00018175078703725617,-0.0003652143394952609,0.0001775557191771998
2017-06-22,-0.0005655744219115674,0.0004043952982101164,0.0006249217824196018,-0.00017798768818469944,-0.0005031877204878174,-0.00019133577275783423,0.0003444921409452642,0.00024134235718555747,-0.00034565596609427776,0.00016815514802013404
2017-06-23,-0.0005206323630410504,0.0003840856428561617,0.0005455568816349708,-0.00014066398087963367,-0.0004842135734507147,-0.0001200040675286701,0.0002884732368471435,0.00017838045883290105,-0.00024798003288598394,0.0001171798160372571
2017-06-26,-0.00039896054844759145,0.0003045801225430543,0.00037228158848176714,1.4474242738034965e-05,-0.0004969737737540968,-8.191710240068595e-05,0.0002586302538468803,0.00017642243010991196,-0.00031351596071966387,0.00016501912835372237
2017-06-27,-0.0004721264663193163,0.000429406656387743,0.000366717644054753,-9.995305793822178e-05,-0.00042771271792507726,-8.431747782170276e-05,0.0002699849690239245,0.00015593386279786833,-0.0003135175517000356,0.00017619837748971898
2017-06-28,-0.0004415991521807706,0.00032795173450269124,0.0004732658221231669,-0.0001724347838884064,-0.00034487616289228216,-0.00017803040124790212,0.00034091650868341497,0.00011499987835917116,-0.0002491902017457241,0.00012828725989758386
2017-06-29,-0.00043290016277625076,0.00032440082297244266,0.00044229432158957027,-5.906107392508221e-05,-0.00047917462119415055,-0.00017781367594354308,0.00040472265149964215,0.00015260473413733835,-0.0003275806760192068,0.00015144918277257974
2017-06-30,-0.0004921972371281797,0.00035593032783786185,0.000538311225013707,-0.00016290587304344968,-0.0004820985648865961,-0.00012053347415705642,0.00039799205187419223,0.00013566867245414296,-0.0003881127312502543,0.00021840527669432855
2017-07-03,-0.00027574597401632504,0.0001541661279391461,0.0003922887639479719,-0.00010585113149773687,-0.0003114053531215674,-0.00016470949359944156,0.00040499421440100616,4.1677070211083855e-05,-0.00033035610573295057,0.00019497053735340747
2017-07-05,-0.0003880386037235853,0.0003241535995124195,0.00035238630840879297,-0.00011217351345891961,-0.0003626895999637725,-0.00012290133312919255,0.00039806247656399077,5.895121876606235e-05,-0.0003611016135529055,0.0002135657982923235
2017-07-06,-0.0004043018959047767,0.00033552125989754975,0.0003742423988967493,-0.00016107623015553137,-0.0003175494547873227,-0.00015866665396991123,0.0004500545094205839,2.5180345639079504e-05,-0.00035779130904501147,0.00021426282195489282
2017-07-07,-0.00036229986097186494,0.00032016524215871395,0.0003060596636463731,-0.00011978946854435644,-0.00031068876087554653,-0.00013400081985016216,0.0004137140085203883,3.075666325075277e-05,-0.00033975993229338336,0.0001956521684290738
2017-07-10,-0.0003788259262784543,0.0002677312915498591,0.00041663941533835736,-0.00010598997849503057,-0.00035579578735001754,-0.00019778018704704609,0.0003927969915804054,0.00011863009695197574,-0.00035392951776195766,0.0001968383233667409
2017-07-11,-0.0003943215402572673,0.00037361314154494944,0.00027970577408318285,-0.00012943447210514436,-0.00028323862870433675,-0.00010724109875965768,0.00031769854568932526,9.814284056609834e-05,-0.0003680514300728674,0.00021315255423023233
2017-07-12,-0.00041126432531310604,0.0002901166294011562,0.0004603520770185849,-0.0001374989572891401,-0.00040549645157588604,-0.0001226068683797682,0.0003507783961287196,0.00014674467691551396,-0.000393079702504958,0.00022258559807404252
2017-07-13,-0.0004522781196503768,0.00030374424263468827,0.0005135227780639368,-0.0001329833663650075,-0.0004064290932757966,-0.0002074066190108914,0.00037307997150832356,0.00015416157456153365,-0.00029241454239819706,0.0001476327606595787
2017-07-14,-0.0004032813739636796,0.00024147528258876456,0.0005429592839807425,-0.00018977829178339414,-0.00033655254522391154,-0.00019249784474838216,0.0003091762235713502,0.00019072575430823663,-0.00032466897747494144,0.00016135345837621495
2017-07-17,-0.00019024936698173144,-2.728371932430966e-05,0.0005076581353938535,-7.03626817247574e-05,-0.0003767582311127275,-0.0001815812459946796,0.0003486623291238701,0.00015400535957625291,-0.0003308297192051758,0.00016635485304331357
2017-07-18,-0.00019930205702171563,8.526182891410196e-05,0.00026489196198057306,7.097043636541782e-05,-0.00026664659871216724,-0.00027928068176114734,0.00030204436719169503,0.00014524205170679191,-0.0003107592685860812,0.00018868357382008025
2017-07-19,-0.00011637616172932401,-9.718337251045026e-05,0.00043866811635808085,2.0669477185052826e-05,-0.0003707261009649101,-0.00023435193014255395,0.00036985370606872417,0.00012846326213433387,-0.00031798643834204596,0.00018087789694524667
2017-07-20,1.5786317650964832e-05,-0.00024539951767196637,0.0003485060656492119,0.00015404456433132548,-0.00032858928234948473,-0.0002509557436211271,0.00030786495068164596,0.00014963655715507368,-0.0003120793741097916,0.00016296039522666408
2017-07-21,0.0001379299797331108,-0.00042192081668888416,0.00038452101731518973,0.00013263804335627086,-0.00030510317377159014,-0.000159530273399891,0.000238532581875079,0.00010798106154177173,-0.0003414561485650218,0.0002282488033632825
2017-07-24,0.00011547807887974174,-0.000355218022453618,0.00033381059978914926,5.887136677264204e-05,-0.00019256329926702412,-0.00016097841944420418,0.00023111323048865748,9.747274177311985e-05,-0.0003500385992104213,0.00022274756763048312
2017-07-25,4.4547539173466974e-05,-0.00021566465469966163,0.00025745525017214187,7.949762389329249e-05,-0.0002949878928146677,-5.830681062585566e-05,0.0003196131684690996,6.793805530303648e-06,-0.0003669477711384546,0.00022816327953183169
2017-07-26,-0.00018240246821743696,-3.555763012047172e-05,0.0004644361470566502,6.209799380251652e-05,-0.0004376360629069348,-0.0002010519004588783,0.0003090040969174583,0.00016434130344555875,-0.0002749841820403956,0.00013013494912367252
2017-07-27,-0.00020818935420000538,3.5533195242940657e-06,0.0004393954034951665,3.2805857745153016e-05,-0.0003434825811154899,-0.00030311496339650856,0.0003542860720310813,0.0001678937907767311,-0.0003171566884736625,0.00017450911352808254
2017-07-28,-0.00032763735092553904,0.00014117665692707504,0.0005258404130588576,-0.00010438462914950063,-0.000361349853963187,-0.0002617469690774747,0.00034337572325405727,0.00020570409653771632,-0.0002958905294086732,0.00013427362250454863
2017-07-31,-0.00038190687567684137,0.0001645642749305981,0.0006166965332206099,-0.0001483150906902101,-0.00041969210061021736,-0.00022740090119440642,0.0003788819489145452,0.0001465302997231202,-0.0002358042523163545,0.00010634255932897435
2017-08-01,-0.0004002148858939913,0.0002620810465917018,0.0004610412758908628,-8.823263267817259e-05,-0.0003504700575753597,-0.0003034690534771123,0.00038421526939675515,0.0001961723014609583,-0.0003247091296754573,0.00016360685942990588
2017-08-02,-0.00037404167883958034,0.0002109865303155465,0.0005096869499789328,-0.00011312969128540046,-0.0003742654752891487,-0.000273161347669304,0.0003675801495341413,0.00023885099886370928,-0.00036844942606214376,0.00017587760247420384
2017-08-03,-0.0003160672325987889,0.0001244444874782171,0.000500967363293716,-4.7483653231553125e-05,-0.00038607330758154423,-0.00028294091319099046,0.0003563432335570334,0.00023947018368992642,-0.0003926855238179129,0.00020434602417152004
2017-08-04,-0.0003503146135606164,0.00016521237503708784,0.0004969852228027937,-2.222464393948284e-05,-0.0004115681478458356,-0.0002709446278167972,0.0003349821717486441,0.00019276573390633253,-0.0002632790413563159,0.00012858246248065655
2017-08-07,-0.0005304113059941395,0.00042884241641678346,0.00045927440632047636,-0.00010186834779255839,-0.0003816132507134234,-0.000331252196764803,0.0003553505168065914,0.00025530630358873777,-0.0002788028861154465,0.00012814209232523202
2017-08-08,-0.0005039236981487696,0.00036661718321732983,0.0005324866686229127,-0.00015823166052255158,-0.00037835156112254326,-0.00025708804140241875,0.0003442700984015133,0.0001989035603486948,-0.00026583439955102026,0.00012061313628779213
2017-08-09,-0.00045109319189071996,0.00037249314483223973,0.00042032903751384673,-0.0001699238530813215,-0.0003364801636733354,-0.0001671827129347478,0.00035206613415955657,0.00011502940800906317,-0.0002564325706224842,0.00012070856702973976
2017-08-10,-0.00044522601483448256,0.00031621712304813303,0.0005027779736652884,-0.00017197715689525744,-0.0003564901855117632,-0.000224289261752747,0.00039483179031552657,0.00011915742329452611,-0.00027892115080082117,0.00014385611703191317
2017-08-11,-0.0006322979984345941,0.00043760975757712803,0.0006681441288655891,-9.108210472327273e-05,-0.0005638531633135012,-0.0002872857757625774,0.0003693044176702083,0.00021926961688039856,-0.00023202561933660312,0.00011219301892455985
2017-08-14,-0.0005651241641204344,0.00035484736489007317,0.0006803534869141651,-0.00016103823739287322,-0.00047463555857159626,-0.0003643456038173003,0.0004406977144061075,0.00023851538954253876,-0.00025525976998663075,0.0001068307228863398
2017-08-15,-0.0005803358361951335,0.0004787241206033882,0.0005325747566221166,-0.00015846620910782774,-0.00046724284693371726,-0.00022043873444946294,0.00040107007732486863,0.00017841656432562164,-0.0003383609622680146,0.00017322140700118047
2017-08-16,-0.0005668025191551476,0.0003376448278690613,0.0007392155419326096,-0.0002317076741283619,-0.0004613316164021296,-0.0002646846612258148,0.0003384095137765157,0.00024318219159199378,-0.00021128523943619512,7.763226687075922e-05
2017-08-17,-0.000572906048980644,0.00028914717480710804,0.0008492222553178157,-0.00020992025448570567,-0.0005822804629400935,-0.00027298129074288316,0.0003980609653224665,0.00024225029554842195,-0.00024214272585891539,0.0001018297475714712
2017-08-18,-0.000546045155228013,0.00033277261488292784,0.0007206358397364217,-0.00019958123986018976,-0.0005472050181760807,-0.00021046820548761142,0.0003740405986131824,0.00022789192186970994,-0.0002485273059919732,9.659188040402403e-05
2017-08-21,-0.0005501811909114831,0.00030356972843839126,0.0007566197625347663,-0.00019615247577508405,-0.0005528770782406798,-0.00021351032151413832,0.0003784974534994899,0.00024243204167730473,-0.0003118366522813949,0.000144925783767548
2017-08-22,-0.0006372153157955182,0.00042524066513143985,0.0007709952342845657,-0.00024541978343188206,-0.0005806573118810887,-0.00016225338110072152,0.00037052193128471814,0.0002201269532427566,-0.00031101269776633717,0.00014965046575098062
2017-08-23,-0.0005436859170768939,0.0003245400241849404,0.0006974142442076475,-0.00013813002766528693,-0.0005915217093467821,-0.00015429402152708147,0.0003394493602900603,0.00021636637476245626,-0.0002746452259644941,0.00012462551757165888
2017-08-24,-0.00044985414317134584,0.00021953093970973787,0.0006890712952581351,-0.00016390946210160205,-0.000537513060433429,-0.00013203853085779274,0.00034306817209147494,0.0002068506528290319,-0.0002895491477032247,0.00011261583192207977
2017-08-25,-0.00039277888354536175,0.00015695168785280142,0.0006106265927650328,-2.4262528931340288e-05,-0.0005575352843619243,-0.0001761345195295111,0.0003503977991524028,0.00015999556754552405,-0.00027575805745623863,0.0001488548924561961
2017-08-28,-0.0006583100262081316,0.00042080485918977693,0.0007898397905773576,-0.00018421030272817995,-0.0005859696285858123,-0.00031905491050852886,0.0004507227240783812,0.0002531438812069034,-0.00027337921606212026,0.00010568335620866204
2017-08-29,-0.0005187330005182022,0.0002925133065112915,0.0006561467479197745,-4.137976606562524e-06,-0.000612185494439331,-0.00038779348255383456,0.0004873223155926615,0.0002760055186605062,-0.00031386064884953227,0.0001242703052636157
2017-08-30,-0.00043685520549580775,0.0001629822700526442,0.0006989168783133742,-2.1929216559470402e-05,-0.0005840014149135556,-0.0003327080759204029,0.00040839305689538766,0.0002880946719424002,-0.00033775190021095164,0.00015510683953864207
2017-08-31,-0.0003624048494525519,3.750032940222012e-05,0.0007524638855898238,-2.9290031997905586e-05,-0.0005526555868951878,-0.0003811917063237802,0.00044040518272385823,0.0002670058588900952,-0.0003024031482390735,0.0001303549453459986
2017-09-01,-0.00039188953723062574,0.00010756900166655238,0.0007105384612796067,-1.52647135171647e-05,-0.0005861211768254781,-0.000387886276765944,0.0004896441113249397,0.00028171700129595023,-0.00031867702500027253,0.00010853140983261428
2017-09-05,-0.00056075331845039,0.0002949598136334653,0.0007435100420741716,-7.045466876020451e-05,-0.0005662294518192189,-0.0004006060013298299,0.00044312232406676713,0.0002658437770608271,-0.0002675448191362603,0.00011866410601465982
2017-09-06,-0.0005740855897019403,0.0003861757287733584,0.0006637529854692358,-0.00017716619007233925,-0.0005034956934239481,-0.0002490662050183348,0.0004178377779059453,0.0001947515528327795,-0.0003003312235282593,0.000141361097789304
2017-09-07,-0.0005812964403733491,0.00040511965290396766,0.0006314534694531401,-0.0001281059974441983,-0.0004934034243202247,-0.0003614453544003929,0.00044744134914013675,0.000255998574246831,-0.00031119827405435424,0.0001353984959665648
2017-09-08,-0.0005883024466102754,0.0003619129496388422,0.0007343795216629596,-0.00018585124637116208,-0.0004791319494939425,-0.00036667550567012763,0.0004381034607592871,0.00024756861132146576,-0.00030807535164103714,0.00014675269742799382
2017-09-11,-0.000590734880246177,0.00039630325951066706,0.0006605731515513889,-0.0001197039186324432,-0.0005207760802107622,-0.0003339863781830453,0.0004074277026692788,0.0002723605962341169,-0.00031315909267999945,0.0001418707468697246
2017-09-12,-0.0006868220848988624,0.0004205863634668128,0.0008673681026012507,-0.00024250849300107118,-0.0006009251348180027,-0.000250658216892994,0.0003851854413802862,0.0002540134443640117,-0.0003078331864217049,0.00016291951297843152
2017-09-13,-0.0006088387264560242,0.00037327174332801166,0.0007770556774869854,-0.00019618467396378264,-0.0005970823576087244,-0.00019267457507919986,0.00032911979205386965,0.0003075206704307651,-0.0003639976885240759,0.00017188819529297822
2017-09-14,-0.0005710626795418401,0.0003645094635054899,0.0007135235237752703,-0.0001825761840334346,-0.0005594164542831875,-0.00018550152523729574,0.0002920375949736348,0.0003279693574490157,-0.00034246985890368925,0.00014086980962596876
2017-09-15,-0.0005435018238991434,0.00030984026907896096,0.0007495903656149373,-0.000234439459714424,-0.0005205062359087825,-0.00020523010347273454,0.0004182905577107994,0.00020741065993815783,-0.00035848087203709314,0.00017706844001514135
2017-09-18,-0.0005821079113471784,0.00037723039289055786,0.000713723716282727,-0.00020675635708630735,-0.0005388344983127576,-0.00019927675317223115,0.0003760611272333389,0.0002240578521442993,-0.0002916320045136707,0.00012730054362670995
2017-09-19,-0.00067671814522937,0.00046634741174664956,0.0007776872604575175,-0.0002736553443815279,-0.0005222174604434006,-0.00019744442230401615,0.0003724714808687711,0.00021817897893098084,-0.00029430296830292024,0.00012823545414135384
2017-09-20,-0.0006318705309499347,0.0004907983477421603,0.0006295708792653301,-0.0001990739423469983,-0.0005140757821992248,-0.00020756507158253834,0.0003899294987661159,0.00019896747413201618,-0.00030388917579421415,0.00014708171479993828
2017-09-21,-0.000581205370602883,0.00044354073860047166,0.000585417008083438,-0.00014009866392159474,-0.0005539429818509668,-0.00014428632537239958,0.00036149543384965746,0.00019141495063848546,-0.00033203730769894996,0.00016965596134188576
2017-09-22,-0.0006026354607439645,0.000494527357260641,0.0005055526534244875,-2.6768271093968385e-05,-0.0006190472164861287,-0.00016192597987030669,0.0003685430724348175,0.0002003044185731849,-0.00029964478565038324,0.00014114277832904046
2017-09-25,-0.0005331655216024335,0.0004196240147309599,0.0005222730850555236,-8.305000187643422e-05,-0.0005955964947572754,-0.0001514718525880178,0.0004202345507812212,0.00017919127482477273,-0.0003077237576313528,0.00012901735469154213
2017-09-26,-0.0005024247121464508,0.0003526240047884901,0.0005532373197422238,-6.901322714177906e-05,-0.0006023829456136727,-9.142860243878739e-05,0.00036119771202853396,0.00020792828639687108,-0.00037809238882390364,0.00016596517940868985
2017-09-27,-0.0005246935992362419,0.0003387437349717786,0.0006258482860539826,-8.157077946952841e-05,-0.0006165221920937727,-0.00016946307975512082,0.00037994359398709973,0.00023922775100161664,-0.0003509962465069322,0.00015900735262567092
2017-09-28,-0.0005029147107203109,0.0002962608558924988,0.0006236909587068323,-7.282835449135341e-05,-0.0005335460666768231,-0.0002513091259786805,0.00034816363260362776,0.00025728235407996083,-0.000317516215297603,0.0001538580114456775
2017-09-29,-0.0005377544204561886,0.0004241379937699602,0.0004928947823907015,-7.925751836922179e-05,-0.0004831475724801672,-0.00023593939723797266,0.00036809241514179983,0.00022291307655054882,-0.0003413204380438954,0.00016940853708945214
2017-10-02,-0.0007711064323686553,0.0007559039052272964,0.000444360830137127,-7.534235442595294e-05,-0.0005979957021890608,-0.00019505975382180102,0.0003613525650655626,0.0002519460573471924,-0.0003266852511554473,0.0001524062967823009
2017-10-03,-0.0005483802822390041,0.00042826505847504137,0.000523349158335908,-0.00010714642277991245,-0.0004813536263265153,-0.0002008951357296944,0.00031332119236759937,0.0002603910036703336,-0.00037365011120016334,0.00018693298739178368
2017-10-04,-0.0005293816101308614,0.00036463878727928216,0.0005844206646358884,-0.00012136348645560256,-0.00048697086391890493,-0.00020498248022476212,0.0003057362193324212,0.0002465459943964132,-0.00030463389304050126,0.00014609931513844682
2017-10-05,-0.0005620127574979435,0.00035856530207937186,0.0006783675642959338,-0.00011472911179175212,-0.0005981832768257311,-0.0001974706307336753,0.00033536520360910246,0.00029197760099774345,-0.00036463888801741007,0.00017273315894776597
2017-10-06,-0.0005241518228916598,0.0003965577268497337,0.0004803765656539536,6.836246846607906e-05,-0.0006395143493037707,-0.00021253722566147784,0.00035321756156430836,0.0002384729071860936,-0.00029861329762488967,0.00013773106960490722
2017-10-10,-0.0007924537619644813,0.0004968445310966681,0.0009944215049124665,-0.00025801902470730213,-0.0007643361471098287,-0.00022493023917140656,0.0003950766654378379,0.0003171709243997775,-0.00029821426959463285,0.00013574975745633475
2017-10-11,-0.0006120485018101703,0.0003823593115889982,0.000788265850022592,-0.00025284265374717063,-0.0005522000645377598,-0.00020535260569823008,0.0003181473777353512,0.0003425890359730274,-0.0003713951236822034,0.00016243774620887386
2017-10-12,-0.0007432307885497091,0.0005301579674503627,0.0008176116558710166,-0.00030977053690865557,-0.0005720542241644325,-0.00015333339903592091,0.00031945424829451716,0.0002881216584759462,-0.0003666406391954792,0.00018936701141292894
2017-10-13,-0.0006619757395700081,0.0004949204098135835,0.0006808550720886174,-0.00018587974928808808,-0.000564803874659469,-0.00020876213020733225,0.00034411349051413284,0.00026435552023514747,-0.0002939477834121469,0.00013133817154743765
2017-10-16,-0.0005001634971243934,0.0002421074460044071,0.0007721533387234445,-0.00023073564266537505,-0.0005372316204745216,-0.00014644633663480136,0.00035610493425666107,0.00023775447140641365,-0.00039237110851498766,0.0001988522967124283
2017-10-17,-0.0005519687357130112,0.00037313586658908535,0.0006749594399651938,-0.00026752793296139915,-0.0004990916866543446,-3.109702631948555e-05,0.0002728403324843004,0.00018197567904239612,-0.00031614678906384183,0.00016311421358123843
2017-10-18,-0.00048696872749447867,0.000260945200008458,0.0006510244216611661,-8.351124201531196e-06,-0.0006859599931751531,-0.00014279340040941613,0.0003518398856791581,0.00023980895151655413,-0.000349313270204734,0.00016972779017706066
2017-10-19,-0.0004996330256936531,0.000310570316841334,0.0005854810955229651,-8.537986539991493e-08,-0.0006629395221979702,-0.00013413892747985573,0.00034815897761976064,0.00023966835967820233,-0.00037960843915302647,0.00019254630519813937
2017-10-20,-0.0005570088368158782,0.00036385749050997333,0.0006296610538095264,-3.380189744931275e-05,-0.0006927754227740585,-0.00011796298485150167,0.00037398348958341335,0.00020365583388657835,-0.00033139297882591595,0.00016192304940502653
2017-10-23,-0.0005711891027027922,0.0003447856135041921,0.0007050693981484699,-5.948352756351277e-05,-0.0007145429179415408,-0.00013393859884858542,0.0003542142997157126,0.00026387587617117056,-0.00036118248783958626,0.00017266236726819553
2017-10-24,-0.0005288280883380923,0.0003274066155255981,0.0006266982192042279,-5.098405092588548e-05,-0.0006628144201815712,-9.177782741804502e-05,0.00033392675476582104,0.00021599453168863122,-0.0003369615588334554,0.0001683843330896155
2017-10-25,-0.0005213567512097443,0.00032731355360342794,0.0006080505941050002,-1.01291104659465e-05,-0.0006581151359741945,-0.00013883563432484647,0.0003554707171742437,0.00021000453307921246,-0.0003811982598773203,0.00020910113806623873
2017-10-26,-0.0006125496962489929,0.0004922086547052978,0.0005103704022877652,2.9193905983836838e-05,-0.0006411593787102217,-0.00022750967882973622,0.00037280879139388323,0.00023727047216364622,-0.0003312030832780394,0.00017111342102757443
2017-10-27,-0.0006625176000731158,0.0005014877224154782,0.0006088511893773407,-6.892973297149135e-05,-0.0005890969222745249,-0.0002383293282714298,0.00036823637155957226,0.00022329996014154238,-0.0003025692720833445,0.00016052416416372298
2017-10-30,-0.000416945174771843,0.00014813254136232523,0.0006749757868111158,-3.264109999482484e-05,-0.0005775126457399742,-0.00021076234164398716,0.00036571244398886024,0.0001758689440451676,-0.0002992213485363514,0.0001737733120223961
2017-10-31,-0.00043140839867881857,0.0002571319934007426,0.0005243011563461734,-2.3374187997141777e-05,-0.0005276719614003694,-0.0002130853114294222,0.00038844016814196247,0.00021806798520250525,-0.00033599326493171863,0.00014309708179283467
2017-11-01,-0.00041083034384711316,0.00019692483909665957,0.0006038558171105896,-6.945494622438014e-05,-0.0005130099280128628,-0.00021285906865427598,0.00034638433926224496,0.00024075651688068925,-0.000370166231403804,0.00018584263914036767
2017-11-02,-0.00041436777227241324,0.00016685554895802014,0.0006437698923162111,-3.783136406241075e-05,-0.0005624645701766857,-0.000215278080972936,0.0003784839834417818,0.00020405407143060314,-0.00036643585630737746,0.00020406794265138972
2017-11-03,-0.0004431596102620894,0.00017775323983594375,0.0006985625257892366,-5.474063909640878e-05,-0.0005850281784465922,-0.0002578673001245868,0.00034281536956950673,0.0003284927691156736,-0.0003983073845926985,0.0001953191942836094
2017-11-06,-0.0003832699895565065,6.164181976094606e-05,0.000820927433852009,-0.0001816135717819939,-0.0005818925771792528,-0.00012399043710142194,0.0002904060698126036,0.00028466764748841245,-0.0003391269703716844,0.00015241101740475285
2017-11-07,-0.00035287647659979285,0.0001399475136992772,0.0005668651157198189,-7.038404171167204e-05,-0.00045003569532412607,-0.00018409299286720193,0.00024380103602310646,0.0002831819202287096,-0.00034689510664369025,0.00017186033919760688
2017-11-08,-0.0003880146888756916,0.0001429291385419678,0.0006978062438828363,-0.00016597108978755673,-0.0005093313450093839,-0.00015057641319629264,0.0003361271069936035,0.00020680968325952065,-0.00036841941171355044,0.00019769716075759489
2017-11-09,-0.00045896674335061706,0.00018321154520334164,0.0007773209225344756,-0.00020085102842461872,-0.0005682255493705997,-0.00011882418909093737,0.00038165775887092496,0.00017926085578088766,-0.00036399729962608915,0.00018940617912947127
2017-11-10,-0.0005124276043283263,0.00025996800186950733,0.0007342807681107941,-0.00012176039771043257,-0.0006093801662986585,-0.0002006747696810078,0.00042852900584586934,0.00017561340620936283,-0.00030318571301589034,0.00014917339150392894
2017-11-13,-0.0004100358843792812,0.00017457490076553533,0.0006394869462054281,-8.238111895889771e-05,-0.0005492129885961497,-0.00015094890919781917,0.0003494423723484942,0.00015925410378383673,-0.0002503886974352179,0.00012135685088959444
2017-11-14,-0.0004883710048112621,0.0003023851008525317,0.0006164332825387853,-0.00016198457806735483,-0.0004844307348917526,-0.0001823251905847499,0.00041056279834884163,0.00012945038884730128,-0.00029003616154518047,0.0001480504312033823
2017-11-15,-0.0004763897914052354,0.00026604286592767784,0.0006368203262456639,-0.00011321888654846485,-0.0005538000051774662,-9.138975522501175e-05,0.0003122056318220455,0.0001313476001406043,-0.00025083888542536126,0.00013987709469142837
2017-11-16,-0.0005036346550566263,0.00028243915284242686,0.0006794833538584805,-0.00012585487212368046,-0.000567301383279057,-0.0001721813010045481,0.0003554552967689993,0.00018364254094591428,-0.00024171057231754667,0.00010997475796454409
2017-11-17,-0.0004187960754426408,0.00016513433707237776,0.0006739290208733172,-7.797663979193861e-05,-0.0005589441432180542,-0.00016778805919759332,0.00032047383052719383,0.00020119009633545737,-0.0002565820822610816,0.00011947027528178347
2017-11-20,-0.0004926836298983963,0.00033154688157727326,0.0005643923475422696,-3.8465719385160496e-05,-0.0006120093868511277,-0.00016801380733253574,0.0003693756667589032,0.00020512367267746384,-0.00024515232954656213,8.458629898428632e-05
2017-11-21,-0.00042548560034345526,0.00026266807311584907,0.0005431486501816761,-0.00011586450095789694,-0.0005125570516055812,-7.43597746574072e-05,0.00038230492879774355,6.937540542125559e-05,-0.000289986863018888,0.00016073322242917548
2017-11-22,-0.000513583236664646,0.0003315144975755014,0.0006073431147654434,-0.00011453181033840507,-0.0005218652466550122,-0.00019251628210110658,0.00038368413850890445,0.00013001460402383216,-0.00018996111038345476,7.985386603998057e-05
2017-11-24,-0.0004825224138110297,0.0003337882978861808,0.0005655621376771183,-0.00010927671605011693,-0.0005439705368154753,-0.000137330657420328,0.0003328794832750878,0.00018118251999801188,-0.00021437742647279281,7.318730151827449e-05
2017-11-27,-0.0004122418790608786,0.00013025017618050264,0.0007693732144052664,-0.0001627049835278352,-0.0005819565420024098,-0.00010806512036501403,0.00030518771811385154,0.0001676190032824515,-0.0002108457276856282,0.0001037872519978264
2017-11-28,-0.0005043972290074989,0.00035536820379060245,0.0005431729523735704,-9.208585398950975e-05,-0.0005294854210611162,-0.00015427282352442617,0.00039141476075081963,0.00012336159338981537,-0.000266855497483124,0.00013407384410370551
2017-11-29,-0.00047567001630778594,0.0003177877981502906,0.000506248755278051,5.775096248361242e-05,-0.0006331468474444178,-0.0002005528510681774,0.00042494147901412163,0.00013044510865757933,-0.00023994627808452546,0.00011214484039374917
2017-11-30,-0.0004993395089238004,0.0003264546354012528,0.0005985545147327975,-0.0001240461672185264,-0.0005333081105855855,-0.0001328078426166418,0.0003433273021512355,0.00015173627343521845,-0.0002543153785100512,0.00012389125042214927
2017-12-01,-0.0004874405266322903,0.00038455564345472003,0.0005080012357530847,-0.00018500012065077176,-0.000505271421011106,-2.8196357035124853e-05,0.0003734597822642634,0.00010246927230152594,-0.00031255994193392714,0.00014916797183262692
2017-12-04,-0.00040218507253397297,0.0002060455544442598,0.0006537799277707632,-0.0002724877449900541,-0.00046177635412755075,3.7011401663386567e-06,0.0003679934014227844,4.437163011472567e-05,-0.00034716369793423574,0.00020679986501090028
2017-12-05,-0.0004192610837197887,0.00037922355066270785,0.00032285102748127667,-8.06185348676304e-05,-0.0004347774998730014,-3.186534141341041e-06,0.0003157557682118943,6.304367412211104e-05,-0.0003493377248945245,0.00020607367321709077
2017-12-06,-0.0005592662619576041,0.00031762271445942396,0.0007796288961272567,-0.00038574694072932014,-0.0003721052069520399,-8.908665876331337e-05,0.00033987280577389353,7.68416159487341e-05,-0.0003064909824150898,0.00019977475821773838
2017-12-07,-0.0005348397321907252,0.00031710770421687975,0.0007248094471335627,-0.00024793065572963416,-0.0005249868304430215,-6.737998495446804e-05,0.0003879093848545567,6.293794112756379e-05,-0.00029792200076983466,0.0001810715364967408
2017-12-08,-0.00047052542010414186,0.00026503949689443695,0.0006425486966917526,-0.00017978166999692638,-0.0004936036802791789,-8.29010977480768e-05,0.0003457168450747908,9.776471546648138e-05,-0.0002953300557974499,0.00017077731910168995
2017-12-11,-0.00034918613967328815,9.645326557966398e-05,0.0006993522816552272,-0.0002664553248197671,-0.00042930584696789995,-4.5252585120229144e-05,0.00032797807422888653,0.00011916525835973732,-0.00031961915686101044,0.00016782706117787066
2017-12-12,-0.00039441692264455264,0.00016942877129337737,0.0006945959065826242,-0.0002591911991119446,-0.0005281416498161481,3.464773813625227e-05,0.0003917253577830279,6.932889681622936e-05,-0.00038213771773496635,0.00020289542384728868
2017-12-13,-0.0005454842472564451,0.00025405731491230134,0.0008357059269450441,-0.0002453011252944691,-0.0005725872969044692,-6.981167430494123e-05,0.0003014520747829548,0.00018111565468535706,-0.00029989763395602,0.0001612636491750835
2017-12-14,-0.00044330158512935133,0.0001816148676458875,0.0007767453564325906,-0.00023579243235891806,-0.0006187401349270344,4.84273382132458e-06,0.00037156264491035665,0.000148833715751185,-0.000363136214330758,0.00017663294593714407
2017-12-15,-0.0004491519926135175,0.0001864399965305734,0.0007615593437315556,-0.00025189305680715923,-0.0005506066222308523,1.297103851354009e-05,0.0003358203485430665,9.492988949151918e-05,-0.00030176621842010337,0.00016107767321393157
2017-12-18,-0.0003437262606513173,0.00012469857370906584,0.0005968144551894775,-0.00011609356894759157,-0.0005417923748253055,2.8261245558536957e-05,0.00029024596593085414,0.00010807886140506637,-0.00033598769995078076,0.0001900477717616672
2017-12-19,-0.00036972211489587174,0.0001463580509219707,0.0006172653466359167,-7.238712166614605e-05,-0.000635492899031382,5.5215214297299475e-05,0.00031760827109462986,5.799144013635821e-05,-0.00026235571724390894,0.00014552456383603793
2017-12-20,-0.000358492959530882,8.724161665040094e-05,0.0006872150116108144,-0.0001097965541486251,-0.0006122158962813297,-6.85090416539455e-06,0.0003861162278356936,4.400361915837467e-05,-0.0002622106585301251,0.0001454048671434005
2017-12-21,-0.0005343694429875111,0.0003773753000084479,0.0006093499741949247,-0.00019237865288937797,-0.0005676009506512814,7.108568679362742e-05,0.00027922441757102096,5.597358583984968e-05,-0.0002487780129737556,0.00015077673662406213
2017-12-22,-0.000596744875991333,0.0004494329323423314,0.000593313934141481,-8.20653895248595e-05,-0.0006684019949680167,-3.164515081199859e-06,0.00033595096534362254,4.663735461944707e-05,-0.00019932811574619944,0.00012723728989051664
2017-12-26,2.2664520358990636e-05,-0.00032245192993551365,0.0005171967974475604,3.428827033000181e-05,-0.00045342011137684823,3.1105552045173485e-05,0.00024828986116959273,4.088888176592004e-05,-0.00028684108723479526,0.00016545310902017427
2017-12-27,-0.00015343997464138497,-0.00011729103259557928,0.0006161674012696537,-0.00011543153330065628,-0.000527463121631988,8.887234056171103e-05,0.0002947898671543901,7.019343224579783e-05,-0.00033142723404722824,0.00017442512940973529
2017-12-28,-0.0003821753167337714,0.00012660643358631749,0.0006861993359940331,-9.872127356131202e-05,-0.0006435191421089136,5.212494833328057e-06,0.00035522448607936893,7.437729206501154e-05,-0.00027294589778702194,0.0001506047860950592
2017-12-29,-0.0003672179035399542,6.469844256945523e-05,0.0007682692914931996,-0.00014077389511674837,-0.0006272942693982368,-8.407276421675686e-06,0.0003672711529983039,7.898056103244552e-05,-0.0002861271883048272,0.0001497199542094714
2018-01-02,-0.0005717720593960314,0.00024102750065644468,0.0009525083319396055,-0.0002685374243402566,-0.00074446530239098,3.634226022354581e-05,0.0003694050713405894,0.00013327754529115013,-0.00032023651895036337,0.0001731165252298987
2018-01-03,-0.0005217682038618707,0.0002548603590057895,0.0007897194856769894,-0.00015981327269993378,-0.0007321571305303406,4.3083986925495504e-05,0.0003592667784846765,9.790322593312972e-05,-0.0002734062192961302,0.00014260807131031075
2018-01-04,-0.0005262404316610965,0.00028915508473464566,0.000741675071262958,-0.00017694096703882445,-0.0006599910551661758,3.986914876549438e-05,0.0002856700812719874,0.00015822882107864936,-0.0003491217098542006,0.000197983808920648
2018-01-05,-0.00047864627162353887,0.00028424586711849054,0.0006523193684738644,-0.00017838169021427291,-0.0006282071533896989,0.00010261673955417466,0.00031724741294805736,6.991608981922123e-05,-0.0003458150283234922,0.00020505047487507158
2018-01-08,-0.0003354826963043924,0.00019275765300905828,0.0004737680084990273,-0.00010759916001348152,-0.00046904611183100353,4.272072560105797e-05,0.00027042499611098364,7.86441136918746e-05,-0.00034746684669918065,0.00019870247352562695
2018-01-09,-0.0003496727655350716,0.0002565734749651327,0.0003808597976041675,-2.8977267522135863e-05,-0.0005072338416165743,3.678240720361714e-05,0.0002648304182825169,9.079679926238954e-05,-0.0003302291694527136,0.0001860884258206609
2018-01-10,-0.00041916638076838937,0.00027078113039243415,0.00046800964090634375,2.0162686559493936e-05,-0.0005823269288942161,-6.524530032020123e-05,0.0003496262928417253,6.629227125444156e-05,-0.00026173164869857865,0.00015400972866864981
2018-01-11,-0.00028061699733605144,0.00017737340086627744,0.0003409302348367643,-6.441061615149873e-06,-0.0004747277817244433,8.968065270790332e-06,0.00035262805844505155,5.6884510885348016e-05,-0.0004344720570504876,0.0002602437451223391
2018-01-12,-0.00030687099826646677,0.00022251540036894585,0.0003373889418092635,-8.310343845990484e-05,-0.0004008743315019811,3.992375242606663e-05,0.00029978044211726243,-3.576866536871698e-06,-0.00028397934468084307,0.00018132139197652927
2018-01-16,-0.00035644686084349876,0.0003607972973492732,0.00017486419483512747,9.989035043191097e-05,-0.0005554675128129037,9.144960453081469e-05,0.00032124796693292976,-1.880539025684788e-05,-0.00030930737986198734,0.00019187656618829818
2018-01-17,-0.0003346944756108944,0.0003999566791778146,9.300616715731888e-05,8.666501898989265e-05,-0.0005247433917042639,9.178332335408809e-05,0.0003252846029238067,7.072786455168678e-06,-0.000299726554311177,0.00015429920085789292
2018-01-18,-0.00032520669549409437,0.0003663312284826331,0.00010766883388758572,5.7174341422765174e-05,-0.0004623386882601291,0.0001520369964192192,0.00025869548505209547,-5.0140628676080545e-05,-0.00029076342590869664,0.00018625848457519759
2018-01-19,-0.0002768129589356353,0.00033796799544888456,6.857381715627206e-05,2.7144919619616348e-06,-0.00036156599027522066,0.00013521446724823125,0.00025004293640340167,-3.838847387665004e-05,-0.00031619774762886577,0.00019818892519650813
2018-01-22,-0.00037668944164609246,0.0005311445595949128,-4.969410425454193e-05,6.856497287809765e-05,-0.0004056960371778759,8.029595552104182e-05,0.00029029408671834775,-7.031427074685737e-07,-0.00037696998916141033,0.00023994756912849857
2018-01-23,-0.00033862259271641264,0.0004191613903861899,1.2811088002176452e-05,0.00011543006791654362,-0.0004195789745547185,9.359008938124302e-05,0.00020787225382294314,1.1361879974129685e-05,-0.0002978313032608697,0.0001967830467121505
2018-01-24,-0.00035366692601707973,0.00043056551483958844,2.537688888934811e-05,0.00014608938643327282,-0.0004006222702776993,-6.288201727848788e-05,0.00026750238896978626,6.152754340209982e-05,-0.00026202606339513143,0.0001478429539154176
2018-01-25,-0.0004385467670954546,0.0005102811341573185,7.19518400628498e-05,0.00010794997450305419,-0.00038476280917428343,-0.00013862782017768846,0.0002678532826729113,0.00013231711437422522,-0.0002895383438257654,0.000161375802528705
2018-01-26,-0.00037429448715747306,0.0005308175498526906,-0.00011244921971128446,0.00021667335795503076,-0.000449915704214085,-2.1193459572136503e-05,0.000310263948801362,2.1182147918880068e-05,-0.0002729053565159109,0.00015144393925747845
2018-01-29,-0.0003812698159227877,0.000560521634563816,-0.00012171412132217299,7.338923803373518e-05,-0.00026542182299653383,-3.097660437555161e-05,0.0002736049648334807,1.0618774728930747e-05,-0.0003176571604001713,0.00019907777336899968
2018-01-30,-0.0004643791217416333,0.00039222298632117167,0.00040375819764333284,-6.426328692851757e-05,-0.0004820417991690598,-6.713467114900784e-05,0.0002836190715312936,0.00012306981991734578,-0.0002598889540715195,0.00013411355232837568
2018-01-31,-0.0003752653638764789,0.00025901904218931376,0.0004465058048130667,-0.00012458419054725556,-0.00042215734317637907,-5.5200938770733066e-05,0.000346190112935376,5.8653966547000946e-05,-0.000323605731589148,0.0001874178872076672
2018-02-01,-0.00018768215326445126,5.6522219516391e-05,0.00032627808938767017,-5.2832481227140654e-05,-0.0002785765527660404,-0.00011384227676339634,0.00037056207814824965,5.3053063485027085e-06,-0.0002861546668649975,0.00015972436189247083
2018-02-02,-0.00027052294097652807,0.00016812259826998882,0.00033377346240285113,-5.797739339975447e-05,-0.0002970991313086119,-0.0001696997077593361,0.0003533842196269017,5.5011325869120525e-05,-0.0002661417835277437,0.00015116979467414207
2018-02-05,-0.00033251746264385644,0.0002711184562840599,0.0003145808754931659,-9.610631804837094e-05,-0.0002994442449456118,-0.00013955114018222858,0.00034033398542679047,6.41362896360749e-05,-0.00026215489152648166,0.00013928852724539795
2018-02-06,-0.00033206443803361456,0.0003073690075281431,0.00026741018783390386,-0.00020430606400281826,-0.0001064436723908456,-0.00020369327897215572,0.000312169015167698,6.401270419662333e-05,-0.0002496054878525812,0.0001460571057570574
2018-02-07,-0.0003976108775411852,0.00034499713173783905,0.00030142235537908985,-9.67188912794903e-05,-0.00023100832208106797,-0.00018150632494171384,0.00029835189361601677,1.4811870022723994e-05,-0.00015984657793883042,0.00010730913809117032
2018-02-08,-0.0004236502447724534,0.00036680923435183574,0.0003799051221997328,-0.00019352878817425687,-0.00025136982595636015,-0.00017127202490758303,0.0003534969285552761,1.48581469344225e-05,-0.00015019935997151457,7.655301766337774e-05
2018-02-09,-0.0005584811524717952,0.0004534002907654773,0.0005589559043208125,-0.0003852078470924017,-0.00022676781368953514,-0.00016818932091416938,0.00033555086146275573,7.547863145080172e-05,-0.00016880094105026916,8.548998595374335e-05
2018-02-12,-0.0006501591060654906,0.0006683739978870541,0.0004199411932614937,-0.0003955297818700222,-0.00020932560612561824,-0.00016678389073919095,0.0004324614515893062,1.587710815029869e-05,-0.0002731752188328586,0.00015770186702156533
2018-02-13,-0.0006698018070346069,0.0006008476719221688,0.0005764645279799502,-0.00041713923683504503,-0.0002601222244700656,-0.0002172133497418162,0.0004170065536254555,8.626441768640886e-05,-0.00023660310343678187,0.00012031816377568866
2018-02-14,-0.0006243007050020961,0.0006209140131642928,0.00046736838235888686,-0.00048003973852805623,-0.00017080160516426413,-0.00010547539223754177,0.0004354380022983141,-5.2538448367750457e-05,-0.0002213990730569465,0.0001307404610528043
2018-02-15,-0.0006480421879321366,0.0006513430365772711,0.00044796648659333957,-0.0004061565495115313,-0.000255884718658516,-9.495594152453962e-05,0.00041748224212875135,-5.02237466771388e-07,-0.00025686908001672226,0.000144892533312381
2018-02-16,-0.0005582580315301872,0.0005084489623625073,0.00041337947818951074,-0.0001968283984495646,-0.0003607269310444347,-0.0001117580083796095,0.0004384261238047221,-5.98912079605024e-05,-0.00022786665125052244,0.00015478023359659365
2018-02-20,-0.0005108466570827482,0.0005605512583190773,0.00018577447287351778,-6.511573348928074e-05,-0.00036932861996125804,-3.5430579062717404e-05,0.00035420578290565677,-3.6625662695185385e-05,-0.00019515140151852434,0.00011283163734596147
2018-02-21,-0.000496145206982844,0.0004786904111671944,0.0003511711825019345,-0.00019562904347271773,-0.0003115110961788882,-9.070469979675574e-05,0.0003417815457670212,-2.8884236900166005e-06,-0.00016507343145432882,9.027671552164218e-05
2018-02-22,-0.0005122224785853481,0.0004724378797929252,0.00036526433673229886,-0.00014281569248382475,-0.0003268726947943633,-0.00016624855625540363,0.0003809154646234707,3.1230002642577276e-05,-0.0002027870712043925,9.929757542543466e-05
2018-02-23,-0.0005221312275018597,0.00048747271172445983,0.0003392517821485738,-4.3341340455169824e-05,-0.0004169507046597083,-0.00020314196708713303,0.0003275674915362674,0.00013294188209400648,-0.000190914890862863,8.958477999439218e-05
2018-02-26,-0.0005859945614581225,0.0005329716354437845,0.0004410701071446074,-0.0001827972820195832,-0.00039879030933615,-0.00016879990415133092,0.0003465891602691083,0.00012360937588965643,-0.00017398707466351193,6.51863552561388e-05
2018-02-27,-0.0005391195427265245,0.0004088246578809532,0.0005799303108879918,-0.00026382236635894354,-0.00043903404464075077,-8.475310641621603e-05,0.0003887216571099826,4.576081868832779e-05,-0.00016724522795748958,7.135552001569928e-05
2018-02-28,-0.0005271033640357921,0.00041266037868926964,0.0005817948452607399,-0.0003367959914916986,-0.0003759493210995814,-5.903173238083759e-05,0.00035722313564238994,5.562467077933897e-05,-0.0001891226123045056,8.034872809110916e-05
2018-03-01,-0.0006216205885817526,0.00047363515488792543,0.0006380353930063795,-0.00023840232021647353,-0.00048118133920123027,-0.0001570533596249729,0.00039894117958010414,9.426159589533828e-05,-0.00018636026643096756,7.920540418817137e-05
2018-03-02,-0.0005412094961224807,0.00042881789641403475,0.0005432464954990418,-0.0002231285084607175,-0.00043731403006593006,-0.00010612078248238913,0.00040168240864220384,6.744832592918068e-05,-0.00020980914227001699,7.412610122133761e-05
2018-03-05,-0.0003747076372609716,0.00023258459417770452,0.0005154097779949754,-0.0002591401800196916,-0.00031804395608291125,-3.9432427491901956e-05,0.0003653695267506335,-2.6500704903766048e-05,-0.0002334454970245453,0.00013761691980503782
2018-03-06,-0.00046674425162060093,0.0003762835262334577,0.0004758177454546285,-0.0002593270645643228,-0.0003164688990849457,-9.13628575676742e-05,0.00035816720609371105,1.5068602904018402e-05,-0.0002026464103306036,0.00011118429526445206
2018-03-07,-0.00046007636005034047,0.0003976012782584311,0.00041241461096061874,-0.00022309015159992576,-0.0002960828926343133,-0.00010562683772752032,0.0003189380827336337,5.2600203195037054e-05,-0.00019857158269643432,0.00010181790090455639
2018-03-08,-0.0005565640861381442,0.0005651286790595775,0.0003496761652005999,-0.0002566302677219842,-0.000259843804911241,-0.00014084606989773693,0.00036068063229072883,4.1264247505376495e-05,-0.0002306546120996629,0.0001279157297721309
2018-03-09,-0.0005022001930919395,0.0005980847316070306,0.00013653402694846495,-0.00016038775143674064,-0.00013977530472271404,-0.00022241923027493601,0.00032778021343165056,8.213757869838384e-05,-0.0002585184608759998,0.00013842765964914433
2018-03-12,-0.00038037690418909337,0.0003813598856327108,0.0002219795019085674,-0.00013101832850603845,-0.00021837081510666517,-9.865988754804988e-05,0.0003011380281526914,8.929772139544892e-05,-0.0003311254748787733,0.00016387453476074398
2018-03-13,-0.00034112490088958683,0.00040941375047664,7.493949708457098e-05,-5.743119344461464e-05,-0.00020698984873568707,-8.384516020376598e-05,0.00030789220298431744,-1.8061664368747288e-06,-0.00026863129390015256,0.00016777886514301663
2018-03-14,-0.00039831526786946597,0.000508861303081528,7.022533380641668e-05,-0.00012363257413640014,-0.00018196220748104355,-5.014311181168393e-05,0.0003066340773531899,-3.4097847294432826e-05,-0.00025360341422237323,0.00016101230763770208
2018-03-15,-0.0004012005848093303,0.00047125033122833587,9.092847368129611e-05,-2.2958995060908677e-05,-0.00026647938043154046,-8.813089346064451e-05,0.00030555872071144283,8.029139880669223e-07,-0.0002634202520890687,0.00017462578405654655
2018-03-16,-0.00038278842524009857,0.0004688621771337109,5.459540120231546e-05,-5.585768457241208e-06,-0.00027761813071393304,-2.9671882620884577e-05,0.0002501552845322712,3.702749358167057e-05,-0.0003280508303868633,0.00021367391746963602
2018-03-19,-0.0004200090639864852,0.0005845943664908038,-5.428228553011616e-05,-3.8693595665977715e-05,-0.00018401307480211265,-3.057512214207567e-05,0.0002391966870976467,7.677660010248916e-06,-0.0003081341724819331,0.00020436925724605023
2018-03-20,-0.0002248648742395644,0.00040027093163176944,-0.00016020693540606465,9.361131536964745e-06,-0.00011126653431936528,-2.1147174542764796e-05,0.0002292930195532776,-4.132602824512971e-06,-0.0002807577205600244,0.00016269257027744233
2018-03-21,-0.00045364976265949153,0.0006216564416543953,-2.122971663808676e-05,-6.668467750235371e-05,-0.0002601090356629497,4.9833003227889305e-05,0.0002617084106504679,2.0677235925484205e-06,-0.00029032097058363446,0.00015456418000349414
2018-03-22,-0.0005377169843292957,0.000722565860891769,-1.285812584954707e-05,-6.905095080735058e-05,-0.00024934177853820627,-5.708572112625779e-05,0.0002608185866050175,7.078318550413076e-05,-0.0003186571076571505,0.0001908290174435917
2018-03-23,-0.00036306487660954165,0.0004611958002802355,1.1813594518690629e-05,2.789518451790443e-05,-0.00024112602321029603,-7.502371994236659e-05,0.00021037923879996256,8.096279452375968e-05,-0.00029017158964901243,0.0001773552865442403
2018-03-26,-0.0002157733450344132,0.0003173808412328845,-0.00012096740087962077,0.00020121594320109126,-0.00027052894658853924,-0.00011139043223187123,0.0002755203937234614,6.240775472438065e-05,-0.0003292215754985804,0.00019162134298304073
2018-03-27,-0.0003840906151476274,0.0002825723867146933,0.0004231290607736547,-0.00018647137077892895,-0.00031024778989511073,-5.21460057056819e-05,0.00022787501706234004,0.000141870758025648,-0.0003114151478063529,0.00016892187376310944
2018-03-28,-0.0005906315788790223,0.0005301237975842733,0.00048269883448747927,-0.00025976457475213044,-0.00037441240668983217,-0.00010621200695898683,0.0003698410735116786,7.271269182878778e-05,-0.00027090539206860165,0.00014581934803550509
2018-03-29,-0.0004769433387452962,0.00045620643311550246,0.0003346887089553073,-0.00015852484276164883,-0.0003325681792625823,-0.0001091072335953798,0.00029893805557811015,0.00012820275071002626,-0.0002840387702052853,0.00014302688580492343
2018-04-02,-0.0003215260126469763,0.000256735570933489,0.0003254982808292388,-0.000123203142904163,-0.0002928296980587407,-5.510304077142869e-05,0.00027866072155323385,5.079502799193794e-05,-0.00028135984416283524,0.00016221599564623934
2018-04-03,-0.00035691692717433957,0.0003142132114125097,0.0003169755183885341,-0.0001364484965557175,-0.00031617865433292494,-7.745752454967406e-05,0.0003211720135873272,8.18416197520648e-05,-0.00031289790909459075,0.00016517166316593404
2018-04-04,-0.00038417871426056627,0.000386084493900752,0.0002465769710942971,-0.00014552380041626609,-0.0002699908368885909,-3.669448471994158e-05,0.00027326882171521336,3.979237636552585e-05,-0.00028087308350333365,0.00017296390114482016
2018-04-05,-0.00042988448972457183,0.0005408808558082165,9.206288954151376e-05,-0.00013764049192572375,-0.00020362335776514737,-3.527301247029796e-05,0.00023474105228838207,6.850096214055384e-05,-0.0002874327832094632,0.00015657281663827502
2018-04-06,-0.000365742561097563,0.0003896212688264608,0.0001751550501993479,-8.044689945100117e-05,-0.0002459256358429418,-7.790513977904562e-05,0.00023396698647160444,9.028002814976191e-05,-0.0002729296057371912,0.00015392845227336568
2018-04-09,-0.0002983297783894466,0.00034643308684862567,0.0001229075821401332,-0.00012488975446342532,-0.00017067362622557106,-6.404147319271844e-05,0.0002759792983782969,6.107783922156343e-05,-0.00035020318786401286,0.00020155071604635935
2018-04-10,-0.0003483661104428798,0.0003906295722242194,0.00012186134135652033,-5.6832476696491024e-05,-0.0002336905743824877,-0.00010363789926851746,0.00027687759747745816,0.00011399239846672862,-0.00038528739239678325,0.0002249075061918973
2018-04-11,-0.0004519296322949527,0.0005651034348515167,7.552362820615818e-05,-9.470459569620518e-05,-0.00023916034780345832,-4.307131011015847e-05,0.0001850746462874163,0.00016864307317941002,-0.00035495558335945157,0.0001890386610222429
2018-04-12,-0.00034944381268726607,0.0004398645562891171,9.647844446939585e-05,-0.00016821103958533298,-0.00018637291159810318,1.390498522078204e-05,0.00029032170627244294,3.689347060765319e-05,-0.0004099967819035204,0.00023556204173889525
2018-04-13,-0.0003490798937518351,0.0004862413172797807,-1.4724524651354293e-05,-8.271127543245035e-05,-0.0001475108433529118,-2.947764452299051e-05,0.0002278635962107249,4.06160553950638e-05,-0.000345484769033292,0.00021133643071703442
2018-04-16,-0.00024596762399965375,0.0004183024692517613,-0.00014564961403538967,1.113738135865433e-05,-0.00015718974758369142,4.053987260225003e-05,0.0001899156798373415,1.5288267666759003e-05,-0.0003752658473724531,0.0002495453207151353
2018-04-17,-0.000419730198365921,0.0005423289054633448,-5.048379746772774e-06,2.3934064723046128e-05,-0.000263370525117549,-3.783232232792283e-05,0.00019101095198988463,8.292368117516005e-05,-0.00033075064947992935,0.0002181168761838867
2018-04-18,-0.0002942236379243658,0.00042038611216761723,-1.2796673622021693e-05,-0.00012141198844261777,-0.00010862884241995274,-6.731837471275759e-06,0.00025714075143147205,2.5576194811402497e-06,-0.0003428309281898641,0.00020599192385794066
2018-04-19,-0.00031079321487689424,0.0002988841759596732,0.000243956599396241,-0.00012795009827364784,-0.00027894820447323804,2.6721585273208753e-05,0.0002320282028641027,2.879883767152938e-05,-0.0002724557693029317,0.00015899016044039135
2018-04-20,-0.00031373420544245426,0.00031393925044503196,0.00023595868067739084,-0.000177330298631366,-0.00019590728377445743,-3.9935943458864476e-05,0.000254714023720997,5.649594224187843e-05,-0.0002993530979897262,0.00016413750816877265
2018-04-23,-0.00022216873291165326,0.000185011904184601,0.00021346367849500725,-0.00011286708367527071,-0.00022052901286595192,6.212340437499603e-06,0.0002819367609347076,-7.026176621623831e-06,-0.0003392017496746287,0.00021646602272365478
2018-04-24,-0.00030315123128870497,0.0002641496265598786,0.000264205173570186,-0.00012955744064704552,-0.00026515577493632647,-2.2997193967786572e-05,0.0002852540548431391,2.879096717562507e-05,-0.00031388822971763555,0.0001924850233959094
2018-04-25,-0.0003084880840555082,0.00019331845526191632,0.00039439126794151014,-0.00011449206257777358,-0.00030647556704179596,-0.00011180298419270068,0.00027342191237644115,8.875087232017645e-05,-0.0002336681839234904,0.00012516014492362781
2018-04-26,-0.00035278076088511925,0.000265854861196891,0.0003672436770523445,-8.858190788655143e-05,-0.0003439886613201583,-0.00013975829884049773,0.0003240459599099209,9.939306030888259e-05,-0.00029119046522594824,0.00015938934726099363
2018-04-27,-0.00032286634936586067,0.00027667059102395863,0.0002691085537417405,-4.440815591351399e-05,-0.0003335489634716769,-0.00011251477016474554,0.000329386696807845,7.56902931768541e-05,-0.0003141727777471459,0.0001765433482861685
2018-04-30,-0.00021897971665132618,0.00019851378666261438,0.00015608557777280208,-2.44517235219871e-07,-0.00024249329963432764,-0.00012149384447706149,0.0003081989102056669,5.885845857528382e-05,-0.00034721828952096953,0.00020751323517428227
2018-05-01,-0.00030230234907478726,0.000303695018350026,0.00020987437746667822,-0.00017739519269142218,-0.0001447377801574931,-9.117801159971156e-05,0.0002762805523205368,5.739441671356871e-05,-0.000338300353633747,0.00020716450691146693
2018-05-02,-0.00028617188051504455,0.0002552392725045788,0.00020220692547436026,-7.109019751393164e-05,-0.00016056966914732365,-0.00016649326281551607,0.00025331507098699454,8.405929423706618e-05,-0.0003046860787433506,0.00019565045661141742
2018-05-03,-0.00023772923988607877,0.000184817655863187,0.0002207406060798986,-1.8550165572641525e-05,-0.0002510768231719536,-0.00016018200194273247,0.00031256241869308254,6.68064443908184e-05,-0.0002796979228957483,0.00016272276831395469
2018-05-04,-0.0002604504131636688,0.00023731412464772506,0.00014189895690110838,8.226062682291715e-05,-0.0002462984307728712,-0.00023264855880872695,0.0002596090517859202,0.00013306718759969333,-0.00028438960606511077,0.00017012044314904107
2018-05-07,-0.0002826554157435504,0.0002816871671585848,0.00017751389161094894,-0.00010072629582474901,-0.00011080306393316738,-0.00021113666806375428,0.0002619585372324734,0.00012009022091972327,-0.00030016089363823703,0.00016099664778060352
2018-05-08,-0.0002265320885114011,0.0002120904993448275,0.00016445166195647176,-7.71659365521489e-05,-0.00012917545127393362,-0.000173920544039214,0.0002864629597232847,5.5853427954079965e-05,-0.00027020253052682103,0.000158170107756532
2018-05-09,-0.00017021783378080857,0.00013486004458473921,0.00013364488923693976,2.1829365554927593e-05,-0.00017130074201068823,-0.0001575190748753473,0.00028512584946916233,4.4758352896068915e-05,-0.0002788087103374644,0.0001564943176805625
2018-05-10,-4.830467709840067e-05,4.617937715993212e-05,4.570136269577835e-05,-2.0924076479536535e-05,-5.362186664696969e-05,-0.0001376170161853478,0.00027273442373992526,-5.331615101765441e-06,-0.00023649281814071624,0.00013720132732737006
2018-05-11,-3.575853988038724e-05,1.0995824169360985e-05,7.943185399246488e-05,-3.432573153851551e-05,-6.452700187246571e-05,-7.285601634274275e-05,0.00022712265247105262,-3.229315523566381e-05,-0.00022510844171581487,0.00014691397442733942
2018-05-14,-0.00011832433694325059,0.00016874015685673996,-1.5117879874633477e-05,-8.260940184995347e-06,-5.852095173867686e-05,-0.00012509784302265972,0.00022996607399624475,2.819993691487166e-05,-0.0002250081355893406,0.00012308275386306924
2018-05-15,-0.00016094173573344417,0.00014891416992469583,0.00012828936108946407,-7.825636642272774e-05,-7.964426515768425e-05,-0.00012614125173930277,0.00024456422539963565,1.991066330857272e-06,-0.00019586843003749355,0.00011680007879547732
2018-05-16,-0.00016306023458704383,0.0001318306490841227,0.0001865873291576406,-0.00015401374567098128,-7.673122291370488e-05,-4.638981933397998e-05,0.00021350883535340912,-3.5859516602270575e-05,-0.00013552096460282825,7.928487731819617e-05
2018-05-17,-0.0002487557008993106,0.00021036604537788897,0.00024044228657238778,-0.00016986726772270574,-0.00012733616152910132,-9.502048691529402e-05,0.0002880168096534991,-3.7541429835783596e-05,-0.00016030112969335486,0.00010010633066764862
2018-05-18,-0.0002821277085380304,0.00018854897329908388,0.0003546709134618735,-0.00016391108019888842,-0.00023360154911511097,-7.503436690679821e-05,0.00027654309208333117,-7.5964933534990176e-06,-0.00014271739957887747,8.578148900167254e-05
2018-05-21,-0.0003924782001782992,0.0003550582454638941,0.00031076107223918653,-0.00015435221603348273,-0.0002413647519023468,-0.00014238332112610427,0.00029152119863181183,5.903235814285965e-05,-0.00018805567699840126,0.00010302996981138846
2018-05-22,-0.0003284196045359941,0.0003000714333863917,0.00022979398226440073,-5.788453459764156e-05,-0.000249407157039621,-0.00014737741334282586,0.00028622247362845854,4.2520174020975465e-05,-0.00016401789654984372,8.656957825758232e-05
2018-05-23,-0.00032354482572045234,0.00033827886297882123,0.00015563536914081286,-4.971607962500971e-05,-0.0001831834376640716,-0.0001809950105354785,0.0002204531176168388,0.00012807169465293283,-0.00019585546824954156,9.05134170868585e-05
2018-05-24,-0.0003041244202075834,0.0002843288488008043,0.0002366614553198365,-0.00014244973779672238,-0.0001753978567115011,-8.523896379334164e-05,0.00021486071187204123,4.295254596425532e-05,-0.00016766929913577394,9.628950082678223e-05
2018-05-25,-0.0003056610044700758,0.0002116888275303687,0.00032309434708677545,-4.558438323317218e-05,-0.00028866942759077016,-0.00018285955894895012,0.00026999089685466465,0.00011303495447627376,-0.0001894158146377757,9.505193395911021e-05
2018-05-29,-0.0003254424978964207,0.0002965409650631315,0.00021720839277965254,-6.591258830966965e-05,-0.0001941716362943574,-0.0001862890242975944,0.0002677365254253536,9.113018946074747e-05,-0.00020248832669297542,0.00010159157322857382
2018-05-30,-0.00024700765663655116,0.000213196238213368,0.0001791564100211314,-9.036838981461154e-06,-0.0001936257612457845,-0.0002011861192913987,0.000256300557414265,8.379537282433153e-05,-0.0001683918914934697,8.767968533207604e-05
2018-05-31,-0.0002666267077421139,0.00026816678870772437,0.00020206925547399182,-0.00020677282078643278,-8.705751384032595e-05,-7.032550917648178e-05,0.00020918500287130798,6.100949002605521e-05,-0.0002444970739729248,0.0001346573702908256
2018-06-01,-0.00033575840979093233,0.00030420648539977724,0.000269397625126868,-0.00018464203196410026,-0.00012663468338186198,-0.00017696895254293646,0.00026307046605481693,8.292608296112114e-05,-0.00021124902678069934,0.00011643811792206443
2018-06-04,-0.000354667704228491,0.00035701779411271076,0.00017744762511184148,-3.4247238186967816e-05,-0.0002092443528183205,-0.00019174531619527146,0.00023556380197032808,0.0001500756617037989,-0.00023465444014192025,0.0001030524303457063
2018-06-05,-0.00043442988767137397,0.0003316441631610878,0.00043196908140312115,-0.0001924656400623427,-0.00022973775309469147,-0.0001908029762858858,0.00023533528175401566,0.0001373365864731496,-0.00019714826398186877,0.00010893795554798788
2018-06-06,-0.0003421303336637385,0.000287069604421656,0.00031672891430110234,-0.0001298595300496773,-0.00026136711842907404,-0.00014436530103822606,0.00031535472136317785,6.803065486352122e-05,-0.00020585842946697908,9.579745724772742e-05
2018-06-07,-0.0003592377762392379,0.0002804173205155497,0.0003395873968481296,-0.00013616434610718223,-0.00020149613654781712,-0.00018842986321879196,0.00022805821833401033,0.00012622986813464257,-0.00020088340419448583,0.00011280269141248842
2018-06-08,-0.00038436146392695214,0.00034369408137918667,0.00028491603023401285,-0.00011288323914319595,-0.00019000805862142908,-0.00018764404600437115,0.00022461298772511948,0.00012028074476923625,-0.000207793635479233,0.00010639749284769434
2018-06-11,-0.0002774213010647564,0.00018821760770536267,0.0003389685146040419,-0.0001542764618999333,-0.00016957979223325773,-0.00018421728809510374,0.0002331754246078059,0.00014449189932510056,-0.00023236283877256514,0.00011283134441125026
2018-06-12,-0.0002728325896427797,0.00020976569738880013,0.000247079094368826,-4.659987219413769e-05,-0.00018376303239414638,-0.00017659791215128215,0.00017342129175590415,0.00012363820180243817,-0.000177849557781367,0.00010446829541956026
2018-06-13,-0.00012201854790620803,-5.185521017228578e-05,0.0003351264540492026,1.7901848748832355e-05,-0.00023530277255697646,-0.00017737280485459125,0.0002302184006331906,4.4838894948707325e-05,-0.00013894852683422887,9.951724237235518e-05
2018-06-14,-1.937444645886202e-05,-0.00019286372100291854,0.0003603349684342498,8.971068104069585e-05,-0.00026667665420843437,-0.0002337985585704784,0.00017906317825203133,0.00016089312366028563,-0.00013483470394533986,5.767074529972743e-05
2018-06-15,-6.502938292623703e-05,-0.00016811207942399667,0.00047615938731929153,-0.0001290980051869943,-0.00018851094549767605,-0.0001054217330990724,0.0001659920076131395,0.00011486372532396733,-0.00019941339500989877,9.699421358412563e-05
2018-06-18,-0.0003282175184029998,0.00022190249269135598,0.00034716544188137174,-6.1906856601842e-05,-0.000272615427081728,-0.00015001349212549753,0.00023205822099910123,7.92485518708308e-05,-0.00016879957110391489,0.00010260491368489083
2018-06-19,-0.00034126240556450055,0.0002475917548092933,0.0003408670942911876,-6.3238309907971e-05,-0.0003004211948414437,-9.286596132464936e-05,0.00012409339205451259,0.0001769596079128702,-0.00014961980690491802,5.7761026935561344e-05
2018-06-20,-0.00037612181817926055,0.0002704393354623219,0.00039437088335468606,-0.00010509809138850232,-0.00030160091302363495,-0.00015799033746191973,0.00022940176989341352,0.00016395821578083988,-0.00016636662237045838,4.76230920321008e-05
2018-06-21,-0.00027480741782562323,0.0001699720879082267,0.00030160960961043287,3.911152198888407e-05,-0.00031523331226027476,-0.00020795583317056304,0.00021137041832819392,0.00015661758966421802,-0.0001244857505350444,4.409356806983969e-05
2018-06-22,-0.0002576012616259428,0.00016598083608756684,0.0002657646539851177,6.656858332466237e-05,-0.0003054131415204664,-0.00021144541511301448,0.00020436515444307787,0.00014929283128306894,-0.00012577567460330535,4.750925163955061e-05
2018-06-25,-0.00037965963088575777,0.00028467770596804845,0.00035515580563993607,-3.699259045780376e-05,-0.0003353136578159027,-0.0001570474045825901,0.00019397755290711735,0.00014705505051225767,-9.467485608703405e-05,2.2531165212367338e-05
2018-06-26,-0.0004254273531821631,0.0003818360818976588,0.0003023425833876374,-7.11654418477474e-05,-0.0002944458438958082,-0.00018083457335010128,0.00022790543126238738,0.00015536130714761606,-0.0001699335549105417,7.428603953955545e-05
2018-06-27,-0.0002983015380459732,0.00011010946691741158,0.0004491300963650781,4.1805440101527064e-05,-0.00041056097164376276,-0.00018763415793231902,0.00018727406217894024,0.00016745177500838287,-0.00010688867254151843,4.8644935890962415e-05
2018-06-28,-0.0003245403611083601,0.00018395829162404925,0.0004155243873825848,-2.1098041508973986e-05,-0.00040548184486768196,-0.00012870066231687738,0.00022690162382657184,0.00011010208506062255,-8.551716431111356e-05,2.981734987742707e-05
2018-06-29,-0.00028863175480260683,0.0001804762000414753,0.0003605683611674036,-0.00011452582106638923,-0.00019930206124696426,-0.00019875849924920475,0.00017551648356433844,0.000169290757684612,-0.00014106694972526937,5.6732164965111326e-05
2018-07-02,-0.00017840217809713885,0.00012090176195863125,0.0001460557272699274,0.00012171046081796769,-0.00023960660294748345,-0.00022004006184737218,0.00016569995818721192,0.00017862942852345243,-0.00016650042938167256,7.21121845392858e-05
2018-07-03,-0.0001255191123248657,2.4176734493702723e-05,0.00022554740125099726,-9.605212120677997e-06,-0.00012687011733985426,-0.00017295823047606268,0.00012135192813782572,0.0001321961317709841,-0.0001424265289625172,7.471577713377697e-05
2018-07-05,-8.762167106163288e-05,5.22377303718638e-05,0.0001028491040266366,3.200686754094295e-05,-0.00011728885845150791,-0.00013865050867654244,9.812813312400429e-05,0.0001637252037467972,-0.0001921662977773797,8.71613140306371e-05
2018-07-06,-0.00021016689949299866,0.00010481340715406268,0.0002680776019491106,-7.344921288738107e-05,-6.105043683589731e-05,-0.00023776861143002745,0.00010687211848955935,0.00016347437840302098,-0.0001501640064481176,8.958030635537045e-05
2018-07-09,-0.0001979091837839217,0.00018570987498894853,9.521018511231619e-05,7.357973302516557e-05,-0.00016823640729539055,-0.00020474707013751897,0.00011892229885513209,0.00018057765484541174,-0.000144317210038266,6.169114863899261e-05
2018-07-10,-0.00012235057313747175,9.267916779973767e-05,0.00011420982826876314,3.1789478839337054e-05,-0.0001039507525139767,-0.00018737583519658207,7.886089251610273e-05,0.00017315447684590132,-0.00013811749156122932,6.033523408098193e-05
2018-07-11,-0.0002044026223205729,0.00010625624342960882,0.00022638901208282478,5.6209786158400304e-05,-0.00016158428923089205,-0.0003145967003606344,0.00017023464589875636,0.00017815971091949753,-0.00012566325616196125,7.120839042599678e-05
2018-07-12,-0.0002836066094318683,0.0001940121135870672,0.00028252828612046477,2.439845039993449e-05,-0.00024544389046133805,-0.00030470898603042473,0.0002379496519653579,0.000182794308866311,-0.00012920238131867642,4.109035854755333e-05
2018-07-13,-0.0002495143166265021,0.00016478988568185277,0.00020742864944966674,0.00010910323230301638,-0.00023426019095251424,-0.00027791259032098475,0.0001635629352658187,0.00019734324656582938,-0.00016026664986908482,8.070905186535055e-05
2018-07-16,-0.0002627136267654741,0.0002112439785971025,0.00023290972541065505,-2.7143743013824384e-06,-0.0002406572916846851,-0.00021557969441027627,0.00019379270109585317,0.00019440953303230882,-0.00011544461169400028,3.158441828458869e-06
2018-07-17,-0.00019177988380742958,0.00014615730178369618,0.00011885253327245313,0.000140546012466769,-0.00020592638621134626,-0.00026985695986651154,0.0001547669612391618,0.00017350386672922852,-0.00010091557384174846,3.5259571200062234e-05
2018-07-18,-0.0002652848300707354,3.3268223730269914e-05,0.0005473279279353677,-9.67435714342886e-05,-0.0002733742086505307,-0.0002608209277024792,0.00015120887875798988,0.0002502087221811673,-9.032247477695418e-05,4.591131133640375e-06
2018-07-19,-0.00019178496319362595,1.7883223845660545e-05,0.0003574000801824899,6.612243668008624e-05,-0.0002647058337088941,-0.0002891327650784252,0.00015711630564053253,0.00017863225278309802,-5.773722607213885e-05,2.8363678127134306e-05
2018-07-20,-0.00025553399950907496,4.9800330333329285e-05,0.0004641313048273539,-5.53775084343594e-06,-0.0003172383153417467,-0.00026858355823315347,0.00019121142320271609,0.0002225150535974281,-8.927952304619083e-05,8.587129864481152e-06
2018-07-23,-0.0003373928637022544,0.00022378781200904987,0.00035501968275005943,4.4857099169026e-05,-0.00037337989279634734,-0.00026066876718518206,0.00022635112655432568,0.0002053282101263168,-4.160639396090168e-05,-4.328403087661137e-05
2018-07-24,-0.00020979742101477974,9.979614356285527e-05,0.00029843418870713,-4.900240843692255e-05,-0.0001499290140550731,-0.0002370925983630999,0.00015258036671023448,0.0001554354171215827,-7.004761318007979e-05,1.056417415318256e-05
2018-07-25,-0.00025103986681820553,0.0001835466789252213,0.00019505156539288346,0.00011584313835544952,-0.00024063862483709314,-0.0003115325544480914,0.00015901847521789317,0.00022282441264270814,-7.202956477588354e-05,-1.035268980129761e-06
2018-07-26,-0.00021767663772812723,0.0002098950594766856,5.686911482853316e-05,0.0001781297442243028,-0.0001829411638338968,-0.00034485427025914006,0.00019425508570079103,0.00014717391857924436,-1.938755955745511e-05,-2.1326867345912437e-05
2018-07-27,-0.0002760802249896638,0.00020133549787097055,0.00023062608129556517,6.694342972525524e-05,-0.00022133383349257768,-0.00030687181950559556,0.00015938748462681132,0.00021024091432676056,-4.6738372646099036e-05,-1.770370633024862e-05
2018-07-30,-0.00018179904929229926,0.00011483707962619064,0.00019222092570417293,1.5535766571539433e-05,-0.00010363233141384015,-0.0003107872941835177,0.0001689781966807309,0.0001643254282568743,-6.910005234049901e-05,9.264108793257536e-06
2018-07-31,-0.00020120739280960268,0.00012599941211297733,0.0002234278464928567,1.9907430821652222e-05,-0.00015532113193400532,-0.0002497706312030619,0.0001097487479583617,0.00016923309228227337,-1.266008095036908e-05,-2.9274209571241577e-05
2018-08-01,-0.000268401138117217,0.0001815405361709141,0.0002937153686285443,-4.461502085792782e-05,-0.0001817408312127615,-0.0002878542060125479,0.00019767130512874168,0.00019271833003585426,-6.963111998489757e-05,-1.4060957623504566e-05
2018-08-02,-0.0003383365193576522,0.0002207904198840635,0.0003553116413481973,-3.398247985605604e-05,-0.00022738102573214777,-0.0002756967574852956,0.00013338633233470412,0.00022600785901977227,-2.424114957973525e-05,-3.587558925045864e-05
2018-08-03,-0.00043092333761262855,0.00038592410154972626,0.00030245085688124576,-0.00010526999893942929,-0.00017064514825885016,-0.00031163450243688537,0.0001946197138547011,0.00018910235714588233,-3.1847979752554906e-05,-2.1142787936887647e-05
2018-08-06,-0.0002987437407982359,0.0001875440483445033,0.0003090899611009716,2.422292204421611e-05,-0.00018049848585131173,-0.00037397281298593224,0.0001448183574697115,0.00023828825649126542,-1.6251172148595838e-05,-3.0634151176461843e-05
2018-08-07,-0.00020701164494400098,0.00010733404452118248,0.0002246973439683185,0.0001305407168678066,-0.00021743721796552845,-0.00033256255389528533,8.323054419058853e-05,0.0002715005010487173,-1.2728970735075701e-05,-4.806793165799267e-05
2018-08-08,-0.00020498270199357724,0.0001905105940358115,9.046688354997709e-05,0.00010574289553435048,-0.00011210229708138314,-0.0003706636265989917,0.00017706018828731948,0.00017938602870804302,-4.1599646092956716e-05,-1.3361210953955621e-05
2018-08-09,-0.0003161028343179849,0.0002757202839308581,0.0002125426278518222,-3.603408125529839e-05,-0.00010708358394867154,-0.00035309910521767046,0.00019070949204590473,0.00019804699137260934,-6.703755124718921e-05,2.918075913498769e-06
2018-08-10,-0.000312318356732795,0.00023118563642276005,0.0002576003078955322,4.4593776583019135e-05,-0.00023324039566887528,-0.0002729169805372571,0.00011458310640494532,0.00023017300074676394,-2.685589009066361e-05,-3.267129908284677e-05
2018-08-13,-0.00024310902279818872,0.00012360568857094217,0.00027737082658926826,7.589622588409853e-05,-0.0002138400621064379,-0.0002884121138474506,7.038483700769552e-05,0.0002550359975517502,-6.077016347613706e-05,4.439034361179012e-06
2018-08-14,-0.0002596094129723378,0.0001892258417469997,0.00022396559407233604,2.1479594404141822e-05,-0.0001505162442660274,-0.00028544199787879435,0.00010193259428875265,0.00021287429378265624,-6.637544401000978e-05,1.3023088879626776e-05
2018-08-15,-0.0002659130862384014,8.35204419713971e-05,0.0004330647573953135,-1.4814926965010106e-05,-0.00022796710489802335,-0.00037547829642559094,0.00015643251615886714,0.00028512280442650334,-4.9916041276288486e-05,-2.362286020902646e-05
2018-08-16,-0.00025966763867887876,0.0001383540635057287,0.00031907019080608043,1.4273604037544352e-05,-0.00020670579737045933,-0.0003312872031160305,0.00012804302679234741,0.00028977853437708867,-7.670491678803126e-05,-1.5175577393781309e-05
2018-08-17,-0.00037711939039396236,0.0002564509755741372,0.0003757376876997523,-2.455839622260078e-05,-0.0002781054404526369,-0.00027451986473618975,0.00013904611972511555,0.00027171541528140525,-8.580600954366871e-05,-1.2997934866372518e-06
2018-08-20,-0.0003836602774818891,0.0002964232278022533,0.00030349065614717827,5.259407543397113e-05,-0.0002872346598910419,-0.0003422829912874889,0.00013687645251988373,0.00029489090455735514,-4.0508720102791496e-05,-3.006247288166869e-05
2018-08-21,-0.00032127447159441616,0.00017441812325896117,0.00039022591376435337,9.367512484668994e-06,-0.0002795560061372021,-0.0003151986076765541,0.00012604950525543085,0.0002823396700044542,-3.459676288523547e-05,-3.0647843267520014e-05
2018-08-22,-0.00025420757023032065,0.00010041817877361539,0.0003031063720428419,0.00011807534992027205,-0.00022855983870965352,-0.00033936779176506685,0.00010010603024640866,0.00023927322200201911,-4.807655988998266e-05,1.0656325234961739e-05
2018-08-23,-0.0001900673377528174,7.826701531842353e-05,0.00026536227516211694,8.455189300051597e-05,-0.00027549557662725696,-0.0002484182325583652,0.0001363047229945985,0.0002294668839180787,-4.773936043615118e-05,-3.2912645735391766e-05
2018-08-24,-0.00021849520751529225,0.00012999051753333213,0.0001984423677120796,0.00012599003805586345,-0.0002040405678204009,-0.0003170723954510346,0.00010870184179088971,0.00023783977413589785,-9.487225223705695e-05,3.509534551087226e-05
2018-08-27,-8.246049756082535e-05,-7.184043562129261e-05,0.0002468598424255862,0.00023648199583596943,-0.000294980144394795,-0.00038776035877665857,0.00015216533414759079,0.00028378702145344034,-8.960083553658654e-05,6.975211034321305e-06
2018-08-28,-0.00016229348138842997,8.88832575104831e-05,0.00014840506375560225,0.00013096788434848253,-0.00015092122217926981,-0.0003459177074132888,0.00013024397966809181,0.00022104695515469744,-4.314854561240575e-05,-1.703369303723834e-05
2018-08-29,-0.0001588994846464624,6.978833889611027e-05,0.00019540412719573977,3.814489156001022e-05,-6.343350734717979e-05,-0.00037040851609318817,0.00011223315628921746,0.00022966547984193744,-2.459192891591036e-05,-2.7245493555878852e-05
2018-08-30,-0.00028439171823399154,0.0001843870159557899,0.00027023969857573396,-1.753263542857847e-05,-8.566012956769467e-05,-0.0003681610812338726,0.0001186320009719452,0.00023028644640856258,-5.962735388612833e-05,1.3345773622757545e-05
2018-08-31,-0.0003057248016280767,0.00022028926730851411,0.00028126187244625206,-4.848908932742271e-05,-0.00011372913227847281,-0.000334160132103474,0.00010644201293747574,0.0002516486820125473,-1.3862519001209966e-05,-4.157646638546647e-05
2018-09-04,-0.00024945783006199637,0.00012681821658802606,0.0003159326138561895,1.1382188370566426e-05,-0.0001829439948564833,-0.0003180282182401496,0.00011839790294126268,0.0002535007912878931,-5.8689412869544766e-05,-1.7784965211511267e-05
2018-09-05,-0.00027620870389406457,0.00015134195120678276,0.00030994044207815347,6.536414575939245e-05,-0.00021765520087883503,-0.0003701376224274841,0.00014234372367330148,0.000247365529921946,-2.9751575183610546e-05,-2.285269534911885e-05
2018-09-06,-0.000348048049094548,0.00018070431365305173,0.0004483524742717321,-6.64279280720298e-05,-0.00021825889326699058,-0.00032339338453639746,0.00011699784364524804,0.0002429383692994641,-1.9230094633775063e-05,-1.1945075520554405e-05
2018-09-07,-0.00020986633898065557,4.1122224457599416e-05,0.0003631389492979864,2.307365492477606e-05,-0.00018689765007085662,-0.0003673907197778749,0.00011919615425205754,0.0002881028040254696,-3.967108949554099e-05,-3.020074170606915e-05
2018-09-10,-0.0002755935947312618,0.00014388763911061392,0.00033069597415493965,8.229670748648513e-05,-0.00030356387081856284,-0.00032440522324694854,0.00010852928596630229,0.00032520787845173246,-1.762993134257762e-05,-6.792249139118967e-05
2018-09-11,-0.00013547744321469254,4.8097245842863845e-06,0.0002706494320402139,7.751019278086704e-05,-0.00018258443268465152,-0.00036520609779177107,0.0001495112031006697,0.00026570218103703566,-3.428562571178295e-05,-5.153262018414706e-05
2018-09-12,-0.00023432908027179802,8.629733051670682e-05,0.00036128831403993075,-3.7676155219056734e-05,-0.00017983046481541073,-0.0002823173059106239,0.00011645832564848024,0.00023879237808382275,-6.304988498972985e-05,-6.361683696227971e-06
2018-09-13,-0.0002217564850792511,0.00013381734935614606,0.00022496452628107885,6.681314112701522e-05,-0.00017130351673711602,-0.0003268780817522153,0.00010853289738316577,0.0002554544358690826,-5.3449816945289746e-05,-1.60747881308744e-05
2018-09-14,-0.00015494202263395193,6.709352837949711e-05,0.00020582787578340284,8.183407366247827e-05,-0.0001926739716435373,-0.00028192511796355443,0.0001416336040898844,0.00018594460965156573,-3.4513427028468047e-06,-4.972158112803715e-05
2018-09-17,-0.00026883893883700855,0.00017590383553871963,0.0002489450190887206,6.498954176411414e-05,-0.0001898297274526388,-0.0003637316264306044,0.00016389467255176898,0.00020801890914973198,8.474353618247166e-06,-4.542608075126797e-05
2018-09-18,-0.00025144951087504794,0.0001767128659667938,0.00020634024939565968,0.00012308822653396556,-0.00022242351251544612,-0.00032695802167368587,0.00012269143518574624,0.0002018084814770782,2.4756476563567165e-05,-5.468016768370859e-05
2018-09-19,-0.0002838819372075335,0.00022636276448824086,0.00021887233235873618,6.561119784517441e-05,-0.0002372842529477122,-0.00031875678934962376,0.00018856258709168058,0.00023710801966585898,-5.9673999286156965e-05,-3.8156168309815e-05
2018-09-20,-0.0002906269275407235,0.0002489988876684876,0.00018381314666971946,7.392292384533761e-05,-0.00021269619255839117,-0.00028490129763623223,0.00013020729656403746,0.00019944936261549057,-1.2358638827113244e-05,-3.5457616380907275e-05
2018-09-21,-0.0003003808434254192,0.0002731090368561888,0.00015499266829041222,8.883360811319865e-05,-0.00018583018439297105,-0.00035945980634288777,0.00015347921810398082,0.00022964506459791784,-3.3693835714145026e-05,-2.2427099393339256e-05
2018-09-24,-0.00015873778002712183,5.533913152101083e-05,0.0001949037302115056,0.0001863452329310157,-0.00026833277861364885,-0.00033763770872663815,0.00016968705683038932,0.00023764609857258867,-4.157615518285418e-05,-3.793911036426706e-05
2018-09-25,-0.00016918268302311412,0.00012347890208094792,0.00011929074616913102,0.00012906323580521087,-0.00019201794052424448,-0.0002472624648687527,0.00011951591135270223,0.0001724521256446926,-5.39917614100216e-05,-1.2401075698623143e-06
2018-09-26,-0.0001458234453790147,0.00011164437293041327,7.808867096772282e-05,0.0002172359076844585,-0.00023479705838862566,-0.00026322192585532395,7.945193169331052e-05,0.0001788381200163794,3.306813135265513e-05,-5.461435954420141e-05
2018-09-27,-0.00023114859124391887,0.00019037112775235204,0.00010809558830203805,0.00020527240567236663,-0.0002546158499806654,-0.00027161484640579256,8.527606778328811e-05,0.00019928564442308477,-2.536006490649889e-05,-4.746322957487059e-06
2018-09-28,-0.0002044901749104662,6.992336634054075e-05,0.0002615803861290185,0.00012930078432663375,-0.0002094662552864987,-0.000330164248186042,0.00010962573602952413,0.00019644026908152354,-6.367519785194231e-07,-2.142938077173001e-05
2018-10-01,-0.0002097476684185147,0.0001541219291122005,0.00015915589126801188,0.00010146605759548885,-0.00015027774178949863,-0.00035149698483849523,0.00011735700050816839,0.00023111374026158968,1.1831952899533926e-05,-6.415563494008986e-05
2018-10-02,-0.00027602630679955664,0.00019076236412595565,0.00021816224257325406,0.00013421686418492104,-0.0002402861022426199,-0.0003234672623471553,0.0001168111626624023,0.00018807310320401865,2.7210531781188263e-05,-3.41983769066162e-05
2018-10-03,-0.00022467032015691113,0.00017474557828772025,0.0001730172753942362,6.582367319854857e-05,-0.00018087397731228125,-0.00028642669893669606,0.00013364489130847368,0.00021750268584948967,-5.400493722038102e-06,-6.861094448766536e-05
2018-10-04,-0.0003022480894706997,0.0002554407907900992,0.00018187958234522697,6.762420129422311e-05,-0.00015173489281140873,-0.00034302714747479895,0.000132379983510518,0.0001821377006211225,2.4897987195397764e-05,-4.7048422812612234e-05
2018-10-05,-0.00022860154132383487,0.0001288814363867713,0.00023881556812350643,6.244447706513223e-05,-0.00012435223927676972,-0.0004212216862602494,0.00018745652923011363,0.0001783236439395,4.073088669864777e-05,-6.213831890854171e-05
2018-10-09,-0.0003747791389303451,0.0003502734274566065,0.00017257408277036174,5.454748413364491e-05,-0.0001309529309358945,-0.000415119909306802,0.0001482076682330427,0.00027637271063754576,-3.8676585357402815e-05,-4.3523828686165e-05
2018-10-10,-0.0003169926259539192,0.00016116323027927718,0.0003519145663297106,8.2642589142784e-05,-0.00020568595721036018,-0.0004308322772137371,9.272695619033655e-05,0.0002755952649867305,7.053202819391063e-05,-7.967189844376027e-05
2018-10-11,-0.0002506907558059296,0.00012394145354601913,0.0003418381459326797,-9.191277485855881e-06,-0.00016503612666313866,-0.0003853908234324223,0.00015590249769419084,0.00021767280043614307,2.6690138627556703e-05,-5.513022743716678e-05
2018-10-12,-0.00024112142071724962,8.167342131704461e-05,0.00036035177987537095,4.8122702823168856e-05,-0.00021619456676457566,-0.0003792958951978759,0.0001312531993712604,0.00027458460671737905,-4.569340261786903e-07,-5.9488801994224405e-05
2018-10-15,-0.00025252466072359786,0.00014002004995330997,0.000313663841824182,-1.538330553829681e-05,-0.00016256140935589844,-0.00034562741104323877,0.00013690113274628796,0.0002477775204408686,1.2453860906057324e-05,-7.552735584177156e-05
2018-10-16,-0.0001914174223290703,0.00012416608012425293,0.0001948967416550429,8.106257933626973e-05,-0.00017741088418329887,-0.0003254072374457191,9.89420120413656e-05,0.000260638225640715,3.232366537475606e-05,-0.0001002158214910287
2018-10-17,-0.00018802032286075257,0.0001392439813475213,0.00011311617833176246,0.0001641269436715373,-0.00014494017975400647,-0.0003767053335284737,0.0001002136701531535,0.0002352105818653888,2.8947898278626483e-05,-7.187974877965325e-05
2018-10-18,-0.0001850058671243847,8.748498169303467e-05,0.00023201111935514454,7.22015198059249e-05,-0.0001873727046358166,-0.00027707436967666643,0.0001041176882467243,0.00021288193422746432,-3.2412535186078506e-05,-2.7196470940883677e-05
2018-10-19,-0.00018091301355905795,0.0001667914949315813,4.1240240921187193e-05,0.00023228427126483972,-0.00015832831012751666,-0.0004159092817536264,0.00010597476598841332,0.00024999081566690756,2.7649401329966905e-05,-6.927252497643255e-05
2018-10-22,-0.00012186764601576291,8.403989837334203e-05,4.2885599407720826e-05,0.00022300620593401418,-0.0001318852636279233,-0.0003726711268976293,4.6694656839159354e-05,0.0002814488714928745,3.090581527310371e-05,-8.254370577637227e-05
2018-10-23,-0.00019166121068397296,9.025228365226734e-05,0.00015578716443538643,0.0002389800591339579,-0.00018369463513548054,-0.00042664449454286185,7.064746756552803e-05,0.00026953851113665356,2.303136321016308e-05,-4.5319493865311755e-05
2018-10-24,-0.00013879091643893143,6.103779424170008e-05,0.00011122981981600763,0.00022802708024959387,-0.00016440736955101315,-0.00039075168533369425,3.416134060571854e-05,0.00030368472550128256,3.887846079033558e-05,-8.29873132944664e-05
2018-10-25,-0.0001352116555563658,1.914121924389764e-05,0.00019075002573316902,0.00018896763282902698,-0.0001847258027470114,-0.0004015255255537843,9.155646990357744e-05,0.0002690855330491418,4.10687252632852e-05,-7.875476368376239e-05
2018-10-26,-0.00023788269308008467,0.0001424006380522716,0.00020203579192570875,0.0002144759800868333,-0.0002585220324004024,-0.0004089474659942742,8.170966700055127e-05,0.0003095203778351492,5.9810169411630976e-05,-0.00010512925509341409
2018-10-29,-0.00029631024479263857,0.00020739709532788947,0.00020311712230467946,0.00015959855081943558,-0.00019010177239719636,-0.0004206945493307919,7.503199687838163e-05,0.0003000606730099234,2.3857070697130833e-05,-6.005971128714843e-05
2018-10-30,-0.00024380876318615824,0.00012968534856191288,0.00024487742506548726,0.00013412942214406295,-0.0001605886784602148,-0.0004778527858651134,4.662471596228804e-05,0.00039442404333756356,1.5946204001651698e-05,-8.310188750530051e-05
2018-10-31,-0.0002392210465314397,8.281296226505044e-05,0.00032180458864553355,0.00012622464143458023,-0.00020669620471392217,-0.00044884083836905717,7.236095984647015e-05,0.0003252028856858269,7.3728749528712e-05,-0.00010739325431902147
2018-11-01,-0.0003305458629011132,0.0002264936254127159,0.00030996381064182094,4.397791074171528e-05,-0.00019357237605447525,-0.00046628379013088916,0.00012830825957458117,0.00035468389569305245,6.23929474678625e-05,-0.00013600804570353814
2018-11-02,-0.000272540037958284,0.00015750842748676538,0.0002490294125219346,0.0001588792378437731,-0.00018908444761376111,-0.00044905400604237575,1.9744543550963278e-05,0.00034017945405401956,7.921013585236031e-05,-9.259137320374172e-05
2018-11-05,-0.00017232502872757682,7.492149204052848e-05,0.00020489255419959412,9.25532620951186e-05,-8.878318499463966e-05,-0.0004556640922669143,6.870343091783596e-05,0.00033730214221788096,4.190396042141192e-05,-0.00010457897818509643
2018-11-06,-0.00022654502426415132,0.00015490936287695586,0.00019308051631860418,9.361792092136764e-05,-0.00011332922136847098,-0.00047477266482843714,7.097333911421783e-05,0.00037266908606659044,6.333727456109967e-05,-0.00013438934693197485
2018-11-07,-8.912563253339612e-05,-5.815264706586498e-05,0.00021632846550188184,0.00017583957255155186,-0.00012263919610956686,-0.0004366406174003794,5.0951771389431966e-05,0.0002966183952485685,6.425677896315651e-05,-9.755202949300601e-05
2018-11-08,-0.0001653171549122895,8.384334712530084e-05,0.0001434101585431266,0.0001917661005579191,-0.00014162940541001534,-0.00045438464765251707,5.462079001464226e-05,0.00033347183381435275,8.459944257487723e-05,-0.00013064279483538527
2018-11-09,-0.0001772855999038099,8.033744919060462e-05,0.00019900380624945577,0.00012038997308599572,-0.00013877135952757372,-0.0004087977427943909,0.00010131363014053915,0.00026511672997089203,5.5897872257501535e-05,-9.741772722555303e-05
2018-11-13,-0.00022990010162120614,0.00010763238008985529,0.0002855723973365955,7.628604060407745e-05,-0.00017899460772670753,-0.0004080304965395215,8.570817894516108e-05,0.0003098730318042628,8.569572386604024e-05,-0.00013444895792378425
2018-11-14,-0.00024621170263315617,7.402147086177716e-05,0.0003671744684912402,6.6598730711534e-05,-0.0001573677117639588,-0.000493677268149962,7.517460762438213e-05,0.0003640807317048904,5.744170641134444e-05,-0.00010733938308737229
2018-11-15,-0.00022774815622319047,6.60712499163281e-05,0.00032979759622085367,0.00012356262453253053,-0.00017876409328405202,-0.0004709867300362845,1.3462728861639989e-05,0.00038239806360429104,0.00011838983792712698,-0.00015861940502848865
2018-11-16,-0.000314837418808802,0.0001133023491617785,0.00045537216810896675,9.142201925374516e-05,-0.00029737720711292895,-0.0004534877237532958,7.306395048907455e-05,0.00040060431181611345,4.059947941178338e-05,-0.00010984074971074481
2018-11-19,-0.00033778296879546574,0.00021576579434786497,0.00033269734440722135,0.00013403137990942657,-0.00030680752082425447,-0.0004720373048039163,0.00012077275218533995,0.0004040184883261494,5.244724805473361e-05,-0.00014450598033716872
2018-11-20,-0.00027125751233801274,8.486023849224589e-05,0.00040264007497706547,9.646133420179726e-05,-0.000255266581439529,-0.000435451897018109,5.654767639456243e-05,0.0003574606810604515,9.87669571887867e-05,-0.00013522503498755722
2018-11-21,-0.00019758906107740157,5.5794911639976685e-05,0.00027348158022688293,0.00017782163869680193,-0.00025957422212922673,-0.00041500511925470635,9.435187079101515e-05,0.00031312188831156273,8.772551503859888e-05,-0.00012994223370162844
2018-11-23,-0.0002228677461952773,4.7837379288758614e-05,0.00029268635714636837,0.0002314639546215566,-0.0002866660364642844,-0.000424592099089436,8.945408026360055e-05,0.0003052643041883858,5.260797923228172e-05,-8.458915291614799e-05
2018-11-26,-0.0002667869625142122,0.00010571866750344258,0.0003280337110807413,0.00019287611678477437,-0.0003023886055237013,-0.0004436083182478012,4.120522933725307e-05,0.00040596676014428845,5.20894976024297e-05,-0.00011327627162432269
2018-11-27,-0.00024116930018670824,4.1738905058253534e-05,0.0003777615394937456,0.0001533140223461786,-0.0002412394010572888,-0.0004886513395896235,8.916858635143327e-05,0.0003450186114908188,7.069801753430832e-05,-0.00010572459388531047
2018-11-28,-0.00030791363349988443,0.00011698067675330187,0.00040876714362491837,0.00012963934819937642,-0.000259764771605657,-0.0005320253450605272,0.00010943590951651219,0.00040548740033069866,5.427783869809549e-05,-0.00012754886898230788
2018-11-29,-0.0003574595266045491,0.00016714676214891339,0.0004422612453956788,0.00012060201017418878,-0.0003095467679225944,-0.0005324253201094281,9.977560163942911e-05,0.0004347080745408585,6.527844234742453e-05,-0.0001305857644841521
2018-11-30,-0.00036995419329368187,0.00014713109726264065,0.0005220327588918092,2.9649405053792238e-05,-0.00026070645695263836,-0.0005163362503901835,5.967326873639392e-05,0.0004333630348533034,0.00011580369820966829,-0.0001605592223511143
2018-12-03,-0.00045044668907091856,0.00030336783904294853,0.0004238535135885624,7.772644731208339e-05,-0.000295681841272627,-0.0005319144522818973,8.167023746150429e-05,0.0004532592890776066,7.046926406717446e-05,-0.0001320928134928706
2018-12-04,-0.00039678658386414073,0.0002986518778937963,0.000333673898621243,3.786383049030756e-05,-0.00021207365190525213,-0.0004386885186801505,3.977136424125616e-05,0.00040726957779497683,2.470653089513622e-05,-9.417560490333071e-05
2018-12-06,-0.00043143414999426144,0.00025192125998219767,0.0005115464422014541,-6.0554459371909425e-05,-0.00026832492667091395,-0.00038903844274605637,7.087552831160776e-05,0.00040641573513554644,-6.170367934674875e-05,-2.9374288132148763e-05
2018-12-07,-0.0004375565372643289,0.00021287083864321432,0.0005664361356312701,-1.496474673360823e-05,-0.0002945740795845496,-0.0005219007208225601,0.0001052478683325371,0.00047651049161251055,1.5279307679638698e-06,-9.230762248193386e-05
2018-12-10,-0.00039277886141289575,0.00015433098916928928,0.0006044065021456914,-7.73694238749012e-05,-0.00025390661983636445,-0.00047157442278227685,6.873744928475797e-05,0.00046481802511540854,-2.7835248943730573e-05,-7.084453610780445e-05
2018-12-11,-0.0003534408546499168,0.000164713633591905,0.00043504385785485267,8.30301603883532e-05,-0.0002431704939709102,-0.000548181812761183,3.821807766663313e-05,0.0005088510611999768,2.041649264148196e-05,-0.0001045276550139182
2018-12-12,-0.0003533043893216639,0.0001623903112405664,0.00044679680955920023,3.873894674342321e-05,-0.00024226091421445523,-0.0004904422473308752,0.00010343454761306894,0.00042110182044505576,-1.5316602652627048e-05,-7.029734313073605e-05
2018-12-13,-0.0003911649368128593,0.0001979224386314711,0.0004772780032329012,3.787636193059579e-05,-0.0002456049037382786,-0.0005475114636789118,9.472606486103305e-05,0.00045565814228877566,1.367577486136029e-05,-9.245748546268806e-05
2018-12-14,-0.00046778228634360153,0.0002736637329719162,0.0005269708753710099,6.018126573261243e-05,-0.0003993414024097107,-0.000498794280543946,0.00013351040392243357,0.00047999737659135816,6.71202453925504e-06,-0.00011562016209818587
2018-12-17,-0.0005085351130607076,0.0002751714282168763,0.0005897576473944781,8.770837935883485e-05,-0.00044579873874972184,-0.0005333758361808875,9.580174704632363e-05,0.0005321783041700966,2.5461559622252244e-05,-0.00011715194349271388
2018-12-18,-0.0005636561736095912,0.00031929524687723115,0.0006690989817027676,-1.4696210759407996e-05,-0.00042389507783709493,-0.0005359721113796338,0.0001653656675002918,0.00048548664079465023,5.493386908403397e-06,-0.00010668023535168047
2018-12-19,-0.0005554715077876228,0.0003927168490220345,0.0005472826249470417,1.4991326475824462e-06,-0.0004260936048587939,-0.0004493893404635581,0.0001048949378061742,0.0004872217480623303,-3.853991407280072e-05,-6.339750118789303e-05
2018-12-20,-0.0005848284237775676,0.0004341452592607764,0.0005163472791452628,3.054410539463093e-05,-0.0004135269113218973,-0.0004803610479961161,0.00012764244610020611,0.00045051674953089024,3.1177860270063806e-05,-0.00011159682115786593
2018-12-21,-0.0006151237317261367,0.00044062577913893744,0.000590384864320264,-4.1778639531739326e-06,-0.0004928409963167041,-0.0004150712434550889,0.00017940175712463646,0.000417024715685093,-3.832233912596725e-05,-6.207539400152756e-05
2018-12-24,-0.0004149078240999089,0.00011900493926897057,0.0007512953240232274,-0.00019743793827180223,-0.00030228882316390634,-0.00037560470030659557,0.0001351258105041636,0.00038802829127879135,-7.263064423326457e-05,-3.0558079165465823e-05
2018-12-26,-0.0004556814987580482,0.0002774770074139843,0.0005445092224659887,-3.22752258331456e-05,-0.00047940194722083385,-0.00020151279621748522,0.00015316414127874295,0.0002997669376641164,-0.0001274049265138806,2.1386515307281195e-05
2018-12-27,-0.00041977396939775827,0.00014608114891621893,0.0006660774615413027,-3.8242856967189015e-05,-0.00044087480614448185,-0.00032537112707241994,0.000121431298586102,0.0004079438595238072,-9.26752599629474e-05,-2.4538336320337195e-05
2018-12-28,-0.00046190512307536097,0.00016154734850052158,0.0007752532331247453,-0.00010104272035973624,-0.0005248944072446769,-0.00023291012999180488,0.0001295297246669408,0.0003829257068015575,-0.0001266917655100945,-3.2709396172829475e-06
2018-12-31,-0.0007780353585749092,0.00038259187214413626,0.0011452849948437559,-0.0003484260052280981,-0.0006053222202509929,-0.0003130721015924126,0.000154984854502261,0.000475976969510912,-7.358403382952405e-05,-3.991364156765917e-05
2019-01-02,-0.0005751700058063067,0.00021347716795878935,0.0009566632410364165,-0.00018583698635142934,-0.0005237438137355027,-0.0003906437506462808,9.419505806768438e-05,0.0005166879645819786,-3.137391035663503e-05,-7.467392414109777e-05
2019-01-03,-0.0005285355597354491,0.00024138659878735966,0.0007739877345912631,-0.00010802072641298913,-0.0004494428734689304,-0.0003567781008832517,3.333711058725944e-05,0.000526615337130068,-0.00011614195212299172,-1.7340449048768025e-05
2019-01-04,-0.0005473079727197142,0.00027095092965638556,0.0007459705026917895,-9.383306726173934e-05,-0.00045997353010825484,-0.0003887110824256912,5.595679469834816e-05,0.0005507701401273289,-0.00010079085908011945,-3.163822371559516e-05
2019-01-07,-0.00051539748998021,0.0003149508475228484,0.0005963064917636485,-6.860237289462237e-05,-0.0003748090807879495,-0.00036694369015293285,5.2989510078177426e-05,0.00046112608134759453,-3.947253473380111e-05,-5.962491927191671e-05
2019-01-08,-0.00039079797922989337,0.00020107396049045406,0.0004943716666367462,-3.3998007872484276e-05,-0.0002724447410688696,-0.00032132859817638956,-4.137348877874397e-05,0.0004394177065151425,-1.4068854235854689e-05,-5.9777313796180453e-05
2019-01-09,-0.0003991672669274235,0.00015050392613024516,0.0006079511468571122,-6.871938474359296e-06,-0.0003914006446990581,-0.00035169814490293785,4.40285377769252e-05,0.00044196032649794145,-4.5754255125169535e-05,-5.1011813494230424e-05
2019-01-10,-0.00042485694055383397,0.00016235945543839614,0.0006419129098629434,-1.8814643061620256e-05,-0.00038759026200554936,-0.0003924591671725132,2.532268250446737e-05,0.0004954377705380202,-1.717761371928389e-05,-8.339944260620305e-05
2019-01-11,-0.00040676174405918086,0.0001144042821646582,0.0006515446733080521,7.514926920309736e-05,-0.00043753483558093414,-0.0004814427233830257,5.74065187731454e-05,0.0005221336611336488,1.9275805938512997e-05,-0.00011415628061802255
2019-01-14,-0.00039793306267687373,0.00020447646605387462,0.000548423484277704,-4.561263972185925e-05,-0.00035413158381545143,-0.0003457572147802651,4.5616339802240224e-05,0.0004606800834526213,-2.402296078742039e-05,-9.384854096968973e-05
2019-01-15,-0.0004181330931426648,0.00020312805041505788,0.0005670319833295835,-2.6306705128952e-05,-0.0003539096886929008,-0.0003879352293749694,7.284245681891607e-05,0.00045956274087491714,-6.536620620599745e-05,-5.112897911119241e-05
2019-01-16,-0.0003346964453585198,7.203365819248922e-05,0.0005772070194736099,3.6505095334576215e-05,-0.0003310077378038227,-0.00044997984063084237,4.741472936409599e-05,0.0004828686324721554,-3.5378727786517655e-05,-6.514139556021772e-05
2019-01-17,-0.0003896783212930313,0.00018471003640486983,0.0005301265241765031,-1.0174892577055616e-05,-0.0003521020685432509,-0.000357277953700514,0.00011367411503939925,0.00037176286647492077,-5.070457341819698e-05,-4.0198265870299704e-05
2019-01-18,-0.00035994083606985874,0.0001311388034731728,0.0005295453645922828,8.070390444100267e-05,-0.00039535513436436687,-0.0004336768757627757,0.00011367755984770245,0.0004467641461508992,-7.852635230740437e-05,-3.4162481691291796e-05
2019-01-22,-0.0003918553781134884,0.00015098757588581993,0.0005703311785812681,5.726144670456859e-05,-0.00042181099043709855,-0.0004115236305068312,0.00012932051992268004,0.0004322090636884497,-9.755353960688024e-05,-1.7155536217988016e-05
2019-01-23,-0.0004488552207830461,0.00023915648174614376,0.000576133486379124,-3.180388203005702e-05,-0.00035646230284662114,-0.0003803568819114936,5.2104836352144523e-05,0.0004559701382184575,-5.130647507013003e-05,-5.4343070295490015e-05
2019-01-24,-0.0005726752782265927,0.00036224528269119746,0.000644431051482288,-5.92157843672704e-05,-0.00042332090276173476,-0.000424219237798739,7.969611624969453e-05,0.0005160191147886538,-7.026248358281417e-05,-5.287093564488449e-05
2019-01-25,-0.00048152034491710446,0.00028956199748932446,0.0005800076948009915,-1.8397744743076094e-05,-0.00041849112457498575,-0.0004311645425222749,8.370439506387786e-05,0.0005455169945955962,-5.880206561904508e-05,-9.174007246878779e-05
2019-01-28,-0.0003765981840355495,0.00015700991068449618,0.0005365437109778326,2.7827805537627287e-05,-0.00034041655693230546,-0.0004452592224259942,6.0443546400560516e-05,0.0005065764574974201,-3.5975109250945686e-05,-8.976726729166898e-05
2019-01-29,-0.00045476385574919065,0.0001780814344439878,0.0006985820238444088,-6.934966536251141e-05,-0.00038875022525224415,-0.00038439334504980147,3.3841103493428837e-06,0.0005189453571560511,-2.090835900993987e-06,-9.980425884044061e-05
2019-01-30,-0.000489834434199591,0.00018742422337802295,0.0007030633903355211,2.4014172691246005e-06,-0.0003868693936967295,-0.000537590814314988,7.051911243421624e-05,0.000573456763498903,-3.21640275320334e-05,-8.99499273413068e-05
2019-01-31,-0.00042490659832699826,3.977753173308243e-05,0.0008875215367288442,-0.00015902680608487207,-0.00037251138505762366,-0.0004630473515239361,6.401165519618474e-05,0.0005743588833464382,-3.986122041580928e-05,-0.00010762926995882063
2019-02-01,-0.0003602786303375134,3.145171149139536e-05,0.0007205264759291251,-2.163211378525612e-05,-0.00037495578720042264,-0.00046132721253985126,6.076455241773096e-05,0.000521289994509247,-5.319905824873947e-05,-6.242470462093294e-05
2019-02-04,-0.0003995832301505152,0.00013053679418464567,0.0006643093987584413,-6.102937494757016e-05,-0.00033644844266034896,-0.00048233025538895954,9.575985768019157e-05,0.0005174342135021819,-3.150534483097045e-06,-0.00012706365752014614
2019-02-05,-0.00045813793396289396,0.00021082010865629622,0.0006032829464952538,4.6060627310280655e-05,-0.00039607321062458054,-0.0005129112857133536,8.204259646043752e-05,0.000528622738156348,-1.3680012772555872e-05,-8.962855606515358e-05
2019-02-06,-0.00046015445118637727,0.0002140323512305302,0.0006186205688300007,-1.2991542467113287e-05,-0.00033274534689982024,-0.0005203678251556147,8.627981266349366e-05,0.0005312180254577782,-5.6787853899439855e-05,-6.745589716408013e-05
2019-02-07,-0.0004811121040720692,0.00018079014534115936,0.0007155656307475181,-7.01356384683327e-05,-0.0003233414771880473,-0.0004676330126904965,4.200960357022415e-05,0.0004696460412198511,-1.0611103801183575e-07,-6.449002494573683e-05
2019-02-08,-0.0004747268459642483,0.00018452603115198113,0.0007500058845982607,-0.00012729853250123546,-0.0003649590865962421,-0.0004445856051844936,0.00013476694733763686,0.000452300562322025,-5.17510098739897e-05,-5.861949570567723e-05
2019-02-11,-0.00042735141219295975,0.00019738778220765307,0.0006141040499371524,-0.00011108112638748627,-0.00026454931322388367,-0.0004461602163988998,0.0001386714080326458,0.0003630848215079689,-3.0250997876662272e-05,-3.275288589272424e-05
2019-02-12,-0.00044963504224702563,0.0002060306674745785,0.0006187904721038327,-2.6598976114729916e-05,-0.00033824758421795165,-0.00046447960030743946,0.00010788386769486694,0.0004299706754201417,-4.685520628444281e-05,-3.5790188067503365e-05
2019-02-13,-0.0003695859026329809,0.00021776599551419015,0.0004326644840168467,-1.2830840151058232e-05,-0.0002615731070476704,-0.00039904435524280857,8.381522193688998e-05,0.0004278605061090908,-8.426385716456958e-05,-3.512919644573648e-05
2019-02-14,-0.00043690115548160324,0.00030756025973746257,0.0004161710403463789,2.3489635640749906e-07,-0.00026754992137424313,-0.0004214007072436271,8.990575816476484e-05,0.0004287931457644112,-9.23808177869627e-05,-2.506013402043747e-05
2019-02-15,-0.00037986047571510195,0.0001848269807462853,0.0004905848518418111,1.441628443201587e-06,-0.0002620791711893909,-0.0004555278398829625,0.00011202109325432821,0.00041029865244290517,-0.00010812006186559225,6.671980783388293e-06
2019-02-19,-0.00041333899653374015,0.0002714246814521856,0.0004434176956846399,7.982140767422152e-06,-0.00031457109548132384,-0.0004244590616331381,0.00010604481452021128,0.00045800637637546243,-5.237119446528313e-05,-8.334561748990499e-05
2019-02-20,-0.00038358197359462595,0.00020132046725190172,0.000471239721751629,2.7347248792691792e-05,-0.0003045621309220488,-0.00042925173770827843,9.175651454266034e-05,0.0004351084923759109,-8.783737032837247e-05,-2.397063469917332e-05
2019-02-21,-0.00037467153237502257,0.00016909457248311804,0.0004683690375315748,0.0001196166097757849,-0.0003831754243131154,-0.0003914619323565627,8.549954248338043e-05,0.00039399743381323196,-6.903628069850065e-05,-1.798063557948565e-05
2019-02-22,-0.00039446522195012157,0.0001537950516570727,0.0006061180489964936,-7.675835437226733e-05,-0.0003089297140791217,-0.00037789560210550396,9.791662856572375e-05,0.00038784351043502294,-4.674012188289611e-05,-4.062219893129215e-05
2019-02-25,-0.00033091733041358887,7.345291730715894e-05,0.0005657162044032417,2.9313916157142766e-05,-0.0003149390347870519,-0.0004732011799158664,0.00011950949228706556,0.00043011942498968544,-6.279076419097793e-05,-3.567875085341843e-05
2019-02-26,-0.0004617300824174726,0.0001914856135250935,0.0006556985902914821,-1.530251440319541e-06,-0.0004109927000757116,-0.00044875672746078066,0.00014315283032196105,0.00044160579822998675,-0.00010153237669122475,-6.6421924759842155e-06
2019-02-27,-0.00044584614616731064,0.0002781355439603096,0.0004809704380856726,6.551163046455283e-06,-0.0002997536790929553,-0.00046922176136389784,0.00014695811789152552,0.0003840334585249912,-2.786888732542181e-05,-5.3756429873683814e-05
2019-02-28,-0.0003418304486001167,0.00014395258396836252,0.0004750077506622055,7.892213412601795e-05,-0.000319666526806886,-0.0005023461709051033,0.00016458750234550276,0.000390611668342606,-2.2899886975121658e-05,-6.637862880461143e-05
2019-03-01,-0.00040828069742307807,0.00028151968759628984,0.0003775636097354089,5.076168828131722e-05,-0.00028912516094016516,-0.0004743305063929955,0.00020688143528957079,0.000345407423937856,-6.88459797409946e-05,-2.0432647912523028e-05
2019-03-04,-0.00041183759888555396,0.00034114417227569527,0.0002419293522947681,0.00016195199425310391,-0.0002845643820343566,-0.00046661256720119046,0.00016402064487584106,0.00033539325450212404,-6.2572787736144e-05,-1.8649161052309432e-05
2019-03-05,-0.00035787735886755323,0.000277522847534923,0.00025468519863114034,0.0001549093754316319,-0.00029465653585003526,-0.00046944613736967303,0.00017022830088089108,0.00035268692630739673,-2.181156761559347e-05,-6.57045081670117e-05
2019-03-06,-0.00038452672829492746,0.0002450614475531798,0.00036067636261272185,0.00011235217933209043,-0.0002714538776635196,-0.0005077992426882928,0.00013203859581574148,0.0003974079308268867,-4.728378888379722e-05,-3.59392286636423e-05
2019-03-07,-0.0004673954488432046,0.0003273739370126573,0.00044342260871345004,1.797028795530453e-05,-0.00030066887163946593,-0.0004833159018620761,0.00016488502422748463,0.00040774443958568884,-6.678857236611796e-05,-4.4046384558672075e-05
2019-03-08,-0.00046446689240865757,0.0002690920462056941,0.0005495427682828298,-8.540029010245531e-05,-0.00024631516197619677,-0.0004649794305439034,0.00011402981679264901,0.0004775792722018883,-8.582138647009532e-05,-6.523441829927451e-05
2019-03-11,-0.0005203993747973749,0.00039395973136744505,0.00044257675809865685,-3.69223238660156e-05,-0.00022614720609328426,-0.0004767257460756222,8.53195611309164e-05,0.00043396201205680995,-5.3012857482822445e-05,-4.293144394302076e-05
2019-03-12,-0.0005048129356090107,0.00035856504528920113,0.00048274963821768463,-4.574316070735801e-06,-0.00034503431688636885,-0.00045253569327353624,0.00012485774918999035,0.0004794501655380999,-0.00011870115068061265,-2.0141722888347702e-05
2019-03-13,-0.0005474574028809867,0.0003821107817334919,0.0005614111740627412,-6.148431298030194e-05,-0.000405092344198308,-0.00039793928744925877,0.00018876282796924382,0.0004403093532426884,-0.000209942287436881,4.934453681311804e-05
2019-03-14,-0.0004869765379793417,0.00033480736760737456,0.0004915561583626465,1.374564907415457e-05,-0.00038147392712600467,-0.00044958633783071314,0.00019221897381093214,0.0004069873663993355,-8.426858458880637e-05,-3.719476953846501e-05
2019-03-15,-0.0005526106742992434,0.00033935705068971825,0.0006028075416171647,-4.85498837121609e-05,-0.0003799645033201911,-0.00039727634346144874,0.00015616237027917326,0.0003633116811120399,-9.199379542973452e-05,9.806704995396487e-06
2019-03-18,-0.0004846662620996908,0.0003087432345049296,0.0005371931502852409,-3.49206168054339e-05,-0.0003940612441498577,-0.0003876997277831619,0.0002047791960007768,0.0003619925578265612,-8.497172835732897e-05,-2.6469585793387207e-05
2019-03-19,-0.0004126362738163872,0.0003264519662560944,0.00031266179480641393,7.788832331824883e-05,-0.00028869606268192016,-0.0004228250821141574,0.00013841726110788016,0.00037202953079918527,-8.405729191117081e-05,-1.9557774450541798e-05
2019-03-20,-0.00030562272272398674,0.00012884767603012215,0.00039282562729642603,0.0001361312024709023,-0.00033336204736785294,-0.0004486096010404769,0.00017636785438563535,0.0003460674385546633,-8.01496365374181e-05,-1.2279776774200973e-05
2019-03-21,-0.00031217076274440286,0.00012842514819956866,0.0004047746745088343,0.00017042077155191362,-0.0003812051194019214,-0.0004699177363218787,0.00017686959533804586,0.00037809067704635754,-5.839378140440679e-05,-3.746637708388831e-05
2019-03-22,-0.00048185980721280816,0.00022675387544850156,0.0006514857942078525,-7.377574894482097e-06,-0.00043592107461697116,-0.00044694835393355864,0.000206084558815052,0.00038250859770355,-6.97817718567327e-05,-2.4427516530929616e-05
2019-03-25,-0.0005850839122237689,0.00041142572031809335,0.0005767906987407638,-1.6828413452667917e-05,-0.0004633305707290418,-0.0004216596865554839,0.00021372023991008196,0.0003999543431390598,-9.037434229226815e-05,-2.4482084153225336e-05
2019-03-26,-0.0006449703331239676,0.00035544342689182093,0.0008441193886074005,-0.00017533993001779893,-0.00044526781993454653,-0.0004940315794825061,0.00019124155732984718,0.00048370329493041195,-3.765655310611696e-05,-7.727798545372269e-05
2019-03-27,-0.000572935855901336,0.000331669947578616,0.0007159849831664747,-0.000137803110517188,-0.00044957551423576575,-0.0003594966974738642,0.00020370745277888472,0.0004118020163717505,-0.0001569720815841405,1.4051304825422883e-05
2019-03-28,-0.0004871377651256732,0.0002348891976117068,0.0007038315228782427,-0.00016014316634141434,-0.00040496011304764004,-0.00030727391688037745,0.0001884864156747948,0.0003537430828009745,-0.0001464746675060337,2.452897770216511e-05
2019-03-29,-0.0005385492669571883,0.0003354779657136833,0.000600587494861745,-4.879087231019277e-05,-0.00043963651532505366,-0.0003142747973276516,0.00013263327997629915,0.0003613422237848836,-0.00011130197312665333,2.377055241065823e-05
2019-04-01,-0.00037979380456444264,0.00030613085504976184,0.00032937968439876106,-8.858322470196855e-06,-0.0003126072733185929,-0.00030300806703267846,0.00019506832280037634,0.00030040160530177967,-0.0001469063420243763,1.981106524698989e-05
2019-04-02,-0.0004526470138755227,0.00029684505343376827,0.0005056383077116956,-6.0626874846363144e-05,-0.00035295861352357613,-0.00036826879607887095,0.00019980611214590396,0.00037122288318412744,-0.00013836104776285968,-1.4014929126567044e-06
2019-04-03,-0.0003310625164185607,0.00020254742720124397,0.00037492541477907385,3.319877569093327e-05,-0.0003246063037812656,-0.00033104076162083704,0.0001849751950198826,0.00031639540461889104,-0.00012850957866667942,2.340403043251532e-06
2019-04-04,-0.0003683378358738526,0.00026595082559606464,0.0003442379498847306,2.232795914616781e-05,-0.0003146080037687536,-0.00028875813685429186,0.00014758724728189052,0.00029700250186033214,-0.00012303870886668997,1.750745974647347e-05
2019-04-05,-0.00035085156955698416,0.0002060860111691154,0.0003970317124635629,5.2140558822792726e-05,-0.0003283531106357124,-0.00036793101340430734,0.00015655646725568073,0.00036390209196236756,-0.00016496907292873342,3.681156748579911e-05
2019-04-08,-0.00045426912585333837,0.00038150525083497505,0.00033746071412789694,4.374029090739931e-05,-0.0003676463718831624,-0.00034112270006333295,0.00016735846597465756,0.0003644556690978948,-0.00016783912163741144,3.662364240430635e-05
2019-04-09,-0.0004055548211513993,0.00030888002357318603,0.0003395210330394763,3.4920809280705734e-05,-0.0002658519666327887,-0.0004109551196183857,0.00011399656986719672,0.00041549413943987173,-0.00015229621379619224,2.193574972585502e-05
2019-04-10,-0.0004326882731072769,0.00031129649949405633,0.00041965873905627435,-2.5619122226420987e-05,-0.0002893671411809996,-0.00036169858552790105,0.00012177224003469961,0.0003812005900728603,-0.00014055427125444706,1.5354771650374216e-05
2019-04-11,-0.00040109633517081134,0.00022766275815823758,0.0004825311989562833,1.3544297863581772e-05,-0.00036357220375318744,-0.00038575589203018734,0.00013978218395914455,0.0004185349085754353,-0.00016396197827782746,3.319610163324618e-05
2019-04-12,-0.00030882170261318717,0.0002331078776864233,0.0002487160938905303,9.489998140897737e-05,-0.0002920586648169181,-0.0003195067207288245,0.0001792417014183159,0.0002856728946159723,-0.00018427493714079368,6.303929008434281e-05
2019-04-15,-0.00029715876939299946,0.00022171932951509793,0.0002079176827730969,0.0001341969544359882,-0.0002501531642530967,-0.0003583906030769114,0.00015670594932057705,0.00027830129844540544,-0.00017244250785436455,8.148230721680139e-05
2019-04-16,-0.00035282395680348577,0.00025678489384452566,0.00031247161523248815,5.887343269616804e-05,-0.00030273329269875013,-0.00032117099503491814,0.0001375745748946021,0.0003333625753425412,-0.0001653556519987144,4.299989194322257e-05
2019-04-17,-0.00031876180360711215,0.00024068412362264133,0.000264596467313135,7.187532583493098e-05,-0.0002759401472051566,-0.0003066373837349312,0.00013244503342035516,0.00030356279309253636,-0.00014686195306420902,3.488062229614966e-05
2019-04-18,-0.0004194997918042821,0.00032928719092591846,0.00034720284341787505,-2.567421887607682e-05,-0.00024063788459954133,-0.00031324515978448444,6.353139123031759e-05,0.0003662542475078613,-0.00014920051029193582,4.268631282341312e-05
2019-04-22,-0.0003846972791399818,0.0002131320002730086,0.0004887210509475111,-6.041365883266078e-05,-0.0003012091532298561,-0.0003471764006613663,0.0001726662753203205,0.00032035253672395986,-7.895296820611616e-05,-2.2380023099996538e-05
2019-04-23,-0.00030251086887759723,0.0001741110523682983,0.00035785794707646895,6.078551551463862e-06,-0.00021170723842745334,-0.000375113070153376,0.00011500591394942097,0.00032516753508530366,-5.2842780178488646e-05,-3.676850517939437e-05
2019-04-24,-0.0004135091644674113,0.0002550158808248236,0.0004749101145036759,-2.52034598651682e-05,-0.0003746260122820845,-0.00029318805252088326,0.00010365106922748807,0.00040688840364301246,-0.0001115320244896266,-2.2481370516615196e-05
2019-04-25,-0.0004280219699741329,0.0002952188580245506,0.0004509602437133241,-1.2803181306707961e-05,-0.00038384166332692746,-0.000304773231619232,0.00010316923308204343,0.0004264702618693092,-0.0001347274045126086,-1.223587500150114e-05
2019-04-26,-0.0005576799077897029,0.00038402327941600145,0.0005999554294577325,-0.000127024275786463,-0.0003739425444082775,-0.0003349033403707534,0.00012598357378931085,0.0004037294984043302,-0.00011281221334922056,-7.925976980120708e-06
2019-04-29,-0.0005092321533084095,0.0003400130974227783,0.0005572663134929372,-9.48847114906233e-05,-0.0003771916951782091,-0.0002985692804699583,0.00012283662643734067,0.0003657445502726203,-9.685577663745906e-05,-9.04067005062098e-06
2019-04-30,-0.0005154498185981696,0.00038952445944437017,0.0004862350328924403,-8.583071439246387e-05,-0.000339641391856875,-0.00035379432042422984,0.00015993939273372185,0.0003900907485054374,-0.00010193144628132741,-2.972057974447509e-05
2019-05-01,-0.0003353191881439767,0.00022995889950390425,0.00033832806004722993,6.611830093837534e-06,-0.0002738716975688449,-0.0003342477460601123,0.00014833575827867193,0.0003626866285073582,-0.00015302616825577098,1.013944772689998e-05
2019-05-02,-0.00023436534183223293,0.00013193793662235817,0.00023860656314545273,9.587558255208864e-05,-0.0001976966426804755,-0.0003758874607080395,0.00010338011954517598,0.0003312698849591185,-0.00010460852205100568,1.3542505340826544e-05
2019-05-03,-0.00042802821410788464,0.00031277666751806585,0.0003844423596827684,1.02590664100774e-05,-0.0002907060298890998,-0.00036368743843258333,0.00012369845892473003,0.00035993230159946446,-0.00016483981829933797,5.726353322290864e-05
2019-05-06,-0.0004032198916010081,0.00031922305242398225,0.0003087387758159768,5.755098800383149e-05,-0.0002954782275086422,-0.0003492501439196147,0.00012973739531237788,0.0003444840772066013,-0.00014693425053187437,3.5451478877703696e-05
2019-05-07,-0.000443802520406357,0.00040697042518100107,0.00025565190583505884,1.7281867682725216e-05,-0.00024271702207631293,-0.0003738070157794475,0.0001666452040169214,0.0003125464631099015,-0.00011697079754294237,1.913262017039577e-05
2019-05-08,-0.0003644725851708122,0.00034077166789729316,0.00021347070240012103,6.721524572128254e-05,-0.00026234018619544774,-0.0003701063162510482,0.0001362021670222209,0.0003657120089944309,-0.00014339261428073652,1.7099492293233542e-05
2019-05-09,-0.00047386024196578724,0.00044412534097790224,0.0002772617714342368,-8.001561636578058e-06,-0.0002810175979064411,-0.0002770747000035295,0.00010905845258843416,0.000302942683525452,-0.00010029709248617763,6.9201344562418166e-06
2019-05-10,-0.00043562704414513986,0.0003833607806094409,0.00030490854729913267,-2.9035094899317743e-05,-0.00025617098794376153,-0.00033419943990227116,0.0002085081174728401,0.00028151278728092907,-0.00018513661836406375,6.189997777379663e-05
2019-05-13,-0.0004843661542156992,0.00038481966480434157,0.00042017460918340396,-9.899544014273232e-05,-0.00025049624318613725,-0.0003128326784839902,0.00010213816751761251,0.00032508218081841317,-7.734352694692415e-05,-7.964587465419254e-06
2019-05-14,-0.0004802901396691976,0.00044439324800834776,0.0003166081892965848,-6.505885732841984e-05,-0.00023777340601214073,-0.0003060081900463918,0.00010904494441899351,0.00032484262538731365,-0.00012220158035325737,1.5865717466194418e-05
2019-05-15,-0.0004920720444726231,0.0004587786154628959,0.0003149571761104607,-6.973520036825803e-05,-0.00026087017660794687,-0.00028694986731831254,0.000124755744800982,0.0003194009725048623,-0.0001009819434441804,-7.660186021222343e-06
2019-05-16,-0.0005476740106724366,0.00045736842592616553,0.0004164582859543242,-3.621924605702251e-05,-0.00035670172738006684,-0.00033406224799780934,0.00013283891187677518,0.00037646505441343847,-0.00010272483388367934,-4.890343610838149e-06
2019-05-17,-0.0005382431419817431,0.0004306325527327695,0.0004453411305480326,-3.190893331150163e-05,-0.000341032161110387,-0.00037623918891284067,0.0001253463845996977,0.00040362297143576795,-0.0001199432510362794,2.2906981704436113e-06
2019-05-20,-0.0005233233502712625,0.00041140698873741097,0.00046831958596528847,-9.337054988598284e-05,-0.00035851880079156365,-0.00025387260570759393,0.00012866660295230564,0.00031713724125980933,-9.840151966577712e-05,2.324294722331338e-06
2019-05-21,-0.0004752884428295377,0.00033991908849318603,0.0004386505838376506,5.2182731070455485e-05,-0.000422921317168104,-0.0003563870137898509,0.00018483042135200578,0.00032435635603111565,-4.6119894024334446e-05,-3.876675429033416e-05
2019-05-22,-0.0005209568144810169,0.00030425420130113234,0.000637215557757264,-5.7659325359452757e-05,-0.0004435719390585742,-0.0003528861295094589,0.00014329173628634811,0.00038705998309243594,-4.01200657192749e-05,-5.718761138344408e-05
2019-05-23,-0.0006420771375500386,0.0004383168875159646,0.0007200650937557312,-0.0002663685738741525,-0.00038535175810269773,-0.00025477145857499134,0.00016309832990408016,0.0003424043604165379,-0.0001085170239782246,-7.191697828912852e-06
2019-05-24,-0.0006249801040747426,0.0004108671397527741,0.0007010645663848292,-0.00013717621275765798,-0.0004691697472653314,-0.0003655877098485,0.00022125176803832608,0.00035883915691211493,-4.8662846651888886e-05,-4.6096821833551543e-05
2019-05-28,-0.0005435697828425935,0.0003120620831212964,0.000682592545048117,-0.00014693601492603986,-0.00037784268171784513,-0.00039768220012246017,0.00020792686606873126,0.00034244021195075844,-2.0257294226853906e-05,-5.808552613722345e-05
2019-05-29,-0.0005816753187398056,0.00035641633595769745,0.0007310985682479273,-0.0002318783206349609,-0.0003772793310374209,-0.00036957372357858745,0.00028598073208968913,0.0002957020730087398,-0.00011355600251825027,4.373270725225448e-06
2019-05-30,-0.0006790023355514353,0.0004820745552558889,0.0007307181087248676,-0.0002614015008415224,-0.000450387877351837,-0.00023272053205550605,0.00021234524768449017,0.0003204300833268524,-0.00014009912841340608,1.7762459074852077e-05
2019-05-31,-0.000678259797170646,0.0004987641593755913,0.0007361753520717905,-0.00031925024432834237,-0.00037820289141768035,-0.0002544377930926711,0.00019432871425474618,0.00031585545777062726,-0.00012863911779693177,1.2240602108058024e-05
2019-06-03,-0.000633363973693752,0.0005098907095339063,0.0006249921218635379,-0.0003752892836888684,-0.0002337255714952892,-0.0002454781717426517,0.00019845127087366257,0.0002501560158720585,-0.00011753627059886071,2.1933872328461224e-05
2019-06-04,-0.0004472272660546346,0.0003465564624607516,0.0004435978095892884,-0.000189928066903218,-0.0002450302244025662,-0.00021245412623103685,0.00021861723603950126,0.00015405043779488647,-8.119843855455833e-05,1.3132269299966776e-05
2019-06-05,-0.0002868760830801072,0.00025371879605577685,0.00022414148868730305,-0.0001361369803515762,-6.646894717784665e-05,-0.0002473667644142391,0.00022487588319107868,0.0001219120894500117,-0.00016804294083479915,8.151620700070153e-05
2019-06-06,-9.886413550069806e-05,0.00014166795903147386,-5.467866867845533e-05,6.854908669033655e-05,1.3391462484475813e-05,-0.0002753291233235332,0.00019069651108277394,7.463857547176239e-05,-0.0001183147238092222,5.8353724868721174e-05
2019-06-07,2.6449464598749667e-05,-3.16369748966025e-06,-9.923277685635473e-05,0.00012398347131657717,3.387868790522691e-05,-0.0002594655743733826,0.00012610224179749122,0.00014901429074345995,-0.00022307572800417744,0.00012625531196508097
2019-06-10,-0.00019605740422077786,0.00021483173703580605,3.2793590967486463e-05,6.612541783463169e-05,-5.9155529571787435e-05,-0.0002671455839993557,0.00012339852361317738,0.00015942314555419945,-0.00017333019957483167,9.911297968137958e-05
2019-06-11,-0.00025054352142064515,0.0002374255002577548,0.00010206045395997482,0.00014338313588423135,-0.000252509581240571,-0.000239478021179039,0.0001360668579449449,0.00022268314496173836,-0.00015440304231696678,5.5148929574699856e-05
2019-06-12,-0.00038721415827309286,0.0003839435620520276,0.00015563212717007238,7.249059600791807e-05,-0.00022892139923485003,-0.00028188124989115756,0.0001306074879360193,0.00024667043754826937,-0.0001665176835379291,7.563425830748802e-05
2019-06-13,-0.000549159585914661,0.0005284420839034819,0.00031306266986043385,-4.5811855172692845e-05,-0.0003277428424890601,-0.00026170554420690273,0.00014462343126157504,0.0003209049736178603,-0.00017258930599490033,5.046215445373217e-05
2019-06-14,-0.0004633863906865869,0.00048250958493756615,0.00022989688849014978,-4.4193413279072086e-05,-0.00030922653549193824,-0.00019448729318527827,0.0001515938878212074,0.0002702943474590207,-0.00014402085720892355,1.7642463889046972e-05
2019-06-17,-0.000449335565310436,0.00041219746668695253,0.0002928609822030956,-1.6877442145801086e-05,-0.0003282598657668584,-0.00023963745266947917,0.0001502916863955657,0.0003070773539823983,-0.00015478611727954075,2.737681673989356e-05
2019-06-18,-0.00047983663003162494,0.0004249986004718001,0.0003479281295577612,-5.453541658646116e-05,-0.0002981936868359271,-0.0002701378449245749,0.00010868278174903934,0.00032616046223934644,-0.00012934894222133356,2.4568491414325017e-05
2019-06-19,-0.0004023181618829086,0.0002324776430904299,0.0005285395342028605,-0.00015379009179106867,-0.00030941931368500333,-0.0002024478859389417,0.00014588269320750524,0.0002827752976004988,-0.0001912041743929449,6.96755988431226e-05
2019-06-20,-0.00021686458121891045,4.0462042735094766e-05,0.0004242731946793102,-7.58926447025389e-05,-0.0001783069900896453,-0.0002960763935660228,0.00014561757904825098,0.0002689057731464252,-0.00016641340935135904,5.3329367767314395e-05
2019-06-21,-0.00034027674254765924,0.00012793995979560116,0.000546436103226508,-0.00010837726053975621,-0.00028880192767186813,-0.0003067432571335557,0.0001643336577748858,0.00030938698215429716,-0.0001464298787676975,4.400956620229102e-05
2019-06-24,-0.00052523035061482,0.00046523564645011006,0.00039604603740918745,-0.00015741068387298274,-0.00024412443595498226,-0.00026191969920597025,0.0001676401415811983,0.00026730232058629413,-0.00014164246265080047,3.373707037366072e-05
2019-06-25,-0.0006057607217479985,0.0004890139444938685,0.0005344129838850235,-0.00018048759861718708,-0.0003297424744821281,-0.0002929536964658454,0.00016718606725756383,0.00028730836200033943,-0.00011719496239617766,5.065316180605586e-05
2019-06-26,-0.00047938836571484456,0.000407162920997281,0.00040064188913549806,-0.00016076307862549627,-0.0002554314979394262,-0.00021571313343253518,0.00017306306094859447,0.00023600235150451898,-0.00016496473588235167,5.963345778572243e-05
2019-06-27,-0.0005303945874737051,0.0005193823546720093,0.0003058990721181293,-0.00015394214169260623,-0.00020469461209215653,-0.00023660246122258338,0.00016131388029701557,0.00023595511303975067,-0.00012383280453986956,2.711403198172105e-05
2019-06-28,-0.00044014380454884816,0.00041451518761029607,0.0002761151354621627,-7.89069969076503e-05,-0.00023305107880544282,-0.00021176832069789292,0.000127593329587547,0.0002224739693244826,-8.78584009707771e-05,1.1958588977099144e-05
2019-07-01,-0.0001227236809017082,5.275574541155001e-05,0.00017141104487659875,3.106842498750914e-05,-0.00012568897038117005,-0.00018353941553444358,9.46301171091922e-05,0.00015402303732646103,-0.00011345317664969434,3.996158641026218e-05
2019-07-02,-9.267958657849934e-05,7.960041703006585e-05,1.3048299761564408e-05,0.00014256411256562476,-0.00013467908274304372,-0.00017056355585409397,7.367471760407612e-05,0.00016780886854662197,-0.00014049583582445568,6.230893297625578e-05
2019-07-03,5.256620903459214e-06,-3.142427342067017e-05,-1.0714223282817792e-06,0.00015219748655021306,-8.96374575238626e-05,-0.00016088663099364867,3.3337511772958683e-05,0.00018685104000653804,-0.0001856087527398187,9.104265106453166e-05
2019-07-05,-6.397759150086543e-05,9.109017077532644e-05,-6.349040430458225e-05,0.00013677341948743066,-6.091330572703321e-05,-0.0001822195377935501,8.265620723129155e-05,0.0001069457316888664,-7.630815487987691e-05,2.998613274455067e-05
2019-07-08,7.416205456577465e-05,-5.59067099297865e-05,-9.256817867115547e-05,0.00011573572407795607,1.1175100923101894e-05,-0.000123816687353083,4.600332723188327e-05,0.00010714774053709186,-0.00020253155060481406,0.00011938808351022803
2019-07-09,9.600048387354426e-05,-3.861470089050814e-05,-0.00021304212317361376,0.00018856396044869203,7.812915248440327e-05,-0.0001983217363881254,2.494585621686668e-05,0.00013097311128167435,-0.00014543832598766862,7.733216013098079e-05
2019-07-10,6.007048227563844e-05,-0.00010996476124548737,2.3442728184358552e-07,0.00014697808690350075,1.1746226216559352e-05,-0.0002703404941472379,2.66236663018643e-05,0.00022247559072160333,-0.00014826017343314707,5.972601882623177e-05
2019-07-11,-7.327513755553752e-05,-5.991381636226423e-06,0.00017239071930339953,-1.3266235941764015e-05,-3.011582664323026e-05,-0.00023747827045559125,6.308311381007445e-05,0.0002467654812534671,-0.00022744838839104664,0.00010502755782954704
2019-07-12,-0.00019341613266080082,7.657843929957664e-05,0.00025574439107533403,6.228459124704364e-05,-0.0001659636144771652,-0.0002937871124938998,9.153501000516359e-05,0.0002581006220688034,-0.00015249494873206815,6.086403970122223e-05
2019-07-15,-5.7477302495299865e-05,-5.381130932180164e-05,0.0001818398489700744,6.91565129673187e-05,-0.00010657478435848952,-0.00027501859309864846,0.00013961693038329684,0.00022669517227002361,-0.00016970156754627166,4.394893145945322e-05
2019-07-16,-0.00010558270044481316,-0.00013317769959873826,0.00042022357867104246,3.764154937924147e-05,-0.00018464194700116426,-0.0003368701530004209,0.00011866913288135356,0.000259335213373485,-0.00012338256067367936,4.891960853540406e-05
2019-07-17,-3.3136617311968486e-05,-0.000111398981287366,0.00022386493435860508,5.625847577640092e-05,-9.276217088697095e-05,-0.0002641650397163173,0.00012947933333411557,0.00019403866699038708,-0.00018326658654282957,8.07815213078357e-05
2019-07-18,-0.0003051762497624476,0.0001996687100259409,0.00030536141927754723,-6.754876407971677e-06,-0.00018659112039566203,-0.0003016595231815876,5.2456759113854445e-05,0.00035255067829625605,-0.0001253319965848071,1.6919969275646513e-05
2019-07-19,-0.00033129214439360163,0.00019390532569588115,0.0004026605511913105,-5.9974332634334104e-05,-0.00021078497782230088,-0.0003303857660371806,9.270844698026914e-05,0.0003440435126002908,-0.00011451974060852632,1.4498113684823649e-05
2019-07-22,-0.0004353964064631802,0.000385094182492874,0.00032846405005538745,-0.00010210801518479098,-0.0002096324232878262,-0.0003256261422322146,0.00017872823747949393,0.0003033318784339094,-0.00011184512291270016,-1.175474844661642e-05
2019-07-23,-0.0005770450154245835,0.0005209145459900213,0.0003965748001472716,-8.286093381525833e-05,-0.0003233073484853362,-0.0003123605574999848,0.00012658084687757615,0.0003757626445268225,-0.0001505574461019392,2.656341379398547e-05
2019-07-24,-0.0003672579947567034,0.00026383752158743584,0.00039743800754925285,-9.361178379604582e-05,-0.0002726711008535672,-0.00028727530782837393,0.00019249747319117702,0.0002761720996151615,-0.00010284645592637323,-7.159786903025017e-06
2019-07-25,-0.00032912118083150074,0.0002230596546104538,0.0003443283971305937,-5.94475986032926e-05,-0.000178029052641894,-0.0003006444078019546,9.328913720919527e-05,0.0003016109798359076,-0.0001132959252173743,1.8434376732871793e-05
2019-07-26,-0.00035483793837937094,0.00025377026527684254,0.0003536430222750679,-7.653583682292603e-05,-0.00017452540313895107,-0.00030003114667718697,8.66110757463158e-05,0.00029665155918878056,-7.50955246002806e-05,-1.0137645545391788e-05
2019-07-29,-0.00035678723012100635,0.00029604757079400995,0.0002578988331039464,-1.27586767281751e-05,-0.0001926097877645895,-0.00022072026063020209,5.1669103780776354e-05,0.0002386702969361179,-9.508556189577813e-05,3.4313722841509964e-05
2019-07-30,-0.0003412974673467316,0.0002817034499835308,0.00026725893022087194,-5.585729026476652e-05,-0.00016476896628864202,-0.00025379550397782585,6.502833433946406e-05,0.0002928973787672401,-0.00010962048659958826,2.1005301056198356e-05
2019-07-31,-0.00040236489201637277,0.00038725002065046615,0.0002255175163943142,-2.4763768193568347e-05,-0.0002222510020797562,-0.00025110949135189256,0.00015015785378335103,0.00022955811804257695,-0.00012677981362941085,3.498312318714336e-05
2019-08-01,-0.0003596512464456615,0.00035501489165232214,0.00016984021327351093,1.6854929138169356e-05,-0.00018771342945528985,-0.00025369202827179443,7.691172370800567e-05,0.00028046077317932586,-0.00013007931685849253,3.190261416328999e-05
2019-08-02,-0.00024069181121674083,0.0003250587432436329,-1.6718323922443323e-05,1.0125648009378513e-05,-6.46811736025911e-05,-0.0002497605444869641,0.00014544205566175902,0.0002163985498518893,-0.00017291216102040263,4.6841196539457175e-05
2019-08-05,-0.00030351093459405135,0.0003728446359194289,5.932594688985715e-05,-0.000124163104416989,-2.389506617857251e-06,-0.00014054880624441227,6.4694574372786e-05,0.0001477317038344611,-0.0001353192249472432,6.139166703992421e-05
2019-08-06,-0.0003537047487580658,0.00039273462231616263,0.00015514074552604867,-0.00010043762270996182,-0.00011653962915064361,-0.00023602341470379921,0.0001530268292162483,0.0002173265298353183,-0.00013365286712056432,2.1971709800842204e-05
2019-08-07,-0.0002416002449626073,0.00028981595350582867,1.9137703765884778e-05,9.678876765030486e-05,-0.00017625859728166715,-0.00016967093925152575,8.868307606992379e-05,0.00015342378525275494,-9.736256019520287e-05,3.605170369007718e-05
2019-08-08,-0.0002623969550944287,0.0002532911793365483,0.00013913497230103739,3.38202016804956e-05,-0.0002074179710018012,-0.00018167284137093204,0.00015642989778178254,0.0001610443575111517,-0.00017023866475016428,7.79023923232619e-05
2019-08-09,-0.00021670978063148896,0.00028956811226767826,1.710352584523636e-05,-5.436613983985858e-05,-6.113097015249952e-05,-0.00016257268043218254,0.00018672352361311442,0.00012153450746115249,-0.00021342095309240944,9.263414220420443e-05
2019-08-12,-0.00024137797344445447,0.00029637513166855256,2.5576374073573577e-05,-3.5778583759860094e-06,-8.498136781549467e-05,-0.0001716919193426765,0.00013703621799538226,0.0001420940526935463,-0.0002069045874661911,0.00010740451369314202
2019-08-13,-0.00027302952078274087,0.00015916116133019714,0.00039584656434655044,-0.00020648264072695502,-0.0001626995853257658,-0.00011011852769320096,0.00020147390983284164,8.562486757299897e-05,-0.0001762042952360536,8.487357743687182e-05
2019-08-14,-0.00028493662547295767,0.00024332538288407077,0.0003102652295297603,-0.00028123170294187816,-0.00011805551077447018,1.2671057190232274e-05,0.0002191001092187693,-5.1234488310594045e-05,-0.000147329047431706,9.727275204118521e-05
2019-08-15,-0.0003211450987139798,0.00024363020814283445,0.00039181596406276387,-0.00035463806371958256,-7.767054116287336e-05,-1.9157611730684018e-05,0.00020764946903969496,-5.50975275083708e-05,-3.384059095981953e-05,1.9319164570194558e-05
2019-08-16,-0.00045272925623969854,0.0003684381034527867,0.00044147246271947563,-0.0003171828762623865,-0.00011652524500545963,-0.00014840703231554578,0.0002308366291116342,3.094424415906599e-05,-8.838108656553101e-05,5.280075325524852e-05
2019-08-19,-0.000365535409012345,0.0003038389644318615,0.0003403677592575885,-0.00026897724025008035,-6.554189451563226e-05,-0.0001265780264618991,0.00022138813105322327,-1.5624859853239498e-05,-0.00011184503220833253,8.979955153725488e-05
2019-08-20,-0.0003477961116333042,0.000308710420582059,0.0002754435894066279,-0.00018574846882777815,-0.0001128656192804986,-0.00012565020031078677,0.00022904595499454242,-2.0628896202679742e-05,-8.706474801030428e-05,6.738372233707282e-05
2019-08-21,-0.000210443440690624,0.0001174175212408611,0.00031480698025482604,-0.00017706177222724835,-0.00011067444877981003,-0.0001492355363212558,0.00027489745221574366,-1.179062738936032e-05,-0.00011003978286210428,6.251945433729394e-05
2019-08-22,-8.314197661065531e-05,-1.0213204728475728e-05,0.00021735327853639186,-2.034932022552255e-05,-0.00014589983172976287,-0.00013982814699354043,0.0002124928219228786,3.191535683868055e-05,-0.00013791911702152812,7.504349773771249e-05
2019-08-23,-0.00012994179128278036,1.8051677657181936e-05,0.0002941882582605526,-9.618324001376202e-05,-0.0001371003679907449,-0.00011565398844508648,0.000209622017496117,-9.758527203746273e-06,-5.5422699013138454e-05,2.08183137532722e-05
2019-08-26,-5.05262183580317e-05,-5.9120543935524406e-06,0.00016860816995812808,-0.0001144787785809457,-4.3859574123809517e-05,-0.00010116269513672782,0.0002403047687083784,-6.042295629102301e-05,-6.514476554735082e-05,3.2936984715240675e-05
2019-08-27,-0.0003966872563113989,0.00034160482876077064,0.0003348213816737611,-0.00015137805365776982,-0.0002683234244141089,-4.55616800623046e-05,0.0002092954070484869,5.1078569238572485e-06,-8.269941134268419e-05,5.442710935277609e-05
2019-08-28,-0.00015242733083955032,4.0852557691921365e-05,0.00030170070120549147,-0.00014715622432486843,-8.15253714427349e-05,-0.00011926771154065902,0.0001947572309159984,-3.186483014827081e-05,1.0591672424252463e-05,-1.6100991636219114e-05
2019-08-29,-0.00011924537986132688,1.152880183409935e-05,0.00027905556020726627,-7.570627376755901e-05,-0.00015949524140338595,-0.00013177790358307254,0.0002761710766807767,-4.5074900078712066e-05,-6.696130882733603e-05,3.072804095441764e-05
2019-08-30,-0.00020160485577018494,1.07564713057208e-05,0.00048348344216127617,-0.0001970879519280211,-0.00018625409359710257,-0.00011833362813433446,0.00024284603419118256,-9.931224891804313e-06,-2.330534868325365e-05,-1.2644865235306169e-06
2019-09-03,-0.0002201478554232708,7.973284166767902e-05,0.00037012509772179833,-0.0001118415514277122,-0.00018605152993440843,-0.0001550356184499141,0.00026058664044428977,-4.7498670322007955e-05,2.404489918754471e-05,-1.3088852734870204e-05
2019-09-04,-0.00024803904475464295,0.00013888643014127802,0.00033878056944744786,-0.00017386523733442343,-6.458550914891642e-05,-0.00021964665927659555,0.00021927065612780024,2.8247414576713578e-05,-5.344356626717228e-05,3.539597188823712e-05
2019-09-05,-0.00011925010609375314,6.396110879032871e-05,0.00013807322304656283,1.7495201320300025e-05,-9.701471563050047e-05,-0.0002455374573413754,0.0002543511004238809,2.898138527528127e-05,-7.564435116578713e-05,3.5306658849106054e-05
2019-09-06,-0.00018120945070405903,0.00011851648429155731,0.00021624825867109024,-8.095932678517034e-05,-8.740295849666256e-05,-0.00022903785094533988,0.0002843343566654548,-5.1097765376203336e-06,-6.8532313505551e-05,3.3312637609771156e-05
2019-09-09,-7.320610138336972e-05,1.0521129009250646e-05,0.0001257993033347317,-2.9991201249655874e-06,-3.9453202622137876e-05,-0.00020853206905447827,0.00024596872478631696,9.44129241786662e-06,-0.00012129895013067785,5.2464667709448826e-05
2019-09-10,-0.00012197489361207015,1.5450568760164152e-06,0.0002560915005156601,-6.424446087553715e-06,-0.00013172650315610226,-0.000270527729862715,0.00024621876012158317,6.340245169277753e-05,-4.703753000455391e-05,1.137413693379219e-05
2019-09-11,-1.5435896978506503e-05,-6.886113249463671e-05,0.00010024513878392066,0.00010042271563514074,-8.99822874721283e-05,-0.0002428081352005007,0.00020579562844016616,7.89459591844198e-05,-0.00012718454478494526,5.854724899043498e-05
2019-09-12,-8.138360768088562e-05,3.2326006417754405e-05,0.00011628280148380521,4.177164271488773e-05,-9.861688197054796e-05,-0.000237535669675909,0.00015531973755319312,9.403840497962043e-05,5.096174174142737e-05,-7.263432656830562e-05
2019-09-13,-8.186479130021726e-05,-2.356099837893047e-05,0.00022615539833541892,-1.9146143422996836e-05,-9.065957198313088e-05,-0.00023718711940530143,0.00020607850823083432,8.591867736007161e-05,-0.00012208692100041177,5.613192848893597e-05
2019-09-16,-7.101287559474131e-05,-2.130977381263957e-05,0.0002033200115894758,-5.985566380605281e-05,-2.603118314420047e-05,-0.00023289763452390838,0.00020175270887396596,7.074695193731023e-05,-0.00012859746714691256,6.385479173323313e-05
2019-09-17,-0.00012279817629379242,-3.0489862532845358e-05,0.0003622980274820553,-0.00011148593445076127,-0.00012518833983434993,-0.00027752603648050975,0.00028437739315848726,7.714119439506881e-05,-8.305559285131867e-05,2.7467553034229292e-05
2019-09-18,-7.880148771247097e-05,-3.723187972928116e-05,0.00022794354855364476,8.934869213852309e-06,-0.00010701123183024311,-0.00029861015187949633,0.00030784315147252064,2.9404164183201992e-05,-9.765160205037204e-05,4.509156773958509e-05
2019-09-19,-0.0002902604186699152,0.00011228617582676598,0.0004628361533674241,-7.481275561485937e-05,-0.00026650205437574875,-0.00025942186637558165,0.00023703349548763464,0.00015195947081737132,-6.466387139057381e-05,-9.681271672935116e-06
2019-09-20,-0.00035854873060182924,0.0002351705357714895,0.00041404209300587025,-9.932772248830504e-05,-0.00025188187575476625,-0.00024288770716024768,0.00023962219999918918,0.00014256156969106454,-7.224774467612383e-05,-8.60396344632905e-06
2019-09-23,-0.00030180021122612477,0.00030636868700066947,0.00014742739288785972,-5.365908363915567e-06,-0.00020382962951030759,-0.00018764768925340694,0.00017323505252231364,0.00014303806212454667,-4.7812191825480355e-05,-2.4625550467193003e-05
2019-09-24,-0.0004029508488637805,0.0003591329113424961,0.000317575351194619,-0.00012247349848512612,-0.0002516668854889957,-0.00012771309445125043,0.00021134091406508834,6.007370402245915e-05,-3.7574899721004584e-05,-7.009819984679644e-06
2019-09-25,-0.0003855159938287653,0.00029758690860917994,0.00036320702659513315,-5.766726057291477e-05,-0.00030725389737469924,-0.00019142701677163712,0.00018601704524605703,0.00016198390219058362,-7.49998637545983e-05,7.828039094902317e-06
2019-09-26,-0.0004980736292830648,0.0004797099425143357,0.0003013535427771989,-0.00014713247167221985,-0.0002244910250611097,-0.00018077130397688504,0.00023825928366243143,6.349000298151025e-05,-7.937951389942396e-05,4.937756869817164e-05
2019-09-27,-0.00047210526016159063,0.0005261273411819173,0.00016765723286197437,-8.690875350053986e-05,-0.00019256363686301348,-0.0002070018492066391,0.00017103080143548652,0.00015864891464440617,-3.684219255424212e-05,-2.865701161446771e-05
2019-09-30,-0.00013827122064438355,3.861344232033645e-05,0.000219670530527908,6.258506289299332e-05,-0.00021660398658570647,-0.00020175485215769007,0.00021231410272229065,6.539143765608643e-05,-6.246947761617827e-05,1.862551036462684e-05
2019-10-01,-0.0003778240229410819,0.00023718389576563373,0.00046466432110016387,-0.00016764865824854362,-0.0002602293147799719,-0.00019551405247849284,0.0002706866029600352,6.19941448241762e-05,-1.5237538400256212e-05,-1.6984240202574247e-05
2019-10-02,-0.0003272924581956549,0.00012847287956354106,0.0005396182144031918,-0.0001554634391310889,-0.00024733625430929315,-0.00027855260866081755,0.0002915871278762021,7.467042776044402e-05,-1.0634720720475305e-05,-1.50747987516138e-05
2019-10-03,-0.0003636605181456254,0.00012997980813285806,0.0005810947334046641,-0.00011305671097546974,-0.00024406165258714953,-0.00036405081105607764,0.00023765834016024195,0.00014863883396589936,2.8901491367760296e-05,-4.115836011054155e-05
2019-10-04,-0.00023505883895228938,7.326237855098672e-06,0.0005025460113520577,-9.949210668573627e-05,-0.00018482339858050603,-0.0002987024940116472,0.00018070614106072483,0.00016399500758798417,-5.31198810268009e-05,1.740869224394967e-05
2019-10-07,-0.0003653165271217604,0.00022055840585860978,0.0004564339221189845,-0.00014490346266192965,-0.0001697121248947376,-0.0003568655924047169,0.00019972494238686828,0.00022572486593535473,-3.820436593220469e-05,-2.7707824353288835e-05
2019-10-08,-0.000354936579202169,0.00014267113875571918,0.0005873860280178732,-0.00022722898072410555,-0.00017897462011318838,-0.0003167054721920637,0.0002045750399334162,0.0001968297292127795,-2.0345286023636805e-05,-3.3066227191437536e-05
2019-10-09,-0.0003467439913896926,0.0003035430436906933,0.00022926320013625864,-3.120575820854572e-05,-9.5309862415488e-05,-0.0004086360203706778,0.00020035117241636383,0.00020367414445430707,-4.4299776328905055e-05,-1.026896040739328e-05
2019-10-10,-0.00028892925947507017,0.0001756287900862956,0.0003319162191130452,-1.2462173773205437e-05,-0.00018985434646684105,-0.00035935793102639425,0.00014607801819406345,0.0002479935673352397,-2.9867858269541636e-05,-1.9959635728594716e-05
2019-10-11,-0.00015030345313354898,4.55929067458144e-05,0.000216754656924157,7.837401478241746e-05,-0.00014455911488845188,-0.0003577496238418472,0.00018694491642018765,0.0001674906669333065,1.0110247203966305e-05,-5.2727819134505693e-05
2019-10-15,-0.00014068982962683538,7.779469869445554e-05,0.00016835956713682695,1.3397818628715225e-05,-5.1563674099596585e-05,-0.0003453771760277627,0.00014497385240429608,0.00017866367909323208,6.593759109329439e-05,-0.00011458945980389809
2019-10-16,-4.254856943803481e-05,5.368087163657234e-05,-6.221215624726065e-05,0.00012803922461135028,3.0101130294914874e-05,-0.00026580754457924266,4.828847035327072e-05,0.00011773859947460802,4.355539948696155e-05,-4.957527768961398e-05
2019-10-17,1.0024453304773029e-05,-2.277946481757734e-05,-7.99122637053333e-05,0.0002692822523299408,-4.2730264777520593e-05,-0.0003414028219601191,7.666251607735264e-05,0.00015131619760723816,-1.4858900104650075e-05,-4.797589514632383e-06
2019-10-18,-9.75593820500345e-06,1.0629348568998165e-05,-7.92642431637243e-05,0.00021348135796804384,-7.335496770391123e-06,-0.00035624874975803515,0.00011730930280113086,0.00014516236235994143,-2.6705246144904937e-06,-3.0591051650541434e-05
2019-10-21,6.918291072379595e-06,7.108699862528114e-05,-0.00020390749441416903,0.0002890566129301643,-8.113618648456639e-05,-0.00026817727687565573,9.701281810776605e-05,0.0001302891430590182,2.7009308233277157e-05,-6.956523923181551e-05
2019-10-22,-4.409866413485064e-05,9.154714928662905e-05,-0.00011728888973515719,0.00016080235206686333,4.589303673138007e-06,-0.0002410890670246843,5.6797391990211915e-05,0.0001223394398586937,-2.972809349127692e-05,-4.0129017823721524e-06
2019-10-23,-5.643903338992812e-05,0.00012234176488186074,-0.00012690847321437243,0.00010577345780979353,6.346851687618477e-05,-0.0002893949083935185,9.477781149033748e-05,0.00014436274756686462,-3.570345439853767e-05,-2.2847870756747407e-05
2019-10-24,-4.6856790891877664e-05,8.523919964468704e-05,-9.126409549093523e-05,0.00010551277015461227,7.670140051913368e-05,-0.0002914445220024986,7.03290026220979e-05,9.2574098475285e-05,5.711927969359598e-05,-5.801860865353725e-05
2019-10-25,-4.7312499403245195e-05,0.00014486530599390132,-0.0002229396902881757,0.00020453752894939933,3.907910382452626e-05,-0.00029441327516027335,0.0001144158911592745,8.13787621916362e-05,-7.426034232413392e-06,-1.1498302196606691e-05
2019-10-28,-2.1353300624093324e-05,0.00012551852913604555,-0.00022617567630362628,0.00016240625808826292,9.32999842224759e-05,-0.0002713950003139058,6.67883875252219e-05,8.126899341525523e-05,4.945085651646142e-05,-6.0233229534224775e-05
2019-10-29,-4.412643233455901e-05,0.0001574310494495655,-0.0002552915331300275,0.0001819308321063494,0.00010475294053677656,-0.0002420945716623997,1.7072167906369284e-05,5.4221788700983126e-05,6.021809896632202e-05,-3.259024845135225e-05
2019-10-30,-5.213260524803559e-05,7.593144486741157e-05,-8.061107022756461e-05,0.0001650249614380192,-2.1868403176514284e-05,-0.00024551822633460743,8.402494044411346e-05,7.67387287950276e-05,3.8790780682574494e-05,-4.0055215300441316e-05
2019-10-31,-0.000224440994970692,0.00023464209368711034,3.103442424500641e-05,5.479649748973796e-05,2.031114408664915e-05,-0.00034475383331850594,0.00010846999510667754,0.00010547500587365644,0.00011738402568281514,-0.00010262134434523354
2019-11-01,-0.00013855945128948138,0.0001686437141645951,-4.9754407232205367e-05,0.0001630864711376495,-4.083499181858907e-05,-0.00031595581088827637,5.565494951178737e-05,0.00016734960842386057,6.534272672978694e-05,-7.473060773295279e-05
2019-11-04,-0.00017786846016962926,0.00018566348538351374,-7.852340651074222e-06,0.00019310388332011846,-8.671029363578955e-05,-0.0003509562630361514,7.526368165602579e-05,0.00015447291524610038,0.00012840163530608226,-0.00011328020066327799
2019-11-05,-0.00015092202964218059,3.625768004080626e-06,0.00027792156375001237,9.152815603119535e-05,-0.0001741146777170001,-0.0003637873484864246,0.00019300779283561859,0.00012822188429008688,0.00010496848952317242,-0.00011084299136830678
2019-11-06,-6.912263181064505e-05,2.5449705151087132e-05,6.424926909517209e-05,0.00016380472800475374,-0.0001504021136201003,-0.0002868736009370744,0.00019348120185735604,4.256822148853909e-05,0.00011986122727485754,-0.00010266993642405603
2019-11-07,1.9299888464573145e-05,6.889956311275508e-05,-0.00023129440290816858,0.00023593419207128263,1.252945783584633e-05,-0.0002477728948541702,0.00013898254610115318,-4.633433773523765e-05,0.00013651976192678716,-8.63424716156802e-05
2019-11-08,-5.0770190370509616e-05,0.0001123072860401593,-0.0001806061911735178,0.00026040393007870435,-5.914734779462194e-06,-0.0003432361805284778,0.00019071251290770502,-4.469792584640628e-05,0.00015964980187246555,-9.729652035788197e-05
2019-11-12,3.9822138327136325e-05,2.322560991365949e-05,-0.00020213021377332024,0.0001954807383655402,7.275259311877863e-05,-0.0002698876586716692,0.00015210809997894328,-7.035832526338867e-05,0.00016122177288340617,-0.00010244797791271465
2019-11-13,-7.695857703420364e-05,0.00013534580836523438,-0.00013494393109231978,0.00015771438557863476,8.08722352615629e-06,-0.0002444654627683611,0.00011583875900374185,-9.12385979667113e-07,0.0001393750938034448,-9.833481821757209e-05
2019-11-14,-9.875824845510112e-05,0.00013376683301998676,-5.9245517915302096e-05,0.0001285873321983516,-3.531934107955936e-05,-0.00023585606715171084,0.00012770350349308388,-5.343848922121502e-06,0.0001638616597519696,-0.00011947165938273538
2019-11-15,-8.859048818008614e-05,0.00020457274942418946,-0.00024843357904710123,0.00026762222644639497,-3.291129648772678e-05,-0.0002602445323372886,0.00010478503057351554,-3.077241349271065e-06,0.00018183921401957598,-0.00012516634006056945
2019-11-18,-5.897338812820008e-05,0.00013924756490644313,-0.00019548686132201017,0.0002706306357068977,-8.065514198578663e-05,-0.0002387464199361429,0.00015784979514344571,-4.527899256684398e-05,0.0001610591229157174,-0.00010974179810185891
2019-11-19,-2.8567978542750477e-05,0.00013672043103229656,-0.00023182402869268912,0.00023715060473120803,-7.611106881727156e-05,-0.00015124315158627707,0.00010729170716386807,-3.345410132599147e-05,0.00018019717514809394,-0.00014084809861618364
2019-11-20,-8.773770839194672e-05,0.00015105441804258088,-9.818343041286676e-05,0.00013179877874675006,-8.353924570494824e-05,-0.00015486949907383626,0.0001523458290184944,-5.5020086128402396e-05,0.00018198462378947108,-0.00013823327050149423
2019-11-21,-3.6934985237772194e-05,0.00013954858819259508,-0.00020528599804339742,0.0002092612274378694,-6.60898711813511e-05,-0.00018822089438359432,0.00020375648756679882,-0.00010397436934917598,0.00016960931203324064,-0.00012241117017499845
2019-11-22,-2.472340888478447e-05,0.00011225464534506471,-0.00018124468143171542,0.00020575585134275862,-5.780544276367747e-05,-0.0002336683525622149,0.00019868440396175052,-6.451139504359132e-05,0.00019532280160320867,-0.0001537943110303322
2019-11-25,-3.4634523132903716e-05,7.569901170872279e-05,-0.00011333227917046523,0.00017809791466081096,-4.911769468665325e-05,-0.00021376884401587762,0.0002183258985349809,-0.00013507235593264097,0.0001889497775963353,-0.00011476420398507173
2019-11-26,-0.0001815719347832631,0.00017631860681366004,6.233976826161558e-05,4.982853605903573e-05,-2.2896684478669604e-05,-0.0003348815392686007,0.00021821593103573192,-2.5484312123839892e-05,0.00018768386420321692,-0.0001293237527926691
2019-11-27,-8.069330031031455e-05,0.00011353702644776795,-9.133359458445706e-05,0.0002038483196249892,-0.00010217896965902112,-0.00021960647797319294,0.00015309418097186542,-4.837775802992231e-05,0.00020300639224347244,-0.0001295247944734408
2019-11-29,-0.00023322237126864945,0.0002550582820876092,3.204066634054578e-05,8.175697490671666e-05,-6.761379394150044e-05,-0.0003492493828331361,0.0002838425560332779,-5.2414566667626644e-05,0.00015125986524978582,-9.976151392878524e-05
2019-12-02,-0.00016490916528441937,0.000157455589384424,5.547361023367989e-05,4.880601543199442e-05,1.7483798122643057e-06,-0.0003566959846316234,0.0002564389631910073,-9.006270303657873e-05,0.00025393771127589504,-0.00016183934052372076
2019-12-03,-0.00016006516729236836,3.3062327676754155e-05,0.00026142527738067314,-3.0405986456051234e-05,-1.792989897255598e-05,-0.0003796491200576471,0.00022803556128574848,2.8206245738317953e-05,0.00021206170979978442,-0.00017520447667145403
2019-12-04,-9.622923082648442e-05,5.437785397918206e-05,6.797724814396923e-05,0.00012716930144201707,-8.1192601711879e-05,-0.0003347256366190675,0.0002501381324624373,-4.681080165113219e-05,0.00020008846552127882,-0.00014077256185311346
2019-12-05,-7.556818299662461e-05,3.764160616994035e-05,8.770477751338622e-05,5.403898693370768e-05,-1.6081876461918054e-05,-0.0003402758366011817,0.00021067803081423891,-6.9421761039953345e-06,0.00023935213272094358,-0.00019114303605199945
2019-12-06,-0.00011107259358871142,0.00011370785465507002,3.029460403623091e-05,4.128912988237213e-05,-4.7436293975008925e-06,-0.00028731239338752185,0.0002487406373413957,-6.744247954301036e-05,0.00011862300041598495,-8.237993450952233e-05
2019-12-09,-0.00012248788349593538,0.00021196745369438108,-0.0001502708788721028,0.00020278716779035394,-0.00010756277838552472,-0.00024028808832709386,0.0002259236548091577,-6.324745596386974e-05,0.00016277207266669758,-0.00012156229682811631
2019-12-10,4.3526088066157126e-05,4.639507710778312e-05,-0.0002625210840337868,0.00023823842571660606,0.00010431569536955426,-0.0003380810999046649,0.00014313553264521175,-8.631342821342758e-07,9.93412699380157e-05,-7.378050465181932e-05
2019-12-11,-1.712919606220581e-05,0.00010937525178052535,-0.00021720629982064504,0.00018439440026736184,3.8757371258284906e-05,-0.0002502923495881805,0.00023334987003869115,-0.00012989567606338723,8.760580546108426e-05,-3.858225991050859e-05
2019-12-12,5.9585455385051736e-05,7.695783920577334e-05,-0.0003437104313479128,0.00025323996639700294,9.066446442933945e-05,-0.0002576828993971214,0.0002042421551717681,-0.000117453497304746,8.244366821099497e-05,-4.886663139662753e-05
2019-12-13,4.441965636116721e-05,1.4866060173614887e-06,-0.0002051105743061908,0.00024965185377595275,2.0542009682510132e-05,-0.00021548129170953154,0.0001799284721137398,-0.00014090501035191744,7.943770536189207e-05,-1.319821511134786e-05
2019-12-16,4.229973434306811e-05,0.00012937797698133607,-0.00039525032093565976,0.0002886594694076379,4.721359048080395e-05,-0.00021217699585048683,0.00013428211491012254,-9.450667004121463e-05,0.00013305724740551167,-7.225347910510063e-05
2019-12-17,-2.551379017541426e-05,0.00020247213279515723,-0.0003727956105506365,0.00023560677517793158,7.755686257305758e-05,-0.00023587144233015028,0.000166750191403945,-0.00010620014965698546,0.00014863109257743506,-8.922866888937814e-05
2019-12-18,-3.4735248102405955e-05,0.00019538175577820532,-0.0002928713034274569,0.000157206376504581,3.32243900706998e-05,-0.0001840191418799042,0.0002553521626699577,-0.000167561117636255,0.000141584081046333,-0.00010492887816362928
2019-12-19,2.5730735848182584e-05,0.0001325504362882212,-0.0003575344141846515,0.00025951665225402293,2.743165650242671e-05,-0.00015119872668293427,0.00014007632414737153,-0.00011781726432248327,8.579849758252878e-05,-4.549877898465948e-05
2019-12-20,5.665551342547148e-05,0.00014758592777166374,-0.00045937788135481765,0.00025690734673719864,0.00014082720848098557,-0.00020161476970713757,0.0001167327849398124,-0.00011431319431605066,0.00013379875810703643,-7.741674168581028e-05
2019-12-23,-3.2873975722019777e-06,0.00021667091474489655,-0.0004555206649273086,0.0002767910602147032,4.749604611597319e-05,-0.00013206900029942223,0.0001641220677229792,-0.00017387706100000996,0.00011700390084279019,-5.68558505402994e-05
2019-12-24,-0.00012124134619210386,0.0003348753978472084,-0.0003761122931842491,0.000245438149794934,-2.4771851765779257e-05,-0.0001399376609197943,0.0001796415176926018,-0.00016060966782531147,0.00014882758802219412,-8.703099691616256e-05
2019-12-26,-8.941813608416907e-05,0.0003217194422748433,-0.00044843471409462474,0.0003274686809514142,-4.492044504762066e-05,-0.00023265050612288063,0.00031520428596931716,-0.00019338275709960065,7.565411329674837e-05,-3.118922287747433e-05
2019-12-27,-0.000129241050983879,0.00029686756481188403,-0.00031891729665813225,0.0002856925477000907,-6.799753824049751e-05,-0.00020566393645635866,0.00018165770780586427,-9.963138812209976e-05,0.00012033660506661006,-6.256277398145049e-05
2019-12-30,-0.0002894284109197093,0.0002531347521605269,0.00016284189527833795,9.931514085327955e-05,-0.0002370937002108657,-0.0002632245182796651,0.0002172709363771723,7.064259692247943e-06,0.0002057731118792136,-0.0001559499456920549
2019-12-31,-0.00035915492452793726,0.00029645988548314753,0.0002880885782830505,-7.670430141057047e-05,-0.00013169677012284803,-0.00033776067088932965,0.0002521225868558595,1.4046396982745485e-05,0.00022445025116825737,-0.0001698315076473396
2020-01-02,-0.00023762978071496452,0.0001936091105806375,0.0001613350750428455,0.00010268657250953397,-0.00021974353468070043,-0.0002551973826564989,0.00019172536169813,2.053084927131077e-05,0.00017875944047529915,-0.00013652039291666557
2020-01-03,-0.0002828674588942412,0.00017436942554109602,0.00030845193497988296,-8.555304708418587e-08,-0.0001862484018612491,-0.00033277134986475776,0.00021005887968813738,8.426813687776452e-05,0.000163169447184721,-0.00013825357930260032
2020-01-06,-0.00012923595493209532,8.863928682412321e-05,9.992351081488521e-05,4.2768651901555627e-05,-5.152861303543872e-05,-0.0002493814241828034,0.0001535240328510261,-1.8199326845616537e-06,0.00016935457498556614,-0.00012162571262677724
2020-01-07,-0.00021935435376112082,0.0002008363187140181,0.00010122816479156589,9.313892323346146e-05,-0.00015924019790191854,-0.0002499545170537715,0.00019365803742229723,-1.4097127435799134e-05,0.00018603966709054495,-0.00013204154466043075
2020-01-08,-0.00014404691844421141,0.00013906280322706875,4.792858363523826e-05,5.8395576411615635e-05,-4.689005730337467e-05,-0.0002311844243994901,0.00013913632395577344,-4.5874472240334946e-05,0.0002566421939350881,-0.00017301955758923515
2020-01-09,-0.00012146614990045726,0.00015567821159261953,-2.9999001875159054e-05,0.0001262756445027588,-0.0001227730842735253,-0.0002236498508912041,0.00027956102128087745,-1.874628247226437e-05,-9.270433715845988e-05,4.712051030294692e-05
2020-01-10,-0.00010203876777410692,0.00011655567729978653,-1.5294514788044555e-05,7.869237458226104e-05,2.7063149414429527e-05,-0.00029128172109480627,0.0001262939756583835,6.046854106333405e-06,0.00018883558025779845,-0.00013486709458538498
2020-01-13,-5.523388530545917e-05,0.0001155368554666171,-0.00015157139957695104,0.00018005467688947396,1.4263285681763438e-05,-0.00025835177870495163,0.00012119211415768591,-2.223639925201526e-05,0.00017737347519649477,-0.00012025289751144835
2020-01-14,-5.1206503665732206e-05,0.00010916460234001828,-0.00015865356863612422,0.0002120850934648165,2.238592727854538e-08,-0.00028178991287406904,0.00015591065204059035,-3.850602790139018e-05,0.00011712456412297026,-6.334584797308002e-05
2020-01-15,-0.00014147096016312033,0.0001660250282961677,-2.4085589534339827e-05,0.00015457827776637657,-8.957666894976284e-05,-0.00029720099415992546,0.00017555799342000925,3.936123967807764e-06,0.00016899186606480696,-0.00011602680108507152
2020-01-16,-8.940011757427313e-05,0.00010573971678741814,-4.299059348945866e-05,0.00018079886512483573,-0.00011345180810135719,-0.00022731862122346222,0.00015785965648354786,-7.881469238763678e-06,0.00012542594588229455,-8.848208121656209e-05
2020-01-17,-0.00018274703626312665,9.56768721538867e-05,0.00015037454455650058,0.0002352386694842324,-0.0002806006496297326,-0.0002854395044776699,0.00012226156659489104,7.644304747577574e-05,0.00027300382645349675,-0.00020363339035888925
2020-01-21,-0.00020610779350513884,0.00015670662009818065,0.00014321583493443965,9.318251862966247e-05,-0.00013180652219730443,-0.0003513854084636163,0.00019075113626130027,6.441793549153557e-05,0.0002625839790895007,-0.00022259501345524638
2020-01-22,-0.00021903832633319437,0.00011061457577797237,0.00025716755418648055,8.751843403412111e-05,-0.0002237451682414928,-0.0002992181172760469,0.00017835018419618334,8.711763657594587e-05,0.00014103166634596778,-0.00011989036557845043
2020-01-23,-0.00022479827458423557,0.00011568143486901175,0.00028995098552878247,-1.72129631272281e-05,-0.0001717141524322542,-0.00026533281826688834,0.00016159133348787186,0.00011249556164089763,0.00012035442436247878,-0.00012113951781982796
2020-01-24,-0.00028476810879313197,9.10045076064625e-05,0.0004245310937593359,2.2847767432165877e-06,-0.0001968971488550495,-0.0003282896862978873,0.00012829354480240612,9.761717635576456e-05,0.00020821384776007618,-0.00014078324215337917
2020-01-27,-0.00037102862529797553,0.00024224201279973885,0.00039573036835156145,-3.7472069420150383e-05,-0.00026675854618079566,-0.0002262927348664883,0.00010385900774944126,0.00011344087121407248,0.000212551484214403,-0.0001659547693672117
2020-01-28,-0.0002883739180183677,0.0002275491252438644,0.0002711925408728569,-0.00011038462539417378,-9.530882415452815e-05,-0.00024330218329010785,0.00013214090884828937,9.709629208717874e-05,0.00014970819524491238,-0.00014095717270740105
2020-01-29,-0.0003417447509810965,0.00025283664008854054,0.00031725223184309904,-1.836942411114796e-05,-0.00022728355048228996,-0.00030982389021522,0.00018792965628067378,0.00016059320266834792,9.375540850744407e-05,-0.00011556668246412785
2020-01-30,-0.0002859094817718906,0.0002735839081225589,0.0001295431109756169,8.332231692575673e-05,-0.00019677487226710776,-0.00027862900442232087,0.00020371475896792043,5.285642301307639e-05,0.0001292693588372633,-0.00011106468975835213
2020-01-31,-0.00033140176685764536,0.00025938563647963896,0.00030061804534347106,-6.43587430812654e-05,-0.00018571115046018584,-0.0002653281700232598,0.00018668602533131358,8.959689883008236e-05,0.00015530039316324212,-0.0001453092234537448
2020-02-03,-0.00027152234143376294,0.0002768179285637072,0.00015873374106573253,-6.27603152569111e-05,-0.00010082530973135398,-0.00027632434788653,0.00019154574568234183,0.00012076728426793984,6.010137571984403e-05,-9.764038004540787e-05
2020-02-04,-0.0002629686299633338,0.00028173428397985575,0.00010140588936813182,-2.440867648352378e-05,-7.574189306478948e-05,-0.0002573495484230106,0.00017034527771201714,8.357205576104212e-05,5.428305238090042e-05,-7.12382638617566e-05
2020-02-05,-0.00025172886335170924,0.00025055950897364537,9.366272738382461e-05,4.538519612842622e-05,-9.47327980931785e-05,-0.0002867393063508226,0.00018146343179580027,4.895135543195664e-05,7.4838403867801e-05,-6.132031978203084e-05
2020-02-06,-0.000306736707927982,0.00027426803052047963,0.00020062890737446853,-2.6226927057495728e-05,-0.00012038704122296386,-0.00032551123529282397,0.00020293940839952868,0.00012681870823112035,3.7292135678185234e-05,-6.350648884867124e-05
2020-02-07,-0.00032016841442857914,0.00029966985589113294,0.00019405284731951675,-2.8628770100963194e-05,-0.00015019094697454882,-0.0002680389569349236,0.0002058359430170461,6.302561556733796e-05,0.00010075261079335249,-9.643319950821544e-05
2020-02-10,-0.00029795077832629746,0.00038599356344663945,2.2771272404631393e-06,-3.143026638679179e-05,-2.0539894831663602e-05,-0.00019485466335454962,0.00011574185807732527,1.7372688517104315e-05,0.00011126186102365654,-8.872784598387001e-05
2020-02-11,-0.0001904030555003912,0.0001404610617227655,0.00014894138900505352,3.5885304771669096e-05,-8.688757019478278e-05,-0.00031441409452146254,0.00015028109744866236,9.702860714474668e-05,0.00011400197234385026,-9.362895660020021e-05
2020-02-12,-0.00014978797108278902,0.0001361876844708683,7.243368582850532e-05,6.337483726160699e-05,-0.00011665309969619182,-0.00020294649898095624,0.00023640959509871155,-3.041354803772628e-05,9.247704689312533e-05,-0.00010359830066618628
2020-02-13,-8.801712398051609e-05,0.00011077589088860813,-2.822424050021033e-05,0.00010585687335702698,-4.064064449042955e-05,-0.0002826711000541264,0.00018244088588621407,3.805766564353441e-05,9.271845116151645e-05,-9.057801786242423e-05
2020-02-14,-0.00018134102879042643,0.000142489272906568,0.00014142238596431475,1.9723723937209794e-05,-0.0001050041100613408,-0.0002274855718142118,0.00014990609511513452,2.4653345146577466e-05,0.00014079653579050083,-0.00010465329031900117
2020-02-18,-0.00018119234441517015,0.0001807195727097765,4.341923919354111e-05,0.00011264255278074786,-0.00015315999843814286,-0.0002092908165752909,0.0002005672360098857,-2.453898218436612e-06,0.0001270815381179194,-0.0001195952288664294
2020-02-19,-0.0001360210565680732,0.00018208219161387762,-1.9217164195001538e-05,8.110779563068674e-05,-0.00011348690046296406,-0.00018399433555856166,0.00022928521511698594,-6.030334133384947e-05,0.00011803665535853672,-9.819818234380745e-05
2020-02-20,-0.00014294198675301323,0.00014393363555833052,4.875391563908399e-05,7.869172430281617e-05,-0.00014725958550253215,-0.0001570100518486512,0.00017823270590712828,-2.0056864543389202e-06,6.451926400098673e-05,-6.538866215040004e-05
2020-02-21,-0.0001936365397093385,0.00017153415841535125,9.408473802799758e-05,5.957848865453981e-05,-0.00010131981005336368,-0.0002606040888584356,0.00019226070543620216,2.5188758144398596e-05,0.00011529617112938581,-0.00010265264163191942
2020-02-24,-0.00017695927222842814,0.00023203192054774453,-4.365891346498445e-05,0.0001158345051602977,-8.567829875050399e-05,-0.00025052994510470217,0.0001635519431544552,3.998133917333668e-05,9.734406699620293e-05,-9.241770014930747e-05
2020-02-25,-0.00013014498937388708,0.00023075702908651428,-0.00014038382941582508,9.05834093980571e-05,1.535382024194648e-05,-0.00020616853508811928,0.00015010257953315329,-1.7054473720001448e-05,3.701962089547317e-05,-3.0488028679803714e-05
2020-02-26,4.914160840311342e-05,3.3583501465594967e-06,-0.00016355976008033263,9.058597835930396e-05,0.00014180973134173512,-0.0002532641553785204,0.00018493296045388186,-7.101745646658462e-05,3.713292476817051e-05,-1.748028402867932e-05
2020-02-27,0.00013784126427642852,-6.480597803407498e-05,-0.0002289853252016201,0.00018162147940239785,3.636340718254222e-05,-0.00017150790202531338,0.0002086495800715897,-9.067439763604801e-05,-2.280565707669588e-05,1.4084818412932187e-05
2020-02-28,0.0001725318579481796,-0.00022382410818377364,-3.597338957537534e-05,0.00010951634606515791,9.290973946288368e-05,-0.00026402244308619364,0.0002195705926402291,-6.123561121586067e-05,-3.118079594269067e-05,1.9925679027921195e-05
2020-03-02,0.0004400859035298618,-0.0005409234887827664,-8.900864806834358e-05,0.0001538666320986242,0.0001959419987628587,-0.00023825032466621293,0.000207644168019697,-0.0001522091644499176,8.242101140172944e-06,1.2477010689702916e-05
2020-03-03,0.00021635339155448748,-0.00019721981620700324,-0.00021308334038443958,0.00020286840722326047,0.00014066866376816894,-0.0002484268887565644,0.00017589055126175646,-0.00014944809253798937,0.00016401303526341997,-9.134108092584761e-05
2020-03-04,8.058601098555242e-05,7.164132988716175e-05,-0.00042268744046461675,0.0003707106514852891,4.758305976490084e-05,-0.00029617749455584756,0.00018845540116537232,-8.842667629950333e-05,0.00012014511968085582,-7.056442237857868e-05
2020-03-05,0.0003783303333398519,-0.0002544003235603635,-0.000518833407081286,0.0004212267793438397,0.00016188100642439227,-0.0002542421838185602,0.00017687072788458158,-0.00014262314836925236,8.166434076209254e-05,-5.082544824454478e-05
2020-03-06,0.00024942009139394036,-0.00012482152687971933,-0.0004000376951646214,0.0002190244323097973,0.000174656718474513,-0.00013068110461871094,0.00024286145445285255,-0.000325234804084403,0.00014208713415870405,-4.660916022976129e-05
2020-03-09,0.00032389969199827714,-0.00035151935066835265,-0.00013889662606960318,0.0001562823579906612,-6.768389777432431e-06,-3.740521914210107e-06,0.00045238123220356797,-0.0005870641111346319,0.00022287235933215327,-6.687803142556986e-05
2020-03-10,0.00013852170108741638,-3.1519184408696464e-05,-0.00024093940873819858,-4.987500119686423e-05,0.00026748430193028385,-3.668900944355652e-05,0.00025032350894623433,-0.0005127347142311221,0.0004181398617857865,-0.00020252398506367258
2020-03-11,0.00019177601677271196,-7.001617914738183e-05,-0.00030738197648666303,4.175571278521549e-05,0.00019559075472534975,-5.3320094512428196e-05,0.00031906314811768616,-0.0003606857131390473,-3.695803320869287e-05,7.98545477379408e-05
2020-03-12,-3.4902119907179955e-05,0.00013016030966560245,-0.0001582276372997589,3.029009511868689e-05,8.261548079632752e-05,-0.00024287970214189117,0.00043843754645230687,-0.00026619319453628776,-1.7141342586294434e-05,3.7362918206065854e-05
2020-03-13,-0.000300305788793343,0.00045352291980413047,-8.770707437666912e-05,-5.6772188945166877e-05,-6.457225117352354e-05,-0.00022803689602574322,0.0006195403679797196,-0.00027243289159152237,-0.00022998068003074468,0.00016641082141509791
2020-03-16,-0.00016096336590670605,0.00023783214422223864,-4.792882632309332e-05,-2.1721189301228926e-05,4.8424347166287074e-05,-0.0003827064402229328,0.0005282267295565616,-0.00016578690062481975,-0.00013516714975138518,0.00010036706830412329
2020-03-17,-0.0001243696574528819,8.221691984033365e-05,1.3361288664923057e-05,0.0003463981242911099,-0.00013672964019194236,-0.0007039433547615442,0.000491544079548099,-3.1162377820252024e-05,0.00025860258949621934,-0.00019596355823292902
2020-03-18,0.00014225128617018136,-0.00010719637082446905,-0.00032932239492137463,0.0005736755581226636,5.5109103171091696e-05,-0.0008713454864708418,0.0005698092616200079,-0.00010197733994191452,0.00024166627967735915,-0.00017114433027016
2020-03-19,6.482093522048145e-05,-0.00025304390061970815,8.963674786112213e-05,0.0005393840711725656,-0.00014297496978624234,-0.0010912236145883825,0.0007364949030825487,7.633182558160027e-05,9.789321181148149e-05,-0.00011759781318506843
2020-03-20,0.00011289355005770585,-0.00025275382934588156,-3.580365067283988e-05,0.0006510819171162687,-0.00021520554270263066,-0.0009681424050224608,0.0006799881420130969,5.177289660119114e-06,0.00017261859416039388,-0.0001498211944839685
2020-03-23,-0.0002683786430950815,4.9262415571534545e-05,0.00035736606691561977,0.00034086851008136975,-0.00028055648226960094,-0.0009502131466889757,0.0004797932675675142,0.00033264283798707574,4.617304899662972e-05,-0.00010647980617109996
2020-03-24,-0.00020071039623909703,-4.589294360259999e-05,0.0004591386100546353,0.00017617403871153297,-0.00027005242077382616,-0.0007894437816465365,0.0005540658578765279,0.00014857679130723944,4.121786223264777e-05,-7.328756381486806e-05
2020-03-25,-0.00017517157942948487,2.3608437734209172e-05,0.0002787942298220845,0.000190690434186549,-0.00031368745499045156,-0.0004693102027943756,0.0004529681405370566,8.483426815148777e-05,-9.531933965542874e-05,2.2408265065243863e-05
2020-03-26,-4.023735797368611e-05,-3.583286835593286e-05,6.478608701382567e-05,0.0003086452430642525,-0.0002636082351786329,-0.00044117615890921797,0.0004418247830070051,2.3744120203535515e-05,-6.136774016561423e-05,2.358043067680546e-06
2020-03-27,0.00011753321531669092,-0.00024995805836983316,6.694338544242198e-05,0.0003234216967277141,-0.00014321926135357158,-0.00048572722037578363,0.00031456052197916754,7.950269226566012e-05,5.476004769072208e-05,-7.813912426655328e-05
2020-03-30,-3.163775512265228e-05,-1.3734310088177413e-05,1.242592403661192e-05,0.00018783760116892426,-2.3882320002523855e-05,-0.00041904174655887005,0.00024158713848152543,2.79416357760031e-05,8.760005367948812e-05,-6.859739111528436e-05
2020-03-31,-0.00022573550680866895,0.00016357404842773674,0.00017053242477326966,8.935695550437925e-05,-4.490206784782836e-05,-0.0005174153978311571,0.00018375901650829075,0.00012124967816302609,0.0002947220316716452,-0.00023652149672757222
2020-04-01,-0.0001821706140185484,0.0001872111156821935,6.0293541080377227e-05,4.884119853842007e-05,-9.129361741880282e-05,-0.00023413539376055705,0.00023990386767743822,-5.581699363921711e-05,7.460295715727358e-05,-4.7279432061887033e-05
2020-04-02,-0.0001915619488955147,0.0003003921765638983,-0.00010959282304077046,5.2030402287311754e-05,-4.13392967545138e-05,-0.00017401540497057446,0.0002597297276130837,-0.00013029197284731252,6.544863876715643e-05,-3.038006879855712e-05
2020-04-03,-0.00015415671762697728,0.00023507150096295027,-7.335682218540234e-05,5.170974149215808e-06,3.3156844667899324e-05,-0.00016415404856455007,0.00019245186258248607,-0.00017743198407726892,0.00024499605837606693,-0.00014090909051185478
2020-04-06,-4.4455585506626575e-05,4.2926379532017564e-05,2.3498388114258015e-05,-3.339400228598473e-05,5.794766154220126e-05,-0.0001886859609233583,0.00025367112888708895,-0.00019509233112612306,0.00018092207796539111,-9.661117408215833e-05
2020-04-07,-0.00024949019587478167,0.00029735062466865994,2.273014369728269e-05,-2.916498699117101e-06,-4.9606239202364295e-05,-0.00024204836813836172,0.00025866989277203815,-6.624368590949208e-05,9.91149486839673e-05,-6.712863656740606e-05
2020-04-08,-0.0002005037297676984,0.00018715462381399582,0.00013831351623344026,-8.723738332803294e-06,-0.00010650650494312651,-0.0002867273189864402,0.000301845055498867,-5.414719456337761e-05,0.0001587997866192136,-0.0001315030654216523
2020-04-09,-0.00022828798884945998,3.124051059283286e-05,0.00043160605470909247,-5.2579669011823885e-05,-0.00014556872601814708,-0.00038012269333401617,0.00029334886414801586,-6.386718534153769e-06,0.00016615424844370306,-0.00010857144890611022
2020-04-13,-0.0003017289457693381,0.00014384806274439846,0.00042287467336166,-8.657977555048867e-05,-0.00019247479421942567,-0.000341021404290133,0.00031944052197837615,-4.751043648804944e-06,0.0001839000302184899,-0.00014315751014801203
2020-04-14,-0.0004167521844658322,0.00024317399837540726,0.0005043000531904742,-0.00011100750334254103,-0.00024189568976860573,-0.0003810599580925276,0.0002824696740066322,0.00012623842377491434,0.0001264787651352392,-0.0001309397585071443
2020-04-15,-0.0003475450695947166,0.0002724366950103878,0.0002878507584058059,-2.165517810821284e-05,-0.000197890947561384,-0.00030722797481347493,0.000176826124554429,9.072048078448587e-05,0.0002047905930647135,-0.00015684334214187585
2020-04-16,-0.00025209880611268124,0.0002507066618277103,0.00013684346256517734,-1.7167627260290808e-05,-0.00012362737203166834,-0.0002548860564449522,0.0002519492151955823,-4.591953973609973e-05,0.00013799250330061817,-8.296240955831327e-05
2020-04-17,-0.00026130407548131365,0.00022387638913946568,0.00016522080723228535,1.1154729697061654e-05,-8.601562003202924e-05,-0.0003522279693222701,0.00026314438972127683,-3.3239184707595584e-05,0.0002476516066589225,-0.00017861010196956913
2020-04-20,-0.00017322597685165788,0.00017533212378664006,7.698992298097113e-05,1.8154568007692357e-05,-4.535475120601498e-05,-0.0003327148328550406,0.00024322979077637252,9.172965829385218e-06,0.00020078226951361286,-0.00017307913398477252
2020-04-21,-0.00019323662865302444,0.00010079057347383235,0.0002488082664727476,3.868192889782893e-06,-0.00018659637878958588,-0.0002217926543239433,0.000263304108650453,-6.741757092619885e-05,0.0001802804465113831,-0.000128081220221659
2020-04-22,-0.0001346602016502683,7.634851394992185e-05,0.00012494715032329812,0.00011359531262548862,-0.00016741399407331665,-0.0002528523103380578,0.00024201347898132955,-5.238667137146685e-05,0.00017142593217263705,-0.00012104554680458963
2020-04-23,-0.00015423973787215294,9.751850209877401e-05,0.00017710047838887443,3.9718217444712194e-05,-0.00020684832259206323,-0.0001968439194371379,0.00027412940109168647,-4.181576437825747e-05,0.00011936618096989454,-0.00010881854539881823
2020-04-24,-0.00012976598820590014,3.2571890553536416e-05,0.00023169479720208533,2.6503153267155247e-05,-0.0001961158457495218,-0.0002553209176126047,0.000333541952058169,-6.631099682530544e-05,0.0001198125144513569,-9.751320601846143e-05
2020-04-27,-0.00014272047878838615,0.00012095175804870172,9.286345869290646e-05,7.811639875655385e-05,-0.00016560704806580038,-0.00021495692277769159,0.00025605118972301874,-4.1874452408654714e-05,0.0001335219869979705,-0.00011721901536160956
2020-04-28,-0.00012395103616921256,6.711821186762253e-05,0.00018888592358674784,-4.5291688510743465e-05,-0.00013005409641879406,-0.00020503384929756313,0.00030756557209019996,-5.556258363368597e-05,6.506240404097717e-05,-6.894886880715392e-05
2020-04-29,-0.00019229999216425152,-4.6103315852735055e-07,0.00042310753495907035,-6.459902556271366e-06,-0.00028713368470364336,-0.0002638837316978745,0.000329463229007022,1.3109675223324166e-05,2.7020837885739085e-05,-3.9465116868144315e-05
2020-04-30,-0.0001690596884202371,1.4708889992287762e-05,0.0003196588637110803,5.184035741389627e-05,-0.0002621568972224794,-0.00029087909177092936,0.0003595685681309054,-1.7385548862489282e-05,2.8319119480648206e-05,-3.670582077245667e-05
2020-05-01,-9.922345835648738e-05,-6.38021926001014e-05,0.00031377439020074385,1.5758274621746615e-05,-0.0001767462737349225,-0.00030291524912352385,0.0003466986375213728,-1.835098031515315e-05,1.630719286722926e-07,-1.405491353154674e-05
2020-05-04,-0.0001572100742312007,5.386795477341916e-05,0.00023257805663363398,1.7483985722935346e-05,-0.00016472671407173145,-0.0002270723568544011,0.0002804899178420993,-3.446116963228777e-05,-1.7067994568296593e-05,1.7432512268118067e-05
2020-05-05,-0.00021855330101124655,0.0001234507558711942,0.00023755279549849827,3.366709771152857e-05,-0.0001691412819942663,-0.0002858992213752012,0.00027796232843297925,1.6439137195291623e-05,-5.331884530224672e-05,3.861527738837495e-05
2020-05-06,-0.00035665320780966614,0.0002581212758778397,0.0003446783926000648,-7.407063748794858e-05,-0.0001705022048055821,-0.0003883704994822202,0.0003217757417654293,9.672205813733223e-05,1.5270656871912286e-05,-4.697821469473208e-05
2020-05-07,-0.0003558990211018898,0.0001902921805322312,0.00045227632201485634,-0.0001040895935302483,-0.00015644692543955656,-0.0004703371825492131,0.00035899940031251104,0.0001293325504897625,-5.330138980343645e-05,1.0308227031453204e-05
2020-05-08,-0.00032943590957457375,0.00020811432077029977,0.00034137736656779686,1.0252014654906503e-05,-0.00021475580261200037,-0.0004410722163481562,0.00030976251761359683,0.00019349114298543302,-7.2475527096761e-05,-5.158136593588769e-06
2020-05-11,-0.0003558562691808847,0.00025682850764610437,0.0003439883663869999,-6.361950614816418e-05,-0.00014581708877560743,-0.0004447334307099817,0.0002667812447282505,0.00022092480265305508,-7.076180278791158e-05,-7.746005568751504e-06
2020-05-12,-0.0003096092762711769,0.0002087945215010858,0.0003218189020634274,-9.868702223146501e-06,-0.00021517599683974547,-0.0003968763551291353,0.00028800516750632655,0.0002068957436519598,-9.58936516637001e-05,1.5595240247141817e-06
2020-05-13,-0.0002626613810652245,0.0001561874443662941,0.00028692175135452925,2.1578956290941144e-05,-0.00021180606777712434,-0.00038477602331032793,0.000359421411288678,0.00011147038856064353,-0.00011749616255514808,4.166498695211407e-05
2020-05-14,-0.0002896515469934448,0.00019738637586051602,0.0002899737447522345,5.91019466666628e-06,-0.00021410423255917386,-0.0003387790463732815,0.0002564426004461025,0.00018384698336509214,-0.00013605594977800575,4.521509891027009e-05
2020-05-15,-0.0003169556168033385,0.0002003218402814224,0.00032746199368510233,5.407810732586103e-05,-0.00028639060916766236,-0.00036421971636403693,0.00028963397648788455,0.00017541344973775238,-0.00011428650077907263,3.528001880006085e-05
2020-05-18,-0.00028665106361041833,0.00012279149846067846,0.0004021990247472891,-2.2270473666588606e-05,-0.00021956829597262256,-0.00033904316384685646,0.0002629409444503952,0.00011487831551842877,-5.704732453818209e-05,2.2579059406195243e-05
2020-05-19,-0.00028217996031574036,0.000139468816334595,0.0003513932350986905,3.030670355393811e-06,-0.00022421581826120212,-0.0003494657162640188,0.00029164595695855763,0.00014078352278244083,-7.133417091495162e-05,5.914251347514943e-07
2020-05-20,-0.00029978197583348915,0.00012565792743152518,0.00044125955955896,-8.264850879100482e-06,-0.00024081828900349113,-0.0003771509400271218,0.0002557574963749738,-3.4028686594425595e-06,0.0003700223770160497,-0.000264812234615875
2020-05-21,-0.00027771266149539844,0.00011613659777123765,0.0003930632350088966,2.2525425768945943e-05,-0.00029944817502350384,-0.00029739993159982187,0.00026749212786162605,4.121062796906723e-05,0.0001706255500856374,-0.00013855903879938201
2020-05-22,-0.0003574937774713648,0.0002241034907679404,0.0003994995835672698,-2.7638271479625207e-05,-0.0002891762871794954,-0.00028392964228488374,0.0002486046922296932,8.22663486639754e-05,9.160994451352239e-05,-8.769479510824588e-05
2020-05-26,-0.0003267688820416041,0.00020280369282015833,0.0003346207361956425,3.105989643301934e-05,-0.0002558204429646319,-0.0003289490119347347,0.00022967498663427604,6.581768872151485e-05,0.00023201631579316574,-0.00018383767496872247
2020-05-27,-0.000281379363259578,0.0001311455285165871,0.0003519046680540796,7.528553610197425e-05,-0.0002642051604107407,-0.00035839073618204424,0.00023732961404332106,7.436559635069957e-05,0.00022032387999089235,-0.00018990745939368586
2020-05-28,-0.0003346626072441366,0.0002410287936436507,0.0003337110586740981,-2.172735242146357e-05,-0.00020517654283925798,-0.0004110408825284649,0.00030095410337386587,5.968674632401451e-05,0.0002949416291827874,-0.00025880900496209197
2020-05-29,-0.0004119478282044646,0.0002734572662990275,0.00039815359063257024,2.6167218832589103e-05,-0.0002763918772046871,-0.0004618896115352331,0.00032352221853599716,4.445034892202292e-05,0.0003562074835362708,-0.00027136253355188565
2020-06-01,-0.0004143257794766103,0.0002889840835009075,0.0004332244352346793,-0.0001353041914002543,-0.00015331002550574534,-0.0003823102101662653,0.00025542343349054236,9.854924881355642e-08,0.0003850047764240583,-0.00027812703715517605
2020-06-02,-0.00035437038200757955,0.00023749038729029134,0.0003611649673783352,5.995373075368387e-05,-0.00028161848771133223,-0.0004397201221166126,0.0002825979553954562,1.5916647984981144e-05,0.0003916590140975156,-0.0002725862723017246
2020-06-03,-0.00033503121766353516,0.0002586373135227537,0.00024893450418422575,1.2003700924832295e-05,-7.982132665322605e-05,-0.00046918302190955335,0.00022143469954060118,6.94997868610648e-05,0.0003453548598805513,-0.0002727454971167397
2020-06-04,-0.00037458781109631577,0.0002464574846927077,0.0003468907540661861,3.822107410647959e-05,-0.00016118851709729862,-0.0005353088848836368,0.00023996177387575202,9.953491259966085e-05,0.0004103243604210039,-0.0003104766992252303
2020-06-05,-0.00037736259131992793,0.00023380846285577265,0.0003798435208068225,0.0001015463275260216,-0.0002728146130822435,-0.0005058424452066782,0.0002307986158062705,0.00011656791818067357,0.00040631040519645105,-0.00031312314292824064
2020-06-08,-0.0003468123391005356,0.0001862280151067046,0.0003784678985681233,8.909362013684438e-05,-0.00021131863864515526,-0.0005435902688405315,0.0002503545190379042,8.084247683665807e-05,0.0004135680191997941,-0.00029628575819401134
2020-06-09,-0.0003272461717428374,0.0001057582742571817,0.00044993460591107753,0.00013957301278605828,-0.00027141938953816535,-0.0006281352777221371,0.000298464096938459,0.0001612386587091716,0.00036958916220779237,-0.00029781869425202917
2020-06-10,-0.00038641764994684765,0.00020607342254926552,0.000439627401945945,5.3151777558485894e-05,-0.00017973586530070336,-0.0006451007100788499,0.0002369149809834277,0.0001640134772129525,0.00048145368798278854,-0.0003698480576837075
2020-06-11,-0.0002585606155296443,8.922887942182118e-05,0.0003683442016428468,7.270521049751997e-05,-0.00021632822893384107,-0.0004558048825780716,0.00026710958971283734,2.6132207039288383e-05,0.00040248553064496477,-0.00029536020081399016
2020-06-12,-0.0003338314297213244,0.0001601110175482568,0.00037658510973738804,0.00013776508826776807,-0.00024757320893465046,-0.0005658467668153483,0.0002436423684914115,0.00011852446223685736,0.0004491051132000899,-0.0003385843014834418
2020-06-15,-0.0002858501145143462,0.00016623477501274725,0.0002594752363654484,0.00018022277721501984,-0.00020183485606184307,-0.0005518008813476397,0.00023133536003061214,9.037092070373048e-05,0.00043815891753483036,-0.00032702068895795744
2020-06-16,-0.0003223336607565356,0.00017741726817972823,0.000296237784854189,0.00024413048207261962,-0.0002623510543743289,-0.0006302659208915415,0.00021822926489042938,0.00018231074175899947,0.00045259001003755163,-0.0003561213969075633
2020-06-17,-0.0002932088029997085,0.00010337394533628573,0.00042077146708386303,7.584630356088418e-05,-0.0002194157748278986,-0.0005666165564679609,0.00019787148158108715,0.00018075684755794463,0.0004934051616258817,-0.00039243333208903615
2020-06-18,-0.0002895048394160303,7.51396492141307e-05,0.00045480633655629724,9.317282853440784e-05,-0.0002863362576470533,-0.0004802808314720887,0.00024094178645226762,0.00010928941237655591,0.0003634637966996486,-0.0002804076937878118
2020-06-19,-0.0003009576707737366,0.00013371936301503125,0.00037881425427474915,0.0001057563950391928,-0.00025451998009177893,-0.0005017936321073052,0.0002465446275780074,0.0001237074667293052,0.0003281862508787009,-0.0002594199415921015
2020-06-22,-0.0003043839119200042,0.00018323110425886983,0.00029018552591478274,0.00014003227517005797,-0.00025141518027656197,-0.00047577423870220556,0.00023092767106048552,0.00010417147476347605,0.00033548759169003614,-0.00025061557458655806
2020-06-23,-0.000298885357838776,9.934204459277119e-05,0.00042030078287239774,8.158403827709113e-05,-0.00020886684959428624,-0.0005449582455734408,0.00023815506025436778,0.0001619281055743587,0.0003219766965417946,-0.00027083932262017205
2020-06-24,-0.0002830470500815661,0.00015583673718619654,0.0003086608098205575,0.00014777808552991355,-0.0003037541907399597,-0.0004369896155830494,0.00022716680638166543,0.00013392068608470212,0.00033778480902595456,-0.0002881884535616344
2020-06-25,-0.0002868633432351259,0.00012249893541056343,0.00036474190502127236,6.184786070585237e-05,-0.0002011943906781266,-0.0004942518735601051,0.0003313118414846458,2.6928899265366013e-05,0.00031437009286178555,-0.00023978181580269764
2020-06-26,-0.0003617274893670925,0.00019905624532431856,0.0003933038335920949,0.0001021838245075157,-0.0002962935478763868,-0.00045495730821232695,0.00026571395284573016,4.841150286721569e-05,0.00035633047160103445,-0.0002512958067137916
2020-06-29,-0.0004014676267338653,0.0002903285847680934,0.0003328722949633453,0.00010255863942714772,-0.0002626414037839582,-0.0004977224012907237,0.00021339955147629992,0.0001490978111959784,0.0003560288602351899,-0.00028264235224124794
2020-06-30,-0.0003466630776078454,0.00021243789776486505,0.0003339802001982321,0.00013469143792855837,-0.0002682254253043577,-0.0005042090191855805,0.0002385504126168267,0.00012842086814131813,0.00034017643543061103,-0.0002693688232985516
2020-07-01,-0.00036439933624026356,0.0002331094390093727,0.0003583266501757459,0.00013798689251377262,-0.00033179258594433886,-0.0005298342417385114,0.00029024087017501775,0.00017271151782394766,0.00030980839131423965,-0.00027651436982028404
2020-07-02,-0.0003404760640483603,0.00016396080241541265,0.0004041224266215528,0.00011344702711488437,-0.0002314251238818572,-0.0005990447370156447,0.00022958417004530825,0.00020050340874595493,0.0003524812910827343,-0.00029387784162913586
2020-07-06,-0.0002944762142733715,0.0001273616414855965,0.00038588457251978047,9.54075247664801e-05,-0.00026778842984130874,-0.0004757190624937271,0.00022453310420656944,0.0001707937229248925,0.0002941597490267109,-0.0002610395905871532
2020-07-07,-0.00030474060073907845,0.00020541647616077957,0.0002631304886750148,0.00011597484811017391,-0.0001873321626207345,-0.00048772595040132323,0.00019568755938176047,0.00014139302323973833,0.00029417365558008675,-0.0002358932810185288
2020-07-08,-0.00032214150507764504,0.00020857551505493177,0.0002849341324820125,0.00012602292898337476,-0.00021204503002656707,-0.00047812715633709004,0.00016649144270008097,0.00019096262708165595,0.0002673997649058728,-0.0002325543949322842
2020-07-09,-0.00032892096354615857,0.00021683265865635225,0.00029831562248609864,0.0001180768570820574,-0.00025283917452650776,-0.00045467052484878846,0.00021416871497416216,0.00015933270750850218,0.0002242342379748883,-0.000194650998700285
2020-07-10,-0.00030446302121677057,0.00015959804602582567,0.00034576927581759023,0.00010895124054237306,-0.00024327922444231423,-0.00047816605822374996,0.00021995096075262677,0.00013673319383781385,0.000293372038163698,-0.00023848156833258978
2020-07-13,-0.0002680348522821098,9.273078456467155e-05,0.0003829178729794528,7.500485414403788e-05,-0.00024219411608509558,-0.0004226448980073341,0.0002039094013828761,0.00013243264934050761,0.0002547959041124849,-0.0002101289894072371
2020-07-14,-0.00022769953512318322,-2.772249027258272e-05,0.000517730336528399,-3.690967365891414e-05,-0.00013756584947574482,-0.0005145972653554255,0.0002152399254097808,0.00016243373676934694,0.0002763044304436961,-0.00022697410617823419
2020-07-15,-0.0002008832429303963,2.5960575847248793e-05,0.0003070202290070736,0.00018093905101464734,-0.00021724197297549918,-0.000513006418999512,0.00018922720955648342,0.00018979250105535025,0.000263015380826433,-0.00022449790756546434
2020-07-16,-0.00027554292000678726,0.00012483304134709868,0.00033835638613531486,0.00018017565916906273,-0.00032799253846531925,-0.0004567945422930264,0.00020782971152489942,0.00016031499306751618,0.0002684016780620073,-0.0002210254999334329
2020-07-17,-0.00030575532885877507,0.00013712815826385843,0.0003958616141460248,3.931008523254918e-05,-0.00021237419906157016,-0.0004359541165810544,0.00016586891552174306,0.00017233677754417785,0.0002613472724605024,-0.0002177165521697385
2020-07-20,-0.00024356502821700887,0.00010418464251788113,0.00027870414241891895,0.00016305478781308857,-0.0002490594098349002,-0.0004140272785977152,0.0002229350118048562,5.7897258067189476e-05,0.0002770273193025818,-0.00019388660296897238
2020-07-21,-0.0002355341949462058,2.8236186518526378e-05,0.0004312950702248606,6.071891324234326e-05,-0.00021925118187229604,-0.0004477518126733892,0.00020140924384793799,0.00013067620417047884,0.0002840455905727679,-0.0002349050470990873
2020-07-22,-0.0002593364432330579,0.00011508677279667878,0.0003326334371180151,7.422167338357218e-05,-0.00020376170672046362,-0.0004327693678067455,0.00022233554162296235,7.31867566020096e-05,0.0003186634345033086,-0.00024000452780720098
2020-07-23,-0.00024190601827162538,7.427152789204181e-05,0.0003189067558679263,0.00021517177633340935,-0.0003502830242082583,-0.0004141705859204486,0.0002083876846666619,0.00015140907092247007,0.00023207147029151443,-0.00019345798081922723
2020-07-24,-0.0003503981488267201,0.00015695675811493062,0.0004914989962607294,-1.540165621176197e-05,-0.0002749186217911523,-0.00042311078674769995,0.00021211363233566028,0.00016873141349906928,0.00027512617564012104,-0.00023775275429788884
2020-07-27,-0.00032259136886784003,0.0001993419954941821,0.00033463620660203813,7.117790865578946e-05,-0.00026569474176458023,-0.00033913057253894246,0.00012895500958096627,0.0001563384011846981,0.00023769797468642558,-0.00020080687294483056
2020-07-28,-0.0002716100996586507,6.208234093566878e-05,0.0004239476602635639,0.00011497399435650337,-0.00027481221703433314,-0.0004828065133519466,0.00022249744740735888,0.00017802484364388537,0.00018220481881742363,-0.0001535913900103103
2020-07-29,-0.00027284746089813075,9.690207256329354e-05,0.00040889895564347883,4.72906362064525e-05,-0.00022927437021117965,-0.0004472123706274378,0.00022969643501545914,0.0001282375893642291,0.00024359093666199289,-0.00020833130704767285
2020-07-30,-0.0002802418440004701,0.0001512492062179828,0.0003212007666305325,5.261377530459718e-05,-0.00019080595769118292,-0.000430197017627967,0.0002054523301963703,0.00016053808270622295,0.00016262663327213517,-0.000152523134911842
2020-07-31,-0.00029037405367827855,8.391387910193222e-05,0.0004114216348182888,0.0001909913285558088,-0.00034536469498780875,-0.0005036391076687313,0.00020876221148983512,0.00023538187085132747,0.00017754884101100175,-0.0001685745021268656
2020-08-03,-0.00028293577150116005,8.771641712385179e-05,0.00041132561535360264,9.10491522699839e-05,-0.00024143956757654086,-0.0004961561025243135,0.0002078838688133449,0.00020466433595043264,0.00022243715442242518,-0.000204570533258841
2020-08-04,-0.0003500079371007872,8.154407154992247e-05,0.0005780935055453222,0.00011228446915466437,-0.0004190822072088138,-0.0004943477491941978,0.000216961388323258,0.00028162548722780734,0.00018432209972255205,-0.00019139614557561573
2020-08-05,-0.0003150611464294729,0.00015198496336655295,0.0003766368837861565,7.486180334859648e-05,-0.0002336612703091696,-0.0004490797476114608,0.00017890206276346228,0.0001937450934061261,0.00022415211395559846,-0.00020273402247794614
2020-08-06,-0.0002929327961101922,4.5701647822124925e-05,0.0005372829513854284,2.3189697976654404e-05,-0.0002685121878286366,-0.0005372350674221686,0.00022847699980703363,0.00028311598331721196,0.00018613113384071192,-0.00020587118370995333
2020-08-07,-0.0003262793758233582,0.00010309332291537311,0.00047411459632191967,0.00011855590157494947,-0.00030868267812804266,-0.0005271034311373352,0.0002091559275524419,0.00023891378569621934,0.00021070060803227326,-0.0001922958357256071
2020-08-10,-0.0003048690021091895,0.00014519995156039227,0.0003377393440528961,0.00018122622151922445,-0.0002691477601793244,-0.0005382371284122097,0.00016121424179200376,0.0002563232165901158,0.0002771803554557084,-0.0002466326752987649
2020-08-11,-0.0002615015754059771,3.218753463381393e-05,0.000435220160729857,0.00016338886950752044,-0.00025332411994834344,-0.0005937237896757397,0.0001610701374916458,0.0002989266526652922,0.0002655636247255542,-0.0002480437538071277
2020-08-12,-0.0002602812564260527,8.481394123492397e-05,0.0003277761938695993,0.00020107744154129162,-0.0002304772211506208,-0.0005806130458632834,0.00014491261582381,0.00029442627740744465,0.0002473007716909635,-0.0002288720756891023
2020-08-13,-0.00031996059742393627,0.00011166873575686005,0.00042825598376978287,0.00015526652311693306,-0.0003128467426583186,-0.0005173857445053792,0.00016309573137531126,0.0002473766220504334,0.0003149972816506672,-0.00027047926524284734
2020-08-14,-0.000339825476357857,0.0001442154158025925,0.0004329028378200206,0.0001255144889905158,-0.00022695993424435125,-0.0006493627725413526,0.00019310957662234396,0.00030849106346305093,0.0002617643992235616,-0.0002531244315631242
2020-08-17,-0.0003288853626895261,0.00013631570161299115,0.0004082473398230508,0.0001126196630963491,-0.00020689658840372617,-0.0005649804697891881,0.00012129538714583492,0.0002748004952284541,0.00027406725988591944,-0.00022570098979114196
2020-08-18,-0.0004121049526575784,0.0002389883674218309,0.000403392042491671,0.00013585065819291583,-0.0002378870693889243,-0.0006150470021907767,0.00012365767101589313,0.0003206538103999934,0.00026572175380053936,-0.00022193012838540686
2020-08-19,-0.0002925432148104142,9.494213956675679e-05,0.000400661087555126,0.00014477818716393618,-0.0002550625516394558,-0.0004986346857884204,8.910990254440334e-05,0.0002360579526065297,0.00040159924841605757,-0.0003207076366815286
2020-08-20,-0.0003216146360648373,0.00018696244919806084,0.00033446416423211383,0.00015360437688488517,-0.00028657723288963216,-0.0005498321506062394,0.00018580695407569014,0.0002759694735794734,0.0003074757411342544,-0.0002865348240599225
2020-08-21,-0.0002937523181029025,0.00011585282572111025,0.00033657111239102176,0.00026865202661696436,-0.00036122857307291346,-0.0005393923989485501,0.00017485847300574217,0.0002497756950049319,0.00033420653175381815,-0.0002872001282700175
2020-08-24,-0.00024175898140663945,2.7622597671242942e-05,0.00042024575478907204,8.626529269274794e-05,-0.00017015298010114978,-0.0005248443893952712,0.00014216394555438376,0.00019876915396454913,0.0003569230711850009,-0.00029656921711167933
2020-08-25,-0.0002771533882120539,9.235930947477542e-05,0.00036868409443818403,0.00017165418307675583,-0.0002539821219184053,-0.0005175811909523221,8.115798096433417e-05,0.0002794961150922228,0.00036638554294726906,-0.00031120383836251084
2020-08-26,-0.00027161890590521906,0.00010044997249290181,0.00028108894747829187,0.0002906863244022267,-0.00023064253492008314,-0.0006942208489799061,0.00019269342247088452,0.0002578975142707267,0.00041634948640125423,-0.0003434198807814523
2020-08-27,-0.0002566307356928568,2.3546028458939572e-05,0.00039660044452223715,0.0002450217069759708,-0.0002522988851829551,-0.0006485596880423804,0.00013599973997577026,0.00027772697108024817,0.00044799936977892897,-0.0003696558434379965
2020-08-28,-0.0003358364592213612,0.00010088454159729488,0.00045126797919572774,0.00026857235427302575,-0.00031397098928602723,-0.0007318526655666815,0.00011258101781976004,0.00038560822249959596,0.00045042182290650976,-0.0003897625786444311
2020-08-31,-0.00038062536217552557,0.00018986271925427946,0.00039339421795206073,0.000277770657411169,-0.0003673737223284317,-0.0006455411680865442,0.00012588637040990888,0.0003380551223472351,0.00041943546631848655,-0.0003506552077743811
2020-09-01,-0.00032342339048965145,0.00014649989513847487,0.0003693517285496136,0.00022998846452212778,-0.000330995892656177,-0.0005753662442056183,8.26588403242904e-05,0.0003741970289082106,0.00037364889926670523,-0.000347234488068858
2020-09-02,-0.0002572128065583949,4.631619023585617e-05,0.00038799838094228127,0.00020466711335335574,-0.00023352490041875815,-0.0005916236393690589,4.734750059753011e-05,0.00034009600012245046,0.0003745218033335534,-0.000318363821129191
2020-09-03,-0.0002844511802933584,0.00010896026575084056,0.00034643503605183445,0.0001877354157749818,-0.0002126655040061297,-0.0006039359675352996,8.039191998140786e-05,0.00031549565566272447,0.0004138802449027545,-0.00035208935625293154
2020-09-04,-0.00031780793438379866,0.00010042001788077189,0.0004316533375553046,0.00014891290983604522,-0.0002139704284715234,-0.0005787644139928988,2.6169293804148043e-05,0.00030048692987874777,0.00047743958278875787,-0.00037412552959210747
2020-09-08,-0.00034034314480335063,0.00010336061269222274,0.0004908559757106253,0.0001213075155061449,-0.00024489580824347927,-0.0005776939507775962,-1.549116927424335e-06,0.00031897594784614965,0.0005014362635847106,-0.0003705250259723007
2020-09-09,-0.000389521647831375,0.0001679594057284661,0.00046388663865595727,0.00017111421289061658,-0.00023530458876933058,-0.0006415018453997216,-1.607382983308519e-05,0.00035634485873533867,0.0005641126330792265,-0.0004399738285309866
2020-09-10,-0.0002900360749014295,4.077874915108144e-06,0.000532391511941406,0.00013654469596986567,-0.0002058305023502592,-0.0006745322386423943,3.656623809319276e-05,0.00035958334050913837,0.0005308868651757812,-0.00042944032415357346
2020-09-11,-0.000316069518814569,9.242322669950737e-05,0.00043746411359881377,0.00014747620134977334,-0.00020388809716006813,-0.0005947607176235766,3.695324652783563e-06,0.0003235850571454155,0.0005235249173682257,-0.00041261797318803764
2020-09-14,-0.0003553421064089906,0.00013900495552248977,0.0004650147126522798,0.00015902422705583313,-0.0002947622891595499,-0.0005790106708354692,2.8600201807107636e-05,0.00036167555691769306,0.0004957693348467598,-0.00042098095212334333
2020-09-15,-0.00030642210671598695,9.035843255138232e-05,0.0004163974407871162,0.00020068951849051744,-0.000266373031823406,-0.0005733384457594507,1.9157781926791226e-05,0.0003384267213450247,0.0004526696645523118,-0.00037207080517915117
2020-09-16,-0.00025429269139738047,7.332748300320317e-05,0.0003342811595089966,0.00022799706981322613,-0.0002617264250874974,-0.0005254806875977097,2.4469788170985995e-05,0.0003039157570224448,0.00046190236845404693,-0.000384910272163249
2020-09-17,-0.00032543333620829165,0.00014226025975539944,0.0004195096456895478,0.0001338738103735396,-0.0002787355686736544,-0.0005360555958676422,3.4705740595620746e-05,0.00034550993016325103,0.0004827404029176807,-0.00041975216373862055
2020-09-18,-0.00035624951819707065,0.00013921149260665336,0.00045111192958211845,0.0001862994846855686,-0.0003331999945969152,-0.0005205048656924428,2.4980843415405192e-05,0.0003106089235740961,0.0005085602456179669,-0.00041070271130378214
2020-09-21,-0.00030092426136313203,8.396907936640227e-05,0.00038882363482820926,0.00023968824734711246,-0.00025137546863883485,-0.0005874013386928676,-8.876967371241815e-06,0.0003031913326384597,0.0005247631867473825,-0.0003904413399354271
2020-09-22,-0.0003186426443430165,9.238449154747312e-05,0.0004303650662820246,0.00020245509149154073,-0.0002933014148469716,-0.0005518871881573613,1.3201632905251656e-05,0.0003243889798318425,0.0004908322593893191,-0.000388643604582602
2020-09-23,-0.00027967839062842934,2.6090509675610624e-05,0.00045949412038595247,0.00023524152293746912,-0.0003509101596617134,-0.0004908855362825634,-1.309252674991726e-05,0.00030928886122305946,0.000489826990367993,-0.00038474027346668306
2020-09-24,-0.0002803744558224023,8.605338292823274e-05,0.0003699177238156795,0.0002143569114318811,-0.00026404381367286785,-0.0005641825839078672,4.911566697215e-05,0.00030974957846232557,0.0004601594420595625,-0.00038093311865759066
2020-09-25,-0.0003132541610623989,9.634179626378473e-05,0.0004389835308292397,0.00013467254140966706,-0.00023374599341838753,-0.0005482844106541231,4.5103174184905545e-05,0.00028146614365667615,0.00048251296533996513,-0.00038356322007006977
2020-09-28,-0.00025064136825806425,4.1402825813028265e-05,0.00036175870403449347,0.0002430461130598499,-0.00022255868439891263,-0.0006239146390633263,7.44180888075114e-05,0.00030237518093982185,0.0004414378588789101,-0.0003685365381299408
2020-09-29,-0.0003889206494632766,0.00014417835661951952,0.0005205232363896058,0.00015089388583210367,-0.0003048566071618174,-0.0006194618719034795,5.9970258364054445e-05,0.000364399856057334,0.00045417308676371816,-0.00038114414774502274
2020-09-30,-0.00031422432511896137,9.322491978195702e-05,0.00042231366011845546,0.00017495799154935814,-0.0002385974428049931,-0.0005270759004608796,1.0696523836896746e-05,0.0002802624067729416,0.00042522750685104575,-0.000326417864912101
2020-10-01,-0.00027992407286205165,5.959493930874282e-05,0.0004063630262408338,0.0002179291659802525,-0.00026826894768380567,-0.0005731360547974471,1.8918149554462277e-05,0.00031545763504995696,0.0005062302607714998,-0.00040277379888354475
2020-10-02,-0.0003353781566652694,0.0001406168540355158,0.000427124737905935,0.00014383115332140817,-0.00027576937667737086,-0.0005580413309802714,7.767723378758733e-05,0.0003228416239220728,0.0004451982398144122,-0.00038906540186378277
2020-10-05,-0.00032135997521005855,0.00010741648607030026,0.00042558456353652854,0.0001499425362782563,-0.00022732075414663429,-0.000588246562989613,7.410641713691008e-05,0.00029240469948344037,0.00045125932427845204,-0.00036350066250273247
2020-10-06,-0.00035377263306129157,6.382905178477683e-05,0.0005811188949668379,0.00014766919144094514,-0.00037166968994190204,-0.0005395257071288211,7.093071854803127e-05,0.0003058377781704853,0.0004891423744995804,-0.0003935204099294199
2020-10-07,-0.00032477134064750235,0.00014896442273793094,0.00039236415180520824,0.00015246158347435109,-0.00023664878075989456,-0.0005836748492563191,-1.1722819280801655e-05,0.000397904413745178,0.0004711028996662297,-0.0004061803608136974
2020-10-08,-0.0004325195178647534,0.00020338638795348342,0.0005337854135735987,7.619596196401738e-05,-0.00028924423319469155,-0.000538496158631936,2.5838350265920684e-05,0.0003379682801183939,0.00046113900938357655,-0.0003779286050904114
2020-10-09,-0.0003650143811189605,0.00010039959869332575,0.0005434725566266364,0.00013570916896738232,-0.0003095825888081091,-0.0005827474407539401,3.660703338096826e-05,0.0003866263090470303,0.00040811519487694847,-0.00035327747632703244
2020-10-13,-0.00028395364110558484,9.314407927436797e-05,0.0003698119295365539,0.00024368227923332706,-0.00032459038550825643,-0.0005835401054324796,0.00010724829730311691,0.0003219060058632598,0.000438777318640126,-0.0003830458570507119
2020-10-14,-0.0002829231849829851,5.895458181321323e-05,0.00042111127266942616,0.00016078375267141072,-0.0002046307100792076,-0.0005983011665665833,6.852477117629159e-05,0.00028077994122028497,0.00047685478054231706,-0.000381307449306912
2020-10-15,-0.00030055466581553375,0.00012721681356784404,0.00036244975896653907,0.00015574568735676926,-0.00024544380027672784,-0.0004857080035522809,5.5208968558952826e-05,0.0002472681883716604,0.0004233898635767012,-0.00033954166980407034
2020-10-16,-0.0003260025408049407,0.00013036693811457022,0.00039474444752557783,0.00018381201785138204,-0.00025263039405640795,-0.0005636159938607224,3.703794523178278e-05,0.0003131360147774513,0.0004463623039239542,-0.00036313638091307367
2020-10-19,-0.000264543541294536,3.440515287526317e-05,0.0004196089043515313,0.00023710807696549385,-0.000316588179878895,-0.0005199562199175427,-1.1881670000891617e-05,0.0003563703917491721,0.0004147270840274917,-0.0003493625784989039
2020-10-20,-0.00039658480390942054,0.0001626085907075925,0.0005119041407604542,0.0001320248052402804,-0.00028339058495718546,-0.00062631223237683,7.840136395724246e-05,0.0003470919105500892,0.00045191866587954675,-0.00037753481211674766
2020-10-21,-0.000389099108943845,0.00016880586212698347,0.0005075264585167774,9.222141124514728e-05,-0.0002606959514088753,-0.000561735149597598,6.97522737763169e-06,0.00034546170044254775,0.0005152424505614744,-0.0004252240657065809
2020-10-22,-0.00038721698714126035,0.00013654150032717184,0.0005123876459628015,0.00019366477671730665,-0.00033615001536948337,-0.0006348372288827015,8.033032285670056e-05,0.0003770925335082678,0.0004047350195505988,-0.0003463467995835426
2020-10-23,-0.0003042173225522168,9.715109394340163e-05,0.0003527516181177626,0.0003467441116822953,-0.00034515524318216124,-0.0006684327237947655,9.997129575996071e-05,0.00034656733545780985,0.0004477287201525206,-0.00037314343365592653
2020-10-26,-0.00034445961186029494,0.0001301787501064547,0.000396476768530177,0.00031880334973198696,-0.0004108908425052237,-0.0005829639429763347,0.00010996449926835121,0.0002876524419852724,0.00048041910290892373,-0.0003851083216833834
2020-10-27,-0.0003009633124854544,9.989642946167188e-05,0.00037915752715466755,0.00026579017724232185,-0.0003242670591239508,-0.0005872954465945008,8.182968043584336e-05,0.0003152130952660988,0.0004261838085004594,-0.00035583312674035764
2020-10-28,-0.00029613318128061993,9.944558366943817e-05,0.00037218301171600284,0.0002550178578123593,-0.0003335501983697572,-0.0005898420900026964,8.654545643936584e-05,0.00033052828917839484,0.0004704187823372924,-0.0003948163736557774
2020-10-29,-0.0003330196493767873,8.853644761931071e-05,0.0004630543240678306,0.00024696287786164545,-0.00037793660122721704,-0.0005606075645987834,8.249778327182149e-05,0.0003397323039166164,0.0003830101560312396,-0.0003324688465525631
2020-10-30,-0.00045590243727767154,0.0001587942536756214,0.000640891834436936,0.0001607368567744065,-0.0004246800099657834,-0.000662913473430313,0.0001710009390472186,0.0003440515374362133,0.0004377552560942896,-0.0003700037985459523
2020-11-02,-0.0004201163254546707,0.00014104903821218046,0.0005590735979031604,0.00024928980838810556,-0.0004112783773625667,-0.0006735408210117792,0.00012029116565094762,0.00035095803886289224,0.00042963031996137886,-0.0003434824357064284
2020-11-03,-0.000436361348781035,0.00014297874076641542,0.0005790543130626599,0.00026511482218677385,-0.00041957555119940615,-0.0007331040423242626,0.00012285063383256183,0.0004159612676676791,0.00043232804428921384,-0.00036888964371495706
2020-11-04,-0.00029327533952968774,4.364180727578254e-05,0.0004704280184237373,0.0001929781002313188,-0.00029683822378995554,-0.0005820780214308959,7.203557634130001e-05,0.00030398211313276743,0.00046536763521357744,-0.00037604162608007724
2020-11-05,-0.00030693365503046965,4.696999851073677e-05,0.0004903701656597214,0.00020738830550132842,-0.0003066672757422082,-0.0006362349336990281,9.936701245728992e-05,0.000340522601579088,0.00041295568791462414,-0.00034667610759878467
2020-11-06,-0.0003073662945923385,0.00010605256900405799,0.00038465756181913966,0.0002168512360578112,-0.00024718502505978934,-0.0006326312673650596,6.606644824504095e-05,0.0003583114377819982,0.00039664779484780213,-0.00034140231802371607
2020-11-09,-0.0003086454469512065,8.831418214902886e-05,0.0004157771414056721,0.0001965589073684897,-0.00022311992197366183,-0.0006585135561359172,6.304682092497446e-05,0.00035859819708953036,0.0004268968600106733,-0.0003587431691337399
2020-11-10,-0.0003276590992199104,0.00012244197680677852,0.0003787972692099572,0.000275945324855997,-0.00028528815792110834,-0.0006538300340466607,5.7746600600929246e-05,0.00035063238699713575,0.0004292246237827778,-0.00034736974689586475
2020-11-12,-0.0002790526909706146,2.706686658248943e-05,0.0004704514901355877,0.00019604947153565276,-0.00027732680570617674,-0.0006248301877965264,8.68064241010295e-05,0.0003326270249261673,0.0004210402674113354,-0.00035287102409573695
2020-11-13,-0.0003066971131716271,9.196099178874757e-05,0.00041822404640622416,0.00020814783571604465,-0.0002964028619988788,-0.0005873947800357788,9.987863345278097e-05,0.00032835711921922264,0.0004075540433057124,-0.0003642331221606551
2020-11-16,-0.00038161738312570575,0.0002117486187447411,0.0003296928946363378,0.00030905425539909143,-0.00030141065486481754,-0.0006979462201250532,8.735040038364977e-05,0.0004153708021973797,0.0003977212994855789,-0.00037140794085552264
2020-11-17,-0.0003065822802628853,7.865284484097606e-05,0.0003980557699540569,0.0003159050842765827,-0.000343615558867126,-0.0006543655129627791,8.652865695733987e-05,0.0003627999637773934,0.0004055477539382929,-0.0003426230034645032
2020-11-18,-0.00032405542576653137,0.00011847459237297677,0.00040095704454705633,0.00022863436687483901,-0.00028155241989135825,-0.0006058237613132712,6.461770474511502e-05,0.0003024852413505072,0.0004934779935821063,-0.00039578863341728845
2020-11-19,-0.00037030561042314847,0.00018481986841028196,0.0003602640074817471,0.00033030266116655443,-0.0003493385733102992,-0.0006645740653353619,9.569967457001907e-05,0.00032348418808702227,0.0004581654670387722,-0.0003684505985637257
2020-11-20,-0.00038219249514292986,0.0001933770751908492,0.0004023627669597692,0.0002178194793649986,-0.0003338229373147238,-0.0006125035707856981,0.00018148619843052442,0.0002672294776596435,0.00038912828898272217,-0.0003226420329838411
2020-11-23,-0.00026180222416963587,4.246465300072704e-05,0.00037356967872775393,0.00025751290268593457,-0.00025960367657915746,-0.0006589032606987917,0.00015871563508680717,0.00028815774197193424,0.00038151433922846423,-0.00032179883624900395
2020-11-24,-0.0003319850458342684,0.00011883630914404845,0.00041084990976268513,0.00024069048811057388,-0.00027639154224568885,-0.0007129628074810019,0.0001594297468138304,0.00032244348968962257,0.00043726981142782305,-0.00036882848962183426
2020-11-25,-0.0002925273516521201,4.290538481286233e-05,0.000416324026712128,0.00033731932468039193,-0.0003733026416706292,-0.0006945365645727422,0.00017907203372382642,0.0003210514787359321,0.00042274161011417004,-0.000360255788818941
2020-11-27,-0.0003254991640530922,0.00010844008112951523,0.0003985801072662325,0.00028986740465466337,-0.0003419803068561147,-0.0006379773822054544,0.0001147741276760119,0.00032485460292512244,0.0004114075175849635,-0.0003422265282178351
2020-11-30,-0.0003532956827495829,8.255503679838292e-05,0.0004710122169957699,0.0003481429117077651,-0.000401383180116752,-0.0007276175700584317,0.00020345543419476256,0.0002903145297248385,0.00043089496060375043,-0.00034599771537130106
2020-12-01,-0.00036441280132553126,9.997416933392195e-05,0.0004946299667458853,0.0002795524225411468,-0.00040200094923621395,-0.0006530148975537964,0.00013809190302669673,0.00031816629258682276,0.0004834863856612182,-0.0003940818459368077
2020-12-02,-0.0003838898960402653,0.0001335270957236825,0.0004859494181042956,0.00027821294479763955,-0.0003523624300785168,-0.0007184002595679922,8.607609881585744e-05,0.0003814789479040827,0.0005128292534353762,-0.0004229247969944408
2020-12-03,-0.00036772862791487895,0.00011914785855070753,0.0004404373327869869,0.0003367070610316039,-0.00035670021027042276,-0.000743481733282,0.00011684552437205096,0.00036174450894774224,0.0004545579460310898,-0.0003602888865375624
2020-12-04,-0.0004189968800045699,0.0001353913318483061,0.0005297387434704457,0.00033348525372086366,-0.00042439444582544365,-0.0007608733838210145,8.71301864492132e-05,0.00042254281161295017,0.0005429361572433303,-0.00044652421698408024
2020-12-07,-0.00044629673888522384,0.00020525097099873186,0.0005064254308419203,0.0002478479117561123,-0.0003656372424939488,-0.0007298967316949501,6.488281220153654e-05,0.0004422124274769835,0.0005208924494831159,-0.0004457871998648881
2020-12-08,-0.0003553916020346854,8.950168707802346e-05,0.0004911970002357095,0.00026154658027982905,-0.0003130634692570236,-0.0007116248235583965,2.5642327186502917e-05,0.0004395037706210643,0.00046251635370299707,-0.00038938601153029606
2020-12-09,-0.00036756495426904076,0.0001285193639879959,0.000454100610933639,0.00032941282967351355,-0.0003971391917222309,-0.0007430800682648887,7.748298870375453e-05,0.0004867390677562797,0.0004318795870292026,-0.0004007285400627024
2020-12-10,-0.00037418198984142173,0.00013538062634056518,0.0004913228165742446,0.00022865762100863097,-0.000344265343425367,-0.0007141842385333459,5.296545286458815e-05,0.0005043738925267268,0.0004127603378758088,-0.0003931831837447296
2020-12-11,-0.00039574369810772305,8.217661423538596e-05,0.0006309676062798255,0.00014796171910891136,-0.00031103378260946427,-0.0007036065821498742,4.038755220954482e-05,0.0004779594686439327,0.0004060565163204813,-0.00037637560233650183
2020-12-14,-0.00035365526425414876,2.9308484169409343e-05,0.0005862929000182739,0.0003143587470295509,-0.0004379024090971958,-0.0007233915452910106,2.3806151518587088e-05,0.0004633413593883983,0.0004918548676409416,-0.00039126502714495817
2020-12-15,-0.0003968924543516142,0.00010647158082083437,0.0005804739893773821,0.0001912897622734931,-0.0003019276403325205,-0.0007663646475388804,2.621995342497619e-05,0.0005161405613401098,0.0004768194985496424,-0.00043217047894218014
2020-12-16,-0.00038631605386329907,0.00011395998639460018,0.0004894809224907455,0.0003186854280859408,-0.00035146798139054245,-0.0007814357172286884,2.5375911792095175e-05,0.0005119155970877941,0.0005088843652549854,-0.0004478645047817191
2020-12-17,-0.0004104596104031443,0.00016438806589205257,0.0004975918964344594,0.0002670771695827325,-0.00034134171676111573,-0.0008138673368324775,7.249434844686098e-05,0.0005455232875748572,0.00043628018577689977,-0.0004182469974832563
2020-12-18,-0.00042384505488315255,0.00016629240909665321,0.0005134195446435039,0.0002744383610802188,-0.000359799536118828,-0.0007837606969863524,6.671842574126636e-05,0.0005073089486970009,0.00045474898075845843,-0.0004158602017729045
2020-12-21,-0.0004087743591678365,0.00012415845791818674,0.0005276940756692653,0.0003314435808736372,-0.0004020883761800139,-0.000749988307767751,-1.2635703503478118e-05,0.0005361886212188107,0.0004776898206434732,-0.0004235684215585199
2020-12-22,-0.0004107969830229568,0.00011844501627186299,0.0005277164651813664,0.0003684404075109983,-0.00042055056763981493,-0.000795786432187532,-1.209303434071985e-05,0.0005765031388917669,0.00046665410502933283,-0.0004181855068798451
2020-12-23,-0.0004274994511371602,0.00012340985121232404,0.0005477258576673768,0.0003585173834485282,-0.00038681867796434106,-0.0008672156964863362,4.286179115019651e-05,0.0005610230620188179,0.00044065696347439856,-0.00039204968030144907
2020-12-24,-0.00042594034398137515,0.00010325582241916945,0.0006092104072844651,0.00033726053630489614,-0.00046575579616218565,-0.0008634493654643711,0.00010577243863808122,0.0005815248129235704,0.0004544592352997718,-0.0004368256709682064
2020-12-28,-0.00044603825903021476,0.0001313619276473851,0.0006072575183932816,0.0003089131893688809,-0.00046517682998507576,-0.000751165723263053,1.338889071666148e-05,0.0005776460342863214,0.00041726905904368276,-0.0003933030952599399
2020-12-29,-0.0005431210074714802,0.00024690990525148577,0.0006376592089987673,0.0002451999171204872,-0.0004360766962318982,-0.0008422387724623687,0.00010675169684607258,0.0005563625360762488,0.00047552874202794367,-0.0004429443051118566
2020-12-30,-0.00024045261204269067,-7.181942729486473e-06,0.0003921352412379448,7.928144835418608e-05,-0.00018262913384816878,-0.000319932778801579,0.0002957053124270619,1.5853698995262414e-05,-3.826205454672375e-05,7.2918076485066485e-06
2020-12-31,-0.00015104536446840862,-1.234507394204539e-05,0.00019685831771880293,0.00020042269777036017,-0.00014868391726122893,-0.0003681289079178569,0.00025855494086740073,8.810057361841213e-05,-5.6441479829933555e-05,-8.754609841416655e-06
2021-01-04,-0.00013638647288105837,1.3391999354226075e-05,0.0002409467089146593,6.864675930154536e-05,-0.00016895752413883104,-0.00028911795260602984,0.00022021142197671626,0.00011366773384949118,-2.9664477549656496e-05,-3.186300835900449e-05
2021-01-05,-0.00013535677729355623,-9.031524574232199e-07,0.0001981958298661107,0.00017671674155261222,-0.00020145621544015793,-0.0002832607879512338,0.00018284815411156487,0.00013313189899232837,-7.272989435758853e-05,2.8348304689472525e-06
2021-01-06,-8.565981041312319e-05,6.112077431684503e-06,0.0002249647994682824,6.140243631673654e-05,-0.0002377489859493858,-0.0003115579260679017,0.00031233896280514345,0.00011209400718351255,-3.2906621269822994e-05,-4.912130322349065e-05
2021-01-07,-3.1016380035046214e-05,3.04898034768459e-05,0.0001945196206282957,-5.9093155937628775e-05,-0.00022731855915151785,-0.0002948144475304025,0.0003738331688522825,0.0001300099493783055,-4.9328650810410296e-05,-6.863491218901674e-05
2021-01-08,1.3174896377037286e-05,0.00012919809474146626,0.00011257847773355704,-0.00016740525150374906,-0.00022541994954972762,-0.0002979928502817881,0.0003261131637214646,0.0002703349121290343,-4.514231487375356e-05,-0.00011580698886758112
2021-01-11,3.122234994707232e-05,0.0002371937648274966,0.00010235981416426444,-0.00020756286132976066,-0.0004885624144591737,-0.0002923429317856297,0.0005133404165286268,0.0003430279035151265,-8.382755604064221e-05,-0.00015543980888547276
2021-01-12,8.519905040850722e-05,9.580995966680596e-05,0.00016928809930149744,-0.00022729284761791556,-0.0003984062835027495,-0.00028953570056816386,0.0004228784160546558,0.000356990783721034,-6.883722920897686e-05,-0.0001416634644536563
2021-01-13,-1.39863705506968e-05,0.00011914109177537519,0.0002352824361874005,-0.00018462560945606103,-0.0003891939593506301,-0.0002719561400429662,0.00042328491657866313,0.0002479403525754171,-2.6649953755803618e-05,-0.0001390278817252344
2021-01-14,7.080537346538054e-05,8.725325741559494e-05,7.05554720303184e-05,-1.2478144361828493e-05,-0.00037617021227914077,-0.0003639762113345265,0.00034358663918062846,0.0003651300730927662,2.9860037217485647e-06,-0.00018808283436634599
2021-01-15,8.785365597627345e-06,0.00016951018703028307,0.0001310134461673185,-0.00013056247308926554,-0.0004092247645394124,-0.0003005512824561969,0.0003444389738456238,0.0003698801467946055,3.084905403872781e-05,-0.00021352444162489256
2021-01-19,-4.846128399542079e-05,0.0002156794411856198,8.403931069350407e-05,-6.391446111831713e-05,-0.0003293480815465071,-0.0003961783920372053,0.00037015199267435763,0.00032168003007377287,3.27920858226409e-05,-0.00018961982299278007
2021-01-20,-5.5790442591781265e-05,0.0002066692283931625,0.00017142400559827606,-8.438972713957753e-05,-0.0004580790310411548,-0.00034117187121674927,0.000410439337945402,0.0003437565812420603,2.0504887072701067e-05,-0.0002163768799626556
2021-01-21,4.452564529529974e-05,0.00010900463211908147,0.000175354555852744,-8.503654022801784e-05,-0.00047059717486630753,-0.00038911737350506154,0.000421687836562077,0.00039667937123352703,4.61714461248465e-05,-0.00024921823186621617
2021-01-22,-7.863312653549881e-05,0.00019535496691483988,0.00017945806718966655,-4.9897328982229615e-05,-0.00040942624397661653,-0.00038733658488698895,0.00035305434872606907,0.00035903386563151604,5.7732073974255116e-05,-0.0002184831612750543
2021-01-25,-3.7586266105597886e-05,6.434170391151511e-05,0.00019985834819547053,5.778809225210572e-05,-0.0004314474865585484,-0.0003061374781026102,0.00030341736048051637,0.00027508765909166344,6.117435729517326e-05,-0.000186157104195582
2021-01-26,-9.777848186732878e-05,0.00018705399581628855,0.00019232430578528686,-9.689242881778131e-05,-0.0003193130903654108,-0.0003320131596181502,0.00036246361158997,0.00023205356338681406,4.773078153375021e-05,-0.00017857651893730606
2021-01-27,-8.233131239222368e-05,0.0001192339799205779,0.0001543872530102889,1.2775245803370522e-05,-0.0002748355129160089,-0.00034422050141353147,0.0002718320036783819,0.0002533024049623765,6.264156233736287e-05,-0.0001732101863032437
2021-01-28,-3.4042277278332426e-05,0.00013969868928008814,0.00012453598311743636,5.790025351985143e-07,-0.00034983272139955555,-0.0004035217037395211,0.00036375663131818156,0.0003080511524509409,9.235650045510274e-05,-0.00024319086462084097
2021-01-29,-5.0597163134245035e-05,9.678601330726736e-05,0.00033248773991981836,-0.000177033940618219,-0.0003987207187910169,-0.0003621282632968702,0.00042699903060164357,0.0002919928310058679,5.8866397008715265e-05,-0.00021906347732041087
2021-02-01,-1.2149575483260365e-05,0.00016572623705623515,0.0001555905144363098,-6.869469035900044e-05,-0.0004293170639304636,-0.0004198321567608935,0.000402101896708665,0.0003796876236122314,0.00011546958760312934,-0.000288874243641761
2021-02-02,3.8567102297595076e-05,0.00019135730830893412,0.0001359267531037975,-0.00016223966091259028,-0.0004789105227879539,-0.00034393911593182114,0.0004356788989569281,0.0003821295363267037,0.00010077257283832436,-0.00030066534816690707
2021-02-03,-5.9918874707795024e-05,0.00016463333666656102,0.00025681477216900827,-0.00013171950659499076,-0.00042271700173594664,-0.0004001191988646166,0.0004013344501670995,0.0003705456229392348,7.995789819084664e-05,-0.0002592642552689088
2021-02-04,-4.064655849916166e-05,0.00018951501913148764,0.0001903551569377793,-8.92007873351116e-05,-0.00047940715644725516,-0.0003698423358395285,0.00040937429737710786,0.00034192172973493765,0.00016287304101178166,-0.000318827589536011
2021-02-05,-0.0002669636410455155,9.46108496889266e-05,0.0002822689341086035,4.9786979508142796e-05,-8.372938059793863e-05,-0.00029662541366879194,0.00022744089493326007,1.80729114170209e-05,-1.7786793732064987e-05,-5.686037054222076e-06
2021-02-08,-0.00018951171183019316,-2.809265303357943e-05,0.0002606820652325285,0.0001349250597345445,-8.773322133414675e-05,-0.0002726629078891934,0.00018161006261839356,1.4179505282351998e-05,-3.184455037423886e-05,2.141287365526115e-05
2021-02-09,-0.00028527298643221433,7.872433432217299e-05,0.0002722208842676219,0.00015440047526842754,-0.00016195920545251127,-0.00023785577290077933,0.00022225240796794853,-3.9904220164073065e-05,2.0330609596962146e-05,-2.4626053536928177e-05
2021-02-10,-0.0002668914154823781,1.9005942037875656e-05,0.00025256144881064587,0.00020189869935017027,-6.137157815339664e-05,-0.00026162647965625313,0.0001468261886787628,-7.230758893870745e-05,3.6967907881522294e-05,5.152542969889123e-06
2021-02-11,-0.00026043037776995884,2.5529931253258473e-05,0.0002579431728169804,0.0002010032565755366,-7.222068304984261e-05,-0.0002979449070676099,0.0001830540583312567,-7.420570201532861e-05,5.3183915153569294e-05,-1.6268952494132016e-05
2021-02-12,-0.00021804797257654623,3.586665679091881e-05,0.0002085177422676451,0.00014740013009792766,-0.00011276617197646284,-0.00017282042794946207,0.00021188682098941675,-0.00014397977430240586,3.429472531335867e-05,9.702395128759894e-06
2021-02-16,-0.00016894995670269363,0.00011412508562999764,0.0002597848217744649,-5.28230346446678e-06,-0.0003164752760445033,-0.00016877594625993187,0.0003156318945040579,-2.0349570952864215e-06,8.208676069994605e-05,-0.00011007292594203064
2021-02-17,-0.00010752332582357487,0.00017791903578140953,0.0002278195573327561,-0.0001304440260744002,-0.00043660214861095245,-8.248405524077535e-05,0.0004053025127708845,-1.0210300810180664e-05,0.0001741043808517785,-0.00021887665309549068
2021-02-18,-8.941838047330468e-05,9.034669060096757e-05,0.000229405198361607,-4.8605772213144516e-05,-0.0003721486442509552,-0.00014673469428599928,0.00041889502685583946,-2.088542289789032e-05,2.346353424367495e-05,-8.507113528071278e-05
2021-02-19,-6.908128771796455e-05,0.00020189483642675543,0.00022229224564150867,-0.00019593776031937037,-0.0004614478005104711,-0.00011867088274477699,0.00047170437661475315,3.771066940734015e-05,9.919826672975807e-05,-0.00018878098052862308
2021-02-22,-1.3833457743327984e-05,0.00013580634571332546,0.00021585346453363412,-0.00017458840450105422,-0.0005023735218051347,-5.995097632664932e-05,0.00045489707410165635,3.990949468448898e-05,7.107534132524615e-05,-0.0001670838570853317
2021-02-23,-0.00022074205593522396,3.850835289329188e-05,0.00038780227157012503,-1.6626620009497573e-05,-0.0002926547810351153,-0.00013789835456919346,0.0004198269311561486,-0.00017487257149567323,-3.837186378921609e-05,3.635915784351573e-05
2021-02-24,-0.00027613943195605497,6.106572590798337e-05,0.00037040241672896756,2.4731594368645506e-07,-0.0002263166178946836,-4.0414890009704725e-05,0.00037634911701019125,-0.0003511717819371235,5.773258399735526e-05,2.894026234263533e-05
2021-02-25,2.8889836983497796e-05,0.0001730517572601215,0.00014167945789040335,-0.0003567751116605386,-0.0004520933380576242,0.00021829423240514283,0.0006776132150984136,-0.0005584699158299629,0.0004064615134360197,-0.0002787079541602053
2021-02-26,5.99785880529287e-05,0.00013668236701515303,0.00017070650248612667,-0.00039773527305484065,-0.0004669467007791207,0.00023591559348017793,0.0006961409149167617,-0.0004969520091794681,0.0002254680611837659,-0.00016321211456516577
2021-03-01,-2.1310374454199064e-05,0.0002242655692862418,0.00017464264573029966,-0.00033201568355371424,-0.0005112355218120307,0.00013471336706678567,0.0006387988059361888,-0.0003059350432198342,0.00016144420608692894,-0.00016328437313329475
2021-03-02,-0.00012242186230785826,0.0001522165363223774,0.0002538215770849832,-0.0001736172289266485,-0.00039777348826988516,9.73540052546639e-06,0.0005366563268601569,-0.00030767861664630046,0.00020539043905510798,-0.0001558344180144916
2021-03-03,-3.3478929818329083e-06,0.0002204582843707602,0.00013234204660533962,-0.0003342250363563403,-0.0004554825769051904,0.00014270409494154725,0.0006283864542471467,-0.000317708718096164,9.089625912877403e-05,-0.00010504930298889381
2021-03-04,4.734371672950201e-05,0.0003106624529352854,0.00011422977409141779,-0.0005258565393273535,-0.00047504601509211616,6.177060647085016e-05,0.000765038856020632,-0.00022896869468897255,9.658050550429703e-05,-0.0001654892547305921
2021-03-05,-0.00014461550969002284,0.00022872978845511153,0.00018897831267361347,-0.0003248666951111128,-0.00030223700793018246,0.0001968560073037466,0.0006520290032084545,-0.0005387626581540034,-2.8589690125913753e-05,7.158711519972966e-05
2021-03-08,-1.809002450564633e-05,0.00010163517228484718,0.00016827435435785702,-0.0002870789778298133,-0.00045879532549050056,0.0004450722446399623,0.0006777566858211324,-0.0006866249441842241,-0.00011816842957382973,0.00017607073935282588
2021-03-09,-0.00015012113405118077,9.98812016295451e-05,0.00022229273713396652,-0.00023822517002539817,-0.0002334746864374633,0.00038263150983399406,0.000490199157257289,-0.0007038407183526316,-4.5441707198601994e-05,0.0001766273813757352
2021-03-10,-0.00015283335049374162,0.00011721577265091075,0.00017439685641883684,-0.00013441601766950024,-0.000296320445706219,0.000350286834753695,0.0004605190088317647,-0.0006517683898912066,2.79003761475341e-05,0.00010513569725166538
2021-03-11,-0.00013130957376231086,6.222346658266457e-05,0.00025706821404140325,-0.00020690988449362062,-0.00025423922245943484,0.00026619802227320546,0.000513490854852295,-0.0006110955901305511,-1.6277032184743023e-05,0.00012089036200998646
2021-03-12,-5.331750595048804e-05,0.00018082989053981428,0.0002658530901928967,-0.00048638173225920393,-0.00038727138112835957,0.0003036629761649645,0.0006936801495150864,-0.0005838348646595576,0.00010037145037669962,-3.367109142217786e-05
2021-03-15,-4.468347874401617e-05,0.00019628029052411536,0.00019499821098788314,-0.00043002388525934486,-0.0004045345188725307,0.0003349893208167507,0.0006669582197365524,-0.0005598644353620626,1.9659555652997568e-05,2.652351870180078e-05
2021-03-16,-0.0001667516200736012,0.0002713727794995039,0.00016374092632814603,-0.00027592092765576495,-0.0003665508603591704,0.00023980347662506084,0.0006405528521766738,-0.0006262197209624225,0.00017401456000695412,-5.4021376640824015e-05
2021-03-17,-0.0001435573463186972,0.00023034370040024175,0.0002818318051462697,-0.00028053997651279316,-0.0005348763889718583,0.0001676204723294189,0.0007114374169095057,-0.0004719914122272746,0.00011272156034220632,-7.353252536390978e-05
2021-03-18,-4.1381737509259706e-05,0.00013766953399153506,0.0003228052148478586,-0.00029375199703082495,-0.0006208926776687775,9.861189496460435e-05,0.0007876556600217265,-0.0003688615276912256,5.708768037850434e-05,-7.901644186861234e-05
2021-03-19,7.091172490787641e-05,0.0002089552585021887,0.00022271900300376447,-0.00040087193740722944,-0.0007981879954221229,0.0002539764019331911,0.0008323141036423315,-0.0002940742952701886,-2.2206343374801124e-05,-7.343545474876659e-05
2021-03-22,0.00011202297873463921,0.00028680983000960473,6.868972564876366e-05,-0.000437497818222382,-0.0007382329605776588,0.00026039282275545916,0.000841453882441277,-0.00028184988026642294,-5.78492284473639e-05,-5.3444340645924376e-05
2021-03-23,-0.0001250495791115588,0.00018370480865648777,0.0003270899880023333,-0.00027813634235741977,-0.0006014819154854371,0.00020205414806387205,0.0007449939995166476,-0.0004294038561160167,-6.633156616477759e-05,4.19387638945605e-05
2021-03-24,-3.160819568533805e-05,0.000180394339375645,0.00023112324726920572,-0.00035692279658675573,-0.0005611095731544503,0.00028235926739934684,0.0006633589964671165,-0.00036176032436056535,-9.907207166167178e-05,5.3737493727928215e-05
2021-03-25,-2.8270672949695994e-05,0.0001908796158987456,0.0002519116397855141,-0.0003284060639210228,-0.0006372979557979037,0.00017535500914615115,0.000813150272297376,-0.00037872060102659214,-6.97143929824541e-05,1.0877818162599584e-05
2021-03-26,-9.164488722247492e-05,0.00017800449781213667,0.00020423642612641898,-0.00025020790304144773,-0.000517420337792221,0.0002883055741219123,0.0007298008910738528,-0.0005321763319255587,-0.00018970866690221425,0.00018143995862994824
2021-03-29,4.97708255746575e-05,0.00018829043707648403,0.00015717271188323706,-0.0003948153441117302,-0.0006407130341856706,0.0003494238923664895,0.0008136906092316813,-0.0004209905482518324,-0.0002720334294465561,0.0001699273700688196
2021-03-30,2.7745500641357743e-05,0.0002259519297145754,0.000127620093374515,-0.0003145002264743804,-0.0007059794265856277,0.0002768437717421135,0.0008930699620329045,-0.0004265331431412382,-0.0002550317095583905,0.00015100849513297737
2021-03-31,2.9574990233385888e-05,0.00022898096203984508,0.0001317941965481616,-0.00041201413831549734,-0.0006089072936357916,0.0003571322258010476,0.0008538152525068773,-0.0004937576899577967,-0.00028301731617129747,0.00019522850037628076
2021-04-01,-1.7295463829755138e-05,0.00017962661329496804,8.23256349127521e-05,-0.0002463807855769967,-0.0005139461800018515,0.00033285375995718847,0.000819377631579455,-0.0006018957027632277,-0.0003188224156674413,0.00028427148144277714
2021-04-02,3.2585121462559886e-05,0.0001654159963747043,5.6869098682879766e-05,-0.0003376941302753445,-0.0005129477372964393,0.0005327655093846917,0.0008058618324143178,-0.0007655235056612461,-0.0002550604049113385,0.0002776380861729544
2021-04-05,0.00011233940913699206,0.00017667699813841178,2.1432282807102546e-05,-0.0003987010277537867,-0.0005320651946353217,0.00043543055236135164,0.0007853644423784292,-0.0005514805765642235,-0.00023945292045718033,0.0001901531429256212
2021-04-06,-5.2397475109657894e-05,0.00016644623573899739,0.00010777526781378954,-0.0002612413880605554,-0.0003873921149268704,0.0003054651190067519,0.0007087027574435283,-0.0006131625309449412,-0.0001738150776118795,0.000200044493980589
2021-04-07,-6.965356912391543e-05,0.00016387267821267143,0.00012891199514882348,-0.00021122709253985623,-0.00042692338381394856,0.0002530559772026611,0.0007207772587065949,-0.000565851039684425,-0.00019246754927052662,0.000199542781965871
2021-04-08,-0.0001394614036838761,0.00021625027257884505,0.00012138787973982974,-0.00025318788225687887,-0.00031893334341100577,0.0003280360917593886,0.0006345031016142567,-0.0006225402026059229,-0.00022888107625360435,0.0002631515070720923
2021-04-09,-4.509023115245643e-05,8.334368708122665e-05,0.00014072127690701122,-0.00020657608689625124,-0.00032149823619626386,0.00027389442638457717,0.0006653848416146597,-0.0005833824047128192,-0.00032120644971764256,0.00031278937808578225
2021-04-12,-6.696974324831416e-05,0.00013369053294246745,4.340085977057328e-05,-0.0001730188493546769,-0.00023036968929242068,0.000231765098673219,0.0006284775129611654,-0.0005838101885641822,-0.0002928955363064138,0.000310445565502096
2021-04-13,-0.000122925154862093,0.00014499476215229816,7.269866976066669e-05,-0.00016331772847211624,-0.00019788588694041528,0.0002946287628327743,0.0005308302303117015,-0.0005996836195337404,-0.0002782877446837924,0.00031908799706171706
2021-04-14,-0.0001128522307092995,0.00012952169497738067,0.00011262820649978616,-0.00019084933329099603,-0.00027052028250876617,0.00037590987375587387,0.0006002047920871945,-0.0007200276881608667,-0.0002305884568242593,0.0003072134851771699
2021-04-15,-4.2239668231628004e-05,0.0001583605673134675,9.778526235585197e-05,-0.0001777319761913337,-0.0004385793982153315,0.0002336876101572804,0.0006539449323028617,-0.0004912741530039583,-0.00012154208909680858,0.00013247409671626742
2021-04-16,-5.564159816481314e-06,0.00017078280058665103,6.676249357781907e-05,-0.00027842411105239297,-0.000390757536066072,0.00031616447833490886,0.0006024821000417471,-0.0004635022739921703,-0.00019147662653999642,0.00017358178589896994
2021-04-19,-3.5581013295331304e-05,0.00013759601913030073,0.0002264517078728372,-0.00033525864938795526,-0.0004658677721735491,0.0003033149711670208,0.0006540215781696366,-0.00045760717928624087,-0.00017631889674513818,0.00014876674327672645
2021-04-20,3.556706537130984e-06,0.0001193888342757011,0.0001829473977943948,-0.0002649719003713093,-0.0005186115468116246,0.00023123487992955487,0.0007051594797145809,-0.00042001013321973923,-0.0001482992716850054,0.00010960362560642062
2021-04-21,-1.2565891749614173e-05,0.00010512950145506115,0.00017243248518185057,-0.0002680412816703794,-0.00041445558752869474,0.00024872423979922613,0.0006341900543751621,-0.00047699260784081834,-7.884415436909542e-05,9.045767996450002e-05
2021-04-22,1.846851320021827e-05,0.00012440222588325987,7.271735041520383e-05,-0.000190853577169002,-0.0004455746626549086,0.00022813661165706732,0.000642335704543041,-0.00041650788185748286,-0.0001842370816099101,0.00015120899724176476
2021-04-23,5.4853128116831974e-05,3.78633272857532e-05,0.0001460789509875023,-0.0002783959708702918,-0.00037407865222601616,0.0002573590226418714,0.0006603039033333397,-0.0004894638872033341,-0.00019406580900937012,0.0001795868187839389
2021-04-26,4.861612607862201e-05,0.00011282413548883188,-1.0511995061076337e-05,-0.0001780748995056261,-0.00039666918430638146,0.00032710848859043157,0.0006496528808978795,-0.0005529879433424714,-0.00022173753882171604,0.00022146600234080813
2021-04-27,1.7678893914584596e-05,0.00023950361900552838,3.926189648896874e-05,-0.00035510536881949717,-0.0004715513208789204,0.0003180750302185075,0.0007599522594637538,-0.0005084562022893459,-0.00023596585094456946,0.0001978794333654041
2021-04-28,2.0269206006084172e-05,0.00025709101505364576,-1.7800890093983435e-05,-0.00027685019485897133,-0.0004735253317976647,0.0002260588488632205,0.0007564961936928974,-0.00044359746720585083,-0.00016645789591321694,0.00011803046221490338
2021-04-29,4.767154221543462e-05,0.0002816995795877828,7.097252730787866e-07,-0.00037195903330241166,-0.00048324105220498223,0.00018699485326205065,0.0007903810568793239,-0.00034372843128956804,-0.00023245013027906047,0.00012362525405259367
2021-04-30,9.20191227418178e-05,0.00021797920533813206,2.341137987591597e-05,-0.0003679206968750209,-0.0004892539351457233,0.00017733389163061483,0.0007890006848925192,-0.00032466645102584984,-0.00025309903462579497,0.00013437737129036453
2021-05-03,0.00015287108771545687,0.00013206974144801855,3.0503542278757898e-05,-0.0003200054656109202,-0.0005471206488189594,0.00021555046544901625,0.0007513972899444981,-0.0002856120280022127,-0.00026382754222639,0.00013414997772691686
2021-05-04,1.4351390586435196e-05,0.0001914471466198116,8.750233947956234e-05,-0.00026189646581749044,-0.0004822922452148619,0.00010319278247267888,0.0007667649273471067,-0.0003294082280219275,-0.0002154681312084572,0.00012595191995385877
2021-05-05,-2.8765417204075662e-05,0.0001705655139711243,0.00010626768313714088,-0.000180184216970973,-0.0004547923214922463,8.712237004077084e-05,0.0006782249930494151,-0.000303649607374782,-0.00020111291654268532,0.00012626417321763908
2021-05-06,4.203795241669242e-06,0.00019721781652253212,2.2266457401793043e-05,-0.0001789209795428875,-0.00046160447020232023,0.0001768792346195005,0.0006737798294362031,-0.00039314503688659547,-0.0001460737478144597,0.0001044911214551289
2021-05-07,-1.1122594684982024e-05,0.00022111546155997934,0.0001110956878085964,-0.00020475345741400967,-0.0005466899204573106,-9.935519929933287e-06,0.0007273242292358591,-0.00016350140398908863,-0.00015320371836681848,2.8359079562417788e-05
2021-05-10,-1.0229749326002722e-06,0.0002024918586464697,4.101737133331866e-05,-0.0001573323253920122,-0.00046018583101747326,-5.06968526180207e-07,0.0006971105259670173,-0.00021720504412009803,-0.0002005374085770721,9.632799834668679e-05
2021-05-11,-6.395695231338162e-05,0.00024227293625745245,8.337449344604118e-05,-0.00011889387264664843,-0.0005341867394622877,-1.3086094097600198e-05,0.0007395130281650248,-0.0002394200461931159,-0.0001638764720022709,6.813080979913011e-05
2021-05-12,9.435373209662948e-05,0.0002458026633275705,-1.0806483092124387e-05,-0.000368257540813055,-0.0004963884263646072,0.000186080841121955,0.0007718940356670947,-0.0003398701493251971,-0.00012747130997152814,4.467583087900545e-05
2021-05-13,6.447560395794611e-05,0.00014851133608896448,4.868019367949101e-05,-0.00022332383691116005,-0.0004949382409690757,0.00014347484277884605,0.000741090752242532,-0.000388989189415611,-7.643305435848721e-05,3.737976371838425e-05
2021-05-14,-5.229243501565896e-05,0.0001401219980085786,0.00015703876359846405,-0.00018195792373143223,-0.0004218418978918061,7.451883890276928e-05,0.0007217741443532513,-0.00044869400592453465,-2.4868930039806392e-05,3.647103650029557e-05
2021-05-17,-2.2833045622470906e-06,0.00018429443619805038,9.065954698056846e-05,-0.000265595668560184,-0.00041863184681204674,0.00016009325704157036,0.0006971632865077661,-0.0004810461620076145,3.764541914353173e-05,-8.857510899150378e-07
2021-05-18,3.0278153839118484e-06,9.872046111023865e-05,0.00012033933537454824,-0.0002152357989643305,-0.0003574759126913074,0.0001242244636652009,0.0006510678944933925,-0.0004508895430778287,3.9437656733018467e-07,2.759123467884969e-05
2021-05-19,7.281714294117966e-05,0.00021386652790835603,3.929202736471056e-05,-0.00034453986237174545,-0.0004891404387908742,0.0001801326807768719,0.000768065342591313,-0.00042832785924271435,4.156882846140936e-05,-5.3702065018736145e-05
2021-05-20,-2.777223875210976e-06,0.00017898156801674127,7.752089096594748e-05,-0.0002883723116947289,-0.0003449645243176064,0.00013814070427671347,0.000687645443667886,-0.0004672860240247066,1.3777784776101282e-05,7.221623176241476e-06
2021-05-21,4.809094710286873e-05,0.00011418986959730229,-1.380719539165984e-05,-0.0001169002737426636,-0.00039460057100168533,0.0001770714508844088,0.0006375957043482216,-0.0004852468546505499,-5.6692081656234405e-06,3.928317179470453e-05
2021-05-24,7.897004210847617e-05,0.00017170670895567437,-9.109846216646597e-06,-0.00023841340239584693,-0.00046377637303452726,0.00016916054897057192,0.0007559330540696813,-0.0004589993492799295,-1.2428916057936196e-05,6.987504705808362e-06
2021-05-25,-2.414724429022005e-05,0.00020628353563493103,-5.841175846469846e-06,-0.00012084749340145326,-0.00045679796584855836,0.0002015500217097503,0.0006666659604471301,-0.00048055199293220614,-6.166151325201139e-05,7.541357432416795e-05
2021-05-26,7.520229573060143e-06,0.00022697383466144494,-4.9553390999792254e-06,-0.00025221593416833825,-0.0004125885739382413,0.00021336784463311248,0.0006601350389307589,-0.0004005649038731282,-8.91756319997862e-05,4.906543940627964e-05
2021-05-27,6.945406567916129e-05,0.0002660024635732235,-7.266355344524497e-06,-0.0003218979786487799,-0.0005333187277243496,0.00012489522605506863,0.000833303355151695,-0.00035548484279452827,-5.9106138891765886e-05,-1.790610053182401e-05
2021-05-28,-3.5360556313681916e-05,0.000180210535536211,0.00014135727514494626,-0.0002168804956052591,-0.0004851866947694723,0.0001312216199081985,0.0006737040562066112,-0.00038846747554813904,2.8257673752966894e-05,-2.9030729594800575e-05
2021-06-01,4.3987948495905106e-05,0.0002408160740145101,-3.2711995324304413e-05,-0.0001504026845074002,-0.0005671677402886211,7.706446121451098e-05,0.00077050045033006,-0.00033862999468254815,1.6283720196175883e-05,-6.055648656734178e-05
2021-06-02,1.8930046871208124e-05,0.0002380196728205785,0.00010380900215261083,-0.0003527733453894911,-0.0005266381570984439,0.00016678879987781087,0.0007801723657286652,-0.00042484811941666603,9.809122311860152e-05,-0.00010169744481263246
2021-06-03,8.342487755973131e-05,0.00024849213737213467,-7.982426180282962e-05,-0.00027787868137789796,-0.0004450087482194415,0.00015730257127179355,0.0007535753329085994,-0.00041658347721707997,-1.4312929916680817e-05,-9.298001003431311e-06
2021-06-04,-3.84126066096101e-05,0.000188585919723756,7.107030945775706e-05,-0.00024977055414886727,-0.0002864750554311345,8.015409304948286e-05,0.0006605090998749123,-0.0004599832384677236,3.004912842915347e-05,4.2640203038700475e-06
2021-06-07,-4.9286787028855744e-05,0.0001660641403744962,2.8074602051074687e-05,-0.00012421756205828883,-0.0002825163135668678,6.067851443209912e-05,0.0006332560661841177,-0.00048541621764272916,3.094484546318707e-05,2.2033818005039868e-05
2021-06-08,-8.420895150375966e-05,0.00015884137821580991,7.105943624317488e-05,-0.00019863649115796876,-0.00019341583494857225,0.00013635809389289828,0.0005604799560426747,-0.0005168389509931856,3.442900685320105e-05,3.0024782222800445e-05
2021-06-09,-8.10060925862162e-05,8.186628748458707e-05,3.101799049489871e-05,2.5574616710609442e-05,-0.00021575567660400566,9.613023446691099e-05,0.0004785782113250238,-0.000539746085877417,9.837266746839587e-05,2.5135258670729715e-05
2021-06-10,-0.0001264526752722634,6.888457262679907e-05,7.575345859995057e-05,-3.870320565975936e-05,-0.00011470333606336102,0.00017537888410350169,0.000493092868467054,-0.0007118471423727749,9.103596146692663e-05,8.76922674970873e-05
2021-06-11,-9.535007051309543e-05,6.876321781081469e-05,2.16478637843384e-05,2.7465818712063593e-05,-0.0001993490439734084,0.0002455492181409587,0.0004609156318764393,-0.0007141798645139124,0.00011025665256981024,7.44997300246783e-05
2021-06-14,-6.516328258309145e-05,0.00016711314109059362,-3.7273500766023693e-05,-0.00012417291520560865,-0.0002205836771174809,0.00033328444039319033,0.0004982709149245028,-0.000712449129871064,9.595400358626549e-05,6.547703904139293e-05
2021-06-15,-0.00015448341272157254,8.48903604627328e-05,0.0001929556754987294,-0.00017491938155274052,-0.00015842654483713692,0.00020893897035448653,0.0005776475377408177,-0.0007358664223472717,5.1823044899392684e-05,0.00010846851154610454
2021-06-16,-1.5101594788523287e-05,0.00011723857466743395,-5.882588954499721e-05,-0.00019517677860807691,-0.000145233357328807,0.00038710022335058415,0.0005696651528908341,-0.0008102841343085206,-3.54181191596914e-05,0.00018677619578572752
2021-06-17,-3.2819914745715005e-05,7.712552611195526e-05,-0.0001317171621636144,-9.47871666285259e-05,-3.3912326129958634e-05,0.00048567199703321295,0.0004941119924490554,-0.0009890882855474233,-5.644760380913577e-05,0.0002822731690145554
2021-06-18,0.00023555852948719093,7.018693313254169e-05,-0.0002909336757517271,-0.0002631945950407697,-5.954856946559575e-05,0.0003725709035056011,0.00046360611837933594,-0.0007064432287398267,0.00023862030135056791,-6.155831311193544e-05
2021-06-21,0.00022249388169106417,5.941016204272936e-05,-0.00030317330122806864,-0.00019744757980921877,-3.353653895137639e-05,0.00029162709687616944,0.000464634274071455,-0.0006710703304996894,0.00021598235049395328,-4.8885165057983154e-05
2021-06-22,0.0001525736211469727,0.00011861335517168042,-0.0001934041598059108,-0.00021225944055436536,-0.00019937854053097507,0.00027164343971221305,0.0005504664218945344,-0.0006085902240711705,0.00017277802343805895,-5.232665234212314e-05
2021-06-23,0.0003012056774098072,3.465344150661463e-05,-0.00033419230287948796,-0.0002386743378335835,-8.24915408248715e-05,0.00033246001839427886,0.0004997613975471805,-0.0006399725541780601,0.0001455893478976185,-1.8349163161953536e-05
2021-06-24,0.0003049553105127878,3.1015159238821904e-05,-0.0003498722447036355,-0.00026944740033894334,-1.9386310273385686e-05,0.00029991709102183267,0.0005828756654282646,-0.0007272446053393326,0.0001357021261156402,1.0177774403596906e-05
2021-06-25,0.0003206547850042363,4.2929084794798606e-05,-0.00034771070349547974,-0.00019342099688687137,-0.00017517857566217484,0.00027368308271855796,0.0005868988702744573,-0.0006153869356503479,0.00015877214871148557,-5.1259416672787966e-05
2021-06-28,0.00027627791529512237,0.00011459802066180272,-0.0003454011240812113,-0.000335263630934684,-6.774026427961918e-05,0.00036296337148639113,0.0005400207109478548,-0.0006912844443783192,0.00020366285610319904,-5.766368380004383e-05
2021-06-29,0.00016927609693956504,0.0001102712265076308,-0.00034481810535084143,-0.00012639080281743893,-5.2246130828343534e-05,0.0002880484683858032,0.0004713942936917081,-0.0006541155715430423,0.00014801323379124223,-1.1147429035025802e-05
2021-06-30,0.00023771318321913438,0.00010380397458875136,-0.0004057967560716939,-0.0002125378236333326,1.9148735539903372e-05,0.0003378470642300749,0.0004678295898042639,-0.0007203289844894961,0.00021311931041198898,-4.2095565345977304e-05
2021-07-01,0.00028393136966897584,1.989110601579051e-05,-0.0002424418425279165,-0.00032934433102622127,-5.163139926817398e-05,0.0003112944056103146,0.0005264244243865842,-0.0006496519990328159,0.00016788355967746818,-3.633790211227117e-05
2021-07-02,0.00023758244590574946,1.5111506415436873e-05,-0.0002739568413468819,-0.0002476221858521174,8.682388306705674e-06,0.0003590359630531066,0.00040590337734746317,-0.0006712739116330746,0.00016355029698886595,4.2318489412856986e-06
2021-07-06,0.00014846049349005958,8.465624886182254e-05,-0.00029973616290290394,-0.00020702972484293357,7.041051460314213e-05,0.00037002044973097857,0.00038933107091671144,-0.0007512795335320836,0.00014775648111451864,4.7517970170319473e-05
2021-07-07,0.00011743507373633338,-3.087743276496526e-05,-0.00018500300643742166,-0.00013488259491336837,9.554520738253025e-05,0.0003877275404939075,0.00028298888003081,-0.0007696363323171449,0.00018626050894393967,5.0903325776934655e-05
2021-07-08,0.00015585436325781063,5.749962151222973e-05,-0.00020889132200455334,-0.00022429938354897,-1.942714668823689e-06,0.00028890827063470306,0.0004154463950059254,-0.0006480006598863809,0.00018819026926522597,-2.2680343169267925e-05
2021-07-09,0.0001898700045744147,-5.973972443778586e-05,-0.00021887343312678093,-8.628349912920621e-05,1.9845935765427924e-05,0.0002538376288809367,0.00038861175049962476,-0.0006463319708636082,0.00013599556957510917,2.1635458737859214e-05
2021-07-12,0.0001160437877112063,4.8135191465905236e-05,-0.0002432874992396569,-0.0001607531460035838,0.00011042791254320568,0.00030493765514077835,0.00032453830389368894,-0.0007117945056817135,0.00020212853526781205,9.471691526759946e-06
2021-07-13,0.00012576249627088741,1.838649079509262e-05,-0.0003428626092252654,-6.923465069922329e-05,0.00022510295173547648,0.0003307713238621321,0.00021373907866517605,-0.0007309226841372089,0.00014002533453979019,8.920459860960184e-05
2021-07-14,0.0001868079443806777,-7.475916087513893e-05,-0.0002538066930553709,-0.00014787845567549446,0.00024475860372209,0.00027632088426653156,0.00022578416412795572,-0.0006767372945732687,0.0001947296357840897,2.47453232659553e-05
2021-07-15,9.549408098388735e-05,-5.026674917691038e-05,-0.00029831639874834583,-3.322106256800281e-05,0.0003143735847618654,0.00034257228905213485,0.00017175907555205816,-0.0008380784490815973,0.00019898735212035487,9.745867370294578e-05
2021-07-16,5.140909396591153e-05,-9.780161046418117e-05,-0.0002520135018302831,0.00010325759855884164,0.0002436541151177949,0.0003628439162322271,0.0001874666001969623,-0.0009250283238028262,0.00021272540036372523,0.00011281239556200362
2021-07-19,0.00016555896513909202,7.891903646563899e-05,-0.00030144460205963185,-0.00015996319198274605,7.147634027614711e-05,0.00025581893401179986,0.00027631855983457215,-0.0005956997620651539,0.0003861382478392364,-0.00017784873824376254
2021-07-20,0.00014290190128113,7.415069396266287e-05,-0.00017915383396048567,-0.00021193057765605573,1.744114368341064e-05,0.00014826499475053753,0.0002846262149972141,-0.0004232428437705698,0.00033356433187190296,-0.0001866127816371084
2021-07-21,0.00029138654120308477,6.286210033767644e-05,-0.00029826631963564883,-0.00020657395310047207,-0.0001099937821154866,0.00014506326013479995,0.0003823156709620388,-0.00039765557322587325,0.00042164497581562155,-0.00029055557617749597
2021-07-22,0.00027978509227947817,7.561832035714615e-05,-0.00024107500034540024,-0.00027527289594916036,-0.00012050165266337502,0.00011672554658103979,0.00040592725950590325,-0.00032826941990563713,0.0003428656349785328,-0.0002552092981887022
2021-07-23,0.00028694893026765976,6.586176002014573e-05,-0.00028146646891088426,-0.00016593369261140275,-0.00014966300006569655,3.548202453137507e-05,0.00039411229142829324,-0.0002640083637921696,0.00038887798573079835,-0.0003104838552539166
2021-07-26,0.00021392285017883842,0.00010121357132567802,-0.0002315248658771189,-0.0001940659499489153,-0.0001633359032949546,0.00013599508111258093,0.0003974310138475448,-0.0003657315653958996,0.0003607832000543168,-0.00025385268791408913
2021-07-27,0.0002572369236020387,6.0359453348369976e-05,-0.00024300570447951652,-0.0002548495259871216,-8.235240055913008e-05,0.0001803963469374165,0.00038632803440338294,-0.0004322437417775826,0.0003596350886433397,-0.00023134130585768242
2021-07-28,0.0002600708423440728,5.848819944451319e-05,-0.00025382398978959515,-0.0002818386180445994,-2.3450054292951158e-05,0.00021624977451220086,0.00030458685433786513,-0.0004330729723613612,0.0004277286344341741,-0.0002752602217044667
2021-07-29,0.00034526087810237045,3.397518910705716e-05,-0.00019574460481447257,-0.00035175515790895374,-0.00021413215868423298,0.00019909197108613965,0.00047361189739058424,-0.0003725074986183508,0.000389533688958478,-0.0003086383352931127
2021-07-30,0.00030233038961237585,3.2307867965946594e-05,-0.00022472255914105562,-0.0002685095303218237,-0.00015314597602465035,0.0001462062983224703,0.00045158148554901544,-0.00039642486278367896,0.0003823324050401117,-0.00027078330779712473
2021-08-02,0.00016870945744999971,0.00013358163717196614,-0.00016123985211106886,-0.00030632454299940257,-0.0001192847351072163,0.00016798453228061665,0.00041565170184856316,-0.000411500310682017,0.00034493548926734993,-0.00023257199048013974
2021-08-03,0.00015047958378202816,0.0001230445459425891,-0.0001578289448194341,-0.0002799536311433905,-7.524048843122067e-05,0.00013615595289327188,0.0003982275967916709,-0.0004173099830656144,0.0003491464287097845,-0.0002269238150245101
2021-08-04,0.00022167630030521046,6.72788055266888e-05,-0.00015915757267978472,-0.0003446468312552006,-7.514286921030816e-05,0.00021968172185015452,0.00040435427349356547,-0.0004505065015873184,0.0002984442188265213,-0.0001826690353627959
2021-08-05,0.00019089240179366194,8.677031683176916e-05,-0.0002266187612914326,-0.00024401830436299654,-6.296201794491396e-05,0.00024152589946847998,0.0004036620523076174,-0.0005283201480982911,0.00026632998846728637,-0.0001272674080733567
2021-08-06,0.00031375458889046847,6.675028208733187e-05,-0.0002254103493117708,-0.0004760260253463557,-1.611366425210807e-06,0.0002478992952759055,0.0004079549871241969,-0.00041862432571695973,0.00025749436273362833,-0.00017231353074980554
2021-08-09,0.00034708494053082705,7.880466294697176e-05,-0.00035129071973143166,-0.0003620930938052387,-3.135466309646916e-05,0.00026475253522294587,0.0003994153460270683,-0.0004390577071954633,0.0002534973718514265,-0.00015968689982438083
2021-08-10,0.00034852097620648084,3.804166251706502e-05,-0.00036684314423352166,-0.00039471850440732327,0.00015295335880510103,0.0002520608146474729,0.00034576996327658274,-0.0005035178562635828,0.00024798357527609435,-0.00012058114272063547
2021-08-11,0.00030819054158960505,0.00011891558913185,-0.00034936604252930705,-0.0004234312465001208,5.816658266924457e-05,0.0002862431734908157,0.0003794093986225922,-0.0004935375488976691,0.0002666894919815879,-0.00015228884839640217
2021-08-12,0.00035001895580785843,5.9460819164128026e-05,-0.00031247812604563523,-0.0004972135422073899,7.0765669641433e-05,0.00036775020246938676,0.00042951025685797513,-0.0005854623244559397,0.00018760191038866975,-7.066294268159509e-05
2021-08-13,0.0003447404600392937,-2.0223517638617936e-05,-0.00034314989425723896,-0.0003380897056866096,0.00010961408954294951,0.0003399901623124639,0.0004066470672377566,-0.0006908527546405589,0.0002839871746889572,-9.242751477791383e-05
2021-08-16,0.00029855770317557915,-2.5621902601310077e-05,-0.00027675643478228815,-0.00036106577201475273,0.00016299773043282773,0.00027719332813953834,0.00037281967522766885,-0.000628852327103923,0.00025799319868072615,-7.564534585946872e-05
2021-08-17,0.00034504784567797884,1.1418780624868692e-05,-0.0004555898153330287,-0.0002616255625712445,0.00015084133947783178,0.00036108753143901905,0.00036659132901990625,-0.0007111656080650217,0.00024507782293702735,-5.2887796391013625e-05
2021-08-18,0.0004192816424999908,-3.569220903909846e-05,-0.00043999949199175197,-0.00030252192489430355,7.21922084343813e-05,0.0004442053937622238,0.0003406208641286001,-0.0007265030312278639,0.00039402560532204867,-0.00016557295173585604
2021-08-19,0.00036142003299051526,7.715435716413189e-06,-0.0004924670978781238,-0.0003418256647038276,0.0002504349626906285,0.000463560446412283,0.00030216485634310813,-0.000807975437061301,0.000331791561468002,-7.38013791803209e-05
2021-08-20,0.0003506507969918884,6.379163470790613e-05,-0.0004934159255334558,-0.0003258365999800131,0.00011507572074820598,0.00048729514185033573,0.00033156173794341055,-0.0007347609980903752,0.0002629382666436107,-5.659485385871993e-05
2021-08-23,0.00026183200612335577,9.882913705737243e-05,-0.0004168580374032905,-0.00028700332537092213,9.476725014632113e-05,0.00040633288071146353,0.00035713632261274823,-0.000726064932483509,0.00028917324505190953,-7.807202042186406e-05
2021-08-24,0.0003557204670661079,6.562429129162517e-05,-0.0004996406495145731,-0.00025297868886622497,6.292305311747775e-05,0.000380354688973808,0.0003706574096182316,-0.0006668803025106518,0.0002846999820603352,-0.00010044410066068626
2021-08-25,0.00045218914348936284,0.00012815184560584756,-0.0004985782121191039,-0.0005528264822862207,8.572483658166041e-05,0.0003983521515767644,0.0004269440913267416,-0.0005591674383173852,0.00025437016121516304,-0.00013409366822323548
2021-08-26,0.0003732218511882349,0.00014224006593523575,-0.000495586368932612,-0.00036286064926395684,-2.821917655119327e-05,0.0003933007500984912,0.0004419150263950417,-0.0006087849209985893,0.0002945443366827588,-0.00014966331994464843
2021-08-27,0.0003877189586753791,0.0001030469863354728,-0.0003537465234705285,-0.0003978783940862059,-0.00018036008045581656,0.00032675660495557965,0.0004981751670928222,-0.00047093663889561516,0.00030436714916545066,-0.00021720405977667528
2021-08-30,0.000346212741003632,8.605752323953423e-05,-0.00022753406457962989,-0.0005049147003621714,-0.00014108190223570058,0.00031756467388238153,0.0005077513905191143,-0.00046179629668639637,0.00026580810131048016,-0.00018745510951734962
2021-08-31,0.00028080100563827984,0.00021906096191289155,-0.0002989523242465158,-0.0004890052863376609,-0.00014117202892657138,0.0002812718435202411,0.000535179504114993,-0.0004825623552487321,0.000346237220596457,-0.00025110570232723256
2021-09-01,0.0003519827531251224,0.00018170914577576608,-0.0003505938821068968,-0.0005600143101103672,-2.2223999690851835e-05,0.0002978752610650398,0.0004621866057706696,-0.000431635085259844,0.0002658444655042544,-0.00019608659823806135
2021-09-02,0.00033625043759238525,0.00016990513240717792,-0.00035452177205395636,-0.0005483298901257355,4.577108419609628e-06,0.0003525521897461163,0.000441022152266303,-0.0005234324581405835,0.00032996030726455475,-0.00020768654797951105
2021-09-03,0.0003594104057444217,8.49487745569785e-05,-0.00025612266700765875,-0.00048405883076584185,-6.52291529688034e-05,0.00021821836927544882,0.00044971757915642993,-0.00038458352675507616,0.00033598171135999777,-0.00025877672191637613
2021-09-07,0.0003841966499029256,0.00017061091720112405,-0.00034064939510501343,-0.000581478036816283,-4.6420115046286875e-05,0.0002300600771434208,0.0005054768127670441,-0.000363665807251258,0.00025948667487967966,-0.0002173152440752696
2021-09-08,0.00035713067619136916,0.00016023856971284216,-0.0003200464652394298,-0.0005073940972514447,-0.00012824191135884198,0.0003153052634005341,0.000437931650815954,-0.00038366354188440824,0.00031002755109482,-0.00024087959250870122
2021-09-09,0.0002916517740429771,0.0001011432040192912,-0.00036515297927771934,-0.0003210220433823782,-7.79344647394882e-06,0.0003051148490216364,0.00039269721488084317,-0.0005457905578905332,0.0003137044949243807,-0.00016373311299501883
2021-09-10,0.0003593434316096172,0.0001445290558643289,-0.00036570285575233464,-0.0004934205099634478,-3.4934153905031434e-05,0.00030457934550449234,0.00044975773727006646,-0.00042102373908961543,0.00021661502832939425,-0.000160707304430234
2021-09-13,0.0004664848854490385,0.00016064683412629632,-0.00043252013487330484,-0.0006293677232430488,-4.38578725552247e-05,0.00034019075005889236,0.000519921306304837,-0.0004124844032478963,0.000190934972391376,-0.00015951367358122553
2021-09-14,0.00032939031311446186,0.00013119727610826385,-0.0003456882511375216,-0.0005072628987775967,1.527060560811179e-05,0.0003727741322726158,0.0004199866894529572,-0.0005271542537388287,0.0002443524620559384,-0.00013205534492750914
2021-09-15,0.00038856055358653586,0.00016710342081843093,-0.00035148804886335917,-0.0005800324254231991,-0.00010705500369678593,0.0003875277968725926,0.000502170424491839,-0.00046454309564570445,0.00021121338202071196,-0.00015316306036914848
2021-09-16,0.0004196989674842692,0.0001605138282303729,-0.00042420694752334526,-0.0005536176798665512,-4.8937707223233734e-05,0.0003741991247689456,0.00046877777374586434,-0.0004844446200179212,0.00029450363415191305,-0.00020644710158728222
2021-09-17,0.0004875619189872421,0.00019394186612685686,-0.00045198353666150905,-0.0006778161275337591,-0.00014227998196951128,0.0004983519657764512,0.0005560511644055362,-0.0005105747410818103,0.0002075048097005018,-0.00016079095527288603
2021-09-20,0.0003977539208614514,0.0001480346989569301,-0.0004182773538571596,-0.0005130089244542238,-7.651156255516003e-05,0.0004020281497117747,0.0005421083911212113,-0.0005580803431385617,0.00021716890574128775,-0.0001430824252180371
2021-09-21,0.00041448506296970635,0.00014262610091261477,-0.00036329633039332895,-0.0006213524460805951,-3.138314494290431e-05,0.0003888660808838724,0.0004996319238411758,-0.0005168929769615634,0.00026715575008233114,-0.000179529142267449
2021-09-22,0.000326414141599674,0.00013975981608804885,-0.00038944660579447556,-0.0004734327024552309,1.1023739363105224e-05,0.0004572687635374974,0.0004181200505103729,-0.0006128914636998849,0.00018316749017477374,-6.009788437541519e-05
2021-09-23,0.0004802038033825695,0.00010830567542271884,-0.00047339155930453366,-0.0006011386547663993,4.171373166974614e-06,0.000525649154569121,0.00047283902437291955,-0.0006228490985885817,0.00020066059510120277,-9.443847499301591e-05
2021-09-24,0.00048170294271499475,0.000182366405993038,-0.0005507674295412004,-0.0005690674916527562,-4.027772758423507e-05,0.00046103752852279245,0.0005204314012434638,-0.0005668209258897754,0.00021479673758540915,-0.00013357874797761266
2021-09-27,0.0005311086936762618,0.00011553337218311562,-0.0005454842713376368,-0.0005042094911603665,-0.0001001311041671539,0.00038239886870328546,0.0006460872438111866,-0.0006173166600674171,0.00024784741181006764,-0.0001550745997095579
2021-09-28,0.0005612460976965226,0.0002302173586276429,-0.0005623000171261839,-0.000585028331794179,-0.0003443233084136051,0.0005191244745769846,0.0006783211685433745,-0.0005126742953118976,0.00021068618529593297,-0.00019608039539276492
2021-09-29,0.0005927314770776744,0.00016811005421547452,-0.0005148619126657224,-0.000629099042477317,-0.0002902251017125922,0.00045146449183755023,0.0006779839656918928,-0.0004648169650637718,0.00023682649708650985,-0.00022769783621022152
2021-09-30,0.0005646518478761304,0.0001726652593949927,-0.0004532694841891721,-0.0006810541610430022,-0.0002842501897738379,0.0004166946070142154,0.0007583227693574689,-0.0004985009837491453,0.00021177532273414235,-0.00020732512881491139
2021-10-01,0.0004916563704679591,0.00015432734567630323,-0.0003751876360667606,-0.0005536193961219885,-0.0003527318076134798,0.000365165785687847,0.0006508113178341837,-0.0004040471072597335,0.00030587896082789195,-0.00028125726308356885
2021-10-04,0.0004754503812035435,0.00022149516929060198,-0.00043682051005153474,-0.0006579356393530697,-0.0001843674268587163,0.0004091758336691783,0.000593730184058474,-0.0004442980194891283,0.00023498204130367392,-0.00021301091115661502
2021-10-05,0.0005316431636638874,0.0002418865717305729,-0.00048132874245366566,-0.0007092210897891443,-0.00021776434039476496,0.0003639186606534707,0.0006819893666582776,-0.0004091732686011505,0.00022602401896575433,-0.00022723602110278143
2021-10-06,0.00048799809849324585,0.0001879397812027812,-0.00045145847941223307,-0.0005972381853300802,-0.00020932668598743712,0.0003913237240779424,0.0006453595143369045,-0.0004844986841731347,0.00020306326231901706,-0.0001755961495212982
2021-10-07,0.0005780632395776292,0.0001527120132377844,-0.0005334536779414501,-0.0005593612891335877,-0.00023673538461417998,0.0003665987526571615,0.0006542869846428989,-0.0004395511031349414,0.0002618070712799188,-0.0002451507343602076
2021-10-08,0.00038786464999566875,0.00015967068711896393,-0.000590101012974622,-0.0004149079979323795,6.615491874987795e-05,0.0005158059168503381,0.0005362372266263203,-0.0007987376178579982,0.0001027296381252811,3.345836224458512e-05
2021-10-12,0.0004527490458696707,-1.832189690438048e-05,-0.0006375955519667105,-0.00034803227174860785,0.0003005548629554074,0.000583153241939232,0.0004026250095227786,-0.0009492968172723076,2.471198614795167e-05,0.00018889681710935677
2021-10-13,0.00034332901545338105,-4.780744761091044e-05,-0.0005981594492641478,-0.00024126691840778598,0.0004035994412083851,0.0006304670139027357,0.00032685734979799597,-0.001097679458507814,-1.5590221181607106e-05,0.0002967023419734975
2021-10-14,0.00031405574980867277,-3.362408157484866e-05,-0.0006073180985307217,-0.00013173118918985687,0.000295733100400551,0.0006149011166375253,0.00034516444174895015,-0.0010799884496212556,1.5140129913288752e-05,0.00026891305889263986
2021-10-15,0.0005720751716653451,4.28825192445349e-06,-0.0007209066353040733,-0.0003734296175359371,0.00017499132566916806,0.0005173163709540924,0.00044826365182959634,-0.0007994178238196516,0.00019055713645056357,-1.7405563448286143e-05
2021-10-18,0.000676876145824422,-2.7779957384454937e-05,-0.0009141392172350995,-0.00024746068338378936,0.000161918051534796,0.0006046038226588946,0.00039102902195867553,-0.0008398680427868198,0.00017116462998862172,2.5443742457675195e-05
2021-10-19,0.0006984782064743907,8.507914023706258e-05,-0.0008221236448210727,-0.0005071986417239625,4.206404191024488e-05,0.0005557754473428135,0.0005169984030028909,-0.0006775456245094597,0.00020118795308500179,-9.276071262643779e-05
2021-10-20,0.0007013093483893566,0.0001086514260634229,-0.0008644715859184868,-0.0005057752278514599,6.284135195642679e-05,0.0005697874999196217,0.0004928449515099586,-0.0006768930850666287,0.00020143414719197075,-9.262863869078514e-05
2021-10-21,0.0007396868041112627,-2.7311298528003773e-05,-0.0009280733934367688,-0.0004544698610246742,0.00030080676631492453,0.0006205780114831808,0.00046119222659324506,-0.0009035967270500864,0.00014304906701084752,4.8387225874718665e-05
2021-10-22,0.000621388956919078,-4.0543294554034465e-05,-0.0009290323205007655,-0.00022443612734985696,0.00036723893223792464,0.0005657023442232796,0.0002830923456070798,-0.0008810506364079033,0.0001704688135844845,6.728502436444822e-05
2021-10-25,0.0005863519644543808,-0.00013778992680205267,-0.0007616875914025229,-0.00016451729059668505,0.0002823887691050806,0.0005190468002881522,0.0003208600075582709,-0.0009059747123628739,0.000237818807563097,2.3664269454850423e-05
2021-10-26,0.0006031488007963399,-0.0001363660349774598,-0.0007843709258903257,-0.00021372197602998605,0.0003280744455778032,0.0005931666947828589,0.00024835381991926246,-0.0008880887054923507,0.00017809517986731513,7.184435992635407e-05
2021-10-27,0.0005018170972717952,-0.00011349960263421204,-0.0010129302117650848,0.00015407681083372173,0.0004890714146403661,0.0005252771634706097,0.0002275769093937046,-0.0011319798856898149,0.0001636305909476568,0.00019735203341689558
2021-10-28,0.0005156370837633798,-0.00021983588895995397,-0.000755724012034669,5.157970261588426e-05,0.00034098000407404606,0.0005157842191420656,0.0002822974925020018,-0.0011049723312751523,0.0003702390245254039,2.8935273472113776e-06
2021-10-29,0.0004597298336734201,-7.431557563316628e-05,-0.0007069709359625322,-9.210230772712085e-05,0.00020571606298771736,0.0005979711997067139,0.0003809787937042071,-0.0011851580991806554,0.0005318927664133624,-0.00011713866435466777
2021-11-01,0.00047943533885561225,-0.0001787092607373153,-0.0007551636678906118,-1.2763127930232217e-05,0.00042883411673004523,0.0005432911892238705,0.00027874258122793753,-0.001227230593343582,0.0004507113781110003,-6.501918267027423e-06
2021-11-02,0.00044163044994839206,-5.990561006139362e-05,-0.0006375295829345296,-0.00014578239292653214,0.00019521512926738618,0.0005092205878043411,0.0003667766359091527,-0.0009701838821860684,0.0003312339205548444,-3.05213605474447e-05
2021-11-03,0.0004340940121592674,-0.00010474691201030773,-0.0005487160957527402,-0.0002616628857429956,0.00030399704103003904,0.0005272884966746657,0.00034314696664045595,-0.0010112412546140134,0.00032444143926172245,-6.4819102779285764e-06
2021-11-04,0.0003762803526010837,3.198684024440651e-05,-0.0005473009033423615,-0.00031277687552027506,0.00021585262342086603,0.0004977554233252853,0.0003424356725419721,-0.0008747362034614257,0.0003432327933818313,-7.247307479798376e-05
2021-11-05,0.00036056814430631854,-2.484502831432648e-05,-0.000497093341952257,-0.00028540162947385305,0.00028070226975199404,0.00045274360181294174,0.00031337974100633867,-0.0009072554783213921,0.00040276038007478615,-9.533758496416828e-05
2021-11-08,0.0004379459651084151,-0.00014714913310589096,-0.0005917378931371588,-0.00023437430572874687,0.0004701397519348803,0.0005007636840744876,0.0002584779928572964,-0.001058297422142829,0.00036586098519569496,-1.7566979745205213e-06
2021-11-09,0.0003782320371291113,-7.244538965259912e-05,-0.00055545330427283,-0.00029961940229387973,0.0004772849163430454,0.0004987343071566168,0.00020232115160359262,-0.0009885207282582433,0.00042357758943324317,-6.418621629285248e-05
2021-11-10,0.0004027549745499073,-0.00018333620866994253,-0.000703642556092357,-0.00010967864677833075,0.0006221211130127604,0.0006863695966783465,0.00011601021772271458,-0.0013308238995057477,0.00043544720644880797,6.499388196029923e-05
2021-11-12,0.0006541599020555709,-8.805668802497205e-05,-0.0008452311989023409,-0.00029754565516020275,0.00038393620047124516,0.0005101256343583473,0.00027301072751107977,-0.0009539011961223164,0.0006272760154880652,-0.00026422461836450237
2021-11-15,0.0007081128200313283,-0.00015840287097016457,-0.0007612987858143061,-0.0003946952546314683,0.0004176018912308791,0.0004336563140450427,0.0003146459173078639,-0.0008993276482115557,0.0006425149651688028,-0.0003028095921641834
2021-11-16,0.0006989362166615063,-7.202125252421575e-05,-0.0008829962963811987,-0.0003297803593982334,0.00037211061649596727,0.0004737300470246328,0.00034587184673975924,-0.0009755276959678809,0.0006590401249399191,-0.00028777852176415167
2021-11-17,0.0006727930371077792,-0.00016543076581478284,-0.0007188064768980725,-0.0003769141242721784,0.00038606820991507994,0.0004544169198095853,0.00034916890328499234,-0.0009765379845270497,0.000685191652061698,-0.0003085723541751788
2021-11-18,0.0006598332632199054,-0.0001680337535673479,-0.0007018636109416775,-0.0003251094985670822,0.00036783821318754975,0.00038435827479737193,0.00031535758858795664,-0.0008713493682141263,0.0006539486794413206,-0.00031490328133572734
2021-11-19,0.0006332930424847115,-0.00019871026687895757,-0.0007356741337152775,-0.00034879475622168025,0.0005697594213471199,0.0004625734535608217,0.0002817421216323498,-0.0010782480807479712,0.0006265702240972511,-0.00021243217169320677
2021-11-22,0.0005709790985406744,-0.0002715543042602405,-0.0009021641109358625,8.96362536022266e-05,0.0006086870514410685,0.0004933586688840984,0.0001545580809123974,-0.001265538489225955,0.000639056291715269,-0.00011696025499628726
2021-11-23,0.0006787720872103474,-0.00026363649981240916,-0.0007969852487998649,-0.00022008085616991198,0.0005753889595247596,0.00039972362453970754,0.00029584819346661906,-0.0011146852283431125,0.0006955230647236431,-0.0002498223799989284
2021-11-24,0.0004617117545093588,-0.00018842164807434747,-0.0007302415506546425,-4.790508121545103e-05,0.0005743257332077659,0.0003875855952995902,0.0002908103323912437,-0.0012628902191282737,0.0006982085900870891,-0.00018313812332755586
2021-11-26,0.00046221257704681326,3.3978241622302507e-06,-0.0006020785806778294,-0.00040304223323050625,0.0003737609784821624,0.00037067628194359555,0.00039918015649487854,-0.0009892822933137181,0.0007253154425179015,-0.0003400450855950317
2021-11-29,0.00045451352904334844,-2.1737416438261017e-05,-0.0005595401388075118,-0.0004162053069336393,0.00041482910841072855,0.00034257222127855903,0.0003229051007653267,-0.0009133377492969354,0.00073278247379693,-0.00035674638076024084
2021-11-30,0.00020951916928037642,-0.00012523505887546268,-0.00028540186250523457,-0.00020589116707796576,0.0004397069586818472,0.0003463932701289422,0.0002567346801489283,-0.0011445251504725602,0.0008100235112566065,-0.00030119586288049685
2021-12-01,0.00018149097658912443,-0.0002631423140256818,-0.0003386688285977875,2.4485747402885547e-05,0.0006678859913388582,0.0002956467853017092,4.3346369900991444e-05,-0.0011955232196044809,0.0008113048427400571,-0.00022626784984939446
2021-12-02,7.822665702377873e-05,-0.00042985813062591913,-0.0003143268891402833,0.0003908655548583214,0.0007375803010951608,0.0003911422398786002,-0.00014587647904076156,-0.0014946863710737605,0.001027527862916655,-0.0002395630165150965
2021-12-03,0.0002756830170493487,-0.000370277482871127,-0.0003857241743496862,0.00018493893433277168,0.0005936850868699384,0.00024813539280135917,-5.133641463060841e-05,-0.0011260185433412985,0.0010436568028674917,-0.0004165745500627066
2021-12-06,0.0001466933508256058,-0.00017696099176230692,-0.00042960654388820695,0.0002280936707250037,0.00048797503384467866,0.00027430020712661263,1.078566419801183e-05,-0.0011679508512799537,0.0010441938192224769,-0.00041861406585698077
2021-12-07,1.773901062655759e-05,-0.00014564574868482357,-0.0004676956600811904,0.00028498512251528413,0.0007748024346019879,0.00019053666722177592,-8.923587548411924e-05,-0.0012472455312003,0.0009863522223538604,-0.0003044766877836752
2021-12-08,0.00022539728478404705,-0.00023849723721567663,-0.0005658117911707429,0.00016298916964203533,0.0008166680321206911,0.00024177554442497348,-0.00013476176103955143,-0.001126579874312172,0.000920537671058784,-0.00030167617857705664
2021-12-09,0.0001481261120907857,-0.00030778408527583584,-0.000620681459668722,0.0004316398602742244,0.0009031704610208448,0.0002520434912756109,-0.00021094762205739297,-0.0012927052542554135,0.0008603845522925785,-0.0001624173677829202
2021-12-10,0.00015099077373279728,-0.00018633295204639657,-0.0006677094241477602,0.00022885478428358568,0.0009255081166889348,0.0002878724843526914,-8.859111532730744e-05,-0.0013094041597971652,0.000823444419675308,-0.0001623129501601081
2021-12-13,0.00011313724736258107,-0.00029909184547562335,-0.0005339176578439469,0.00034294002058973816,0.0009056505438609658,0.0002679963350127289,-0.00013873766069726415,-0.001390317656478601,0.0009417517599092477,-0.00020905162434182653
2021-12-14,9.023430703994448e-05,-0.00014381007542908514,-0.00071657458091036,0.0003034894129692678,0.0010290805139520735,0.00025606860618732595,-0.00015598126670917853,-0.0013912453364388483,0.0009178087716246383,-0.00018887275820817645
2021-12-15,2.7650650998673962e-05,-0.0002267818853865797,-0.000536453217248589,0.0003230721684108831,0.0010023224024503976,0.0002666726014762602,-0.0001821043663301162,-0.0014460807030296004,0.0009410139162707894,-0.00016733973787911444
2021-12-16,5.4945199416422865e-05,-0.00011378809348515026,-0.0005769394909527093,0.000292683200861993,0.0007973324705194372,0.00024831562340503315,-0.0001361868118249128,-0.0012434253504627138,0.0009689919623246668,-0.00029273941963369604
2021-12-17,-1.6947510259223125e-05,-0.00018437786298472914,-0.0005419733036198865,0.0004479754233559421,0.0008812989970956465,0.00020165441845820635,-0.00021027858166334547,-0.0013183721895767778,0.0010037386073732113,-0.00026253611309727184
2021-12-20,6.338091044227109e-06,-2.443954029789151e-05,-0.0006200021340444341,0.0003565448670323785,0.0007384022663112569,0.00018282094392739479,-0.00015838146192023207,-0.0011471910870395133,0.0010300614875419153,-0.00036383106295287404
2021-12-21,-6.089543421880332e-06,-0.0001050889623633968,-0.0006195613097941047,0.00047802731688859415,0.0007417299626125747,0.00027044580806708136,-0.00019270761429539957,-0.001237586569371056,0.0008663502289599258,-0.00019552297022709664
2021-12-22,9.448203402733825e-05,-9.729556099003097e-05,-0.0006976276210924458,0.0003268947603501833,0.0008155830858979102,0.0002882512029665444,-0.00013854505787653376,-0.0012409510588208637,0.0008397080056075229,-0.00019009750301210784
2021-12-23,-0.00011598504051695902,-1.7539447367923965e-05,-0.0005369525802262462,0.0004514113588460532,0.0007067220400276478,0.00022092173814113394,-0.0001541217266581383,-0.0012128945273859396,0.0008654893502457114,-0.00020735811729255538
2021-12-27,-0.0004013727556261749,9.710217671627134e-05,-0.0005193461290816893,0.0007840894669617826,0.0006628740844273236,0.0002366541660969064,-0.0002744528673023442,-0.001344694501141868,0.0009229913914371758,-0.0001632705394128825
2021-12-28,-0.0004996473489072877,-9.365739282437245e-05,2.2549858828733137e-06,0.0005215951268280217,0.0007074238964125609,0.0002786909625578822,-0.00034649156300341037,-0.0013445883063228463,0.0009482418172261989,-0.00017566467738912642
2021-12-29,-0.0004325955773045588,-6.690949674813067e-05,-4.499976952878097e-05,0.0005492817106800725,0.0005350716944315208,0.00016101056464939804,-0.00015996795747144806,-0.001247107912048566,0.0009326486291729233,-0.00022669342069923937
2021-12-30,-0.0004457395857547417,-5.8878778971711626e-05,1.3515401012941138e-06,0.0004584529856226363,0.0005922826177520817,0.00018303310300253964,-0.0002000839792183906,-0.0012578295044895407,0.000943691205923098,-0.00021444788748001264
2021-12-31,-0.0003938463796816482,-0.00010440487259719892,6.210564681046393e-05,0.0004351453332792658,0.00048776197554179293,0.00011925947951974686,-0.0001239948580609336,-0.0011293727137571211,0.000878992517242029,-0.00023140269933177512
2022-01-03,-0.0002975880037113602,1.0646803042497956e-05,-0.00016835364337616354,0.00037123048976361785,0.00045125958878589403,0.0002637620369493575,-9.300326396981945e-05,-0.0011673001913157545,0.0008509712008974504,-0.00022146580406082889
2022-01-04,-0.0002242351012443068,9.051830553762638e-05,-0.00028115078971134013,0.0003547697737025044,0.00031361432308537815,0.0002544845084614458,1.0820232298404397e-05,-0.0010912661737623904,0.0008397694762791001,-0.00026729745426945853
2022-01-05,-0.00022967322272913538,-8.22058002463706e-05,-0.00026987974221261233,0.0004960975352047686,0.0005486652985436189,0.00020152464678749316,-0.00013570948514000578,-0.0011554978398001063,0.0007827540884619913,-0.00015571742083803075
2022-01-06,-0.00030738923309486235,-0.00019906923626719468,-0.00015278477362052484,0.0006217861467483193,0.0006241898147162223,0.00015551134814936578,-0.0001461077128655612,-0.0012738391026180622,0.0007377349920150329,-5.933839373474872e-05
2022-01-07,-0.0002215864467587222,-4.387533284442224e-05,-0.0003522383575718978,0.00043535788454478197,0.0006742935788323322,0.0002270608959296684,-0.00011310664834850853,-0.0012610228160192319,0.000766381097387088,-0.00011097711870932184
2022-01-10,-0.0002818654036876502,-8.651157240560994e-06,-0.0004225382396251089,0.0005651683707265116,0.0007149116948836874,0.00020730227631582734,-0.0001835887485943967,-0.0012583730363835179,0.0007341064857150775,-6.590959140950758e-05
2022-01-11,-0.00041812173463876587,5.944722107470088e-05,-0.0003456387832722991,0.00045971703223627626,0.000926717371489371,0.0001511442841011599,-0.00021192717388573631,-0.0013530041847655862,0.0008027805072689798,-7.022039435661959e-05
2022-01-12,-0.00043469542797304754,-0.00013468055432136992,-0.00020039605277334064,0.0006651021467911668,0.0008729275138000016,0.00014029666855003634,-0.00031042736495919335,-0.0013590295445838271,0.0008363313664672897,-7.391218344030004e-05
2022-01-13,-0.0004838044446037052,-4.7825177577104534e-05,-0.0002496068290871569,0.00071664674203273,0.0007967593689036951,0.00015046348121822324,-0.0002615757379022879,-0.0013959347364915775,0.0008593275467170779,-8.44452680189324e-05
2022-01-14,-0.0005776907797326678,-0.00011118730864611778,-0.0002354064655282753,0.000941684545132394,0.0008906533936724678,9.897587589044812e-05,-0.00036508329388302077,-0.0014959186822669744,0.0009015678696518148,-4.8503240979255735e-05
2022-01-18,-0.0007486420191052383,5.75774713906076e-05,-0.00017098977489428575,0.000851696112521786,0.0009020741311588192,0.0001228938543786362,-0.0003447946446553281,-0.001515060875053563,0.000828906550664997,1.646815532782564e-05
2022-01-19,-0.0006640655369019657,-2.4939036531311694e-05,-0.00019448245211333738,0.0008230900336001993,0.0009438114554011588,0.00015426319206526817,-0.0003666616956082662,-0.0015082349039549914,0.0008322101608194445,4.125044889859847e-06
2022-01-20,-0.00017714199598994028,0.00012553187739007283,-0.00024139302118185262,0.0004073087487041875,0.00020611982647508569,-0.00015109424365738686,-0.00011780246512710368,-0.0005404588251415356,0.001182837857034321,-0.0006936169121145412
2022-01-21,-0.00012260142613331523,0.00015441463062958356,-0.00018144604097688338,0.00017002613659503583,0.00020990795848301914,-0.00018920098541664807,3.2956835329320255e-06,-0.0005170630455706635,0.001270798864133723,-0.0007970524489762792
2022-01-24,-0.00014714244653745985,0.00038453496760807197,-0.00025799343751192055,2.700461141847202e-05,4.639966184671537e-05,-9.76217083134695e-05,7.319580142838705e-05,-0.0004351158012965775,0.001263778678122926,-0.0008570730670138006
2022-01-25,-0.0003084660615475102,0.00019710615328150062,0.0002093615131377926,2.732994118707227e-05,3.747025529155304e-06,-0.00017896801335128866,8.93357105321256e-05,-0.0004941321764862887,0.0013085449288478962,-0.0008538704776939014
2022-01-26,-0.0004749357738901619,2.6161900721801204e-05,0.00025824342718937243,0.00041186031270169614,0.00022212677266976108,-0.0002015162716599954,-0.00012954554179652258,-0.0006964669087463973,0.0012509906401374886,-0.000667099483621942
2022-01-27,-0.0007426552889160899,-2.989471339307978e-05,0.0004286270978933471,0.0006441921686751988,0.00042344801861780856,-0.0002571034353792308,-0.00034983432011853263,-0.0008433393441629987,0.0013478703731507405,-0.000619450066883822
2022-01-28,-0.0008317365141473881,2.9612038856144038e-05,0.0005728207540903266,0.0006158614411400712,0.00027934840072304373,-0.00031843161528792227,-0.0002949569871674024,-0.0007187561595644217,0.0013133947400349802,-0.0006470438502091461
2022-01-31,-0.0009886886569065102,0.000215573591178261,0.0005331317015775825,0.0006864706102728702,0.00022079769065413632,-0.00031282338720449096,-0.0002845318822476822,-0.0007480757532727575,0.0013164000080094634,-0.000638496587261398
2022-02-01,-0.000908975864035541,0.00035868841833130907,0.000565269415393011,0.00048513401309172206,-5.012164585475529e-05,-0.0003961315079522125,-0.0002056465282068952,-0.00040574341888627644,0.0014833869368992107,-0.000922842635995999
2022-02-02,-0.0007821726982847417,0.00019936789521783974,0.0005299631034835712,0.0004853656639910789,7.283888123112148e-05,-0.00045279677611792524,-0.00016105199045297197,-0.0004742604970578053,0.001460644504477488,-0.0008759180796394962
2022-02-03,-0.0008375089640594554,0.00030923266428837474,0.00047932816863796145,0.0004441595377450199,7.232393537263439e-05,-0.0003104459061480276,-0.00022856661493288535,-0.0005185190855708718,0.0014305353860249344,-0.0008404573195504098
2022-02-04,-0.001196135331634332,0.00037588486900585853,0.0007167606771474617,0.0005906181632886198,0.00019684288677487838,-0.0003950903830198353,-0.0003201796231585667,-0.0006409610047089023,0.0013926674808706872,-0.0007201466514470851
2022-02-07,-0.0010197616916583436,0.00039747263490703955,0.0005177201428639578,0.0005131345385545778,0.0002023683701574512,-0.0004006129289507408,-0.00029759551426754294,-0.0005281934108162141,0.0013979367878206132,-0.00078250718595229
2022-02-08,-0.0010406893381398959,0.0005091413078185105,0.0005662394935480319,0.00045488443197201286,3.2373805115098325e-05,-0.0005085008520555566,-0.00022615793333824463,-0.0003375024342321953,0.001493584778441772,-0.0009391998737680179
2022-02-09,-0.0009524509435453916,0.00029486319011331596,0.0005480948466981272,0.0005327697726534367,0.00020992914319104342,-0.00042527673417126766,-0.00033345605879379556,-0.000529499989863548,0.001537190146360317,-0.0008790288814099802
2022-02-10,-0.001088404139334317,0.00024981390955892274,0.0008024174016099447,0.000738021096426008,6.55506583720003e-05,-0.0007817962919271434,-0.00041840935737934293,-0.00019968336735483316,0.0017868572014657046,-0.0011545500541208231
2022-02-11,-0.0011059811642030798,0.00043138671792448697,0.0007552386206934603,0.0005432307670953859,3.114719562105975e-05,-0.000774332588909743,-0.0003041572418332576,-0.0001795946459150731,0.0018273258149021226,-0.0012240509972231417
2022-02-14,-0.0010364960171228253,0.0002882982797341666,0.0006915204823068673,0.0006530851108369415,0.00022934991457852771,-0.0008721312707402652,-0.0003793039759774214,-0.00021034861860513843,0.001813927030354906,-0.0011790996269838497
2022-02-15,-0.0009467749344133341,0.00021473186904229571,0.0007022932075515884,0.0006702709060398895,9.379899804903835e-05,-0.000824825903942783,-0.00037051125888779013,-0.00012475448788817206,0.0017584429412227376,-0.0011728846895084806
2022-02-16,-0.0009360583840488921,9.483204896641555e-06,0.000922820469350296,0.0006149973757587721,0.0001533478123363352,-0.0007813296473811078,-0.00038172255900355626,-0.00019400886847013854,0.0016483547967080688,-0.0010548650473613669
2022-02-17,-0.00094754445392904,3.9648101419860124e-05,0.0008254350539715748,0.0007262141467577511,0.0001358672568631883,-0.000729602095363921,-0.00041728542570865224,-0.0002561558104584409,0.00165211405663198,-0.0010285726996910605
2022-02-18,-0.0009732035993566144,0.0001304024463461926,0.0007477074622267849,0.0007064727140485439,0.00016779537580346657,-0.0007110565359632268,-0.00043070136743428647,-0.0002937400035491998,0.0017430051125686963,-0.0010863553661661467
2022-02-22,-0.0013961373646468045,0.0002258387938275418,0.0013319340787978293,0.0007220189471780821,-5.8195418289885836e-05,-0.0009689678170657218,-0.0004081503089714972,-8.92276746914944e-05,0.0018982806521536007,-0.0012563258500528432
2022-02-23,-0.001534772963706424,0.0004269639644556983,0.001225928636717468,0.0007468560801265275,4.4623757998855235e-05,-0.0010143100311393732,-0.00042355629238990944,-0.00013788499497884021,0.0018897073568003749,-0.0012235006213605105
2022-02-24,-0.0011544814656512712,0.00010666319338065687,0.0010013350356796041,0.0009040212136562052,7.486748194434831e-05,-0.0010502609289467363,-0.0004289236074793562,-0.0001376337921851281,0.0019930186665378345,-0.0013087277298008716
2022-02-25,-0.0014249191421687544,0.0003500335905734899,0.001170071813527183,0.0007156765160421033,0.00012092182542597016,-0.0010540584791409076,-0.00039946915190929716,-0.00017700951731706646,0.0019939927800215647,-0.0012948280338686523
2022-02-28,-0.0012005941516682458,0.0004212975510964577,0.000646605227473061,0.0008247039347033282,0.000204473936630558,-0.0009402483767488208,-0.00038547218788778995,-0.00027026987578129477,0.0019281490203301235,-0.0012304440546665393
2022-03-01,-0.0008790332926130709,0.0002559416049755705,0.0005743208843144477,0.0007288362937289197,7.38498986857395e-05,-0.0009533136884618005,-0.00033741611482974304,-9.284334785426146e-05,0.0020422655343759026,-0.0014134732231663692
2022-03-02,-0.0012405652347699985,0.0002526928827828144,0.0008811410207722036,0.0009464451702205223,0.00016762663579410197,-0.001090889366349268,-0.0004952378425078056,-0.00016236510868846213,0.002146553870364089,-0.0014052772490954352
2022-03-03,-0.0011445810601757593,7.349577145292566e-05,0.000846411337399721,0.0010830833957240424,0.00025711518169354436,-0.0011339358243069447,-0.000602678941010272,-0.00014698614837913362,0.0021643035438744865,-0.0013961000534598658
2022-03-04,-0.00012091273362556778,0.0003371030547914943,-0.00033537734062339536,9.670946994040988e-05,5.462746164718729e-05,2.7334063935034736e-06,0.00014183171389649946,-0.0005924689051958476,0.0012072709876783452,-0.0007892430252602507
2022-03-07,-0.000164018698467138,0.0005153571776628533,-0.0005483522525287221,0.00013430918194639457,0.00012415140622215257,-1.1964508946367414e-05,0.0002168342088792012,-0.0007727537136020847,0.0013709888476243388,-0.0008647945665570013
2022-03-08,-7.85920810926718e-05,0.00025916356436042533,-0.0003753774628310301,0.0001791082118334439,0.00018722663059773242,-9.779611119988332e-05,0.00011267263071382955,-0.0007381704810958158,0.0013491094203310905,-0.0007971402436395617
2022-03-09,-4.3664450718399785e-05,0.00031222420436817847,-0.0004507351456847688,0.00014707041470957832,7.95120077454678e-05,-4.7320194107636215e-05,0.00017278717791282747,-0.0005478660010345519,0.0012003448018513517,-0.0008228511757157608
2022-03-10,1.7488866562202603e-05,0.00016541022711497478,-0.0003468104224426654,0.00011396824334266101,0.00010703371297693387,-3.55073025155167e-05,0.0002584533590463678,-0.0007256559993489911,0.001166308538012837,-0.0007207903630760057
2022-03-11,-1.8373353656973845e-05,0.0002621568472148143,-0.00034617390007806413,2.7330799377538878e-05,1.1282869077235136e-05,3.656285034559642e-05,0.00031839743726946174,-0.000659417994046254,0.0011978870296471614,-0.0008298908099545789
2022-03-14,-0.00012159446637238346,0.00041988205816395965,-0.0005025397232697217,0.00020111782902258388,5.503936728724901e-05,-6.439803457388912e-05,0.00028016639744814567,-0.0007041456380835823,0.0011662562592744431,-0.0007294196493766274
2022-03-15,-8.549305936501189e-05,0.0003929825194199481,-0.00047716439788914045,7.266481677468267e-05,0.00012999353581706619,-2.804697906676895e-05,0.0002687500644749201,-0.0006720172314183259,0.001112317944946463,-0.0007140216807867417
2022-03-16,-0.00012070216333252403,0.00028264577413858114,-0.0002921212992500321,0.00014678517637693733,9.494209822882849e-05,-0.00013084823030880266,0.00020586267185670679,-0.0006273192146045194,0.0011457062961317925,-0.000704682188596286
2022-03-17,2.5611656986886805e-05,0.00021862582357121303,-0.0005061885927115199,0.00019870713559943728,0.00020669285461357226,-0.00015545838398073678,0.00022026122974983658,-0.0006292995159743846,0.00118791456621831,-0.0007643323370909068
2022-03-18,7.120770112696313e-05,0.0002553627898138379,-0.0007630617733246411,0.0004121122238358553,0.0003217460810451961,-0.0002376061604666864,9.777711350352977e-05,-0.0006901086965666187,0.0012531770099459966,-0.0007202793840486235
2022-03-21,0.0001913768682964903,0.0002730777969216919,-0.0010296429460342291,0.00046667340607061195,0.0004073112609563438,-0.00026329813992800877,0.00011345562160331238,-0.000638725103991291,0.001214709306181904,-0.0007360994739787317
2022-03-22,-0.00012817176406568383,5.57578745671531e-05,0.00017779854150698146,-5.221231849064992e-05,-3.7020069566306296e-05,-0.00022487814994139738,0.000312574851765543,-0.00039610151515626774,0.0011115497503932474,-0.0008183032347444594
2022-03-23,-6.579789691873051e-05,6.96671120610521e-05,-1.5371643915129685e-05,8.088836207530495e-05,-2.3542427309820868e-05,-0.00020857660951417376,0.0002942907707744122,-0.00047843512477269146,0.0012003207807908013,-0.0008534110017001141
2022-03-24,-0.00013896822248882744,0.00014113320681122254,9.996560002011566e-05,-0.00011018769761937316,4.427908927231994e-05,-0.0001823319205987925,0.0002501273589538451,-0.00042588319314037365,0.001089870540566338,-0.0007679121818646717
2022-03-25,-0.00014758162201811403,3.207950840300976e-05,0.00023415753652723803,1.0951584978408091e-05,-0.00013513579208562082,-0.00017178234843378756,0.00030366496901306633,-0.00045604852205267943,0.0011266183777463613,-0.0007971184513807378
2022-03-28,-0.0001711880717682173,0.0002539955004157539,-8.12792324906414e-05,7.775518640242007e-05,-1.6538542082018132e-05,-0.0002881698479243258,0.0003365241963461073,-0.00043539282432366114,0.0011744813613547636,-0.0008521597379102623
2022-03-29,-0.0001779656448631789,0.00030559472024891364,-0.00018917240748522746,0.00013400403704373967,4.99231700181145e-05,-0.00038812032931407475,0.0003508316645060468,-0.0003972389224427379,0.0011988380331988714,-0.0008869806407063967
2022-03-30,-0.00012563245185855023,0.00024132142045934883,-0.00022097678837373208,0.0001690631246083138,7.144114395834719e-05,-0.00030570191219917234,0.00023801779589162353,-0.0004257009274164225,0.0012300187417450606,-0.0008716355294225014
2022-03-31,-0.00036106434778276995,0.000535865071226738,-0.0001762845679820317,8.470994051958114e-05,-6.78775691925794e-05,-0.00019640557751867543,0.0002698300726506446,-0.0003784028022708469,0.001192553569081184,-0.0009043890796532408
2022-04-01,-0.0003230138250750617,0.0004289693393108168,-0.0001901832985399532,0.00025644564961703475,-3.2620031259218e-05,-0.0002961701532603715,0.00016896176552637018,-0.00039649910171004124,0.001182108219154588,-0.0007960892015549427
2022-04-04,-3.102110945348187e-05,0.00024097516732365758,-0.0004421454272122913,0.0002667553689772381,0.00011217099051540405,-0.00023537329720087902,0.00015989602828291039,-0.00043210351340309053,0.0011735448241430683,-0.0008147603284895978
2022-04-05,-3.7922734809053144e-06,0.00010233935165641396,-0.00026812917483037824,0.000320492258302104,-9.435868061266964e-05,-0.0001669572474389848,0.0001970454521535471,-0.00043200162781910356,0.0011751840771388224,-0.0008295942164624169
2022-04-06,-0.00012945309559666846,0.00012651625138961411,-5.6736661457904014e-05,0.0003310470885486416,-0.0002523206415133185,-0.00025911333071145307,0.00022355811617508908,-0.0002550947032937262,0.0012100261597346278,-0.0009346709843041194
2022-04-07,-0.0001667245675573744,0.00013244137784666418,2.0352869717753935e-05,0.00027296293836462024,-0.00020805477900924865,-0.00038411792522632243,0.00030469005932244955,-0.00022413267945564294,0.0012146833473325284,-0.0009623706421082699
2022-04-08,-0.00016773260695181376,0.00022751195917668394,-0.00012987948773832483,0.00028733205333760295,-0.00013006562729331664,-0.00040121620324419516,0.00029449582630735466,-0.0002468082571662547,0.0012345929608949431,-0.0009681252247266819
2022-04-11,-0.00020967966062683703,0.00015443655523153695,0.00014279236704657639,8.146809112191677e-05,-0.00010186334281169288,-0.0003796014307671028,0.00028322369786324894,-0.00022906633403899784,0.00123960530561713,-0.000984446494355539
2022-04-12,-0.00034996247349582815,0.0002810261153172629,0.00016539255126799685,0.00021743634324703637,-0.00024204496181182492,-0.000415906218997987,0.00023726486708730218,-0.00015172071641879337,0.0012711068175244797,-0.001014027255718166
2022-04-13,-0.00033662964803305925,0.0002266084241606854,0.00026357299007870663,8.589767162367132e-05,-0.00023312820771849083,-0.0002707762086123777,0.0001934019114895949,-0.00019295074854437308,0.001225667660831719,-0.0009617037843394349
2022-04-14,-0.0002840189264651776,0.0002463608221029874,0.00017038758690156308,0.0001187889623181608,-0.00034805508281741254,-0.00020146243459608776,0.00024104450499847288,-0.00013420048648675811,0.0012298760656457644,-0.0010387807791005024
2022-04-18,-0.0002833422589007383,0.0003028116975319524,0.0001063619206702962,2.7619696580691994e-05,-0.0002297377431114793,-0.00023240720736649248,0.00024561701000752265,-0.00010654091017961789,0.0012401792673670392,-0.0010702545551647367
2022-04-19,-0.0002178896371968081,8.27490208582908e-05,0.0002487934355062185,0.00018999597175577837,-0.00034952756388251585,-0.0002684779787180576,0.0002205693284170994,-0.0001400426550755389,0.0012959348844632235,-0.0010609798105018914
2022-04-20,-0.0001893898409216343,0.00012504923480379133,0.00013416881340371292,0.00019452964609662296,-0.0003144689818097429,-0.00020134208847021398,0.00016080178732966188,-0.00012800671046894405,0.0012462997626880752,-0.0010276288354776446
2022-04-21,-0.0002798494331799333,8.197876233207411e-05,0.0003629300860847652,0.00017901774508152432,-0.0004115847707926619,-0.00016608153274572102,0.00019667108495043453,-0.00025494886924417454,0.0012427103944649583,-0.0009503881697663676
2022-04-22,-0.00030987052571729116,7.444569761626621e-05,0.0004679700668012918,0.00018160394409914155,-0.0005352450571832479,-0.0002780075109991183,0.00029862423806647706,-9.242944611864701e-05,0.0013101994010750878,-0.0011170496031658456
2022-04-25,-0.0004558491575856402,0.00036868171011162666,0.0003047921663942507,8.326200600219935e-05,-0.00040430167743289724,-0.00023145509431741693,0.0002497240422534991,-0.00013869033142995327,0.0012834417979918356,-0.0010616488892015233
2022-04-26,-0.0007767214358890672,0.0006987853124284429,0.0005056111760631983,-0.00015832417827126716,-0.00044941756086192344,-0.00014704896120698585,0.00025345669146291383,-0.00012909485576494475,0.0012496341145280115,-0.0010466045286832253
2022-04-27,-0.0007169948692004827,0.0006942791909989067,0.00029360220621668306,7.735382834768087e-05,-0.00041071376634590345,-0.00031376426519141853,0.00023722830465116446,-8.004916063997919e-05,0.001263505902487909,-0.0010437550492841605
2022-04-28,-0.0006343215505781041,0.0004613822845201121,0.0005756653809147194,-5.224480312314775e-05,-0.0005303482908579765,-0.0002658352267509573,0.0003170389750335352,-1.0652123114369277e-05,0.0012720820772472788,-0.0011335031255730738
2022-04-29,-0.0006364133397203618,0.0003744038242325422,0.00066294518631917,3.963032202798644e-06,-0.0005138520565399866,-0.0003215228386896189,0.00032405718363649055,-0.00012121510894498588,0.0012934432907849777,-0.0010645950605691241
2022-05-02,-0.0007170234840492718,0.0007096047865072404,0.00032062655714406793,-4.636257459750617e-05,-0.00040603727249803254,-0.00021384856934909477,0.0003456334757344741,-0.00021876060497562355,0.0013430373207888383,-0.001118064904811998
2022-05-03,-1.3914822515529932e-05,1.55957759185206e-05,1.963302871103856e-06,1.0614391605490159e-05,-5.841052300074867e-05,5.6395884023133225e-05,0.0002002319123246242,-0.0006229360325269336,0.0012125980008135633,-0.0008061282121662947
2022-05-04,-0.00018780551348077101,0.0003039433147681951,-6.8450661723337e-05,-9.0505079878931e-05,-7.62728734677795e-06,5.258266410889875e-05,0.00019191675042171466,-0.0006219629691191775,0.0013655388776179986,-0.0009378359753777626
2022-05-05,1.3888037205153983e-05,-3.6645613635758606e-05,3.522573639144766e-05,4.8279344803080215e-06,-3.0292644490736292e-05,-1.1488035223577997e-05,0.0001792146810216111,-0.0005805057344709236,0.001400575341983172,-0.000974911662292674
2022-05-06,-0.0001298234381134425,0.00024304733883192577,-8.109603899474419e-05,-8.426064789483073e-05,-1.807016512615084e-05,3.4489069518764404e-05,0.0002136671752351292,-0.0005488779087049166,0.0013963233483795592,-0.001025798562485504
2022-05-09,-0.00016949520651162592,0.0003566258938846826,-0.00025536829579660136,0.00010066162114715296,-2.1597115014336532e-05,-2.5322812974779008e-05,0.00015627597982179053,-0.0005657688208879873,0.0014022626455401296,-0.000977577701192875
2022-05-10,-0.00023266260365462609,0.0004621773910749201,-0.0002669199391818755,2.629725015296236e-05,1.242015371538674e-05,-5.609940871906596e-05,0.0001868103537186229,-0.0005433019141356001,0.0013874679162057119,-0.0009758411749953878
2022-05-11,-3.895303937584936e-05,0.00030207215041393523,-0.000569117829765927,0.00037269848171437095,6.35263218472619e-05,-5.569793618081381e-06,8.055755537885595e-05,-0.0008125860546988779,0.0015034918982581753,-0.0008958690387834423
2022-05-12,-3.721013871763046e-06,0.000276195325933171,-0.0005248208805670798,0.0001619797393887755,0.0001846927953603958,8.772591059830886e-05,6.82514623168845e-05,-0.0008612891031415139,0.0016427467178856403,-0.0010319059241799267
2022-05-13,6.849050849682022e-05,1.3911780665978174e-05,-0.00023586744591836198,0.00010410071963620066,0.0001313320998454076,8.678238144381456e-05,9.037350504737668e-05,-0.0008917629389845506,0.0016613859826841368,-0.0010291562368648505
2022-05-16,-8.276612768323352e-05,0.00023456067522165114,-0.00021439669267976288,-5.890915182017731e-05,0.00015847086859791318,0.00013043510973360928,0.00011027522822124741,-0.0009059151967788191,0.0016626406853467654,-0.0010345382617145613
2022-05-17,-7.531893559571852e-05,0.0002147953888690015,-0.00019214117830444744,-8.519242813796388e-05,0.00016134779962310303,0.00016058869061274378,8.90442844801928e-05,-0.0008727187228188445,0.001509184853660507,-0.0009141778348211727
2022-05-18,-0.00012671656021403382,0.00025980263803109666,-0.00010717774429678736,-0.00015624146755938498,0.00010403047139883811,0.00020709876408664743,8.138055994551946e-05,-0.0007906861216748877,0.0013650065532616086,-0.0008368091211662654
2022-05-19,7.145760480406146e-05,3.669831464056007e-05,-0.00019464507336462017,-5.3693603558342684e-05,0.000129757035088357,0.00024771558465049373,0.0001218294424820375,-0.0009619122512874931,0.0015304650290580077,-0.0009286486779911188
2022-05-20,-1.000335780194754e-05,0.0001527541252175687,-0.0002636376583074092,5.023643305879233e-05,4.3356790637664316e-05,0.0002807859008354188,9.820377516793141e-05,-0.0010179926182980192,0.0014922674078393268,-0.0008239529760687425
2022-05-23,-7.941976883399891e-05,0.00034346209718632247,-0.0004430100223995863,7.407189742482043e-05,0.00013631300986050726,0.00030299952174640474,5.158986228222598e-05,-0.0010939096797240172,0.0015113425896712517,-0.0008037679176544008
2022-05-24,-0.000174456261676224,0.0003643157269154172,-0.000202460183681967,-0.00011713066769339017,6.929616931294208e-05,0.00030838597236566845,0.00016164762688350431,-0.0010523753742686,0.0014886053357678723,-0.0008461870615645989
2022-05-25,-0.00013912635374758488,0.0003106583344950932,-0.0002024100800512331,-8.363827786067937e-05,9.857051872147818e-05,0.00019658010196420966,0.00012025122559949225,-0.0008684692130442352,0.0014278812039796515,-0.0008603944765962629
2022-05-26,-0.0001191533206578773,0.00031898347259070627,-0.00028429611371078717,-9.716467226681194e-05,0.000267962376697229,0.00017580462152660611,1.5808490485071797e-05,-0.0009613538683984763,0.001608521616589472,-0.0009239329936444329
2022-05-27,-0.00014207618230223026,0.0003658545089419152,-0.00026710956761855087,-0.00017397110485497386,0.00022891521949122,0.0002194309199804699,0.0001234621630424211,-0.0009898866064605785,0.001568619363278987,-0.0009330645344617465
2022-05-31,-0.0003075584288820734,0.0005617904277882731,-0.0002156338533262879,-0.00023220337483245354,0.0001448590337634545,0.0002381722886021058,0.00015859503311852277,-0.0009887218166688312,0.0016694630205865493,-0.0010285340504753021
2022-06-01,-0.0001809441762444415,0.0003194076990061072,-9.255101395557602e-05,-0.0001532790236322447,5.3155788226243866e-05,0.00022141655559621345,0.00015393375511243285,-0.0009077146460273813,0.0016091078175611423,-0.001024838401982947
2022-06-02,-0.00016644289916950376,0.00031849078200979486,-0.00017177290733352835,-0.00010673971162376492,0.00014621620586446893,0.00022410088674326353,3.745022289134911e-05,-0.0009542200309759462,0.0016124966131797064,-0.000939483074939941
2022-06-03,-0.00019222545151325113,0.0003697711620862,-0.00014215226765834643,-0.0002646265997132205,0.00024965542869202426,0.00017464439985949431,8.113201173609932e-05,-0.0008921437068987008,0.001624270369727343,-0.001008494906746541
2022-06-06,-0.00019775669686588303,0.00043186084647365425,-0.00023476981948366074,-0.00023462878554885575,0.0002318063429270073,0.00020835878170771469,9.463565708189153e-05,-0.0008912194178945891,0.001613742433772998,-0.0010225371862063529
2022-06-07,-0.0002035196115701375,0.0003928669446159362,-0.00016531219464959931,-0.00013323111972896387,5.052874718219913e-05,0.00022434299206494646,0.00013388479265454348,-0.0008980387285714569,0.0016181990119961479,-0.0010192825811548775
2022-06-08,-0.00021667678620364457,0.00036960068106793934,-0.00011196106366462635,-0.0001276443024913372,1.5495356834736157e-05,0.0002323692816720048,0.00010694163291501135,-0.0008561416255466921,0.0016196390231791105,-0.0010316753452658256
2022-06-09,-0.00024151040236504787,0.00038865740891615846,-6.065754498539924e-05,-0.00021807251938204056,1.209997367482979e-05,0.000312503424448822,0.00010009196379619223,-0.0008745156828374907,0.001600410202218433,-0.001018424415693324
2022-06-10,-0.0004072787120422538,0.0005411227639721267,0.00011200081087164165,-0.0003651513556976599,-0.00011055107952364501,0.0002713576514759633,0.0002627194541967512,-0.0008099145064141694,0.0016175777860300278,-0.0011099943237080565
2022-06-13,-0.00011069150752467116,0.0001395918097809902,6.82140976538334e-05,-0.00022498486345085,7.652013827409015e-05,0.0001464694978918074,0.0001297765592916736,-0.000771580605468683,0.0016065313648457244,-0.00105865752659582
2022-06-14,-0.0005783437807052802,0.00034442920190337276,0.0010598006112628455,-0.0009724390222346987,-0.00037300553386319935,0.00024033395005994967,0.0005391752346159406,-0.00048705478303603944,0.0015294260538644203,-0.0013020330663501
2022-06-15,-0.0006388391176507975,0.0005513930354630985,0.0008122772320604751,-0.0009453273777285248,-0.0002476021653484012,0.00029801304165549825,0.0004258412269142614,-0.0005476933001860793,0.0015837833204477847,-0.0012904259778818913
2022-06-16,-0.0008093946177651704,0.0007647037360036107,0.0009271449386598282,-0.001225849557238999,-0.00016614873245628797,0.00034121653158534354,0.0005168775696503883,-0.0006271850868811921,0.0015239599334642348,-0.0012452166640539858
2022-06-17,-0.0006682218193456296,0.0006868973718585532,0.0006358091196755691,-0.0009788587065069493,-1.702210319298736e-05,0.0002416780360519552,0.00041216248352844015,-0.0006957860552668574,0.0015845979729706486,-0.0012017111978229814
2022-06-21,-0.0012677858382639101,0.001651881520968082,0.0003832265165033197,-0.001052287008068968,-0.00030748160444139805,0.00039852818346015895,0.0005621465642246942,-0.0006290704603715697,0.0015306525224516934,-0.0012721666215089605
2022-06-22,-0.0014423590615565453,0.001961407600265558,0.0002563436645987571,-0.0011080978600816471,-0.00026162421390423657,0.00037377379106736525,0.0006073218390524812,-0.000634193999724128,0.001540591680067517,-0.001292841611182087
2022-06-23,-1.785836995431625e-05,0.00015577624767119935,-0.0004114940931933611,7.227498077211e-05,0.0005441540571922039,7.1029787356236e-05,-0.0001542891292245982,-0.0012604253069628465,0.001793412017002248,-0.0007936458676306712
2022-06-24,-5.362716044897409e-05,0.00020803423140327779,-0.0003603003790824816,8.697195634511934e-05,0.0004045799186548002,0.00020238723881757514,-0.00018804088554621318,-0.001276541580358094,0.0018533690041265469,-0.000876923233335887
2022-06-27,8.066041667136037e-06,0.00014120906817035456,-0.0003705176685676499,-0.00016680101492068042,0.0005393548995692443,0.00015093426135071725,-1.5199848212639477e-05,-0.0011737671275202713,0.0018007880056826395,-0.000913950230661216
2022-06-28,6.414859781710483e-05,8.016419329969979e-05,-0.0004800738646439824,-3.3523983146901276e-05,0.00045823263804783965,0.00019311347200189066,-3.510912903175595e-05,-0.0011474581299496106,0.0017957806729065884,-0.0008950418715572978
2022-06-29,2.578499574003301e-06,-1.7630173820813028e-05,-0.00012092784148634572,0.00020897019729662278,0.00039544930276202636,5.4655898704680794e-06,-0.00019115810625323915,-0.0012802451629768674,0.001789714118919719,-0.0007922355154963978
2022-06-30,4.306008057963079e-06,-5.173172067800616e-05,-5.261805786961615e-05,0.0001344925219120205,0.00045516077760687085,2.979816536523988e-05,-0.0001967266060221122,-0.0013564830824042001,0.0018533894671834902,-0.0008194890604119875
2022-07-01,5.0656043183730515e-05,-0.00029028231174806074,0.00022408290205901474,0.0004020520591161529,0.0003284530800361368,-3.5172289367866455e-05,-0.00034151409210041866,-0.0015406698653670711,0.002002655656780379,-0.0007984830687300833
2022-07-05,3.154039545350332e-05,-0.00018387843857516073,4.71282682192424e-05,0.0005111365151879953,0.0004320321701996241,-0.00016018716716431278,-0.0003395560737878729,-0.0016209620914036903,0.0021408384589940883,-0.0008543121216101693
2022-07-06,7.64092377643008e-06,-5.727064893255862e-05,-0.00026038585610337756,0.0006800314316407381,0.0006438390356654639,-0.00023641106111886231,-0.0005001697076607095,-0.0017244459178663261,0.002279189281809965,-0.0008312965885875143
2022-07-07,1.1913149230019515e-06,-6.275570533591235e-05,-0.00021339206840054886,0.0005812869684429858,0.000470931880729282,-0.00010571427823347773,-0.0004174081121905496,-0.0015704306641441158,0.002043096818767992,-0.0007289043314964508
2022-07-08,3.117983406456318e-05,-0.00017858629758414277,-3.683132547629975e-05,0.0006169860504988238,0.00046443213990954996,-0.00020936225962316785,-0.0003903431648809644,-0.0016014682872431338,0.0020766806579404842,-0.0007726836142809071
2022-07-11,3.537746529731073e-05,-0.00018037324801213964,-4.5481628186846285e-05,0.0005802889624394562,0.0006192290733134306,-0.00020107925621453207,-0.0005162211947180584,-0.001678038004818451,0.0020574652349927836,-0.0006728031089550945
2022-07-12,0.00014680911453826204,-0.0007312795036174685,0.0008269449322705659,0.0003026827879815848,0.0006298866009734234,-0.000294871568397595,-0.0006491300353016587,-0.0015526309610528893,0.0019613664992750787,-0.00064201768702353
2022-07-13,-0.0001304631019922245,0.00034257619022054486,-0.00032595156687932614,-0.00032236949487198657,0.0008616302704963046,0.0001962446004625286,-0.00021180811929766286,-0.0015611496582947498,0.002063748685269172,-0.0009126422894181196
2022-07-14,-0.00014336987503538526,0.00037913918808551647,-0.0004089224730402588,-0.0001500020504421884,0.0007528939437062461,0.00013007794532560873,-0.00016492452664104706,-0.001450755577008432,0.0018941774254072896,-0.0008389019855275757
2022-07-15,-0.0002637037606587206,0.0006637688590202459,-0.0006180894577762254,-0.00015382007050140922,0.0007504667695768727,0.00022645172229245059,-0.00017093011360331395,-0.001559760452113857,0.0018806346931385873,-0.0007540319982437052
2022-07-18,-0.00027755952121522043,0.0007360754646703466,-0.0007547062673579005,-1.9588401906918407e-05,0.0007701256810072853,0.000170321374101029,-0.0001994429962033882,-0.0015679353473347368,0.001957831396182899,-0.0008166042485135139
2022-07-19,-0.0002921149233176372,0.0007739254066955678,-0.0008108644553251124,4.601875209479106e-05,0.0006903524037229353,0.0002447887334043469,-0.00022808205149592656,-0.0015759268420964222,0.0019315927093190646,-0.000779314275900729
2022-07-20,-0.0002729261936931203,0.0007408774327703586,-0.0007591258135102655,1.0022079829460906e-05,0.0006184900780742617,0.00024316003945909492,-0.00016899934805799516,-0.0015229822742996134,0.0019353628220203298,-0.0008223001201739105
2022-07-21,-0.0002790732681699666,0.0007083872842600196,-0.0006803398434551931,-1.3412608419013927e-05,0.0005905201195234092,0.00024313310063932975,-0.00014302110241630125,-0.0014494966986777803,0.0019099427136763658,-0.0008881880968241024
2022-07-22,-0.00028889731044247705,0.000760654192626286,-0.0007988153029070758,8.037132837235977e-05,0.0006040274744958211,0.0003474539379250442,-0.00022641496213976833,-0.001653170493959251,0.0019193474842198258,-0.0007444398278608592
2022-07-25,-0.0002885978692894059,0.0007502779618361009,-0.0007438190381852394,-7.339960079612295e-05,0.000784441907388217,0.00022005373784627844,-0.0001803174456992511,-0.0016417662855446324,0.0019775880487215985,-0.0008048348385967172
2022-07-26,-0.0002327114517932001,0.0006553978658346699,-0.0007739917164961557,1.324162482222585e-05,0.0009422867313057283,0.00011166698214113563,-0.0003330840834208683,-0.001626304774165678,0.001995270963685198,-0.0007514560727696316
2022-07-27,-0.0002189476601358424,0.0006334451567558269,-0.0007785089709624257,9.540006523713063e-05,0.0008811679330383189,7.468062413336016e-05,-0.0003111907929868353,-0.0015816179665767288,0.0019721122253841643,-0.0007682954511006486
2022-07-28,-0.00019477151853955835,0.0006066079738834933,-0.0008754407305291249,0.00017058755235019665,0.001082974091563084,0.00012863514244820795,-0.0005774480063207958,-0.0017440249604515796,0.0020519793023947713,-0.000649088346854846
2022-07-29,-0.00013778938006003133,0.0005021480556423423,-0.000803460452550718,0.00019781922280480424,0.001013879106806479,0.0001065135598902027,-0.0004983465873881834,-0.0017648896628100173,0.0019683095904906023,-0.0005855646950424925
2022-08-01,-5.4443364214579876e-05,0.000340466202290942,-0.0008507338516088592,0.0004528347323899361,0.0010989864500679028,8.05390999175995e-06,-0.0006600088227157463,-0.0018667517670238921,0.002001753059507911,-0.0004701779398664334
2022-08-02,-6.54382059304473e-05,0.00034256128858443924,-0.0007792177611912407,0.00032343607670595395,0.0011266028347874553,-2.8483250642006436e-05,-0.0005871999216500896,-0.0018101629779703025,0.001997893596550105,-0.0005197161258746301
2022-08-03,-1.789055583856225e-05,0.00024715673302684246,-0.000724700893058941,0.0003355898453234647,0.001079236313443959,2.3110816438243198e-05,-0.0006000737409001915,-0.0017896844980638711,0.0019010203617029695,-0.0004537622565644675
2022-08-04,-0.0004952057883865005,0.0009708017881970669,-0.00044451233735997783,-0.0005399622360796712,0.0005765552295079746,0.0003984095425949054,2.1498577446647793e-05,-0.0013110860906302459,0.0016364085024344263,-0.0008138892590343477
2022-08-05,-0.0004939062025681,0.0009531131811417841,-0.0003978102885602852,-0.000618716808291675,0.0006334996645981361,0.00042899692149948876,-1.080212563744909e-05,-0.001356721456944942,0.0017289262032388203,-0.0008666106098406817
2022-08-08,-0.000513069268005293,0.0009840663881407197,-0.00040808464385325843,-0.0006431042551138036,0.0006821670402798047,0.00039688876397965533,-1.9074157681840676e-05,-0.0013673354269020978,0.001796048881838909,-0.0009085537370125928
2022-08-09,-0.0004167689297868288,0.000872446654970209,-0.00048362553931700913,-0.0004963137087975605,0.0006723166427671165,0.0004260476331506974,-9.708578098676507e-05,-0.0014212588255539116,0.0018394130738115452,-0.0008950115746273954
2022-08-10,-0.000415119171210121,0.0009325493767081486,-0.0006347985527472705,-0.0003361090438562739,0.0006012398793124978,0.00048532279473853523,-0.00011243111223865551,-0.0015358913261178213,0.0019269180095658686,-0.0009123037574098082
2022-08-11,-0.0003397801990743521,0.0007728044567676326,-0.0005155744441761867,-0.00039178353743709454,0.0006236612819098888,0.00042212201211785233,-4.357199713998089e-05,-0.0015172619778728857,0.0019481066615331735,-0.0009587827411109487
2022-08-12,-0.00046426300897230155,0.001014177703325514,-0.0006800783464105606,-0.0003746098063666242,0.0007369642533478216,0.0003805658209319919,-9.080516638869385e-05,-0.0015757131322490167,0.0019098514842622316,-0.0008555838111232485
2022-08-15,-0.0002643459479660937,0.000748759570774353,-0.0007369709435587277,-0.00029686464486299025,0.0009509946313846461,0.00032571335053591804,-0.00021321721883407752,-0.0016659733604306622,0.0019254736272071651,-0.0007725886393310163
2022-08-16,-0.00021511230514018043,0.0006674807622403869,-0.0007038199436672152,-0.00027771463315125894,0.0009385728711242894,0.00027958640157567036,-0.00017214383546227535,-0.001622162108500632,0.0018243476917633797,-0.0007190736036761132
2022-08-17,-0.0004099097631103908,0.0009668609604475964,-0.0007374253802364325,-0.0004642379406900321,0.0010131320138819441,0.0003030868015819928,-0.00011601470241977968,-0.0016609834997306158,0.0018875424778581618,-0.0007818411034333783
2022-08-18,-0.00032981006103029176,0.0007929447807412289,-0.000578783764113161,-0.0005440891592549402,0.0010137332150066333,0.0003318334667377909,-0.0001500617131736555,-0.0016191478807140863,0.0018259630170184976,-0.0007424545776628932
2022-08-19,-0.0004388473360008409,0.0009428310303442496,-0.0005539152742425821,-0.0006151465429654335,0.0009184063018360389,0.0004027524541302292,-0.00014720542627172373,-0.0015294985741409958,0.0018391860728522724,-0.000818067151907638
2022-08-22,-0.00041901339611730495,0.0009383262970182465,-0.0006055401899431184,-0.0005965094189936751,0.00100318892471684,0.0003132260043147081,-0.00015790644761149233,-0.00152822559056617,0.001922888092233191,-0.0008691866243518351
2022-08-23,-0.000480500348397965,0.001004229794619109,-0.0005628272179552044,-0.0006649465020574924,0.0009860885460645508,0.0003278644339928319,-0.000102835399733818,-0.001498351792110962,0.0018439300655678018,-0.0008493377330170762
2022-08-24,-0.0005689675435160586,0.0011883353527335216,-0.0006644344007831135,-0.0006200915235027096,0.0009595673023182691,0.00011330548296180354,7.164755895253117e-05,-0.0013875119363420708,0.0018245995801871653,-0.0009168056201113439
2022-08-25,-0.00027628879856518573,0.0007721445853561132,-0.0007372068260308728,-0.00037541681819920625,0.0010965107885311104,0.00015473809858188026,-0.00021192906825750688,-0.0014918586153731782,0.0018351028748893258,-0.0007661371253132598
2022-08-26,-0.00031335485147345257,0.0007670972558447633,-0.000581045852954841,-0.0004903758483019577,0.000979341634193727,0.0002585868038439548,-0.0001734532940766767,-0.0014556450114038312,0.001796731110862551,-0.0007880376639827422
2022-08-29,-0.0003221769073980772,0.000705741273484356,-0.0004175770472935672,-0.0005441971170541543,0.0008518034516918141,0.00026681227209457425,-0.00015673509572252525,-0.0012987435029442988,0.0018345809024315207,-0.0009203177871216772
2022-08-30,-0.0002029511453559077,0.0004749012140742512,-0.00028106138096609806,-0.0005225882313919447,0.0007931902869374452,0.0001907472125920115,-4.3681483341502514e-05,-0.0013239065016686404,0.001874357447623605,-0.0009595262376252134
2022-08-31,-0.00033619057786609535,0.0005671274968630721,-7.705320393673609e-05,-0.0006585106743368582,0.0006009721947732027,0.0003033143745227451,7.822455256253913e-07,-0.0012470776519760626,0.0018567466663871116,-0.0010099220916411009
2022-09-01,-0.00034076963340806676,0.0006475294025477113,-0.00021442299278174454,-0.0005991169763685938,0.0006340453653126896,0.00022032319749878265,5.121710805481433e-05,-0.0012178368007626575,0.0018906899802488414,-0.0010719112872686828
2022-09-02,-0.0004943943863136499,0.0008339940556462283,-8.39470924216823e-05,-0.0008522373979025083,0.0006109655520951662,0.00027352827508932837,0.0001632045765007223,-0.0012087380310736723,0.0018687859956643127,-0.0011121125912251367
2022-09-06,-0.0003978307801745587,0.0005448120870836584,0.00023182911621927316,-0.0009945080045218185,0.0005544209719634888,0.0003865144017948935,0.0001372820238796993,-0.00118444043064337,0.0018146964349803618,-0.0010940498785798475
2022-09-07,-0.0004214597210429154,0.000599068331848189,0.00024181045548686553,-0.001106734441971166,0.000570951972609722,0.0004020730579364015,0.00018329382859984256,-0.001124837155033316,0.0017811944705348123,-0.00112600936246008
2022-09-08,-0.0004884661394730337,0.0007533730173982928,9.19401133835096e-05,-0.0010509127424356696,0.0006964796861031464,0.0003227037479419659,0.00011621202050898088,-0.0011731832562938763,0.001763756432750993,-0.0010323831150469143
2022-09-09,-0.0006187943912828384,0.0009915730421747107,2.7829259699810316e-06,-0.0010858685565603848,0.0006546140686034402,0.0003546045381149568,0.00015590572111488094,-0.0011391874887162479,0.0017190343786054468,-0.0010357475500899077
2022-09-12,-0.0005208416777588154,0.0008302406701160558,3.109890944762855e-05,-0.0009596914008269605,0.0004927894813128234,0.00039984756234011376,0.00019914499071720798,-0.0011110992853174753,0.0016764434404008682,-0.0010382849713934522
2022-09-13,-8.333210852261991e-05,0.00022169878508015994,-0.00020017866705341475,-0.00040988666151601377,0.0008931214200913681,0.00012876298641031902,-0.00020399173584662034,-0.001347993969562207,0.0017423788028312556,-0.0007402438684111501
2022-09-14,-0.00010933127967088785,0.0002721661762882452,-0.00023673191881111444,-0.0004598624699320361,0.0010114048978498505,0.00018069069282466987,-0.0003364453269522061,-0.0013533814899589769,0.0018228987545643172,-0.0007947223128301067
2022-09-15,-0.00012269178196370328,0.00029394127425777516,-0.00026496700050159666,-0.00029372736822182166,0.0008455445687114357,9.249845820177155e-05,-0.00020558841152126806,-0.0013734449462766349,0.0018325873490083883,-0.0008039539837876655
2022-09-16,-0.0001230477753700332,0.000345791680760911,-0.0004527128494650201,-0.00010410887411167746,0.0008970192736408242,5.652803891469799e-05,-0.00030258057774282254,-0.001377803870460298,0.001905430235391914,-0.0008452238905144113
2022-09-19,-4.458096569913417e-05,0.00019401835109557342,-0.000410233015556441,6.651440169730405e-06,0.000873374148406908,-4.099013170628246e-05,-0.0003031457497144757,-0.001330315410075833,0.0017360122305918047,-0.0006793980020648044
2022-09-20,-0.00011759951043854855,0.000357248650796442,-0.00045162386292187107,-0.0001025036759114556,0.0008565565285615848,-2.439254551556136e-05,-0.00024492750350245396,-0.0012062299252373065,0.0016292966277695053,-0.0006956541733978069
2022-09-21,-3.748510173158526e-05,0.0002094611969822996,-0.0004750713515840957,5.406910920732061e-05,0.000980347703698141,-0.00010533287810761405,-0.00037856504671798796,-0.0012707881495500131,0.0015567173587200597,-0.0005312873580656796
2022-09-22,-0.00018290967124177243,0.0005144004130132815,-0.0006194973832583453,-4.098986841327701e-05,0.0009417410609809732,-0.00013742748738811844,-0.00025633844336397926,-0.0011256984796374284,0.0015818361465245873,-0.0006751950452339242
2022-09-23,-4.818055445402619e-05,0.0002490384934735884,-0.0005424935092221139,6.358344120475923e-05,0.0010960212832186872,-0.0001691347243690175,-0.0004594066156745,-0.001262202924820717,0.0016450803214440243,-0.0005715548491442637
2022-09-26,-0.00026898575556523474,0.0006659106253194477,-0.0005970328152588092,-0.00030457354253750346,0.0010944131788223274,-0.00016181817966457596,-0.00021046662233383667,-0.0010636273278102487,0.0016288315991348778,-0.0007838381348256804
2022-09-27,-0.00021923030139291838,0.0005785936828325774,-0.0006095969839878812,-0.00016944496606930565,0.0009817314551696585,-0.0001226171588422087,-0.00018484651451177586,-0.0011729820023544252,0.0016755028616742065,-0.0007574498648508163
2022-09-28,-0.00018959182901843313,0.0005771264953978797,-0.000797176629832877,6.544280785082679e-05,0.0011688995726213958,-0.00010240084507533165,-0.0005725385919069167,-0.0012720976789205585,0.0018678794509423002,-0.0007462667195326303
2022-09-29,-0.00023577137962929595,0.000731767922187751,-0.001084295210897833,0.00038040434646828547,0.0011371231838041493,-0.0002259034346235797,-0.0005783419236944781,-0.0013096196496349619,0.0019013752331491982,-0.0007164185275837509
2022-09-30,-0.00031036586531030946,0.0008924228200137274,-0.0011084738071203623,0.00023808261103988593,0.0010515386705134758,-9.123255082034432e-05,-0.00046921346976938616,-0.0013441290307577153,0.0018930836228922207,-0.0007511465605416906
2022-10-03,-0.00023907582289685314,0.0007858215293449211,-0.001221648495096088,0.00043998571432765643,0.0012985079976101169,-5.5695549464503114e-05,-0.0007680950050155677,-0.0016647108423738372,0.0020009996510949243,-0.0005761500002465017
2022-10-04,-4.2912119512149294e-05,0.00027217288667208406,-0.0006587824456473282,0.00013209163046869893,0.0012643052981266417,-2.132658249956454e-06,-0.0007122601502146109,-0.0015936117263882846,0.0018925224228003301,-0.0005509842477022589
2022-10-05,-0.00019465853998660437,0.0005826846866988367,-0.0007510234625399057,-1.1954819267037675e-05,0.0011556109698871372,-2.7169017930664396e-05,-0.0005384092482002903,-0.001355451385297697,0.0018665375677188456,-0.0007267872610535533
2022-10-06,-0.000254001847943941,0.0007016065677614217,-0.0008053910743283793,-6.85721374078796e-06,0.0009899035351148555,4.5716853765656595e-05,-0.0004657301931847574,-0.0012497081884892125,0.001781868059769598,-0.0007372192507553166
2022-10-07,-0.00035508321610328714,0.0009116856147454999,-0.0008983818437903329,-0.000111924160805979,0.0010306669087409223,0.00011291234948263007,-0.00042815016755022584,-0.0013181288389218573,0.001761580312973042,-0.0007050326556613182
2022-10-11,-0.00023988214198700925,0.0006537514404559297,-0.0007199368736202222,-4.1712667430846007e-05,0.0008886503934893014,4.854368463783759e-05,-0.00032527516091643977,-0.0012701895914326577,0.0017770899118284209,-0.000771159337461011
2022-10-12,-0.0001566876095793479,0.00048593252108949936,-0.0006319959365218702,-4.5836680850001865e-05,0.0009162053643445509,8.245960429311555e-05,-0.0004044766126624841,-0.0012702707562445986,0.0018423427717729132,-0.0008182914990548865
2022-10-13,-7.701860658219234e-05,0.00034234737799257453,-0.000713413795753931,0.0002479903590634769,0.0010663357761081932,-9.565768893107784e-05,-0.0005346682082267504,-0.0014686778300777026,0.0019171170962555759,-0.0006842258400096835
2022-10-14,-6.68736047908236e-05,0.00026869307256336544,-0.0005250178005828526,4.713787030743988e-05,0.0010268994778737661,-3.449658217884177e-05,-0.00044389599275788255,-0.00143510447783593,0.001819845995839918,-0.0006568979849021009
2022-10-17,-6.664595626926922e-05,0.00026711056296207375,-0.0005072345606969564,-1.0366497654457074e-06,0.0010566287290105572,-2.5285310283736095e-05,-0.0004600016398503687,-0.0013960021901793587,0.0017426151423930863,-0.0006100561335256535
2022-10-18,1.506252427230237e-07,0.00011521484901103052,-0.00042613214803727956,3.43639447226568e-05,0.001114791236454915,-8.298508461740406e-05,-0.0005495301102651923,-0.0013267018408442272,0.0016477381594570684,-0.00052762511145521
2022-10-19,2.6230811836086554e-06,0.0001143816361942121,-0.00038561508108418685,-2.3188767006049327e-05,0.0010580071407982478,-5.9552634164357354e-05,-0.00048225295838810744,-0.001289958881438076,0.0015996698937976311,-0.0005345485469918573
2022-10-20,1.4589207818584138e-05,9.48848068818911e-05,-0.00033737625972106444,-0.0001491012622174756,0.0011160204797038276,-6.170874411461774e-05,-0.0004776171593485687,-0.0012572933553955043,0.0015864465594238042,-0.0005280114794602095
2022-10-21,4.6580564213617726e-05,-8.372564980659025e-06,-0.0002638516914658662,-0.00012193143814099444,0.0011393309618073777,-1.190580178286188e-05,-0.0005500161375661186,-0.0013596008861079326,0.001666850453316944,-0.000536061766894684
2022-10-24,-6.415999808493528e-05,0.0002345668323429223,-0.0003842209704749133,-0.00018391404301405095,0.0010642300003676705,7.781255235613654e-05,-0.00046903921660382264,-0.0013257907530040483,0.0015677039979082388,-0.0005177938298256343
2022-10-25,-1.0429556577658261e-05,0.00011787601220836913,-0.0002811539695219689,-0.0003347716716540772,0.0012763856208799981,0.00012913236663437272,-0.0006080639070914981,-0.0014783456345137183,0.0016199469985751641,-0.0004303048047380187
2022-10-26,-4.3322261174108534e-05,0.0002093338060947733,-0.000422774702600881,-0.00020505631806987112,0.0012883519668008409,7.359518333564796e-05,-0.0006062299533149823,-0.0015029956130906547,0.00160951784420299,-0.0004003707567115794
2022-10-27,3.073807415392149e-05,3.897525958072856e-05,-0.0003022413232807303,-0.00015994993498897464,0.0011934498048144435,9.900762134527896e-05,-0.0006710380451954157,-0.0014048911626769606,0.0016828403556464824,-0.0005072001398637657
2022-10-28,-2.8554728789396966e-05,0.0001843585950921725,-0.0004806797046843017,2.143660646052037e-05,0.0010798868993866367,0.00011958864806098368,-0.0006348871755731747,-0.001511273183054898,0.0018262607023749738,-0.0005751909096054358
2022-10-31,3.494524331398158e-05,4.2201427459892527e-05,-0.00037106207220789084,7.860924823730603e-05,0.0009205582776197277,0.0001400978251727275,-0.0005809713679981038,-0.0014334350209694938,0.0017309270531700588,-0.0005616703669738959
2022-11-01,0.0001458652195424487,-0.00024404399772356977,-6.105036929520552e-05,-8.881157989597266e-05,0.0009059188730614343,7.39731920258585e-05,-0.00044679713567780804,-0.0013841600192637457,0.001691724683085885,-0.0005921530586088936
2022-11-02,-0.00020390257831464503,0.00035665914732844334,-2.003111156374804e-05,-0.0006290412032192577,0.0006014202391622786,0.0003056651985398062,-0.00011738702796133121,-0.0010552094708302859,0.0017453916165478603,-0.0009851856700752032
2022-11-03,-1.3432715057930256e-05,0.0001466335883645864,-0.00022257915154199476,-0.0003005100153071552,0.0007148988501928799,0.00013552925716306397,-0.0001691502315803034,-0.001137098622593355,0.0016388935295069268,-0.000793537577240655
2022-11-04,-7.500850831645284e-05,0.00021574283133622002,-0.00015531825153273365,-0.0004044349968462882,0.0006668787306737603,0.00015164302758106235,-9.568795386868945e-05,-0.0010810396416924065,0.0015953626031249973,-0.0008142427379987105
2022-11-07,-4.068843197724964e-05,0.0002434506666856226,-0.00031884534730700076,-0.0002978078513775073,0.00067750157297089,0.00023397995621741996,-0.00014316201158966202,-0.0011615428038764392,0.0015664731784951619,-0.0007600688991073121
2022-11-08,-5.416949275638405e-05,0.00020968405412322144,-0.0002885259818136282,-0.00020831306809461492,0.0006149050888001051,0.00027018116987165275,-0.0002081374038465783,-0.001162319718832329,0.0014901772040442698,-0.0006643243372491114
2022-11-09,-0.00024586530208212803,0.00037907081835941714,3.186374551147203e-05,-0.0005175225609610409,0.0002900366046558883,0.00036887313385881165,0.00010229599149479823,-0.0010679517932997568,0.0015198282200646063,-0.0008555985698503257
2022-11-10,-0.0003063350902158743,0.0004103542283830572,0.0001363134359845461,-0.0005287452103171983,0.00015613159623036055,0.0003832415738416958,0.00014782273272986868,-0.0010648298648217591,0.0016674325674614493,-0.0010011369710510448
2022-11-14,-0.00018088639857532368,0.00025989509342678324,8.16456553468306e-05,-0.0004599425191190096,0.0002600580592797344,0.00025201633191462153,0.00014511863341297448,-0.001006709708791402,0.0016383279536489603,-0.0009888628896866924
2022-11-15,-0.00024656337069582646,0.0003754056458558641,2.6989642196495467e-05,-0.0003633654923539606,9.857911049022255e-05,0.00025576250203858397,0.00021716910454086524,-0.000996672546539977,0.0016764879621662884,-0.0010428321671058505
2022-11-16,-0.00016779380881039307,0.00024340470975817152,8.313391336146891e-05,-0.0004052264409512979,0.00019661378539739122,0.00019486477954379355,0.00026919039328157646,-0.0009975331016293804,0.0014270678996948921,-0.0008437211010813156
2022-11-17,-0.0002449693268434597,0.0003011029071808141,0.00017390427751583226,-0.00044710168622047464,0.00010187139176592169,0.00015299416805563543,0.0002979195253795877,-0.0008440971998950747,0.0014997877151355227,-0.000991259065262047
2022-11-18,-0.0002478980149842047,0.0003057272279979595,0.00015875743237294543,-0.0003754152699108407,5.742588405584226e-06,0.00016867849341443975,0.0002939628167424879,-0.0007755284914865296,0.0014624036432387202,-0.000996497147317324
2022-11-21,-0.0002491199304856112,0.00031043446547710657,0.00019277291293875315,-0.0006090679992616366,0.00040880310454007723,-0.00013798880433769922,0.00036939860303258215,-0.0007696694361839021,0.0015541642195927158,-0.0010714636588641177
2022-11-22,-0.0003774336450446461,0.0004270955902243509,0.0003392340180467038,-0.0007245070707733239,0.00018658196013023737,8.863972026020017e-05,0.00032415690071971315,-0.0006644435012237021,0.0014647199593523855,-0.0010640615100981216
2022-11-23,-0.0003535290789253853,0.0004536575056598782,0.0001805616915850905,-0.000514006526804528,0.00011698160279293573,-1.5822106600962837e-05,0.0003107007787510607,-0.0005568219700507679,0.0014690027602934988,-0.0010892089808029817
2022-11-25,-0.0003558482968374563,0.0003978788888578111,0.0003322174062243416,-0.0006775009577913924,0.00015712486247578678,5.9386997917736106e-05,0.0003299682286394684,-0.0006382529004118204,0.001509171307786071,-0.001113992496552696
2022-11-28,-0.00048235434723540443,0.0007106020810871763,7.291384501550979e-05,-0.0005766499952737508,7.174182275444807e-05,0.00013273922132622795,0.000357276680671155,-0.0006527395720853993,0.0014796732014602174,-0.0011136431865407595
2022-11-29,-0.0005835971798178324,0.0007855097700661187,0.00018521920558892818,-0.0006173532968303044,-3.782932132746081e-05,0.00014121553479094773,0.00040438107424507763,-0.0005723928593195163,0.0013609029653169832,-0.0010673474289995613
2022-11-30,-0.0006240873309528785,0.0008040152091339792,0.000289387087892036,-0.0007213589022398229,-6.410142491162368e-05,0.00021422748456431662,0.000413151136982301,-0.0006155012763062184,0.0013919852390038706,-0.0010900583417223775
2022-12-01,-0.00014497413670772064,0.00030911171913486357,-0.0001768660072504341,-0.0002534275124906546,0.0004002690094970368,0.00013620710316687018,5.323061863824613e-05,-0.0009954175362100817,0.0015196898438376016,-0.000850392816461619
2022-12-02,-7.873324289234956e-05,0.00017757559304917847,-0.00010172341259803014,-0.00019483423934021915,0.00031672579674098256,2.2895878249627744e-05,0.00010572589557848039,-0.0008548174224233054,0.001539770120363361,-0.0009322534205269614
2022-12-05,-0.0001779315013494126,0.00038798425839003253,-0.0002639706104293621,-0.0001768124716397118,0.0003580093347775315,4.8545218255167943e-05,8.761127480012842e-05,-0.0008721635694032143,0.0014354468938960266,-0.0008258030414105416
2022-12-06,-0.00026285800563411593,0.0005437653630119763,-0.0003159464659797523,-0.00028656798103731534,0.00043822293268690193,0.000103408157256131,7.911588234189859e-05,-0.0009493921134646963,0.0015983168719435684,-0.0009492712490084473
2022-12-07,-0.00041820435231676445,0.0008493409200022936,-0.00042084940104733515,-0.0003471052463453611,0.00036669085146655983,7.31289814723951e-05,0.0001639480455739445,-0.000788955813194013,0.0014963223092374425,-0.0009748516712761654
2022-12-08,-0.00041239976135160755,0.0007645853752517862,-0.00024077982657834396,-0.0004561087440886208,0.0002629525906934216,0.00010942237243919545,0.00028381019352648196,-0.0008267427669921001,0.0016000116615418128,-0.0010845105726463439
2022-12-09,-0.0001509449423687595,0.00038330176531942844,-0.000361735183319431,-8.20518276665877e-05,0.00048161149259754593,-0.00010635627516311641,4.1127069584326326e-05,-0.0008903655303141092,0.0016474662138527482,-0.0009622713641864525
2022-12-12,-0.0001735624162838706,0.00045551403402670915,-0.000461766201743416,8.498741039734276e-05,0.0003053689294924833,-7.013874102094336e-05,3.4996473961435015e-05,-0.000815705082718575,0.0016516743018959446,-0.00101201774415062
2022-12-13,-0.00017559367529353803,0.0004046097499069007,-0.00033999307785645416,-0.00010499617959631308,0.00044758315837889473,-4.9615421675877625e-05,-1.162509454925853e-05,-0.0007673613326090456,0.0013860333291847646,-0.0007883869950047265
2022-12-14,-0.00010377207725783405,0.00029417867202077147,-0.00035620179205165386,4.345427077519226e-05,0.00036608757915592566,-8.878857361899889e-05,4.160838415569884e-05,-0.0008389038556816039,0.0014676129376604216,-0.0008238933034125165
2022-12-15,-0.0001152172568355675,0.0003331673169679125,-0.00041077447235179226,-1.0304099983649007e-05,0.0005984899148054057,-0.00013183392192946813,-1.0230194729683728e-05,-0.0009965260169705684,0.001444116047412139,-0.0007007184411324321
2022-12-16,-0.00022916907653733332,0.0004958123637424303,-0.00033298246541713095,-0.0001792509169450604,0.0004305833357892072,-9.567590057820569e-05,0.0001568560819060899,-0.0008148026438854275,0.0013546351714704419,-0.0007850588277997089
2022-12-19,-0.00016312671439375898,0.00041783302353835816,-0.0004110905096511297,-1.052474886806265e-05,0.00042561314233538483,-0.00012471885339488537,0.00011048901588042725,-0.00084740020906824,0.0013632887325653598,-0.0007606116091421269
2022-12-20,-0.00025773539837705556,0.000537076220850384,-0.00027918792754404176,-0.0002651531337768062,0.0003013300694068022,-3.1031887588052476e-05,0.00025728763623414364,-0.0007268064209308422,0.001321676004149945,-0.0008575061342144252
2022-12-21,-0.0002844251905382289,0.000575274518752715,-0.00025113502046402586,-0.0003148720899175117,0.000264225250846864,3.7883383557181516e-05,0.0002805477619922392,-0.0007403964388738651,0.0012627018295354661,-0.0008318010992339267
2022-12-22,-0.00015433027549950629,0.00029813763206848476,-0.00010565616332784689,-0.0002603328972612465,0.0002613911328424104,2.1966996376562853e-05,0.00023984573905535406,-0.0007986025593487711,0.001225213823048403,-0.0007270644467962176
2022-12-23,-0.0001360177551650507,0.0003115267050826792,-0.00024067844112724002,-0.00010806413543058835,0.0003275750710313441,1.0727542005366242e-05,8.927578188287766e-05,-0.0007829613505909369,0.0011973991084135022,-0.0006696925037248738
2022-12-27,-0.00017157897890716228,0.00030241900364888497,2.072499007923362e-05,-0.0005942296748165862,0.00048411574601691515,5.169479778524555e-05,0.0002382040534314525,-0.0008315289803358591,0.0012084150814445707,-0.0007076450362879863
2022-12-28,-0.0002335868884733236,0.00042656951661797227,-4.928045851879115e-05,-0.000601532462286225,0.0004752289871738924,6.226934114122312e-05,0.00028536033893807045,-0.000819942687131682,0.0010898614326658035,-0.0006353220894789111
2022-12-29,-0.00010245329698972683,0.00024245250726304818,-0.00013963823774011674,-0.0002720354591346577,0.0004300963652642334,6.172308271632648e-05,6.543849252051842e-05,-0.0008676965196006831,0.0012372252160809116,-0.0006553680561053529
2022-12-30,-0.00017675865564803495,0.00043009573838902887,-0.0003657590646784642,-0.00013524463748234433,0.0004609424899703271,1.1875514712579582e-05,3.3491159194952436e-05,-0.0008803231188563854,0.0012526301850038987,-0.0006301752372886577
2023-01-03,-1.7133751127752783e-05,0.00014115548334957262,-0.0003432595119937168,0.00012000827195814134,0.00046104226401567916,2.6512773348419394e-06,-7.461133932951114e-05,-0.0010677717358129543,0.0013480575215421078,-0.0005703734789364728
2023-01-04,5.476701876341861e-05,2.3416837757014863e-05,-0.000359723839039941,0.00022962489904315708,0.000509152251493103,1.1637108770973237e-05,-0.00014692380801839544,-0.001163044374597029,0.0012911636103015156,-0.000450638327758629
2023-01-05,-0.00010106368252704723,0.0001918174377086579,-6.635476570609339e-05,-0.00015887793334901784,0.00010538146889536859,0.00018992503900129576,0.00016410108552487868,-0.0008492886007933007,0.0012482600331597746,-0.0007286307542453616
2023-01-06,-0.0002120964120147853,0.00025030377037583984,0.00021009066727410014,-0.00046548954470570364,3.0764717749411086e-05,0.0002692012059671914,0.00025322582412872635,-0.0007587048083018341,0.0012393817599214776,-0.0008167522039756528
2023-01-09,-0.00032186979386320674,0.0004740848167414935,0.0001257222687263207,-0.0006210453092577034,0.00012328727727849154,0.0003267122447640214,0.0002485938635023027,-0.0007398433441786062,0.0012407515610060454,-0.0008569196062764572
2023-01-10,-0.00033639084730653634,0.00037575901409643564,0.0003204086004388734,-0.0004960461269840413,-0.0002263181612678078,0.0003646439773207985,0.0003116586909950453,-0.0006486591065667166,0.0012333874806843836,-0.0008983652712495072
2023-01-11,-0.00032572741512699316,0.00036569849056600906,0.0003517516530606793,-0.0005920346739263435,-0.00017935422357037017,0.00035878389273068245,0.0003601707016315375,-0.0006719240294621245,0.001230005266105394,-0.0008962252011559813
2023-01-12,-0.0002354416204251794,0.00021741604307404933,0.000350035131822142,-0.00046908232292657004,-0.00018134353543999143,0.00029295332394935897,0.0002997495456167898,-0.000574820163152065,0.0012312565466675723,-0.0009308413355373982
2023-01-13,-0.00010612886212036515,0.00011382844080139176,0.0001459861757210773,-0.00022794757579210762,-0.00010727027627410041,0.00018742927913824314,0.00025579216245268793,-0.0006376848878021507,0.0012962510681451545,-0.0009204278305024807
2023-01-17,-0.0003060787376539531,0.00041242785179494007,0.00013709728117159564,-0.0003410085128608964,-0.00014593613442691333,0.0001380724789127319,0.00030330994627372765,-0.0004604888059507317,0.0012009741779976171,-0.000939012686117846
2023-01-18,-0.00029240329202715604,0.00035972241455629883,0.00022682526963947736,-0.00046298728157549013,-7.389674782764394e-05,0.0001794530479677231,0.0003232060675017745,-0.00047124658700579275,0.0009245468854397684,-0.0007135706914886825
2023-01-19,-0.00020086118805990455,0.00023108510374000857,0.0002406637065841613,-0.00045889631210054016,-3.6366188195413596e-05,0.0002786424946350022,0.00023436406429688111,-0.0006280384236279635,0.0010279456496681758,-0.0006881751525952273
2023-01-20,-0.00018863020769949168,0.0001862448967092714,0.00026531919365316986,-0.0004640074190159077,8.538094582448419e-06,0.0002843864698091128,0.0001939487241063506,-0.0005883679822253976,0.0009594088501022405,-0.0006581672711918618
2023-01-23,-0.0001363286990380963,0.0001950352562389429,9.130746241074045e-05,-0.0002868954515954786,-4.682934960909685e-05,0.0002576370301809877,0.00021799872949501697,-0.0006007085487677102,0.0009455859330811112,-0.0006371052175194597
2023-01-24,-0.00037540542897016027,0.0004517977797479783,0.00035551230328282474,-0.0008212251906328516,0.00012186399133783804,0.0003515643040126748,0.00027066114216607595,-0.000663686316678215,0.0009211389258639083,-0.0006119714116474134
2023-01-25,-0.00019744382749430078,0.0001856654201425681,0.0003425371885918613,-0.0006318881053805556,0.00017474488447929287,0.00012756941897854035,0.0002871911063434332,-0.0006079838831469161,0.0009906348995714978,-0.000672490424502438
2023-01-26,-0.00013394399761988696,0.0001623764172208192,0.00018739979575384258,-0.0004624831547758307,0.00011734887782771652,0.000126580632772072,0.00026277676164094405,-0.0005407799649852912,0.0009972174171647905,-0.0007167153345046459
2023-01-27,-0.0002024394663983492,0.00024922409431000353,0.00016975467007105532,-0.0003963794476506133,3.8276482552855595e-05,0.00013061394005865062,0.0002746867615356849,-0.0005705474872958194,0.00098797434560563,-0.0006813334958467032
2023-01-30,-0.000183253788970765,0.0002526745547357309,0.00010704995904267656,-0.00035821932129706524,4.608423636423553e-05,0.00019835141045914523,0.00022326837534667604,-0.0006257672685659882,0.0009787021224662573,-0.0006391219901168838
2023-01-31,-0.00020794778382077217,0.00027495035361856796,0.00012170336930131254,-0.0003129126626144549,-5.5663126144328556e-05,0.00017324180045139026,0.00032159645971867323,-0.0006339170890220722,0.0009987231109793299,-0.0006803904156375551
2023-02-01,-0.00033071471327043855,0.0003954374855017484,0.00030378583149427707,-0.0005508222728433237,-0.0001765771014584569,0.00032393711198829,0.00031999409427876935,-0.0005152783207282505,0.0009688392298425816,-0.0007381752642148104
2023-02-02,-0.00025685126635682787,0.00026419605613874075,0.00031631453304992174,-0.00045148860531832313,-0.0001979729901623456,0.0003015581285156846,0.00029473001946569294,-0.0005055732485069325,0.0009566484985935042,-0.0007211613032492917
2023-02-03,-0.00010222312371244852,5.090426772813572e-05,0.0003099558326349547,-0.0003584483633841465,-0.00016331560300762021,0.00022492889055790444,0.00035136583470955773,-0.0005760050626064245,0.0009974840027888107,-0.0007354329240367927
2023-02-06,-0.00023231784366242042,0.0003067257560631781,0.0001044987270297712,-0.0002186071963878808,-0.000208886754926918,0.00020360784062841558,0.00031638787948250896,-0.0005413695645508296,0.0009728014180064026,-0.0007025804801210692
2023-02-07,-0.00021962668222227227,0.00022903970432971293,0.00022107295268788962,-0.00018103750858052686,-0.0004010608498542026,0.0002656015108766299,0.00043478093580880117,-0.0005738921846055178,0.0009631278478544891,-0.0007394651911336939
2023-02-08,-0.00015529906478080335,0.000139896254916283,0.0002215143586633203,-0.0001494731660008769,-0.0004021496141912717,0.0002946516425433379,0.00044511894735280166,-0.000701780964426503,0.001067095148161834,-0.000760195214136318
2023-02-09,-7.356783917877169e-05,6.051352263074239e-05,0.0001272027668304393,-0.00014895374441477316,-0.00013375312777983567,0.00025107767795953806,0.0003003586944463066,-0.000804332822578746,0.0010569748106650928,-0.0006358475731485305
2023-02-10,-5.227075355641875e-06,-7.563372320022049e-05,0.00020911675032141835,-0.0001609063424984833,-0.00013868866217620068,0.00024423869662662523,0.0003258022444889916,-0.0008054994156775422,0.0009498002647319384,-0.0005428962030259027
2023-02-13,-0.00027906471371292457,0.00044047726986756047,-3.737881691337486e-05,-0.00026360606775000656,-7.973343124523247e-06,0.00025888256124993736,0.00025448819464576194,-0.0007714786210361174,0.0009250475003992897,-0.0005190373264894049
2023-02-14,-0.00014060194067240517,0.0001749292261493604,0.00013390276470339607,-0.00036940577290311277,9.333925944544907e-05,0.00021010622435365528,0.0002451513566504096,-0.0007325146464360263,0.0008776251563881871,-0.0004918535813572544
2023-02-15,-0.00014181236170560108,0.00023888540381001439,-2.1711938199234226e-05,-0.00024293319921702555,0.0001333843704802093,0.00018832589183376963,0.00019858995163792026,-0.0007559536147018903,0.0008229780492266317,-0.00042003114195007796
2023-02-16,-9.122470357637857e-05,5.7841817310694266e-05,0.00017849645804195874,-0.0002698821463137033,5.536043787678774e-05,0.0001581903882969457,0.00023765148515028645,-0.0007560414959793538,0.0009218231765762974,-0.0004914605208023934
2023-02-17,-0.00010805996359963821,9.113659167687971e-05,0.00021556014094650106,-0.0003947194958545952,5.8233214743866335e-05,0.00019048881959103647,0.0003114178261316783,-0.0007677819038769268,0.0009099423894454797,-0.0005048351645363033
2023-02-21,-0.0003259054481830406,0.0004050004543844077,0.00026630627414309105,-0.0006319950407456323,4.448647519999377e-05,0.0002501267040512789,0.0003666463862876321,-0.0006738478297826783,0.0008906362063635653,-0.0005917028688653125
2023-02-22,-0.0004403023715566154,0.0005519750098491247,0.00028654377640179723,-0.0006850539182487597,3.793484968735855e-05,0.00011737368593051078,0.00048203005291127393,-0.0006132507808972315,0.000912380267999606,-0.0006488729839654178
2023-02-23,-0.00028180024694813427,0.0004142509878697978,7.348664998162863e-05,-0.00043228058523601953,4.764441113907364e-05,0.00010555270965521141,0.0004199964249169755,-0.0006284409366085209,0.0009607260411099786,-0.0006786030510962243
2023-02-24,-0.00014256662523502717,0.0003077832164873756,-0.0002052933185346939,-9.687253139018664e-05,0.0001969912684743752,7.285328531066171e-06,0.00022088697511214728,-0.0007627163839812531,0.0011068656600234858,-0.0006315633179523675
2023-02-27,-0.0004910534039319556,0.0010137106067349272,-0.0006452094862959556,-1.5110336702345295e-05,0.0001308078303390997,0.0001076977657971448,0.00028233216298480246,-0.0008815383690113296,0.0011447274203704796,-0.0006456613607252748
2023-02-28,-0.0004265248338908914,0.0009786010983502957,-0.0007991452278555203,0.00015107656792333335,0.00019285131705241293,0.00010892870643196967,0.00012666108575951074,-0.0008882549135191473,0.001110830754475406,-0.0005539658301518396
2023-03-01,-0.0004337716552342205,0.001006223021084475,-0.0008488976014089586,0.00017766813071400794,0.0002363492940522724,-2.3275616641102448e-05,0.0001639158317789033,-0.0008192751533241047,0.0012114242602301317,-0.0006695933120444975
2023-03-02,-0.0004089464747874319,0.0009466358901773289,-0.0007963385703071424,0.00019998166210619117,0.0001840823946111167,-6.916004783442259e-05,0.00022344355883554406,-0.0007911506806404997,0.0012437709745762929,-0.0007323700628302232
2023-03-03,-0.00038294381422906976,0.000951803393612484,-0.0008510730776136802,0.00013081663227924173,0.0002965038575214532,6.7128474777397584e-06,0.00017107457581321678,-0.0008800393071386817,0.0012779960041030963,-0.0007210572328781376
2023-03-06,-0.0004491466578791861,0.0010656369952234263,-0.0009292963030232554,0.00022357009544349965,0.00024685719919274873,-8.973823745622722e-07,0.00016032146945350184,-0.00091144328102781,0.0013043261974828996,-0.0007103521594684289
2023-03-07,-0.0003442532166822304,0.0007944579027708981,-0.0006488903084812328,0.00019957838017852642,1.0563049793188561e-06,0.00012705277071669435,0.00021415689560407708,-0.0008943781847694648,0.0013023779446316094,-0.0007528035650889373
2023-03-08,-0.00028230406840979577,0.0007392679382041273,-0.0007328704402004491,0.0002566947085092461,8.65045055654795e-05,0.00010871896999914421,0.00018101101333552194,-0.0009360149754158859,0.00129357681852095,-0.0007151361617409591
2023-03-09,-0.0004308718867422484,0.0008812506319779354,-0.0005712577384531028,6.817995197569426e-05,-1.3068021482050274e-05,0.00013925015620914333,0.00024976388111895564,-0.0007938861775231426,0.0012296115762717164,-0.0007583224727234564
2023-03-10,-0.0003652869648791898,0.0008853266826380629,-0.0007806114817960549,0.00010185135104744808,0.00035055097187150497,1.9967509512039405e-05,0.00012468569356536424,-0.0009694709602644375,0.001287593102155704,-0.0006549889963431837
2023-03-13,-0.0003459102529590405,0.0009710269380681369,-0.0010445703729204253,0.00015087215790602487,0.000644636311007224,6.336108057521106e-05,-3.643882018027067e-05,-0.0012140489368330301,0.0012573977718935078,-0.0004458909451373616
2023-03-14,-0.00046299060637036704,0.0012196778531988542,-0.0011988052405545527,7.107107905104937e-05,0.0008275531464239025,-4.730236948694011e-05,-6.001575706184037e-05,-0.001117988943303401,0.0011682609222921775,-0.0003988998264286073
2023-03-15,-0.00042305094222613165,0.0011825650868219212,-0.0012359347354017128,2.9492595691966994e-05,0.0010156128715043816,-5.9590238380112515e-05,-0.0001930967943133341,-0.001141477777875377,0.0011619532887457984,-0.0003364802588741861
2023-03-16,-0.00083661718465982,0.0016924564827870692,-0.0009366209269753081,-0.00047643375758499307,0.0006925878955193268,0.00020814001198467963,0.00012444856662291448,-0.00114625325087514,0.0012728109672835927,-0.0005949089273906
2023-03-17,-0.0009347905699258613,0.001706442124287659,-0.0005988044707385051,-0.000809790966422419,0.0006085223941076703,0.00015528633846689788,0.00029154370332976076,-0.0009527869487736124,0.0013315863081206497,-0.0007963756758938637
2023-03-20,-0.0005014657597070468,0.0010221908879102931,-0.0005688893432478498,-0.00037728604606281774,0.0005595450183582124,0.0001491620897501461,0.00013698407316693056,-0.001116603313968692,0.0014431696509077038,-0.0007467103448867696
2023-03-21,-0.0007079406682275469,0.001147720018630921,-8.360209281318975e-05,-0.0009005122838233945,0.00029427591141575893,0.00037986733184949134,0.0003106977898935173,-0.0008831028009473746,0.001258016787346418,-0.0008137233542964833
2023-03-22,-0.0009075354005959602,0.0014252830270108652,-3.600621158429684e-05,-0.0010392584934218047,0.0001994520852611481,0.00039242257741521624,0.000416048813992452,-0.000758936963466704,0.0011935857838150168,-0.0008864446835009088
2023-03-23,-0.0007355484510686988,0.001184805616879843,-3.94507493966037e-05,-0.0009881131742033797,0.00025031385667799444,0.000486812492198202,0.0002967272663788878,-0.0008135332703536474,0.0011536388484846838,-0.0007960820819003997
2023-03-24,-0.0006423638981903068,0.00107905184801909,-0.00016618342942117947,-0.0007521731359095979,0.0003026369648465241,0.0004249667047505068,0.00016722649727964056,-0.0009091975332990859,0.0012233794107952625,-0.0007286195858520958
2023-03-27,-0.00036910578772872404,0.0005682479353931041,7.373958212187476e-05,-0.0008046343066653097,0.00048024858394854486,0.00035227890833460646,0.00011871279184400702,-0.0009892306695612335,0.0012129813240113682,-0.0006429807494251136
2023-03-28,-0.000652737937813723,0.001076357037943905,-0.00012707014925097265,-0.0008204041108041474,0.00033930197657449507,0.0004107679045313034,0.0002119437315362821,-0.0009156498898631182,0.0011562320270016857,-0.0006785814728827791
2023-03-29,-0.000641652631855269,0.0010668256493246778,-0.000157314162422241,-0.0007142850417829749,0.00020847773186933455,0.0004995108671820014,0.00016983979474737704,-0.0009010060894397709,0.0011405613458398828,-0.0006707431223045152
2023-03-30,-0.00021744104237057804,0.00032312683971474215,5.22362892095285e-05,-0.00046489031331067854,0.00022104851608578668,0.0003764478139998764,0.00010673286644070912,-0.0009492996550026847,0.0011963566224761427,-0.0006409780340474319
2023-03-31,-0.0005800595706225917,0.0008639860211411693,0.00010247290491702948,-0.0007746314335540933,3.005783109378407e-05,0.0005164739794837683,0.00031140791411707336,-0.0008777106489374631,0.0011464079076832917,-0.0007384705583099449
2023-04-03,-0.000345548756374818,0.0004169659918082311,0.00032700299513709064,-0.0007820661149678249,0.00010906808313637661,0.00045729429166730534,0.00023682409111228792,-0.0008680969617813825,0.0011945005204000991,-0.0007464174706590804
2023-04-04,-0.00025716758231077164,0.00025774769920512697,0.0003863758567138678,-0.0007460951809072497,0.0001523403494007869,0.00034553548954093655,0.0002573413498867111,-0.0008380449179243576,0.0011411367311781537,-0.0006993929930187298
2023-04-05,-0.00046059008926703504,0.0006729893091976316,0.0001237000447449274,-0.0007299167136094881,0.00013052766850557562,0.0004657454119445792,0.00026682496334512473,-0.000919029211116619,0.0010895334644928506,-0.0006396435726665553
2023-04-06,-0.0006601288817129347,0.0009793912360486767,0.0001292915026213856,-0.0009844632978076862,0.00020612871674289407,0.0004907797155530372,0.00028843225067749084,-0.0008439480853897202,0.0011070081363698248,-0.0007097339252644386
2023-04-07,-0.0004436506253106126,0.0006430124244562255,0.00015909412649494498,-0.0007775367020034646,0.00016417405482276742,0.00044579292770296347,0.0002742551122774037,-0.0009023379254011477,0.0010850649412394303,-0.0006482673796859434
2023-04-10,-0.00021842763477814692,0.0002581648403527856,0.00025983733137322634,-0.000658593175192311,0.0002108730841143755,0.00041813427411314247,0.0001701479713942175,-0.0009355976539951391,0.0010880572111654774,-0.0005953162008773341
2023-04-11,-0.0003131267310478372,0.00040101650044308684,0.00024052027756966965,-0.0006583552362615652,7.189149151492352e-05,0.0004779693209690447,0.0001680111987601013,-0.0008214190446423561,0.0011080377062540753,-0.0006745316197520682
2023-04-12,-0.00039588745616617876,0.0004973290008057074,0.0003192573575395846,-0.0007906754080696105,6.593811595495547e-05,0.00042527933854556027,0.00023967025094302763,-0.0006972823849451595,0.0010309018576809478,-0.0006949032543754272
2023-04-13,-0.00012492701047957938,-1.4064972470376191e-05,0.000562177802749142,-0.0007274764476497483,2.785120216208803e-05,0.0004647615925793408,0.00022108511614598453,-0.0008160449945156037,0.0010565272696346287,-0.0006506882127660929
2023-04-14,-0.00013358436070453478,1.8539484137637674e-05,0.0005267524004172602,-0.000788242700314655,0.0001608277649591608,0.0004055473226633674,0.0002008696771850088,-0.0008086409409629597,0.001033447678969547,-0.000615547721678586
2023-04-17,-8.423175005087269e-06,-8.757066521468404e-05,0.00031111383763321454,-0.0004943565597195776,0.00020052927180595065,0.00034876744603013626,7.511607503103007e-05,-0.0008506942080901553,0.0010487411509565378,-0.0005427650351048849
2023-04-18,-7.89600988678335e-05,3.930077917941449e-05,0.0002597588963792613,-0.0005063133528564467,0.00016871582811697067,0.0004172155257861909,8.575367516364119e-05,-0.0009148076791617582,0.0011069853294316812,-0.0005776789921668468
2023-04-19,-0.00013516668268226395,0.00014643385569444722,0.00020763820022898227,-0.0005185029864248347,0.00020724184675729312,0.0003006418930317292,0.00016892431245530554,-0.0008401120763477793,0.0010029629205887125,-0.0005400735220731367
2023-04-20,-0.00023837381840483007,0.00025904253202562594,0.00027608317926983844,-0.0005833550983519939,0.0001424239729449564,0.0003296027044123184,0.0001842967793174513,-0.0008537712926636534,0.0010972050908254205,-0.0006133544753079423
2023-04-21,-0.00017609920222285552,0.0002086792574553381,0.00020077463877860025,-0.0004988615532596427,0.00010037435364862457,0.0003586649204724915,0.00019900423286774854,-0.0008505070263787884,0.0010865696378008771,-0.000628668180603649
2023-04-24,-5.2450829436494206e-05,-1.851436853506777e-05,0.0002759672342589545,-0.000463851939861773,0.00016977685987852598,0.00030621565837175846,0.00013011235464763238,-0.0008293388873206603,0.0010996979994673597,-0.0006179054396488956
2023-04-25,-0.0003179706310475691,0.0003147160098360205,0.00048460167220003986,-0.0008831502084871157,9.661659037967646e-05,0.0004278559918577049,0.000275619616033361,-0.0007787396707654576,0.001124100348123977,-0.0007424442930582045
2023-04-26,-0.00022644210472937826,0.00016256520633464028,0.0005084106584833728,-0.0008225965492184503,9.48962609770912e-05,0.0004405225399749871,0.00026500395237907814,-0.000830698210446415,0.0011004362672371593,-0.0006919877062245561
2023-04-27,-0.00012718535410464332,-1.3231567782302778e-05,0.0005833544333711041,-0.000815314849492238,0.00013153281532778116,0.00040992674382994004,0.00024137547904337642,-0.0008370487669052892,0.00110516720741035,-0.0006787410368635019
2023-04-28,-0.00032263897199058533,0.0002508912349804132,0.000655811034350022,-0.0009671322553909539,-2.932671327494918e-05,0.0004326945483050515,0.0004377747056246162,-0.0007776471372741636,0.0011282041565191386,-0.0008090455286917236
2023-05-01,-0.00013102813893058757,-1.2982737222333451e-05,0.0005704528138757645,-0.0007066149196197705,-2.12410994491416e-05,0.0004158397908549105,0.00029205457754413744,-0.000790981718701865,0.0010675012712389326,-0.000682833989811997
2023-05-02,-0.00011312957747353775,-8.333157028980742e-05,0.0006307213619969332,-0.0006960754787993309,8.548040456329842e-06,0.00040987981952062685,0.00017605253790195508,-0.0007525218916399345,0.0010761661703101444,-0.0006558063129921479
2023-05-03,-0.00018068374511689272,7.443059447396344e-05,0.0005458815228410602,-0.0007582463712029475,1.793705551422775e-05,0.00042648048146120415,0.00026459699402112125,-0.000756082725072077,0.0010554887316841302,-0.0006900138549925175
2023-05-04,-0.0002515776998070901,0.0001799672498003918,0.0005474433580186788,-0.0008497619458057923,6.575092050856851e-05,0.0003909561528834815,0.00024945324455640655,-0.0006433808175670339,0.0009937145897211813,-0.0006813489429235708
2023-05-05,-0.0003135825752360877,0.00031724366265269144,0.0004673671798715931,-0.0008759538503297082,0.00011319725494440824,0.0004141890691945621,0.00021407665852331975,-0.0006638226663019317,0.001053073120487677,-0.0007263206710066139
2023-05-08,-0.00014474570185908642,2.8348389461446688e-05,0.0005626224428985221,-0.0007604909437871066,2.7277320210794542e-05,0.0003631268023414763,0.0002676355660172769,-0.0006804836328689404,0.000997081880355792,-0.0006598928587056158
2023-05-09,-0.0003522016408288309,0.00031262341560793494,0.0005774863988310466,-0.0007783303229895872,-0.0003063377398951628,0.0005822242645056042,0.00036154970246524837,-0.0006457473498873018,0.0010231029327031835,-0.0007734406786357104
2023-05-10,-0.0003836118044916251,0.0004456627946281336,0.0003729565953054445,-0.0006767124010678693,-0.00019309693327164423,0.00045566607703587114,0.00039489796696781654,-0.0007066307055983434,0.0010495345245891546,-0.0007584666501608966
2023-05-11,-0.0005115184540133849,0.0006658534556608364,0.0003386838847753565,-0.0008514553897838589,-0.0001023013664770353,0.0005057230901772056,0.00037428057248316965,-0.000692356285043938,0.0010568904519505581,-0.0007837556980285695
2023-05-12,-0.0003840844778014024,0.0004707041860852884,0.00033261065702470255,-0.0007005735626578399,-9.454827749217493e-05,0.0004661370394382705,0.0003088679635833008,-0.0007282983094799092,0.0010443915013850988,-0.000715653759424742
2023-05-15,-0.0007533982218974125,0.0011822689220994387,-4.8973565155874255e-05,-0.000761995969579099,-1.4889659038105907e-05,0.0004240934415665823,0.00038281252679730343,-0.000675718698349273,0.0009984015647997307,-0.0007326214161175182
2023-05-16,-0.0006387397181936705,0.0008147420101369401,0.0004534099567147995,-0.0010645636090938215,-0.0001019549824735691,0.0005122491675790611,0.00046694109217416263,-0.0006555245781442662,0.0010229989147789026,-0.0008097501969326695
2023-05-17,-0.0006680751571358154,0.0008584958592837283,0.00042145665336390525,-0.0010292097130242678,-0.00012431140547043001,0.0005282645401427019,0.0004890855484240356,-0.0006863967650361583,0.0009295001348889678,-0.0007185397587162121
2023-05-18,-5.6222141343896526e-05,0.00012838491297062493,-6.002643749027092e-05,-0.00034418730033138056,0.0005245373031104242,0.00021361846575047166,-7.10334618740649e-05,-0.0010306231403720278,0.0011699586649535493,-0.0004756303804858142
2023-05-19,-5.726898192690011e-05,0.0001270338456383288,-4.6972022883992604e-05,-0.0003014068490131902,0.00038323613476050344,0.000279715624042394,1.3272764142785443e-05,-0.0010934187374910531,0.0012034163732215775,-0.0005075123572010898
2023-05-22,-2.8777907633670274e-05,5.487928214988058e-05,3.1722643939240125e-05,-0.00034003598157839737,0.0003352735116129574,0.00035192816776709324,-4.8877735363425656e-05,-0.0010099832520910415,0.0011981414595177292,-0.0005442417577132541
2023-05-23,-3.649246729373751e-05,3.483796269522499e-05,0.00011873438944146747,-0.0005437681708656689,0.0005191158032807966,0.0003400362187579997,-5.085438755325633e-05,-0.0010993728334836445,0.001227922626636152,-0.0005077397609518711
2023-05-24,4.667000643795993e-05,-0.00011469375925678843,0.00016290393874430348,-0.00048537491227096385,0.0006788468771674674,-1.003264977682966e-05,3.308629566389776e-05,-0.0009937516167497287,0.0012553684394370976,-0.000573286333115805
2023-05-25,0.00017441288378256675,-0.00031893962339100274,0.00011622095357693984,-0.00022226941635102027,0.0006957041737312708,-1.6329966388582695e-05,-0.00023096987152694537,-0.0009657256515581136,0.0013213505672483097,-0.0005540627112146229
2023-05-26,0.00020962961164747856,-0.0003734907731563486,8.44476895284843e-05,-9.539443293236222e-05,0.0006279583663812635,3.613675748273537e-05,-0.00023785499003940724,-0.001108070053504738,0.0014229575549149776,-0.0005672575284394396
2023-05-30,-1.2010225942986341e-05,-1.6638822167215628e-05,0.0001449964462251624,-0.00038727881597704766,0.00027403870201374303,0.00034571381764557374,4.282548735878161e-05,-0.0010643409542825735,0.001373163711626435,-0.0007002163158784103
2023-05-31,5.2241206401272555e-05,-0.00018090500504656243,0.0002703722445734358,-0.00038655062040759275,0.0002950960770581393,0.0002578251259691272,3.091119164130851e-05,-0.001007966498423489,0.0013800359228013093,-0.0007108251994378048
2023-06-01,-3.359134806924652e-05,-2.1359156176098404e-06,0.00018013723259486386,-0.00043994790173518955,0.0002724741155885266,0.00031460493062393513,0.00010656396954947939,-0.0010105753302049256,0.0012703969500112502,-0.0006573720529301705
2023-06-02,-2.8587256553871954e-05,2.815305870289969e-05,8.567179635505379e-05,-0.00030533066408692383,0.00019399197144361752,0.0003310067842167627,0.00014902997520660488,-0.001104335468466798,0.0012701894611002948,-0.0006196775387967285
2023-06-05,-3.802478522178104e-05,7.15022030254725e-05,4.4515243036592766e-05,-0.00031954390392845144,0.00020236130416251275,0.0003276831537071881,0.00016975309395630273,-0.001058417065779936,0.00121263208493997,-0.0006129953495193768
2023-06-06,6.0838094090721884e-05,-0.00010155622539507331,7.699128945772016e-05,-0.0002581621008819271,0.0002635651874152156,0.00029503190329265017,5.6896619048063535e-05,-0.0010322292426205582,0.0012458499685249966,-0.000607259696422946
2023-06-07,-1.750223453262506e-05,7.392750952436161e-05,-0.00012627714094606834,-5.100560118832809e-05,0.00022239404781301125,0.000183168573286617,9.551167702631647e-05,-0.0010791110959494851,0.001363458948695176,-0.0006644271300262627
2023-06-08,2.1759619872274705e-05,4.1208214649299246e-05,-0.00018154707251153562,-1.7073528009343975e-05,0.00033803970256849475,0.00017934935075861191,-7.765980784706777e-05,-0.0010337632183159001,0.0013261470577564521,-0.0005962999993034054
2023-06-09,8.78126470332738e-05,-9.201312190275368e-05,-0.0001345690216191589,5.1482595219635996e-05,0.00031095624302235336,0.00016722185272526058,-6.422310854412028e-05,-0.0010758552281383282,0.0012984067955853912,-0.0005490039563269822
2023-06-12,0.00011874130689877582,-0.00025911607704720563,0.0001406211867976126,1.4377705305462785e-05,1.8744324200854756e-05,0.00024984483497437343,6.10951127026707e-05,-0.0010247687648337195,0.0013343754223056892,-0.0006536419681984623
2023-06-13,0.00024363057186177484,-0.0004884393974155382,0.0002491507582870339,1.0393738945582709e-05,8.263869007825442e-05,0.00014299167178762062,6.73743436096566e-05,-0.0009664509684326542,0.0013313184945548256,-0.0006723608104505438
2023-06-14,0.00031103866415220505,-0.0005378116074507902,8.820319075679428e-05,0.00019222041189386613,0.00019262520421800544,0.00016618329174591245,-0.00011296444731713484,-0.0010977877755130871,0.0013833363857880879,-0.0005852871964217715
2023-06-15,0.00029856913672133417,-0.0005101839599072691,8.548175058160218e-05,0.0001459797310557967,0.00023289905189228383,0.00016456005049914763,-7.687219201275158e-05,-0.00111627372565503,0.0013460402302603036,-0.0005717392840190808
2023-06-16,0.0003045131775683413,-0.00048813199254505585,-3.825259504985912e-06,0.00023022228071380157,0.0002793246105165653,0.00013133484328018558,-0.00017637875247953488,-0.001128508758484137,0.0014318127092819571,-0.0005804032601629816
2023-06-20,0.00020174252877681181,-0.0002799709410149995,-0.00011384327589211013,0.00019351449764273831,0.00025351160920804305,0.00017379600314897797,-0.0001255269752341026,-0.0010858793237705153,0.0013515680391594856,-0.0005693143108043974
2023-06-21,0.0002365975817027674,-0.00035047987489757876,-7.187059968740556e-05,0.00018101618074289894,0.0002798406651729479,0.0001545614025159625,-0.00010772919509394185,-0.0011315446614963628,0.0013564849781475263,-0.0005469142864125698
2023-06-22,0.0003375039605541044,-0.00048766895087905965,-0.00011760539316024721,0.00035521573312229104,0.0002555979244105791,9.769545346870884e-05,-0.00013969048684351476,-0.0011183925420381671,0.001346400043363151,-0.0005295210582045504
2023-06-23,0.00024021355925318844,-0.0003552906815232626,-9.0390170562199e-05,0.0002628933560900257,0.0002300343518196954,0.00014872912762712437,-7.223219123905777e-05,-0.0012179600158354759,0.001404310575383566,-0.0005509646756876665
2023-06-26,0.00026703759576755803,-0.00044377726134506995,7.538335727522855e-05,-2.926969841845345e-05,0.00041956779507905384,0.00020611289429917773,-0.00010029057231825816,-0.0012578816866072526,0.001390299945274974,-0.0005264212550740374
2023-06-27,0.00024431901782290266,-0.00038209106776387197,3.4993943749291045e-05,-1.1475635760767322e-05,0.00039363414294860816,0.00015134192561120502,-0.00012192434347532699,-0.0011440791099964556,0.0013941916903579474,-0.000556659121887397
2023-06-28,0.00022283812690487848,-0.000337560198324649,-1.7713846554058554e-05,5.0450972493960855e-05,0.00034807829815949876,0.0003007054097813461,-0.0002151686995013613,-0.0012301238328651584,0.0014438898652945759,-0.0005661138048306258
2023-06-29,0.0002890149992481883,-0.0004636847745650846,-2.270196449286055e-05,0.00017514983557315178,0.0003405967133058782,0.00025377204869148767,-0.00023953116164143057,-0.0012656545634177757,0.0014173072620733904,-0.00048276462465886294
2023-06-30,0.0003090140543578826,-0.0005144530598969466,1.1450489464374936e-05,0.0001899794903064897,0.00033743753872322174,0.00023899887895711264,-0.00023272225490860582,-0.001310841808748131,0.001496652433984877,-0.0005245118367213641
2023-07-03,-7.014057150738634e-05,0.00010152751731364734,3.863166133730167e-05,-0.00018797875910545742,9.137344231760491e-06,0.0003756027089677344,0.00013857507013676634,-0.0010132455980214061,0.0013467177167760802,-0.0007392313819426927
2023-07-05,-0.000110545236198141,0.00017213473308343857,9.994440076509237e-06,-0.00018156377103895754,3.1994778935534596e-06,0.0003210866042932664,0.0001587981409281944,-0.0009492993697717139,0.0013839087822544172,-0.0008077620127836665
2023-07-06,-0.00015869108272478089,0.0001886363703027319,0.0001455059393791272,-0.00033152216842851495,-3.845477391019314e-05,0.0003909074202994092,0.00017515310204922058,-0.0008920665544254192,0.0013078183567448234,-0.0007866304831940577
2023-07-07,-0.00020522275420064434,0.000236228464950812,0.00020169782657552399,-0.0003976443956915793,-7.285507276805908e-05,0.00036783301123676643,0.00029647067035656893,-0.0009317707102952238,0.0013400757183793244,-0.0008336263838176414
2023-07-10,-0.0002532947825671372,0.000298849180647133,0.00023217156633180414,-0.00048440250231170795,-5.022593615473109e-05,0.0003944672648010378,0.00025287850388390487,-0.0008285059778477752,0.0012295165775046274,-0.0007917400893372867
2023-07-11,-0.00019996585098284309,0.00013431610524711202,0.0004210615470943979,-0.00045318798237389823,-0.0003090772864626154,0.0004579351489520586,0.00037437776654573873,-0.0008057323322070986,0.0012113910115162038,-0.0008269658438708263
2023-07-12,-0.0003090150095256816,0.0003151444702218509,0.00038274242909971945,-0.000591923218167395,-0.00019296967145724514,0.0004946148336829673,0.00033028595048599507,-0.0008228437513917372,0.0012461884772693235,-0.0008520396355635798
2023-07-13,1.3673903316156755e-05,-6.295651088143034e-05,0.00014086886191218978,-0.00023611983219764404,7.452450771074093e-05,0.00036461446873606307,9.481959574652449e-05,-0.0010088161800066095,0.0013104649259286158,-0.000691271709544701
2023-07-14,0.00010647088696873197,-0.00018048486109138728,1.1761548000116528e-07,3.263258425445503e-05,0.00014667439770691543,0.00025001253037049836,-1.7097148438428855e-05,-0.0010655336687005676,0.0013437646860149574,-0.0006209267811843402
2023-07-17,-5.02511764618116e-05,6.362758424695303e-05,5.085733905612483e-05,-0.00017168191865092608,-7.484938498399096e-06,0.00039571911666204385,0.00010253686302287568,-0.0009584224372696445,0.0012303706022301977,-0.0006582194220164372
2023-07-18,-5.230045511533943e-06,2.185185967286396e-05,8.588261998412894e-06,-0.0001400374795487505,0.00011282869120680938,0.00024078272020570252,9.213721300570243e-05,-0.0009109667255994339,0.001268179968256171,-0.0006884595614498404
2023-07-19,-2.2762390918598663e-06,1.7852480778304813e-05,2.5786434822080984e-06,-0.00011780732407203759,8.86982526012714e-05,0.00024895638324096137,0.0001228864531506932,-0.0009440408510420495,0.0012349334688359082,-0.0006518153122270706
2023-07-20,-2.722382715251298e-05,3.939572679667602e-05,3.5204963143450896e-05,-0.00017012939621406653,9.633029210059929e-05,0.0001974111938307238,0.0001808609830109692,-0.0009171668421747645,0.0013006728630069672,-0.0007350863782172035
2023-07-21,-5.769156329986369e-06,4.4010590834704655e-05,-7.12987536862289e-05,-6.37126546292957e-05,0.00012416571045214403,0.00025992971133079884,6.684816389173481e-05,-0.001008636837871009,0.0013399552244173218,-0.0006851978815925058
2023-07-24,-8.004774992017433e-05,0.00010693535104830398,9.073726511765051e-05,-0.0003875783756803683,0.0002353589726958663,0.0003459041453340514,8.498890693397348e-05,-0.001033141238605921,0.0013137405947023437,-0.0006761287759172938
2023-07-25,-0.00011161445816316312,0.00023092358024320164,-7.857807488607926e-05,-0.0003034505164160803,0.00033955883603819376,0.00010620186398124093,0.0001572628201760365,-0.0009284405122422582,0.0012783404686157532,-0.0006897907905186115
2023-07-26,-2.8783160801688912e-05,8.3334598268682e-05,-5.146289903346091e-05,-0.00021113017418456642,0.00030703644540431424,0.0001471178897108974,0.0001265505643875675,-0.000992142568324153,0.001284639807985044,-0.0006661766943843808
2023-07-27,-4.036482637697486e-05,0.00010662322022686466,-7.570550491283606e-05,-0.00015746830237453602,0.0002210231255939457,0.00020099150198910065,4.92675313936361e-05,-0.0009260567832597918,0.0013648541331381936,-0.000742808985206761
2023-07-28,3.710377586715885e-06,1.3575486478914489e-05,-5.6625958481909544e-05,-5.254936933633131e-05,0.00018030782062826434,0.00015543181227437725,6.549693240062021e-05,-0.000962359669301617,0.0013452440059472937,-0.0006919533474344236
2023-07-31,0.00011981815031504583,-0.00016861103758870205,-4.337250590721875e-05,8.034178222426913e-05,8.809846604329596e-05,0.00013749125131246043,4.886899064852207e-05,-0.0008664668563350686,0.0013668694140340637,-0.0007608561749519946
2023-08-01,9.233046383759491e-05,-8.886974054494318e-05,-0.00012106476559031049,8.547385029186033e-05,0.0001638688838259475,7.951623539620423e-05,2.5448458927983253e-05,-0.0008421972863294075,0.0013273947580659598,-0.0007217945607406878
2023-08-02,4.923928919080278e-05,-8.82271087318462e-05,9.902329638905583e-06,9.054106119336935e-06,8.675419674696039e-05,9.870739664438744e-05,8.826400459160944e-05,-0.0008387547575496035,0.001306535468214326,-0.0007204921001286099
2023-08-03,8.885210708384911e-05,-0.00014275807113616618,2.118111028588665e-05,-1.613816877302915e-05,0.00011021738161984956,4.733359662537073e-05,0.00011799675005969013,-0.0007390530654667049,0.0012771020942129799,-0.0007645107924872385
2023-08-04,9.835120520818724e-05,-0.00018422736421395275,0.00011729489804153392,-0.00015824931940863068,0.00018905193569730694,0.00012358720059518769,6.973293846022216e-05,-0.000790571833361578,0.0012248727178352167,-0.0006901032661326065
2023-08-07,-2.0998491234561212e-05,4.878798934005585e-05,-1.0730976726089358e-05,-0.00015341663899560293,0.00018231156505484764,0.000106321725134563,0.00011008270037021761,-0.000784568979763263,0.0012496848505102465,-0.0007276399185595778
2023-08-08,3.456208053698867e-05,-0.00015167256882257785,0.00028377085062254725,-0.0001976213130931853,-0.00014256162419817864,0.00025852960553619103,0.0002085754304401305,-0.0007166166310035929,0.0012192019056697229,-0.0007959997867677954
2023-08-09,4.584512833243071e-05,-5.7304543987314605e-05,3.3188151659396814e-05,-8.356910237754256e-05,-5.502883142521897e-06,0.00022546930807575138,0.00019907522143473855,-0.0008910595019801307,0.0012410938809331515,-0.0007055584220221275
2023-08-10,1.2126393726157036e-05,-2.9174764898477756e-05,3.548637642865338e-05,-3.7669284971078576e-05,-4.138564461167449e-05,0.00018230437865558724,0.0002293583273473912,-0.0008901264575609871,0.0013111832094413467,-0.0007720934004247573
2023-08-11,3.930767709647148e-05,-7.83738586556601e-05,6.120549882948634e-05,-2.83548863391353e-05,-6.080424090439823e-05,0.0001858221288532913,0.00023730355938021003,-0.000900872280494569,0.0013088309750017568,-0.0007638626722920941
2023-08-14,4.028461677468842e-05,4.978323143196156e-05,-0.00023581254635321458,0.00012055431209706535,0.0001357336796573641,0.0001244852780080477,7.158867189845097e-05,-0.0009401657235283481,0.0012680082896139103,-0.0006344396502819954
2023-08-15,-1.3966256400196886e-06,5.403054716598965e-05,-0.00010951557922320859,-7.833614349565116e-05,0.00024123105099509157,8.328938751387543e-05,0.0001443510282423746,-0.0009419163075158124,0.001270858556535144,-0.0006640627397987431
2023-08-16,5.98222126924966e-05,-3.624268449609752e-05,-0.0001288677300469998,7.031783336643171e-05,0.00014489049555598682,6.922997632317907e-05,0.00010535687782726316,-0.0008778124323269645,0.0012593712045071634,-0.0006657421191458152
2023-08-17,5.2673522134401296e-05,-4.7677115683868176e-05,-5.033366047026144e-05,-4.5423226933891114e-05,0.00017311649326284817,8.083839076027804e-05,0.0001275169308635471,-0.0008465539046410633,0.0012629045293642838,-0.0007065189087308854
2023-08-18,5.6406504664721635e-05,-6.872994009116812e-05,-4.276805900129549e-05,-1.6788305244180846e-06,0.00011887203511079525,9.85166600947357e-05,0.00014079113371581742,-0.0008655122361562392,0.0012787750064337869,-0.0007145937470690172
2023-08-21,-8.393041392346784e-05,0.00021629474120005848,-0.00019655101008911324,-2.5323414344857742e-05,0.00016089308144882908,0.00011791189084273818,0.0001280813931274008,-0.0008827380473157842,0.001375204617706384,-0.0008120871708081484
2023-08-22,6.977642134975426e-06,8.483195037509855e-05,-0.00021461217116261477,6.023938971718573e-05,0.00019848483802215044,4.8077064242493806e-05,0.00011049976819371005,-0.0009078906635539979,0.0013473599243601503,-0.0007349864213663307
2023-08-23,5.05223168922736e-05,2.716826876151407e-05,-0.00024062246079961658,0.00014388464658887656,0.00014952741319108898,5.519012435669518e-05,0.00011455539896686878,-0.0009474321126021618,0.0013574544967707922,-0.0007096561782818436
2023-08-24,-2.22303545588734e-05,0.00014648897337340983,-0.00023078463262599103,1.458346136398031e-05,0.00024030379359406273,-1.5883763936533346e-05,0.00016172825205098412,-0.0008883242939157557,0.0013283880879968943,-0.0007349560867106059
2023-08-25,4.727909350901727e-05,1.8982090572286503e-05,-0.00016247663674039126,3.981802296690318e-05,9.303623654172144e-05,0.00012269520041785498,0.00017586872232144835,-0.0008932498355016527,0.0013400981822774688,-0.0007825877681534588
2023-08-28,0.00013526319231110806,-0.00021000811379516537,5.6746320863380884e-05,-0.00011059278832022817,0.0002656637197538947,5.762947771447563e-05,0.00016274095524004134,-0.0010019692270330782,0.0013633038270867842,-0.0007199625051818523
2023-08-29,0.00011455422076403488,-0.00020504940583165182,9.857090522535916e-05,-0.00010454343431116203,0.00020116583432362722,6.803039486713569e-05,0.0001449028778648248,-0.0008984838620791011,0.0013814000707314672,-0.0008031784734730332
2023-08-30,0.0002023863839807835,-0.0003487399153183496,0.00012321810318251247,-1.998061336640211e-05,0.00012059705853613434,5.6696730258751216e-05,0.00017590932276187465,-0.0009309431432757767,0.0013954034049011438,-0.0007733883909551223
2023-08-31,0.00024426931800645285,-0.00046724173412775877,0.0002518237909144225,-0.0001241985324010944,0.0002035202425040017,2.9306926942820888e-06,0.00020215542930979158,-0.0009194175740463648,0.0013904365714072706,-0.000783796714118476
2023-09-01,0.00020647452479616996,-0.0003685545754508468,0.0002058276823932656,-0.00012886470502752878,0.00011713187468637837,5.66176565462706e-06,0.00029076446495072267,-0.0008281424764873743,0.0013578290790569325,-0.0008585220190262532
2023-09-05,0.00015467813579809336,-0.0003411263557760655,0.00026425335883447504,-0.00014520801616978857,0.00012548286435638129,-3.635783387237468e-05,0.00023891559348915292,-0.000779044483352552,0.0013157634196902177,-0.0007970216356791779
2023-09-06,0.00019716723453147567,-0.0003367341070021901,0.00013349393330821385,-6.668052709701139e-05,0.00019793421622637392,-1.0746855513714404e-05,0.00011751411709542275,-0.000793416828459681,0.0013290766418778757,-0.0007675597698670322
2023-09-07,0.00013849246365615214,-0.0002683027216091177,0.00018119730920827803,-0.00014778191960736903,0.00015628930755033632,-2.075986314892253e-05,0.00019537825753141586,-0.0007566704047007392,0.0013481466577019846,-0.0008253097025428396
2023-09-08,0.0002709078045870228,-0.0004862535903357029,0.00019462735113057877,1.3375136620634442e-05,0.00012837116341252175,-5.653611558330274e-05,0.00016421934730422028,-0.0007651043003757685,0.0013239528140885498,-0.0007847953248304868
2023-09-11,0.00013888467509304975,-0.000279180724041872,0.00014291857723685436,0.00010047957804561886,-0.0001410115630697817,3.493202405140117e-05,0.00024229027456830476,-0.0007049862320262362,0.0013164358218131014,-0.0008505963951509557
2023-09-12,0.00012360080414487024,-0.0002464606417343293,0.00013685115846327756,2.1790587550814255e-05,-6.287038528136196e-05,0.0001113733556638713,0.0001883989896334648,-0.0007903432089654619,0.001325809476885674,-0.0008084630435052087
2023-09-13,0.00016177235920811217,-0.0003440508274619447,0.0002290195949174456,-3.01890016924794e-05,-6.486756401620497e-05,0.00014134053319028728,0.00020899702085949018,-0.0007955715886967044,0.0012725393628504056,-0.0007791910595964027
2023-09-14,0.0002586024866827394,-0.0004302835244420211,0.0001168116643850553,0.00010839450961680486,-2.5942769750417205e-06,3.7690602559849185e-05,0.00018050192504977247,-0.0008394141209300265,0.0013139506400366152,-0.0007424405551391955
2023-09-15,0.00031997423846225753,-0.000552421951018546,0.00015779128668256398,0.00011120714386494979,0.00010053666892375496,-2.896424712398038e-05,0.0001172954303263335,-0.0007728931352170773,0.001240932118371403,-0.0006932326669125827
2023-09-18,0.000262139337249688,-0.0004291250137302416,5.787492857544513e-05,0.00016952036402131249,9.787484113518014e-05,-2.95542752092523e-05,0.0001000593509927275,-0.0008036616371293187,0.001232842709411694,-0.0006586830125464779
2023-09-19,0.00025895518206422996,-0.0003972983855503459,4.333598736840777e-05,0.00011522592567345114,0.00011216116686760258,-8.12153596943116e-05,0.00017731035677986257,-0.0007613579382065791,0.0011918968419068823,-0.0006574265189776482
2023-09-20,0.00039259756835211684,-0.0005674843970257942,-2.6742584829188287e-05,0.0002345355824538084,0.00019217861727982566,-6.673478904908187e-05,9.912006536138412e-05,-0.0008284413999788062,0.0011823990293924405,-0.0006121550044586241
2023-09-21,0.00027216056739928773,-0.00043513968200808995,4.899273627442802e-05,0.00016576551672606993,9.178227655012167e-05,-2.2493002680888663e-05,8.622351472369755e-05,-0.000760884286370167,0.001271183817186515,-0.0007180930321628518
2023-09-22,0.0002510555952103047,-0.00041747340463678395,8.048042679305312e-05,0.0001809470518612244,-4.23489550819417e-05,5.8124940385741175e-05,0.0001683061790928725,-0.0008180192426146121,0.0012297230187244615,-0.0006907734636028562
2023-09-25,0.0002656206370519956,-0.00042721608500027874,9.567317105094869e-05,8.567495821540372e-05,5.571458623195025e-05,6.73311019386974e-06,0.00017253693316983398,-0.0007526815872479428,0.0012659351561495613,-0.0007683076027234642
2023-09-26,0.00017122743697472326,-0.00031633459551863585,0.00021323159177790568,-0.00026633085701953385,0.0002647474437900421,2.2380727497300912e-05,0.00021452590019255952,-0.0007859986241376474,0.001226539312254582,-0.0007445226487735879
2023-09-27,0.00019896260309258673,-0.0004229137491541246,0.00030838598223544705,-0.0001863727717466082,0.00016007377394498118,-9.911140261726487e-05,0.00033451029981182434,-0.0008005597833117412,0.0013203705073768501,-0.0008119874623190512
2023-09-28,9.67804899209973e-05,-0.00025536169249470997,0.00031305443677923095,-0.00028602136857920624,0.00014492079833380855,-2.7520611358265723e-05,0.00021731903548531661,-0.000644348263463046,0.0013726740894945896,-0.000932173360190032
2023-09-29,8.265441615343261e-05,-0.0002441643660360607,0.00031174926826690874,-0.00025498557090289364,7.556895309272782e-05,2.0497332084729036e-05,0.00018534902093570588,-0.0006030134628720318,0.0014032040131978715,-0.0009769833149072815
2023-10-02,9.341495003501593e-05,-0.0002243421595583897,0.00020636199778022862,-5.038471379725101e-05,-9.518435812012199e-05,4.967369526376331e-05,0.00023574705550064023,-0.0006471307324780878,0.001367764211977665,-0.0009359592760836838
2023-10-03,7.977467645105957e-05,-0.00019281784803833885,0.00017499403784870804,-8.169921785337875e-05,1.0250359846711299e-05,-5.57422082543349e-05,0.00027455620041545725,-0.0006308060665893012,0.0013372869878495383,-0.0009156697638792524
2023-10-04,-4.3369979309350326e-05,9.673235842555528e-06,0.00015146396185423266,-0.00016509997869434967,-4.467286309507018e-05,5.279246698754181e-05,0.00024721101041248056,-0.0005932521117856734,0.0013271612455379167,-0.0009422182211334465
2023-10-05,-1.1918931000158561e-05,-1.2839344377679751e-06,4.061195499462794e-05,-5.278525297100489e-05,6.000656549869088e-06,-4.50952379170283e-05,0.00025605335793819906,-0.0006055224114038457,0.0013258282857251807,-0.0009104105985302952
2023-10-06,-2.314314963562658e-05,1.745037038861086e-05,5.503548213350862e-05,-5.822564682304854e-05,-5.829514617809728e-05,4.3195244363289365e-05,0.00022900255606592146,-0.0006400107600356558,0.001386514819866548,-0.0009510223688720329
2023-10-10,-0.00011450053066188598,0.0001271887737202479,0.00010185583150772864,-0.00017839950181501585,-7.359362180611034e-05,0.00011501080005808101,0.00024650763173345025,-0.0006306433065884562,0.0014064865886853212,-0.0009992659718581626
2023-10-11,-1.6894558332022913e-05,-1.3909415843421646e-06,6.055740755991912e-05,4.258312861715741e-06,-0.00016685750450805975,9.63644592548718e-05,0.00025758334805164873,-0.0006753890761130241,0.001412782787121973,-0.0009706462212428837
2023-10-12,1.7148074928252655e-05,-7.029677805152346e-05,0.00010880909976251907,-1.2732887024073658e-05,-0.0001475970708926938,4.263533625618182e-05,0.0003180711608693279,-0.0006839034041803693,0.0014198499052180194,-0.0009920288379272335
2023-10-13,4.6681238069529174e-05,-6.729273499912064e-05,1.8771519332293207e-05,-6.70287278457804e-06,-3.899989050565322e-05,0.00010538043033962025,0.00018397273049378104,-0.000718677447066482,0.0014208930411630447,-0.0009441167027540512
2023-10-16,3.3067095755769105e-05,5.070005983508208e-06,-9.777104856308755e-05,2.533351268219769e-05,5.0587225164655525e-05,6.052774365281066e-05,0.00018269364118948112,-0.0007588914132401758,0.001438716456130057,-0.000939999892323011
2023-10-17,1.4974482453619653e-05,-1.5575886867395805e-05,-1.291494986771502e-05,-3.328126840723006e-05,8.71489195421668e-05,-2.743603804579442e-05,0.0002059250393401657,-0.0007278189644281952,0.0014295528528207799,-0.0009198062291372044
2023-10-18,-1.7037683964819805e-05,-1.590234770634802e-05,0.00010371501376033737,-9.365194379825498e-05,-3.3917314305520474e-05,-3.772448587853472e-06,0.000255071398859906,-0.0005979516139531377,0.0013727470011705642,-0.0009692744298754122
2023-10-19,-6.907014580393583e-05,3.1679155649264046e-05,0.00021094664406115515,-0.00025918868814105156,-8.974517803620602e-05,9.986185205356629e-05,0.0003134659490571859,-0.0005824575310846569,0.0013513186438334907,-0.0010072967599210891
2023-10-20,-9.958357909743698e-05,4.498810743414766e-05,0.00027463429299093983,-0.00030454644205045456,-7.970287809269672e-05,3.5799606579144105e-05,0.00034217971545609516,-0.0005220237696337976,0.0013328406161601317,-0.0010253843268159188
2023-10-23,-0.00016384442938867372,0.00013235269820026374,0.00029578649631578635,-0.0003637165520133309,-0.00014523065513070976,8.506351114780097e-05,0.000386121787179311,-0.0005129990651438834,0.00131125983727777,-0.0010243649002108918
2023-10-24,-0.0002576783261221821,0.0002760560104648202,0.00032723580327174984,-0.000607736549787137,2.8361494724488123e-05,0.00015667612684986537,0.00034951223353670013,-0.0006095857292001267,0.001345356072436174,-0.0010079528242521313
2023-10-25,-0.00018211596174182165,0.00018728067272748977,0.0002907880817328498,-0.0005100746142552501,3.790668630649502e-05,-5.4168781958879864e-05,0.000518034270504758,-0.0005447586229688287,0.0012775401590586627,-0.0010209132232683812
2023-10-26,-0.00015956413275312192,0.0001270229355293806,0.0002618319238788247,-0.00038926070478813996,4.958189499133098e-05,-2.6911849990950143e-05,0.0003316377477686691,-0.0004900558990125134,0.0013176162950817583,-0.0010227362585393668
2023-10-27,-0.0001541908037530973,0.00011638753028690024,0.00031803436508157784,-0.0004255556062058852,-6.130492323542375e-05,8.420618238816346e-05,0.0003516680082095436,-0.0005138345116095303,0.00125501173490343,-0.0009706588581743086
2023-10-30,-5.013611130183504e-05,-9.312070407974105e-05,0.0004203771867388531,-0.0003250840133999511,-0.00018270593625113046,1.1181303437440837e-05,0.0004240777898078668,-0.00045570769780092085,0.0012619196707774963,-0.001010228585944739
2023-10-31,-3.8653918393471987e-05,-0.00010509018665325054,0.00039451361431425136,-0.0002941876368970295,-0.00017786361707994996,3.874202612958594e-05,0.00041700038418676644,-0.0005120892190388568,0.0012652500087833723,-0.0009869553857449337
2023-11-01,-6.563698296891546e-05,-5.52727824007157e-05,0.00038387932140906966,-0.0003159726255186901,-0.00016279157825978274,1.9058444384927042e-05,0.0003812569784460082,-0.0004407385601368913,0.0013122715336873134,-0.0010560160923505785
2023-11-02,-1.9306834907036052e-05,-7.834232476804787e-05,0.0002910443397481366,-0.0002622439480924679,-6.283827939332354e-05,8.079525758142997e-05,0.0002496552073026903,-0.0005464072979176685,0.0012748912500293585,-0.0009302440756957242
2023-11-03,-7.24035836578707e-06,-0.00012129738418063113,0.00034544985135619155,-0.0003013280450337025,-4.2432394148410324e-05,2.44686594045862e-05,0.00028327641684502275,-0.0004932241563110895,0.0012865978438072745,-0.0009748677860675417
2023-11-06,5.8602977993607586e-05,-0.00020313246081124503,0.0002826925178540801,-0.00013518485777716527,-9.670500636074775e-05,-3.636339082477291e-05,0.0002842205519868052,-0.00046354052548227415,0.0012442946944322478,-0.0009349036955254159
2023-11-07,4.979574401485498e-05,-0.0002036575785987066,0.00030359601805068914,-2.873987045597104e-05,-0.0003404512557499545,6.16647927767569e-05,0.00035453947220683707,-0.000471665221882904,0.0012294668063446285,-0.0009545329498339139
2023-11-08,0.00011432399771011542,-0.0002897669468011066,0.0002701068267392387,2.3853922019971552e-05,-0.00028294217678005024,7.444438536557962e-05,0.00038674854261279423,-0.0007042701311589447,0.0013361910454794887,-0.0009294929235344543
2023-11-09,0.00020337724153997316,-0.0004184318657324687,0.0002816806838922964,6.80683604588686e-05,-0.0002831965570565184,9.309207913026085e-05,0.00037122320324126795,-0.0008109590807811179,0.0014724147637968435,-0.0009763428423948672
2023-11-10,0.00017805296005776045,-0.00034684555162597247,0.00020063412016372434,6.553078942372892e-05,-0.00014103530132412306,-2.4131852537120912e-05,0.00035916300810447804,-0.0007805131048051334,0.0014287201292236401,-0.00093996399204202
2023-11-13,0.00010654470970494073,-0.00023569621663181023,0.00018249115476178662,-2.8521269272475946e-05,-0.00010314587872761044,8.48512990042627e-06,0.000339066138234298,-0.0007392070686876376,0.001426758400725231,-0.0009561974326192102
2023-11-14,8.788884231380328e-05,-0.00022963768554782465,0.0002462292325380519,-0.00010787254557829279,-7.657657361580944e-05,7.257140311926757e-05,0.00021500737575148865,-0.0006497668777091167,0.001446235834849638,-0.0010042683666954336
2023-11-15,0.00020230507605530773,-0.00035755053574530044,0.00012986807735321237,3.8704436641910644e-05,4.494842997414261e-05,-9.651380063768061e-05,0.00022157933499956234,-0.000701048185790698,0.0014410461895321344,-0.0009209798040501552
2023-11-16,0.0002172564400311494,-0.00039091285119773056,0.00015382088013232015,5.896684249857148e-05,3.0837447529200035e-05,-4.93632898062521e-05,0.0001994161495399993,-0.0007472120021249085,0.0014824032953376504,-0.0009559010338422713
2023-11-17,0.00023057678389133696,-0.000350685578373193,-1.233712180848806e-05,0.00016159334479298043,0.0001476501066173183,-9.754852253381768e-05,9.48129613414575e-05,-0.0007880465286478761,0.0015843033545207552,-0.000968950854850735
2023-11-20,0.0001841897306494103,-0.0002653664657375904,-6.345475466418282e-05,0.00025142339294441374,-2.0541348364280787e-06,-7.1283743356923e-05,0.00017974785790447062,-0.0007400708872764353,0.0013236934384548427,-0.000797655390288414
2023-11-21,0.00018268943135315435,-0.00026772947843655553,-3.030871437143673e-05,0.00017533794942127534,6.935927987997137e-05,-0.00011135032832433611,0.00017953047757881396,-0.0007260394554792701,0.0013995063896320714,-0.0008709855755389267
2023-11-22,0.0002180106820770522,-0.00034657386542171625,3.022916886585847e-05,0.00021734656587203,-4.0580068258910806e-05,-8.626698336852007e-05,0.00019790936927364944,-0.0006810860016490741,0.0013451211522200468,-0.0008542280449625461
2023-11-24,0.00014322466706241654,-0.00017572673169245073,-9.062079381962074e-05,0.00017222694491738494,4.34007065824929e-05,-6.847218967293012e-05,0.00018884227248964353,-0.0007079303912326182,0.0013999009543832486,-0.0009053824356876211
2023-11-27,-3.2861664931119194e-05,8.674336972207264e-05,-7.69396116100246e-05,-3.122186247683789e-05,0.00015338392296568304,-0.00021419533754769154,0.00032459754711809674,-0.0006514687090163965,0.0014016383500500204,-0.0009602281777564836
2023-11-28,-8.436078503871319e-05,7.014917909992785e-05,0.00015798606880917249,-0.0002553704152011907,6.666455105789476e-05,-0.00014544054968766013,0.0004214408684171181,-0.0005930445188956704,0.0013795605475098727,-0.001017358571069625
2023-11-29,-0.00013260370100808688,0.0001681961964536821,9.420435611255662e-05,-0.0002234507030779015,2.380877750222249e-05,-8.891804896048877e-05,0.00035750467842818323,-0.0005462192193429402,0.001364812517350801,-0.00101719787232709
2023-11-30,-5.372208491803698e-05,4.2277268351147146e-05,7.679058482844975e-05,-5.1794372249190646e-05,-4.433238492209529e-05,-0.00015722413818290704,0.0003645665700478043,-0.0005442397691561227,0.0013733651114489764,-0.0010054502716729807
2023-12-01,-9.288405124636273e-05,0.00011773508803451099,8.813432985354391e-05,-0.0001751466174383931,-2.7979245600787128e-05,-0.00013200349281981827,0.0004193601759500745,-0.000490524962825041,0.0013647956797481556,-0.0010716676100012215
2023-12-04,-0.0002585511079695596,0.00041297745865653823,-3.09747552424966e-05,-0.00019719009167681878,-4.4523089268576344e-05,-0.00012399255884970595,0.00044433695219745634,-0.0005002941526816226,0.001320550586161838,-0.0010215553347923886
2023-12-05,-0.00021046882190052518,0.00030829690018684824,5.032007135398475e-05,-0.0002449333544561616,-5.852152215810036e-06,-0.00015738940856255268,0.0004157421946005477,-0.00041489752810654895,0.001272064957867615,-0.001012003666339828
2023-12-06,-0.0001851670909687117,0.00030384492335282925,-5.603826148548041e-05,-9.792055892503954e-05,-2.8946539794225123e-05,-0.00014831622855900062,0.00039271275813725776,-0.000471160803754353,0.001247457239009972,-0.0009564256300465188
2023-12-07,-0.0001864899040269069,0.00027607435358702886,-1.849936407478242e-05,-6.89848846629898e-05,-5.6662307170482484e-05,-0.00018908090038994435,0.00036524140993878657,-0.0003870341737857094,0.001207144875875206,-0.0009399219311934659
2023-12-08,-0.00011055204460815038,0.00022780008894331127,-9.44559839559378e-05,-5.560007116043458e-05,-2.385775585716371e-05,-0.00016845282860600275,0.00042682725175358094,-0.00045324683252333936,0.0012028936584118008,-0.0009519620134376544
2023-12-11,-0.00010320670579822694,0.00015995795099258553,-1.2604857140996462e-05,3.1420823678400545e-05,-0.0002247891902502977,-6.257450690307087e-06,0.00034402626110007634,-0.000488091331616064,0.0012906050264828925,-0.0009914039478022205
2023-12-12,-9.731493743649067e-05,0.00021428590801069597,-0.000167149289576278,0.00014745191050150736,-0.00018758183159851144,-2.7626925746690456e-05,0.0002766885013354356,-0.0005269935020675576,0.0012725825831170698,-0.0009034628847820192
2023-12-13,-0.00020248795776751233,0.00038603307831844985,-0.00019703955767821912,1.4723817001897899e-05,-2.6393004229158246e-05,-7.105626305042856e-05,0.0002425922158472288,-0.0004727872800720928,0.0012785629749972327,-0.0009536457463823478
2023-12-14,-0.00025692573075319913,0.00043460677137772963,-9.115995840452279e-05,-0.00014327136490443343,-6.88414514712285e-05,-5.149570171734258e-05,0.00029100865541763915,-0.00038552711983103755,0.0012673176919170762,-0.0009945497417792742
2023-12-15,-0.00018869696338014857,0.0003354353399548579,-0.00013321721607140874,6.661417268259695e-06,-8.516699400586136e-05,-0.00014300393811954998,0.0003377763685178739,-0.0004158778101104599,0.0012967905687322617,-0.0010104938844397726
2023-12-18,-0.00028645923309418564,0.000494227688125834,-0.0001418474329641442,-0.00012249421033880964,-7.74507986583961e-06,-0.00010098225432659397,0.0003083275916538272,-0.0004017108405801259,0.0012435547208202863,-0.0009863131075354137
2023-12-19,-0.0003316706980016626,0.0006028444591183318,-0.0001946407165289779,-0.0002313640158690053,6.58114030365961e-05,-2.707595002954949e-05,0.00029376381075971875,-0.0004999806943838184,0.0013713671129880409,-0.0010492394372328268
2023-12-20,-0.0003192741582783848,0.0005729087538441091,-0.00019683405272940407,-0.0001605608165746522,8.95730082980939e-06,1.0232582698735393e-06,0.0002646365526275257,-0.000504785878043576,0.001348202032342545,-0.0010142644421698918
2023-12-21,-0.0003505668585054855,0.000643471348769041,-0.000285700258097793,-9.139956277574857e-05,2.105333992954289e-05,-6.802921493485187e-05,0.0003171901407315117,-0.0005038717486174765,0.0011966142518658254,-0.0008827178791218637
2023-12-22,-0.00035173085678122384,0.0006500664116720831,-0.0002850113670070653,-6.524211775908034e-05,-3.476564164332785e-05,-5.6505450008945135e-05,0.00035606715539431705,-0.0005232613521483978,0.0012067875956996987,-0.0008962059395956762
2023-12-26,-0.0002954293861692561,0.0004553056678927858,2.678411842915035e-05,-0.000415621344828955,0.00011630935992858887,0.00011690746034342253,0.00023781533777490066,-0.0005993312897279376,0.0012143712725169106,-0.0008579629840666722
2023-12-27,-0.0002701221856320213,0.0004376628117019818,-2.8588296517619016e-05,-0.0003614217761352956,0.0001667725006459994,2.106260489204148e-05,0.0002663633762212403,-0.0005872775175115585,0.0011740445202286023,-0.0008184132169145042
2023-12-28,-0.0002529327744645038,0.00042806837871080944,-9.466242685012005e-05,-0.0002480239327403988,0.00015555177978445606,2.9705920354158866e-05,0.00010926603150401143,-0.0005023983111076616,0.0012227966189081521,-0.0008471780044536706
2023-12-29,-0.0003858291816941223,0.0006057688642972237,-5.5753300228507385e-05,-0.0003568211533092197,0.00010954110852293836,-1.0320415708642283e-05,0.0002442239139840638,-0.0004856628679508618,0.0012794681710864425,-0.0009456294223288697
2024-01-02,-7.159748563306118e-05,0.00019590714025744665,-0.00021869149357800488,6.409829852704885e-05,9.961085549087256e-05,-4.598679742634504e-05,6.940509076823476e-05,-0.0005244502738554965,0.0012849412070141605,-0.0008518618745497614
2024-01-03,-3.074129316436164e-05,0.00013675961947401394,-0.00022134474140102917,0.00012055215635734667,7.518125444580526e-05,-5.538996762378262e-05,9.928951936481745e-05,-0.0005762993941075961,0.0012434088707491686,-0.0007908433389119257
2024-01-04,2.4185354660213876e-05,2.684405748619445e-05,-0.00015003622113321513,8.169809299431868e-05,0.00014565301415037785,-6.682343578687938e-05,4.57436853566473e-05,-0.0005667277462882217,0.0013049036646248027,-0.0008457813639941372
2024-01-05,5.492691322067644e-05,2.9533915762582075e-05,-0.00023133831931804183,0.00012582805890028886,0.00015756838218786845,-1.6857880573789563e-05,3.6007971455156995e-06,-0.0005899282061073985,0.0012764869462567469,-0.0008101192963087395
2024-01-08,5.0398351856391355e-05,1.2427445068505238e-05,-0.00020519528561441236,0.00016616743602688305,6.565751024877053e-05,4.154807177469966e-06,1.280212172521944e-07,-0.0005312700280120167,0.0012730499540055604,-0.0008356886004573238
2024-01-09,-3.1636809824264756e-05,9.518681710842664e-05,-0.00015785124001318346,0.00019762827101824088,-0.00010567519796200742,1.7275352226085727e-05,9.120986249724211e-05,-0.00046819282189014544,0.0011926595433555814,-0.0008314351493236768
2024-01-10,-1.2440413067187073e-05,6.791552129594564e-05,-0.00015521320061886307,0.00021783195182674409,-0.00012745002993373722,5.9148490771529505e-05,1.9212791883625735e-05,-0.00044891734881813417,0.001203362673307784,-0.0008234599699547193
2024-01-11,-9.402859093723265e-05,0.00022711699528033674,-0.00019121490567192145,5.611850540410135e-05,3.048457589052006e-05,-6.790810018891813e-06,0.00011217819289371933,-0.0005171510087640455,0.0011964056916139928,-0.0008140436558378289
2024-01-12,-9.942362643684116e-05,0.00020997009878339495,-0.00013544769984368682,1.0827718304219636e-05,6.501623001121948e-06,2.8207100976576638e-05,0.00012442898151875798,-0.0005092658228204872,0.0011334350393755951,-0.0007698739707379873
2024-01-16,-9.250244064028246e-05,0.00020504544364838284,-0.00014165276168102287,-1.5126349482946777e-05,3.954428577527397e-05,6.718314839977008e-05,4.711092382433946e-05,-0.00048149665330122354,0.0011832628695793088,-0.0008114006666574969
2024-01-17,2.53167657384909e-05,-5.56904815897305e-05,-1.8657654587667105e-05,0.00010126499823667062,1.4947367640780196e-05,-2.136417642757682e-05,6.884528883686902e-05,-0.0005353503732053733,0.001051953881974113,-0.0006303403449989461
2024-01-18,3.729900410233411e-06,1.3119727268667836e-05,-5.424756218143367e-05,2.7525819810490793e-05,3.15948614791825e-05,2.0356434752309693e-05,0.0001078803536683215,-0.0005250091076945615,0.001063668016902039,-0.0006887279567354479
2024-01-19,4.668574996086888e-05,-4.646838151089322e-05,-4.0915149615863844e-05,1.911626397598648e-05,4.82874655291024e-05,6.229906825602066e-05,6.704069056334694e-05,-0.0005383950749171459,0.0010350940638890749,-0.0006528095785052063
2024-01-22,1.9987270084967368e-05,-1.4695591343691361e-05,-8.058093340020805e-05,9.005773838696024e-05,3.978030087069262e-05,3.1313639597678466e-05,3.1553339563235305e-05,-0.0005067764333224201,0.0011004330432720366,-0.0007118068739805916
2024-01-23,-7.673090064843485e-05,9.625025238966384e-05,6.548652336662436e-05,-0.0003028377642251487,0.000244150220480209,9.232975199777865e-05,8.771651641360789e-05,-0.0006181761077263329,0.0010221086060091672,-0.0006114689289927269
2024-01-24,-7.439284984370187e-05,0.0001205926631824214,2.3606242866770766e-05,-0.00027816843579978046,0.00030917362555335504,-0.00011549053959691163,0.000156466750515602,-0.0004968762154676093,0.0010594511529085499,-0.000704414427892805
2024-01-25,-4.602885027596426e-05,0.00012219315013178855,-8.374401457745401e-05,-0.000151925925166628,0.00030102598877530806,-3.181613682507606e-05,-3.7445771304205067e-05,-0.0004639594885288978,0.0010940308917494826,-0.0007036442929756609
2024-01-26,2.9670655835881132e-05,3.151476398890324e-05,-0.00016764584467063304,4.3968645198406986e-05,0.00019996930079042158,-5.365168329030112e-05,2.23913004743434e-05,-0.0005129239411136924,0.0010788479598672282,-0.0006720431752141806
2024-01-29,-4.395754710079247e-05,0.00014906774947877344,-0.00017850260515539507,-4.70367888730297e-05,0.00027085067478253844,-4.328783848790707e-05,-3.7096831459117185e-05,-0.0004765054429075877,0.0010847923387796235,-0.0006783293155529016
2024-01-30,4.607860375892281e-05,-2.840497448308721e-06,-0.000189161433712573,0.0001329219835122658,0.00020927012250041704,-2.3689304215410156e-05,-6.273415303365004e-05,-0.0006389731417099295,0.0011555759062426285,-0.0006263666366616641
2024-01-31,2.7938065862154193e-07,0.00013213831928107073,-0.0003022308644005725,0.0001020318983387114,0.0002443540992502352,-2.1466595802800692e-05,-3.252137955547102e-05,-0.0005998701975995571,0.0011543545920822754,-0.0006770866247137949
2024-02-01,6.282723185761785e-05,5.2416808458397024e-05,-0.000336302561578225,0.00017133021244859076,0.0002769817748716624,-3.657110794313967e-05,-8.215225558413919e-05,-0.0006025795325984643,0.0011040839961942162,-0.0006100655949100794
2024-02-02,-3.477094187268048e-05,0.00013928088296001617,-0.0002168133056660304,4.979630598776069e-05,0.0001790132970210384,-2.4884479143921778e-05,5.89553253168007e-05,-0.0005789335852118202,0.0010198860709832586,-0.0005905328357744682
2024-02-05,-6.223634760297442e-05,0.00021854027327313647,-0.0002525194791316507,-2.152603924217983e-05,0.0002196650133700767,-2.332627027187839e-06,6.815161937060582e-05,-0.00055322466452664,0.000989544776585187,-0.0006042452267566722
2024-02-06,-5.8842008861741124e-05,0.00015004812326326056,-0.00019778664053541478,0.00019679634665499546,-5.9173332598319583e-05,6.437601304476459e-06,0.00010279069841406113,-0.00051922711528294,0.000964674467401401,-0.0005853907926825566
2024-02-07,-3.673656776977813e-05,0.00014583885754333725,-0.000238231084714359,0.00018653242368663753,-6.560550296978024e-05,0.00012178132063580399,0.00012814573644121668,-0.0006887233438811133,0.0009985578934470982,-0.0005505976977381172
2024-02-08,-1.5475141912787982e-05,0.00017666776739540258,-0.00038339342917447644,0.0003114425464975576,-2.941227375180544e-06,6.500118214996381e-05,6.798518296498995e-05,-0.0007119341253497349,0.0010560191211240466,-0.0005632272096653679
2024-02-09,-8.107181676123704e-05,0.0002308099202270042,-0.0003182056376850387,0.0002296478128847798,2.317645891909692e-05,3.061603389224038e-05,6.860982832387896e-05,-0.0006743094506679176,0.0010465391960051695,-0.000554298192753655
2024-02-12,-0.00012737762002003328,0.0003101145723425486,-0.0002764344963877216,4.293638363808694e-05,0.00010928078020192716,5.9995885327644716e-05,7.75121712504323e-05,-0.0006123726270861607,0.0010236283526460846,-0.0006079102825223628
2024-02-13,-7.381314642473241e-05,0.00021997775240292783,-0.0002664622197312838,9.705400652346846e-05,0.00010057928682621203,1.1528055940929205e-05,0.00010890646381513797,-0.0006414248919944451,0.0010710035266550955,-0.0006272896036142173
2024-02-14,-0.00016672425892271664,0.00037758933008764234,-0.00030041778785858814,-4.1306781428503136e-05,0.0002103216170130165,5.9990673681682705e-05,4.924179592913358e-05,-0.0006383024395050091,0.0010619436131643484,-0.0006112560572466424
2024-02-15,-0.00012711776598944846,0.00032309012662534026,-0.0003313402375649324,8.192690921157708e-05,0.0001758226285816858,-2.2663456057697706e-05,9.575571902807611e-05,-0.0006663691651300555,0.0010666597597988395,-0.0005953633429547911
2024-02-16,-3.288503302562029e-05,0.00019428191032841435,-0.00033536473403392164,0.0001682099722462027,0.00012441799816194365,-2.315342630373335e-05,7.126151716273926e-05,-0.0005991675435815663,0.0010726767093204928,-0.0006405259555401846
2024-02-20,-0.0001332535999137921,0.00030813327372825744,-0.0002486098939257983,4.626261872855281e-05,7.354949531594018e-05,1.966581593645239e-05,0.00015239861977720676,-0.0006058625301199744,0.0010247650044619347,-0.0006386190426943342
2024-02-21,-8.479293632832063e-05,0.00026943155639075345,-0.0003381986071284773,0.00015509532188930086,8.241889433691085e-05,-2.2073807468783735e-05,0.00012777096206566252,-0.0005887262422899844,0.0009177801729144119,-0.0005181316208096587
2024-02-22,1.1738095072350019e-05,0.00010805302134053035,-0.00029284097967002126,0.0001663111588975641,0.00019541434732694984,-9.709546476311531e-05,7.972162775678193e-05,-0.0005893901190862777,0.000937190747075059,-0.0005215082363047921
2024-02-23,3.055162109525528e-05,0.00011150853970132851,-0.0003641153165528238,0.000248525241916972,0.00017475947352969812,-8.19707395901953e-05,-7.776001343294536e-06,-0.000577868064495439,0.0010882722509658119,-0.0006219813606052407
2024-02-26,1.2140290589275626e-05,0.00012141916585160784,-0.00032059240916797876,0.00018127021105263097,0.00022772418389760407,-0.00020907419529442306,0.0001637263495959107,-0.0006166650548653507,0.0010284963097857425,-0.0005894742944317286
2024-02-27,-1.5615603328987537e-05,0.0001337867954330843,-0.0003037399748085992,0.00017487171181017336,0.000250165219366473,-0.00016178675255425906,7.192522895487635e-05,-0.0006414263573467291,0.0010620199385711765,-0.0005701164390892119
2024-02-28,1.5815669635377283e-05,9.028544957747492e-05,-0.00026368194110146237,0.00011159430349642202,0.0002612766065947028,-0.0001442013146621332,4.280285728744393e-05,-0.0005403707300349753,0.001049194977081308,-0.0006235045901610559
2024-02-29,5.551737626248443e-05,-9.318425147411546e-07,-0.00018264933705366276,9.560974670449335e-05,0.00016902414497808188,-8.789230516396268e-05,0.0001370228223711023,-0.0006071689158043958,0.0010375073264534754,-0.0006160513526269479
2024-03-01,-6.200559329494482e-05,0.00013687299955550403,-0.0001358882188337157,6.367419388580292e-05,6.340885149842129e-05,-7.562001281400527e-05,0.0001467748270416111,-0.0005171845312400072,0.001048441748298136,-0.0006679490131400873
2024-03-04,-0.00016513445747776828,0.0004216364553813884,-0.000436432916529228,0.00014058164635120246,0.000214480376267423,-0.0001216835254526788,6.487580180195712e-05,-0.0005396698627929547,0.0010054233332811163,-0.0005836677399651477
2024-03-05,-0.00017081646954579532,0.0004411831614013831,-0.00042948742191276784,6.480277026300191e-05,0.0002469465581679889,-9.93463195325811e-05,0.00011852577103430711,-0.0005687112374163084,0.0009907074298832405,-0.0005940803018334995
2024-03-06,-0.00015987343599742354,0.0003986288784773098,-0.00041049476255201195,0.00011478461187593159,0.0002553408556236411,-9.561040989016639e-05,-1.3580821419022227e-05,-0.0005394794583908555,0.0010033945822221502,-0.0005526247570271647
2024-03-07,-0.00014285498903296445,0.0003832358347559406,-0.0003923726039628192,2.2635622597216853e-05,0.00034197601298778524,-0.0001336742849836342,4.957871404445008e-05,-0.0005138384700232451,0.0009092453045057777,-0.0005248052470254935
2024-03-08,-0.00019238728202303906,0.0004539147745854996,-0.00037732975112578226,2.351792752847137e-06,0.00024294972292852185,-6.487673941447253e-05,5.83444092330937e-05,-0.00048298396779190844,0.0009184743587668243,-0.0005585864515560424
2024-03-11,-0.00015078271825075956,0.00035390984934560027,-0.00031539273696085113,6.499645575613194e-05,0.0001327172329819437,-2.0797214844797685e-05,4.344182491444054e-05,-0.0004564669587601225,0.0009029993636780059,-0.0005539507536703112
2024-03-12,-0.00015812149450625257,0.0003430231910318479,-0.00028286650080253106,8.740764655357919e-05,0.00010037734211214983,-4.368669218751675e-05,6.03130041480493e-05,-0.00048706744520429085,0.0009544810912223561,-0.0005734430213983899
2024-03-13,-0.00010483717564984535,0.00030614989175938023,-0.00034557155526353245,9.595745650423093e-05,0.00015548868962259044,-1.9345023975290976e-05,8.372218141202564e-05,-0.0005557916093716156,0.0009028880448124499,-0.0005186879828296062
2024-03-14,-9.995187608267259e-05,0.0003058417477111372,-0.00036693479798130535,0.00012139779923131533,0.00017759427367056158,-3.9294215230384344e-05,5.5663337499498033e-05,-0.0005479540741636091,0.0008923452924527453,-0.00049883075664095
2024-03-15,-6.897209694318313e-05,0.0002801428135917189,-0.00041941348163142267,0.00017030471862623103,0.00023472720783657142,-7.588553839912165e-05,7.021052270683725e-06,-0.0005686291725982978,0.0009790330686244506,-0.0005383603799345993
2024-03-18,-0.00010601347624519808,0.00032903279702014426,-0.00040060114600368874,0.00013773097408607132,0.00016698063945753266,1.6350279283504354e-05,-2.199174453090119e-05,-0.0005155390633859794,0.0009095298597062151,-0.0005155312969297096
2024-03-19,-0.00014607636479644498,0.00033767528766976557,-0.0002660920792815838,-6.707453728549417e-06,0.00014392115973981684,4.189058043916477e-05,5.8958398471010975e-05,-0.0005173078741442239,0.0008648708178987177,-0.0005115486810857856
2024-03-20,-0.00017598083202829268,0.00035243969993721536,-0.0001782371521641679,-0.0001751241486240701,0.00024302666046877724,-1.1209305548695592e-05,0.00016516192362302923,-0.0005634086947131148,0.0007983474790335746,-0.0004549675516644716
2024-03-21,-9.469195068623204e-05,0.0002865595654805986,-0.0002957112040395324,-1.602126492087491e-05,0.00021397497325621045,9.692714860107254e-07,0.00011485950303415093,-0.0005730170679943206,0.0008477252117377113,-0.0004850060430366121
2024-03-22,-0.00010805053061823527,0.0002933894444241761,-0.00032095851412432264,9.717544777847198e-05,0.00011693647417594655,-2.584455103456923e-05,9.833195007999396e-05,-0.0004984985179184234,0.0007958838987045316,-0.0004469161998285967
2024-03-25,-0.0002687264203516185,0.0004503036356669557,-7.663142384130989e-05,-0.00040728945350999163,0.0003188088618925333,5.553965370215519e-05,0.0001233404023784565,-0.0005133109101076103,0.0008377138441057128,-0.0005192813401405719
2024-03-26,-0.0002505083639609204,0.0004292921830307897,-0.00012622775200138436,-0.00023605492994986654,0.00023001278382420165,2.993931173484593e-05,3.863963747306742e-05,-0.0004598410740798489,0.0008424032624216107,-0.0004969850077530952
2024-03-27,-0.00023646272871579582,0.0004663420250977518,-0.00020516376352303772,-0.00027265262008054764,0.0003269664560397248,4.704121897371877e-05,-2.104617031289946e-05,-0.00042834719584430164,0.0008382719667934316,-0.0005150349707200297
2024-03-28,-0.00021791048259707513,0.00043020588607983745,-0.0002049286107719886,-0.00023607824386118192,0.0003076540804616487,5.549346910624364e-05,-4.322552397996449e-06,-0.0004975795966365854,0.0009320452449283201,-0.0005645286760489129
2024-04-01,-5.675460703861296e-05,0.0002502741339042158,-0.00036689829015161546,9.639479162466824e-05,0.0002212014093585235,2.8500292235361657e-05,-5.082948421063216e-05,-0.0005296955205381648,0.0009437404477673841,-0.0005360616977455254
2024-04-02,-0.00010498180332184359,0.0002619656137707524,-0.00024434271057881263,-3.372506303229994e-06,0.00019599642698555492,-4.6165736706835214e-05,0.00010297508584984627,-0.0005291511058983858,0.0008832625784554182,-0.0005167841396121822
2024-04-03,-9.200836789595435e-05,0.00025920678136796826,-0.0002562939413293594,2.53744538274564e-05,0.00010759216893871382,8.961305406604558e-06,0.00010993377588631309,-0.00047279867793648817,0.0008674050152336563,-0.0005577655948316163
2024-04-04,-9.61147534733614e-05,0.0003014821472180143,-0.00034325646960029627,2.3732507406691583e-05,0.00025152728153450543,-3.4558649574661926e-06,1.7587403585324346e-05,-0.0005497347044748496,0.0009087131258185208,-0.0005103556475444318
2024-04-05,-3.2385368616369425e-05,0.0002072488322375013,-0.0003531256056663254,0.00010320912741910299,0.00025091378326640157,-3.8420305163301693e-05,-5.999020630399754e-06,-0.0005469889451432536,0.0009586592134758903,-0.000543354773902445
2024-04-08,-3.5722866866108594e-05,0.00022025257170705387,-0.000397181382476082,0.00014334629405331895,0.00030024649360901184,-7.297588739177407e-05,-4.379138124017967e-05,-0.0005475767264726608,0.0008785757961497428,-0.0004450858450099418
2024-04-09,-5.823343679418197e-05,0.0002586133132894547,-0.00044645286545524215,0.00028747000481134377,0.0001087438698464463,-4.9847056424565106e-05,5.71316951050449e-05,-0.0005821752658368845,0.0008851347750813907,-0.0004595360378790714
2024-04-10,6.081380522280494e-05,0.00010546468137589277,-0.00044684062476443853,0.0003014904170505969,0.0001624888562210755,-5.967368011935981e-06,-9.434293004186023e-06,-0.0006090635669350475,0.000927492145718023,-0.00048691557930957
2024-04-11,2.8605765272159134e-05,8.362405605933515e-05,-0.0003124481601746443,0.0001558261110414516,0.0002683462267979303,-6.006816603749965e-05,-9.23219595219682e-06,-0.0006173778219634163,0.0009345882081039161,-0.00047263653056418137
2024-04-12,6.882641924114974e-05,4.285512835335015e-05,-0.00036144723057084105,0.00023984527712415937,0.00025327391433736107,-5.1619687491503974e-05,-5.0808119869294455e-05,-0.0006398241842859378,0.0009772261495477677,-0.0004782303218955064
2024-04-15,-3.878905637626218e-06,0.00013589237057100995,-0.00031678121852524166,0.0001489333275506849,0.00022131959970230625,-2.5005524423887815e-05,-1.9139251141955804e-05,-0.000565682736432184,0.0008980027747992753,-0.00047412989049100407
2024-04-16,1.886508226757455e-05,0.0001377693241211425,-0.0003732117962535336,0.00015199968075967074,0.00028189820185989256,-6.353445207459008e-05,-3.088080532695492e-05,-0.0005398407149140028,0.0008838314837899819,-0.00046701183141757
2024-04-17,3.758133899046945e-05,0.00010134791431445911,-0.00037889680552846,0.00019842218719250126,0.0002885656835811823,-3.238574938963651e-05,-8.153727115214199e-05,-0.0006062885988417921,0.0008708751884277666,-0.0003977333545594833
2024-04-18,6.160829005327079e-05,8.496315957889217e-05,-0.0004154540327203776,0.0002367938424849697,0.0002998186594508484,-7.393204611950283e-05,-7.766070097611766e-05,-0.0006168548174312893,0.0009086135982976501,-0.0004066637720107902
2024-04-19,2.9424093340724156e-06,0.00014714952433406842,-0.00041882752497010567,0.00027872778977601487,0.0002666229951504978,-8.554288507361951e-05,-8.179653867859682e-05,-0.0006170605037616392,0.0009113786937628848,-0.00040303856910951785
2024-04-22,-4.122471938999839e-05,0.00027365490424477446,-0.0005147457141079781,0.0002553173763251773,0.00027246711948123586,-5.4171897728785834e-05,-5.993130225052934e-05,-0.0006205574262948335,0.0009607198011572643,-0.000470836214545349
2024-04-23,-0.000129053253197349,0.0003060049202258802,-0.00023632405102966964,-0.00016840171924409342,0.0003846598251515468,6.650739760589303e-05,-8.08973624543477e-05,-0.0005784743498153944,0.0009159523569015823,-0.0004800472348928733
2024-04-24,-9.364656467862609e-05,0.00023403468685721796,-0.00019913546207158545,-0.00012970917690547507,0.0003548672291839583,-6.515137617520844e-05,4.237212953223102e-05,-0.0005236224833409936,0.0008581840233226612,-0.00047799602911602346
2024-04-25,-1.8140250241056866e-05,0.00012965555423714858,-0.00022898699238859538,-4.014843278742769e-05,0.0004024729356314899,-9.592109333411009e-05,-4.1858016251658525e-05,-0.0005490829567027997,0.0009231909966970486,-0.0004810779898290138
2024-04-26,-2.6273251342370796e-06,8.835735360270686e-05,-0.00021393656367345998,-3.9466929391274164e-07,0.00039754509679319067,-0.00010775006472558968,-8.999696042209793e-05,-0.0005358552119063831,0.0009202711383109394,-0.00045506686665454377
2024-04-29,-7.48736320046045e-05,0.00029641092389120355,-0.0004407266437306545,0.00016446103540902757,0.00024476644022643906,-7.083092856755013e-06,-7.355697683247842e-05,-0.0005517926888993288,0.0009240660015739227,-0.00048145440322035216
2024-04-30,6.914022640858164e-06,0.00017904001019856258,-0.0004121471101950422,0.00018231121424929636,0.0002110525956899173,-1.3706725721859825e-05,-1.9696232817556503e-05,-0.0005206104283685745,0.0008748985722183064,-0.0004883775179354843
2024-05-01,-6.900618187780788e-05,0.00024586375993437826,-0.0003377089119724827,0.00011012848282433707,0.00020317204138448064,-4.2167542139252834e-05,-6.8787479113111005e-06,-0.000484034392134923,0.0008929312043781806,-0.0005122321514442682
2024-05-02,-0.00015682571003184514,0.00034463402529547743,-0.0002902388949508339,1.1289386475515917e-05,0.00023780379357507542,4.21372505549078e-06,-7.40574809144634e-05,-0.00048476368324627817,0.0008919742706800238,-0.0004834924838277091
2024-05-03,-0.00015811118247743144,0.0004015405669158256,-0.0003714785961954209,2.9139865858139602e-05,0.00023150926990125192,-1.8396529789729832e-06,-7.009217510602073e-06,-0.0004920559008772876,0.0008467312431892984,-0.0004788425983436803
2024-05-06,-0.00016303185220007538,0.0004533334049512325,-0.00045911010973639227,4.379712820638121e-05,0.0002774415507836858,8.65628680905145e-06,-4.612718537291144e-05,-0.0004794091449044219,0.0008325332205915761,-0.0004676331780225501
2024-05-07,-0.0001494198213864567,0.0003657208352616584,-0.0003353441071087884,0.00010612970318901044,-2.4564205385872728e-05,0.000158289260700252,3.7762771095059544e-05,-0.0004625602181249494,0.0007944481931658268,-0.0004901665102641783
2024-05-08,-0.0001182333881368236,0.00035400715630150986,-0.0004118434462411155,0.00015346225604794678,8.424643603188037e-05,0.0001345423054674305,2.3165709288827663e-06,-0.0006047639472557126,0.0008462866596271879,-0.0004401589133181394
2024-05-09,-0.0001600453669384702,0.0003689110435719928,-0.0003210581751125832,5.159826030731729e-05,9.582729403952855e-05,0.00014419379248208075,1.5494585051678555e-05,-0.0005829869064732859,0.0008840744560944594,-0.0004965503699580279
2024-05-10,-0.0001150599314179851,0.00029910998114492104,-0.0003202484459582447,0.00014316826361510104,6.336370553493287e-06,0.00011788804273729636,2.8833857562721166e-05,-0.0005363549391143446,0.0008720968403360327,-0.0004945352293592026
2024-05-13,-0.00015932133246230468,0.0003982946954361674,-0.0003646905056021374,1.596253071689535e-05,0.00021621778374365103,6.8835631420891e-05,-7.914600979673503e-06,-0.0005701488183607745,0.0008355231091081855,-0.0004325413643984713
2024-05-14,-0.00021962664885838423,0.00044690725793560676,-0.0002525597102249824,-0.0001208596831905745,0.0001781631785903251,9.638735848184476e-05,1.3991245086782123e-05,-0.00047954002441209787,0.0008639167537232637,-0.0005269564089724552
2024-05-15,-0.00018239305860198035,0.00037010632561516876,-0.00025418067672588335,1.2801497464035028e-05,0.00011648049875888355,4.2088140429621945e-05,4.934774658273133e-06,-0.0004680022875954218,0.0008474328994965419,-0.0004889529820301525
2024-05-16,-0.00014007998921247017,0.00034457921760103205,-0.0003016977700610185,-2.6203316721165604e-05,0.00023859407437357844,3.2337197859444444e-05,1.5000624358496584e-06,-0.0005396324994631288,0.0008778194248020982,-0.00048735621733057843
2024-05-17,-6.708344488314671e-05,0.00025682021176687275,-0.000380344121432348,0.00018992414298809462,0.00010252912075843501,5.348945332200178e-05,8.237075554654028e-06,-0.0005404200797304026,0.0008713723354778213,-0.0004954387760227191
2024-05-20,-0.00018533291056395396,0.0004245282131988756,-0.0003381653052787828,-6.087863662213033e-06,0.00018203290611875506,0.0001055521465423842,-5.444671359339237e-05,-0.0005157124198697724,0.0008799915427522079,-0.0004922926745959746
2024-05-21,-0.0001404856933041529,0.00036392322277161576,-0.000388292520305443,9.015102046651402e-05,0.0002213163197638049,3.24729920784389e-06,-2.10496843013816e-05,-0.0005496528908704029,0.0008894341931537306,-0.00046796726403910277
2024-05-22,-0.0001343978035198562,0.0003717125980626859,-0.00041616273341293225,0.00013798099996450985,0.00014403080879262647,8.204849185359381e-05,-5.646469742349308e-05,-0.0004784744660873211,0.0007242184703007623,-0.0003754969521201079
2024-05-23,-6.241025359682989e-05,0.00028502708046536374,-0.00040532816496802876,8.104624654044212e-05,0.00024667321836899236,8.418603107032685e-06,2.0286224659528396e-05,-0.0005376033902094041,0.0007641699446604977,-0.00040057149662834496
2024-05-24,-4.6451381866610686e-05,0.00024524471691782235,-0.0004009169160303708,0.00017261038263587103,0.00016377229579572078,8.64295253989178e-05,-5.22200432506309e-05,-0.0005586255284075747,0.0007163356809006399,-0.00032295830351281724
2024-05-28,-1.789817092161944e-05,0.00019561530165445457,-0.00038240628966143553,0.00013519700667957713,0.0002784754675404927,-0.00010321750245991662,3.097571115015518e-05,-0.0004930321356363607,0.0007247147398598969,-0.0003685852906772577
2024-05-29,-5.0190132932795284e-05,0.00020539289678959266,-0.0003124296351990838,8.657965659241568e-05,0.00024418189567317755,-3.1620064668384795e-05,2.6956157219322485e-05,-0.0005410307460314082,0.0007382705561797542,-0.0003668028024484543
2024-05-30,-5.058353647510727e-05,0.00021421082666737978,-0.0003456139081322099,0.00012579990036728356,0.0002617847777853996,-5.996347530583951e-05,8.961794391582067e-06,-0.0005607020085292985,0.0007078071070915695,-0.00030157401905329256
2024-05-31,-5.224547652727535e-05,0.00022643530891923447,-0.0003445711833168427,0.0001337051171719228,0.0002021507925532226,-3.8753381739788095e-05,1.3264387367727115e-05,-0.0005098143818015252,0.0007577384855712369,-0.00038840839007642236
2024-06-03,0.00014602767732588284,-9.3628577853333e-05,-0.0003088159040523647,0.0002089507447565614,0.0003694611276018195,-0.00011689747780457838,-0.0001343175757419074,-0.0005245171976762664,0.0007914070013594413,-0.00033780843723234255
2024-06-04,0.0001419223400362865,-9.069406106762545e-05,-0.0003216408695797812,0.0002453907559530136,0.00033807194327558493,-5.5385187609259534e-05,-0.0001624124963977222,-0.0005679544546143833,0.0008081463178929923,-0.00033611192638142995
2024-06-05,0.0001065227833241672,-2.1158324432106468e-05,-0.0003170833462644157,0.00016640101663118606,0.00029416808580634557,4.625049474800413e-06,-0.00011778131454980023,-0.0005458558538690358,0.0007938487803979544,-0.0003633527186582067
2024-06-06,0.0001223962791544811,-9.176375188871266e-05,-0.0002666302246293814,0.00024268882887582,0.00028400594334383744,-9.381906224330272e-05,-0.00011195187624295222,-0.0005375350570479692,0.0008043883799356971,-0.00035212905744344547
2024-06-07,0.00015789907833722167,-0.00011234315167332753,-0.00029514703522492275,0.00028705125783323737,0.00022516704807203775,-0.0001073285882938757,-4.859037235545316e-05,-0.0005464238551677186,0.0008097889948747994,-0.00037005870271245717
2024-06-10,0.00011422411402416816,-7.014174721999694e-05,-0.00027836088119173596,0.0003899270340370631,-3.940314656207533e-05,-6.721450526228634e-07,-3.768178596606775e-05,-0.00043168939856162714,0.0007901465078722913,-0.00043627075607276244
2024-06-11,0.00013039917011157393,-0.00016752173702556938,-8.414202245031477e-05,0.0001679075480265843,4.2144899138465974e-05,3.761117778619538e-05,1.325761781308804e-05,-0.0005171898590407148,0.0008182149143376241,-0.0004405554143275467
2024-06-12,0.00010582230106281204,-0.00011320239654949438,-0.00014160681110819695,0.00023045890468898628,-1.6632398053523234e-05,6.839129908024072e-05,2.7018694156930034e-06,-0.0005195998450843384,0.0008511699288802771,-0.0004671094821331323
2024-06-13,0.00011267461456213046,-7.439649082717492e-05,-0.00022853197788551965,0.00023727344717607013,0.00012815501347105546,5.80763496858816e-06,-7.766005746477622e-05,-0.0005199620307122926,0.0009217779353596564,-0.0005066326515888106
2024-06-14,0.00012773859563791623,-8.191812122713277e-05,-0.00023770001420532483,0.00018784447728042997,0.00014818930444392142,3.608364705358358e-05,-7.040383468398526e-05,-0.0005369570522100256,0.0010095830157995644,-0.0005825775832623281
2024-06-17,0.0001005932859192496,-3.399275643745092e-05,-0.00029966645313970336,0.0002576398001271421,0.00019508592517298445,-5.6525534631070296e-05,-0.00011415342089541453,-0.0004960974967202353,0.0009941112149235085,-0.0005465450694698282
2024-06-18,7.029635206309837e-05,-3.346000677546118e-05,-0.00019576544246537042,0.0001656635448117963,0.0001229388330080683,2.8967499047023726e-05,-6.23066060269975e-05,-0.0005142519896937994,0.0009519569918378795,-0.0005334454165526539
2024-06-20,8.269916255564808e-05,-5.0789708791382226e-05,-0.0001653161852547616,0.00012199362653238927,0.0001353399848893974,-1.2474534107007051e-06,-1.079533025106355e-05,-0.0004755515839238028,0.0008766545349663327,-0.0005133388911902625
2024-06-21,8.634820857730124e-05,-7.604994204720578e-05,-0.00012857214460891553,0.00012437759842230667,0.00012627128107971924,-1.3381691754604796e-05,-1.9641402687078924e-05,-0.0004789133630490952,0.000882470021226496,-0.0005042414385478255
2024-06-24,8.217377427442024e-05,-4.730326345048913e-05,-0.00018173163338342652,0.00014765571925580423,0.00013043634035524165,3.5966642723608833e-06,-6.384262285844683e-05,-0.0004691507336184175,0.0008785774115032743,-0.00047747141169677404
2024-06-25,-7.097733086727787e-06,3.523289178311573e-05,-1.0136171539797123e-05,-0.0002110655466401254,0.00028718549042180963,5.198872867662879e-05,-3.244083974809214e-05,-0.0004589370537316506,0.0008563346810499042,-0.0005111538519398245
2024-06-26,0.00010034244648292334,-0.00014608047416114767,2.9736564927537734e-05,-0.00015272870099165836,0.0003771257869936012,-9.956197174666032e-05,-2.216502738053988e-05,-0.00045744915059106606,0.00086660025875758,-0.0004964282159210659
2024-06-27,0.00010765670136463762,-0.00012724597951897787,-9.939318096706395e-05,2.9560004371924353e-05,0.00032561700337455785,-2.2447718569656994e-05,-0.00016857485330921268,-0.0004488721169505633,0.0008967839917717046,-0.0004944624398895148
2024-06-28,0.00016737664893937826,-0.00017995873078002073,-0.00012556607124805663,1.761791989958461e-05,0.0003627869922870758,-7.613031075855842e-05,-0.0001328178422862203,-0.0004112619546555313,0.0009063238331686457,-0.000528697938288622
2024-07-01,-1.4477599349763115e-05,0.00011987255504191524,-0.00024772060701543086,8.915977036327849e-05,0.00019875784215056536,-3.5584046059536356e-06,-8.716078075785005e-05,-0.0004627695647507757,0.0010406411391992304,-0.000632495723161125
2024-07-02,1.8489962213610878e-06,0.0001252779099568599,-0.0003150823634400987,0.00015777655203459695,0.00022778722914026245,-3.394998202004701e-05,-0.00011041807274928678,-0.0004881169791324247,0.0010058982002859526,-0.0005709304547798499
2024-07-03,-2.632042234643195e-05,0.00019067487634871066,-0.00039760042647254273,0.0002726989435426347,0.00015175591979061515,-1.0649605802763584e-05,-0.0001479423926584872,-0.0005004872551466061,0.0010187041951773904,-0.0005500703985872393
2024-07-05,-6.869836047133926e-05,0.0002679714695489055,-0.00039957371591999025,0.00011120614767663045,0.0003168380956184019,-3.922958752337197e-05,-0.00016142242902261045,-0.00043919347055117186,0.0009764369829943081,-0.0005648177457371686
2024-07-08,-4.1381678598378935e-07,0.00016285919626154305,-0.00038794944248835006,0.00017577288178546174,0.00028775447263803405,-2.735227002022278e-05,-0.0002103943518707782,-0.00044539705786592054,0.0010323886677241559,-0.0005871645012321541
2024-07-09,-5.491986548573219e-05,0.00015635176258282923,-0.00020885221821143746,0.00013133273774322551,1.1647813593640421e-06,8.710314068322705e-05,-5.556352468408937e-05,-0.0003808570623122856,0.0009485339302591489,-0.0006239552543131424
2024-07-10,1.5236800953166707e-06,0.00011939797899380988,-0.0002577644624540895,0.00013960541037294494,8.763787979632759e-05,8.775919908995955e-05,-0.00011485211121010919,-0.0004852508553689558,0.001031516397627004,-0.0006099705550218978
2024-07-11,7.042741548832221e-05,-2.8474758297918068e-05,-0.00019642361235150396,0.00018926369843847574,8.741301235713067e-05,2.933118451033806e-05,-8.857394471194907e-05,-0.00046886710252570796,0.0009992350283921161,-0.0005934399986659775
2024-07-12,3.481332909909679e-05,1.737058141448866e-05,-0.00017724462831998633,0.00014221524796845936,7.928391710927685e-05,2.131569015123569e-05,-4.8704581489533716e-05,-0.0004685546072617716,0.0010538114252123393,-0.0006540682804691
2024-07-15,2.059201757685647e-05,8.858741495089417e-05,-0.0002502059075749491,0.00010142676402288137,0.00012718724904604156,8.838057819756523e-05,-0.00010459057303688346,-0.00044291404623249264,0.001017483267681446,-0.0006462892465698283
2024-07-16,3.2725666703668777e-05,7.404233655974868e-05,-0.00025505346488170766,0.00010235181289337814,0.0001408125534038962,7.344434630113944e-05,-0.00010321003149851155,-0.00042865137805057907,0.0009867905837607147,-0.0006234282072589692
2024-07-17,-5.263308862947513e-06,7.808853513941588e-05,-0.00019134378580972639,0.00012865265549413807,9.351186839866993e-05,4.0712029283851425e-05,-0.00013662351992131672,-0.0003674843625722443,0.0009370535961649509,-0.0005771686971398002
2024-07-18,5.87517847480748e-05,3.652062788617877e-05,-0.0002831766163541652,0.00017778351671149384,0.0001737172766293829,-2.1671302953434057e-05,-0.0001027464184478119,-0.0004260335515526084,0.000997024186728035,-0.0006102462217296017
2024-07-19,2.283000525184209e-05,8.823401797598829e-05,-0.0003033431302413639,0.00019060856283344835,0.00017581657377954696,-1.0413029646189065e-07,-0.00018422796408304465,-0.0003839839831195069,0.0009911084704062809,-0.0005968373906145436
2024-07-22,3.752581055786047e-05,5.52224620077868e-05,-0.00028241804083986577,0.00019569583310229816,0.00018161916156058527,-1.0718397617341668e-05,-0.00012298039098447566,-0.0004598233159353038,0.0009568690530083329,-0.0005517664252870438
2024-07-23,-8.27854034758449e-05,0.00016680139664889543,-5.5914372907119037e-05,-0.00025561786813866477,0.0003322513974625546,8.138498618368017e-05,-0.00011925136262309205,-0.0004282715442141746,0.0008999015202893826,-0.0005385757762194354
2024-07-24,-3.6454738987286295e-05,8.927496612160662e-05,-4.9899661548849505e-05,-0.0002263727245163244,0.0004039136883463787,-0.00012594551211030092,9.34740747145224e-07,-0.0004013425696187678,0.0009421185994030953,-0.000596028708409066
2024-07-25,1.867428937124549e-06,6.458278563416242e-05,-0.00014610128449339677,-8.672180075188635e-05,0.0003924889309766949,-0.00010025756033610334,-0.00015847223316940717,-0.00034024774221806664,0.0009751280944809565,-0.0006032010132893603
2024-07-26,-1.5242738208437467e-05,0.00012133789995774635,-0.000239136433498717,-4.8062765368263316e-05,0.0004573305637034855,-6.436739672630032e-05,-0.00023935720119422355,-0.00036994203751076343,0.0009542102198958971,-0.0005572946750851959
2024-07-29,6.887686311631003e-05,2.283629148697175e-06,-0.0002475784035120346,1.9843010372624925e-05,0.0004493110204994849,-3.5671852472780874e-05,-0.0002734017403018957,-0.00045966804766257863,0.0010316171508397004,-0.0005562740568701083
2024-07-30,0.00010534186096818748,-7.298836136859083e-05,-0.00021687219582760403,9.360922682128542e-05,0.000354981662945654,-1.3088375071614033e-05,-0.0002601775803509135,-0.0004666211522934352,0.0010885739513679382,-0.0006123655300854583
2024-07-31,0.00012777021551810958,-9.177498278086643e-05,-0.00025002082631159217,0.00012112513859076357,0.00038706086255186484,-1.489560815401414e-05,-0.00027980405409350206,-0.0004965104376310273,0.0010503623937995685,-0.000553054878736782
2024-08-01,9.942936679951248e-05,-1.5148083552185554e-05,-0.0003030173201619968,0.00013794345083300436,0.0003428907076802046,-3.9717164587609044e-05,-0.0002111025246286577,-0.0004531605444037523,0.0010057086503110907,-0.0005637317814880596
2024-08-02,0.00019873457275493278,-0.00013969505663931348,-0.0003997792112410761,0.0003181667428462723,0.0004064972754555113,-5.9065599748518716e-05,-0.0003502357469279821,-0.0005337318513438452,0.0010865824174981359,-0.0005268705271599672
2024-08-05,0.0002438208785732615,-0.00018812884401434027,-0.00043967644685891094,0.00036750210079745244,0.0004585211855206231,-5.767327272708511e-05,-0.00046142584595026265,-0.0005282622764644709,0.0011765280376721046,-0.0005715370399859213
2024-08-06,-3.98588707380132e-06,0.00011013428094924088,-0.00026731101791310774,0.0002524290858756384,-5.063423755405361e-05,0.00011523941138405491,-0.00013525410205850186,-0.0004086218606985867,0.0011030205662184989,-0.0007149992735522581
2024-08-07,7.6280916478932426e-06,9.990739352917777e-05,-0.0002888124856762764,0.00020331144722689903,9.292446229673679e-05,0.00014262142374087822,-0.00018753673112104768,-0.0005024605526547793,0.0010789279140651573,-0.0006476975945600705
2024-08-08,-1.203159061696768e-05,0.000146256917872567,-0.0003067867709221697,0.00016227844978081163,0.00013137797309582117,0.00011333026376780797,-0.0001710366384358314,-0.0005312450680591829,0.0011326963036701956,-0.000664907966472221
2024-08-09,-7.063853404702669e-06,0.00015285113309049247,-0.0003354799524229596,0.00014981036003688247,0.00020083754888874927,0.00010389308644449119,-0.00018486871742852407,-0.0005835866329843495,0.0011409822808703465,-0.0006373299147657205
2024-08-12,-5.3023403644623934e-05,0.00023250000350191063,-0.00038874931987605693,0.00015092324560734421,0.0002544721179211229,7.04623196988996e-05,-0.00023577226585167615,-0.0005629756403758776,0.001214118954693498,-0.0006811642891220021
2024-08-13,5.7506914230009976e-06,0.00015035424185927404,-0.0003961555718682702,0.00016538597891713885,0.00033099776454188073,3.552226142370524e-05,-0.0002506786850860823,-0.0005536504171232554,0.001121224835596013,-0.0006092404577861046
2024-08-14,-5.723667121001336e-05,0.0002813042425596768,-0.00043621549193911813,9.542900839953905e-05,0.00037192127334433056,2.8732881594266402e-05,-0.00027429514875073474,-0.000508531557686577,0.0011515549843534659,-0.0006501176377573248
2024-08-15,2.0081753720035955e-05,0.00016119063775545117,-0.0004351758733993627,0.0001574566911615935,0.0003959486794996997,-2.029554709646192e-05,-0.00026783327999260753,-0.0005213914166046912,0.0011083271162400862,-0.0005987390693522332
2024-08-16,2.1460524618537036e-05,0.0001520097470351367,-0.00046393876959218566,0.00023536122451641578,0.0003438056680730994,-9.701036101025795e-07,-0.0002469701291342302,-0.0005866871888297667,0.0011714270811214941,-0.0006251880237072502
2024-08-19,5.164274222711068e-05,0.00010874881976706552,-0.00047913037923918295,0.000306280600443784,0.0003479436377123446,-2.445442670479664e-05,-0.0003152537967597291,-0.0005992798044007486,0.0012367788385371295,-0.0006328144886628417
2024-08-20,4.776935738241839e-05,0.0001421525463593254,-0.0004838763281483152,0.00020943053357844188,0.0003587789033723879,4.127424760638071e-05,-0.0002997572439097859,-0.000540567359820554,0.0012117546657835834,-0.0006871569721670426
2024-08-21,3.6560243265183756e-05,0.0001434482404125345,-0.00048358124610073383,0.0002355537252868578,0.00039858314793444344,-6.258828578796505e-05,-0.00028592275883454477,-0.000495461986289629,0.001071156363274775,-0.0005567624903724117
2024-08-22,3.3576103769458743e-06,0.0001463710035445806,-0.0003862119246702961,0.00016676674631613958,0.0003880489251450944,-6.323718351611968e-05,-0.0002538063549739969,-0.000520720117844195,0.0010121847182110316,-0.0004923086599351034
2024-08-23,-4.1841357309939375e-05,0.0002126828729202071,-0.0003747751561401849,0.000128113387564327,0.0003411099552963065,-2.0748934955586162e-05,-0.0002238791838173118,-0.0005163466024261654,0.0010322901232467444,-0.0005366652343197775
2024-08-26,8.064350530773146e-06,0.00011959143665751099,-0.0003024803993673178,7.408482116255666e-05,0.000325832274661729,7.217637438126923e-06,-0.00019283578863634604,-0.0004984458835310263,0.0010196892980201544,-0.0005606696344759854
2024-08-27,-9.944604615787223e-05,0.0002203610751437199,-0.00014927538069832436,-0.00023282589874738802,0.00042902141547185996,6.287788883613254e-05,-0.00014694569474430624,-0.0005240692167114633,0.0010226282776308673,-0.0005805577141824031
2024-08-28,-3.735114374995435e-05,9.878786856075406e-05,-2.5171347488077422e-05,-0.00029446272475355806,0.000445389141078556,-0.00015928648374757132,1.60041023335028e-05,-0.00040817787046067144,0.001049031354277731,-0.0006867858145675962
2024-08-29,-4.015150150746272e-05,0.00011886771414698627,-9.779095683444539e-05,-0.0002323383305452842,0.0005003826297519526,-0.00017983174761868753,-7.481976557212333e-05,-0.00036455196504252274,0.0010440133693579087,-0.0006737875981918592
2024-08-30,-2.0432084420041186e-05,0.00014286353095493975,-0.0002161779559805288,-0.0001135204694943312,0.00044049770299632585,-0.00010014802851490007,-0.00011196245260178955,-0.0004072044315494919,0.0010016486628753804,-0.0006155148373096914
2024-09-03,0.0002297457797493449,-0.00031725932059382955,-7.185092936133619e-05,7.288426000023884e-05,0.00037000633464179256,-0.00010847794957556667,-0.0001802980073811189,-0.0004378703884244939,0.0010218706478517803,-0.0005777738269972382
2024-09-04,0.00022327106823066822,-0.00028664291956564947,-0.00013225941201940733,0.00011085898204823974,0.00044365686221879,-0.00016652549178314963,-0.00022390192151569566,-0.00041849105370604656,0.0010259336668595534,-0.000576546892233902
2024-09-05,0.0001773754193977184,-0.00018987928632726442,-0.00019194682136975533,0.0001397248300842313,0.0003984181047091348,-0.00015413723014709446,-0.0001668923524699023,-0.0005161150660815059,0.0010920630564756756,-0.0005882976084448654
2024-09-06,0.00010843590802075281,-2.3815159261648955e-05,-0.0003416850331213056,0.00018167548871927258,0.0004248787632099432,-0.00014043535679052893,-0.00020979031872806614,-0.0004754193514526356,0.0010002690823271987,-0.0005239677805173731
2024-09-09,0.00015884696617781552,-0.00010276264866298374,-0.0003182713157217146,0.00022079287459190328,0.0003811600854224731,-0.00012982840701206838,-0.00023413316866795902,-0.0004609423610387464,0.001049334781716954,-0.0005642575382038759
2024-09-10,3.0591894129572417e-06,6.344446252591618e-05,-0.00017777036274871372,0.00013160388811679635,3.369834677541261e-05,5.881650354402912e-05,-5.463677804729006e-05,-0.00041991858126638054,0.000975958011404432,-0.0006133650845035268
2024-09-11,-0.00011433510512767059,0.00023742596894937157,-0.00017638163557485986,3.897909932316229e-05,3.7403024169269106e-05,9.252320351244708e-05,-4.153563486990891e-05,-0.00043413857345778184,0.0009583448764798608,-0.0005978282020348072
2024-09-12,-4.191817535902781e-05,0.00018980728560801657,-0.00030755820379478604,0.00018718523837853857,7.03299372324731e-05,2.2022578307641372e-05,-5.393018695169782e-05,-0.00047476541086259594,0.0009879235485366691,-0.0005779261041224809
2024-09-13,-5.2948301754202065e-05,0.0002626931440337793,-0.0003955816134463344,0.000160569598723459,0.00013456974994201926,4.910078077968033e-05,-0.00010655428017078417,-0.0003984372921654114,0.0009712670315705635,-0.0006263873492613065
2024-09-16,5.7657919163393856e-05,8.451190952430548e-05,-0.00042727670536943374,0.00029917119366364153,0.0002554430461386703,-8.022879884043987e-05,-0.00017751568288709024,-0.00046270344959949833,0.000991250335831105,-0.000540161628055931
2024-09-17,8.29604795549721e-05,2.8986624199651978e-05,-0.0003741029269408655,0.0002657088946603006,0.0002420666667466015,-3.6363426593723214e-05,-0.0001989928647436745,-0.0004557295126498828,0.0009329826538722955,-0.00048673053285396006
2024-09-18,1.7084627397523366e-05,0.0002018536185318595,-0.0005511393544244125,0.0003124175775982632,0.00035470507686973657,-0.0001374333524649246,-0.00016693285921874634,-0.0004898171372032384,0.0009061240116718869,-0.0004457868930211606
2024-09-19,1.1672512867932916e-05,0.0001730698514136042,-0.000449893469508425,0.00026808596915901123,0.00019996175870709565,-2.759993908276609e-05,-0.00013421016371305966,-0.000425018317505535,0.0008826630703751628,-0.0004993913142170084
2024-09-20,-6.082753141041508e-05,0.0002197751225311434,-0.0002963819400403217,5.4910244385482365e-05,0.00026357964593113486,-2.0344476153733027e-07,-0.00014243725127945778,-0.00037512587997019786,0.0007693070464197607,-0.0004349965582418139
2024-09-23,3.0996565869578774e-08,0.00015678930222150222,-0.0003346672109660262,0.0001330753201828072,0.0001637074945854064,5.428086379515723e-05,-8.927930631435349e-05,-0.0004100103142248221,0.0007604736592889752,-0.00043417063194806094
2024-09-24,-4.1355524616669415e-05,0.00013695432919344497,-0.00013556169288347214,-0.0001464835618085955,0.0003253232361147898,-1.5046728265612208e-05,-6.116412979938202e-05,-0.000386919533157927,0.0008353671273165081,-0.0005107410156549377
2024-09-25,-8.68310800963834e-06,0.00011287107606670899,-0.00018117122840455996,-8.918602761209121e-05,0.0003678481124819166,-5.431106460331708e-05,-0.00010669239607534464,-0.00041401983347529037,0.0008517570890829579,-0.000478078809855044
2024-09-26,2.513519070355269e-05,3.0668447728053605e-05,-0.0001426418630879403,-7.626480137143399e-05,0.0003614352198700113,1.3138750745801675e-05,-0.00019879133453671455,-0.00039988533998523007,0.000888447012662559,-0.0005006771830680171
2024-09-27,0.00010568097808033583,-1.1638153201667945e-05,-0.00028109986922945224,9.75345730955951e-06,0.00044501869142907213,2.2804725885838817e-05,-0.0002630883448833804,-0.0004456217317657593,0.0009239366290497847,-0.0005066914461930305
2024-09-30,0.00022787493921904572,-0.00024729529086828933,-0.00022443546911184165,0.00019113950624669723,0.0003965592064270815,-4.6474377726167526e-05,-0.00031874787307468316,-0.00046221653977417815,0.0009195784831347448,-0.0004362821268736744
2024-10-01,0.0002296294754149386,-0.00026567160308667986,-0.00018254803894426908,0.00014481754796675378,0.0004028789209652439,-3.1428407907201084e-05,-0.00030714243525511303,-0.0004944589462596086,0.0009966282064298657,-0.0004926803336149782
2024-10-02,0.00016121765673705185,-0.00020158258122415784,-0.00013093460123404788,0.0001431832994430865,0.00030893237889409453,-2.5509839196545536e-05,-0.0002541962357991631,-0.0004865618124913415,0.0009471911824897247,-0.0004616132498836689
2024-10-03,0.00021106660993129578,-0.00025754245559526934,-0.0001388411727513486,0.00011127730764195348,0.00035806796513699474,-1.605891120037145e-05,-0.0002840405468620688,-0.00045224528895907584,0.0009728693153396237,-0.0005041652874015132
2024-10-04,0.0003209584639252347,-0.0004662793014376873,-7.284548475165742e-05,0.00020848733795446328,0.0003449564502805008,-7.062791373529248e-05,-0.0002619220555327567,-0.0005183703925338567,0.0009662457262275964,-0.00044990674850769324
2024-10-07,0.0005183900888522941,-0.0007478904172322567,-5.7892635424099115e-05,0.0003319999061254242,0.00034136646781287444,-7.197264323948599e-05,-0.00034416783547178836,-0.0004742302377344007,0.0009523445007789816,-0.00044892129517894175
2024-10-08,0.0004342038095406439,-0.0006399174546347502,-8.949138385504207e-05,0.0004382213270957211,0.00015422302641196484,-7.825182599602298e-05,-0.00020834494957317623,-0.0004814243644238464,0.0008960224043516873,-0.00042153168054966106
2024-10-09,0.0003789840464227673,-0.0005628692097843502,-1.7166465603457581e-06,0.00024557183032098556,0.00013631494754250822,0.00010247320828777468,-0.00021367188497809636,-0.000566593537742674,0.0009433589128132122,-0.0004626355007433733
2024-10-10,0.0003892172603461655,-0.0005673059044104464,-3.5337351364357616e-05,0.0002899026587212389,0.00010925791960408188,4.7933519644736966e-05,-0.00015871075119946315,-0.0005005041033582305,0.0008866782399770332,-0.00046177575775997043
2024-10-11,0.00031699987470799884,-0.0004451932338909517,-0.00011439278927859176,0.0003463876761136894,0.00013531937191961496,-1.0246097381524932e-05,-0.00018798322988227562,-0.0005047251875987119,0.000875175831696752,-0.00041063741720633734
2024-10-15,0.00041635920041671604,-0.0005893753929531384,-0.00010707259993894547,0.0003431461541025804,0.000275744452653659,-3.3112784192698697e-05,-0.00027698173408906984,-0.0005426399967286069,0.0008606355645336058,-0.0003469237313764792
2024-10-16,0.000358600578084671,-0.000513798094246995,-8.82172181842153e-05,0.00029974975126313,0.00024344508730417963,-6.593300598493196e-05,-0.00021698906583501182,-0.0004926366068513516,0.0008947213581496291,-0.00041848822360081306
2024-10-17,0.00030414094955909937,-0.00047833639312573617,6.282861921058647e-06,0.00019686797432891256,0.0002594092249236374,-6.168153740542665e-05,-0.0001846549462950764,-0.0005286009499401792,0.0008659499493595957,-0.0003792531550879663
2024-10-18,0.0002939117034926539,-0.00040326807315793634,-0.00010000153404135514,0.0002715122161336264,0.00018626624908583272,-2.3544814407742976e-05,-0.00018286271179791813,-0.0004853816711366879,0.0009111292061668233,-0.00046916254213352077
2024-10-21,0.0002763630500031214,-0.0004000716745889421,-5.831591978336381e-05,0.00022196093328304134,0.00019805227669819625,-2.059203362293066e-05,-0.00021394018442520701,-0.00043205451242930154,0.0008556432051394711,-0.00042682835067726216
2024-10-22,0.0002542368542676962,-0.00034879542789661294,-8.103835354348471e-05,0.00016539367905081537,0.0002685351707964745,-7.421977386559003e-05,-0.00013361069503990686,-0.0004929848083924451,0.0008946554648645993,-0.0004519654543750501
2024-10-23,0.00027438042690498127,-0.000398098517216533,-4.841742316800263e-05,0.00014735016075222845,0.0002854612616238622,-6.364050487740053e-05,-0.0001782590950697785,-0.00046971473663226515,0.0009294133955386683,-0.0004774415899159584
2024-10-24,0.00020572219886243887,-0.0002436998113803865,-0.00017085035528936754,0.0002066266701244851,0.0002776401506881729,-9.473679672405977e-05,-0.0001484385374901226,-0.00047720720176116366,0.0009105963384311924,-0.00046544879468869704
2024-10-25,0.00022547462101906585,-0.0002783264858895046,-0.00015093384615814248,0.00023073019544297274,0.00022362310137385294,-3.491115811612294e-05,-0.000197613587879987,-0.0004456641294499075,0.0009075841033364673,-0.00048096049813133035
2024-10-28,0.00032749932241358387,-0.0004417433559382178,-8.455276917931909e-05,0.00019086964981256116,0.0003027963054367394,-6.793136649478615e-05,-0.0002154176049064399,-0.0005023656133616924,0.0009693756436884512,-0.00047585272637556963
2024-10-29,0.00033549228819958893,-0.0005243747592503789,4.594674999394005e-05,0.0001348272988065044,0.0002522534612153446,-1.564034979791018e-05,-0.0002634637558786082,-0.00045175407304688664,0.0010174025234179623,-0.0005287697706227446
2024-10-30,0.00033906077858109757,-0.0004612322077076139,-0.00011797548341666714,0.00020249741563297535,0.00042155734394778294,-0.00011073759382235898,-0.0003353933274010193,-0.0004546056581055391,0.0010837225370017925,-0.0005669170688053088
2024-10-31,0.00030355021091384854,-0.00038803626437517585,-0.0001566767236265143,0.00028116699119773436,0.00018914125924222175,-1.2776644021716965e-05,-0.00019780151969662346,-0.00047005271202229387,0.0010389927145324981,-0.0005867895797450201
2024-11-01,0.0002825373277205584,-0.0003619597126002516,-0.00017623258643420514,0.000345374938680372,0.00017660238756070368,-9.565289925293763e-05,-0.00015671443577496003,-0.00048521976118245935,0.0010592558205142627,-0.0005879614205788336
2024-11-04,0.00041214671308426737,-0.000609495359250159,-7.81734301356779e-05,0.0005213552759994397,-4.503928838472948e-05,-2.6424669018122737e-05,-0.00016309195379214658,-0.0004464525880910619,0.000976847588404231,-0.0005419731014672108
2024-11-05,0.0004223266337495882,-0.0006488695231418803,-5.6090795968459506e-05,0.0005398222236035269,-3.589819687211532e-05,-3.458190654698212e-05,-0.0001337617164221816,-0.0005785625719140833,0.0010387459550604064,-0.0005127985964514525
2024-11-06,0.0003936140666787741,-0.0006082229158441144,-5.362556464746926e-05,0.0005856983607542207,-0.0001177126536534498,-0.00016880783822938172,-1.525664531279447e-06,-0.0004592262593682839,0.0010150502858426447,-0.0005850807043426831
2024-11-07,0.00042970859151981317,-0.0006104448775691787,-0.0001524069982109591,0.0005619066484571361,3.491135117616312e-05,-0.0001031183047596751,-0.00012067038656565082,-0.0005313985778821889,0.0010191922179032878,-0.0005271797947849696
2024-11-08,0.00045926760179853393,-0.0006110259091214737,-0.00019415438920040995,0.0005337872596021184,8.223451677655258e-05,-4.623199567790892e-05,-0.00018607481093180223,-0.0005089676115836439,0.001010865810054308,-0.0005417188752875821
2024-11-12,0.0003907814539170565,-0.000542993411134847,-0.00011064419821598531,0.0004288033112790496,7.110367739859152e-05,-9.956816461782064e-05,-0.00015176420549985192,-0.0004458435658023091,0.0010437515702601888,-0.0005826543261292644
2024-11-13,0.00036666370819659483,-0.000526780521496753,-9.683186571370073e-05,0.0003859177176669393,0.00015017296573398287,-0.00010567883191895527,-0.00013718353880991935,-0.0004947194919902795,0.000978544717190985,-0.000522030997223151
2024-11-14,0.00038860501982082574,-0.0005414318350288605,-0.00014677179020654296,0.0004829234031748092,0.00015174977859983702,-0.00016188039471472238,-0.00020086944252502292,-0.0004600453093595233,0.000994049237881836,-0.0005089332005823038
2024-11-15,0.00031089229951074965,-0.00039177487556974616,-0.00022340080118397193,0.0004301674882203482,0.00015095152189940897,-9.523304659503351e-05,-0.00022310844108144878,-0.00040319291946692287,0.0009587867738932443,-0.000512364847626394
2024-11-18,0.0003735341063512976,-0.0004758896326090556,-0.00022564289221452954,0.0004517502741740939,0.0001834132881338435,-0.00011192745487998562,-0.00019662687544341056,-0.00044170905478622957,0.0009238699922809179,-0.00048107453013369883
2024-11-19,0.00031451122378657603,-0.00045496155900975194,-0.00010183644046864865,0.0003380428525545237,0.00023360704621575717,-0.00017470590717693496,-0.0002073554071942152,-0.00040564388456076905,0.000921444695354802,-0.0004624409914659247
2024-11-20,0.000389157693441812,-0.0005609267970804951,-8.740926044023545e-05,0.00039710134458649515,0.00013434097398205835,-0.00010013758050532451,-0.00019640858581483622,-0.0003694255987357481,0.0007844824612230974,-0.0003906882324760594
2024-11-21,0.00041824924997062307,-0.0006014322945003606,-0.00011115199186768898,0.00041496739743658584,0.0002450030084581306,-0.000171122311608346,-0.0002446917997662307,-0.00039143446473394877,0.0008016170912468479,-0.0003598213020358579
2024-11-22,0.0004739961464805681,-0.0006633983255553769,-0.00014566573805145644,0.00043553671673879357,0.000303384100157289,-0.00014927347191224377,-0.00026350938401690366,-0.000482870103083205,0.0008247292798157987,-0.0003332818019781622
2024-11-25,0.00030212513075568437,-0.00043161169908416397,1.0690154262901763e-05,-6.928943349197858e-05,0.00048786327120962925,-3.7498450448522624e-05,-0.0002263349332472797,-0.0004473927791387028,0.0008388323012962356,-0.00042787132648799964
2024-11-26,0.0002798735442333805,-0.00044416761086542994,8.56412781497784e-05,-5.8604991213802304e-05,0.0004371159693869961,-0.00017362606097934274,-0.00011592486360419152,-0.00038664972756294325,0.000832960841322096,-0.00045664617716732053
2024-11-27,0.0003418775588311662,-0.0005043124459302578,-3.1953770069301224e-05,9.179927599502202e-05,0.0005105118734099051,-0.00021325862557909636,-0.00025977061859285694,-0.00036781901446383825,0.0008755236274400058,-0.00044216203762306033
2024-11-29,0.00027612872472791705,-0.0003727956827073095,-5.588734060619355e-05,3.363972157489209e-05,0.000433888016344218,-0.00012340451595975466,-0.00024761264666198907,-0.0003440828114424921,0.0009078624784267728,-0.0005073530424422185
2024-12-02,9.12783063124964e-05,-6.135762227021946e-05,-0.00018047695619672482,0.00012212006058060637,0.00022581941059159755,-6.157216301902468e-05,-0.00013319074016283905,-0.00038087385815534225,0.0009357757083201385,-0.0005572533680373581
2024-12-03,0.000108510775601596,-7.560098318622893e-05,-0.00021605546697003875,0.0001585649578909748,0.00026568340727960854,-0.00010850101769421805,-0.00013256584226403745,-0.00039168811395304953,0.0009389016608696496,-0.0005472641377205559
2024-12-04,7.43300518736209e-05,-9.736153661676905e-06,-0.0002504497534879663,0.00016052823134066196,0.00025784509383237203,-0.0001196401439742395,-0.00012679058492208461,-0.00035777353127949135,0.0009204963126887011,-0.0005485722620461805
2024-12-05,8.054781154556018e-05,5.625696327213325e-06,-0.0003288246589371255,0.00025101239765389777,0.00027818500115148886,-0.0001223561173057941,-0.0001670464737944452,-0.0004333297194836633,0.0009367568757489494,-0.0005003889431274347
2024-12-06,8.666628566016132e-05,2.317526396865277e-06,-0.00031490296180016614,0.00022121388484627746,0.000266191989189625,-9.4303912514547e-05,-0.0001361851722841076,-0.00042678975791988344,0.0008498509873246102,-0.0004556966017458322
2024-12-09,0.0001188501956191218,-3.100048631398539e-05,-0.0003537839281736663,0.0002463527271194463,0.0003160409308502754,-0.00011480207432317674,-0.0001861988568450032,-0.00039725785763859017,0.0008572380057723719,-0.0004555512110841417
2024-12-10,6.842603844209316e-05,1.717430076929316e-05,-0.00029799712348794333,0.00028913593179854397,8.536601218057244e-05,-2.9586717117550954e-05,-0.0001173020251395776,-0.00036008752828137897,0.0008386493794994981,-0.0004942485725863421
2024-12-11,7.314121381869765e-05,-1.9914661269916645e-05,-0.00023602534333751202,0.0002626140366366117,2.169794827906052e-05,4.0362224225702625e-05,-4.231891269294158e-05,-0.0004691500874727736,0.0008199983786036646,-0.000450358027345589
2024-12-12,7.623548014192016e-05,-2.977963975511755e-06,-0.0002576025022812123,0.000226696530548888,9.856334437879227e-05,3.366965165470248e-05,-9.919092854723116e-05,-0.000474783215009586,0.0008468273743957658,-0.00044690813069679647
2024-12-13,9.519712128003288e-05,2.8400993335599145e-05,-0.0003881762697137206,0.00032871404122241515,9.139273119720265e-05,-3.089359630426003e-05,-5.872548987206211e-05,-0.0004097839820524779,0.0008598549980573383,-0.0005163018696967628
2024-12-16,0.00021528376685116257,-0.0002074610667165619,-0.0003075602646984768,0.000387969354279559,0.00018633208209574426,-7.538217924166896e-05,-0.00017713575083839334,-0.00047288436724399197,0.0008955717428425561,-0.000444865999100201
2024-12-17,0.00022098429033432648,-0.00024942132982465337,-0.00021541403840233397,0.0003510440061983977,0.00011341328698477593,-6.5640064469831e-05,-0.0001499539460952659,-0.000412647335757417,0.000913437903611064,-0.0005062459068990235
2024-12-18,0.00023225413963166852,-0.0002858361813427926,-0.00018140380930613265,0.00032035035701550446,0.0001240344121842818,-2.0350652389679313e-05,-0.0001758223462966224,-0.0004271502299764626,0.0008536458343859146,-0.0004390486180622863
2024-12-19,0.0001520979057642452,-0.00020225929655087738,-9.19445871271074e-05,0.00018573453748958746,9.605846263473217e-05,-3.4265121730645e-05,-6.472780156352442e-05,-0.00037409683657931014,0.0007985546931330231,-0.0004654321551568405
2024-12-20,0.00017283398629398816,-0.00018960578643989479,-0.00018861335583270772,0.00021769410292254293,0.00022202730962038453,-7.521475738173772e-05,-0.00012654636482853365,-0.0004158470862178909,0.0008019597297245495,-0.0004186396743937476
2024-12-23,0.0001052913018538687,-0.00010005079125574579,-0.00015885976333809143,0.00011098865665954555,0.0002382434538684003,-2.367093378081303e-05,-0.0001314432046019276,-0.00040748553318011027,0.0007800487506587142,-0.00041289799516489034
2024-12-24,0.00016659942059873978,-0.00017074053894287206,-0.00019486729559617388,0.00017889955316204714,0.00030644774326213375,-0.00014466044302988146,-0.00014372172186688514,-0.0003707668296323713,0.0008150810707278841,-0.0004417526763136684
2024-12-26,5.825549456549978e-05,6.346400740642189e-05,-0.0003738289961517996,0.0002312134560322754,0.0002815097191508076,-5.6041100609763306e-05,-0.0002522326588194207,-0.0003193941158615224,0.0007785888278233621,-0.00041087069562026346
2024-12-27,1.999932542236238e-05,0.00016973889309034734,-0.00048319856045910686,0.00032659948503485636,0.0002420404649494251,-5.424156881208425e-05,-0.00023910524499867053,-0.0003838364966467084,0.0008137048947721368,-0.0004100361393127444
2024-12-30,0.0002423699491871309,-0.00022676027857214398,-0.00033664881330409957,0.0003677520065651224,0.000323397714698144,-0.00011894029451057359,-0.00025700055607626865,-0.0004585482284230613,0.0008578069166245983,-0.00039419427514549715
2024-12-31,0.0002443626324985376,-0.0002589209475164847,-0.0003302996332904609,0.0005178640136309989,0.0001002004703163778,-0.00012772276577469738,-0.00020159474416863582,-0.0003254221265711413,0.0008697668103438694,-0.0004888952381471301
2025-01-02,0.00022851733362016374,-0.00019664493000228628,-0.00036544164972741877,0.0004081408280023277,0.0002578479358868735,-0.00010388867437230442,-0.0002688032101913415,-0.0004046675382463477,0.0008581503466193047,-0.00041279482850838795
2025-01-03,0.00019880818864240202,-0.00015097426867631547,-0.00038483050842347266,0.0004367269562234183,0.0002337360587996093,-0.00014520136884435542,-0.00019791003807669016,-0.0004115940880947272,0.0007891849371387677,-0.00036812986250580465
2025-01-06,0.0002450544947924932,-0.00022523792362126593,-0.0003839979960959805,0.000543443524644853,9.488612669342894e-05,-7.967756701766221e-05,-0.00020604571990665704,-0.00039479799160405116,0.0008002399471700866,-0.0003937882295197148
2025-01-07,0.00024178613811569327,-0.00026529574773624665,-0.000297818345200207,0.0005086450599135692,7.743339110145853e-05,-9.476797861834863e-05,-0.00017629405546792237,-0.0004137294451954446,0.0008179054716722436,-0.0003977897182446677
2025-01-08,0.00019231439327126176,-0.00019042942647200245,-0.0002687536273827257,0.0004229260607388069,3.196095459736398e-05,-4.009855899227144e-05,-0.0001566728438304188,-0.00034616091249852626,0.0008004170822107012,-0.00044560328007697825
2025-01-09,0.0001858057917152739,-0.0001541326266813331,-0.0003385670144797348,0.0004661644996445391,5.2995838300012865e-05,-4.006035199853597e-05,-0.0001837329727340034,-0.00036869504292547095,0.0008074921684751088,-0.000426680126183257
2025-01-10,0.00022737444022929987,-0.00023936544417765826,-0.0002884426399364995,0.0004518801628567784,9.445084311922314e-05,-0.00013103954875848256,-8.81825931797961e-05,-0.0004237090960660661,0.0008459893844274466,-0.0004487172858764696
2025-01-13,0.00012967722908775736,-3.42011614376872e-05,-0.00041226328839661514,0.00037812228049228375,0.0002477859384438161,-0.00013499861312211286,-0.00018657908398812817,-0.000391888188324932,0.0008381644441467356,-0.0004343864340127096
2025-01-14,0.00011054165905342167,1.040764653292836e-06,-0.0004033367202157037,0.0003490667014194662,0.0002220195420884613,-0.00011777741456239083,-0.00014133198718676437,-0.0004332432006647208,0.000865279163664294,-0.00045358370113531
2025-01-15,0.00014989721028991349,-0.00010944492879767093,-0.00028521330797591504,0.00026692524299589543,0.0002562177704413249,-8.329283205096155e-05,-0.00023567255031355788,-0.00034038379031556265,0.0008395892170757202,-0.0004591782427288277
2025-01-16,0.00010763408468196511,-5.6134223841861064e-05,-0.0002566315594665705,0.0002091205776436414,0.00024320365803618543,-0.00010305568503471418,-0.00016983640945110456,-0.0003290154296550496,0.0008456980300051778,-0.0004915427293049959
2025-01-17,8.446233144031312e-05,-2.2147906953755292e-05,-0.0002789028797987314,0.00021138964555984796,0.00027002864629929735,-8.364475917541775e-05,-0.0001684577792997119,-0.0004401452358809149,0.0008605230117904386,-0.00043280403526738814
2025-01-21,0.000192069457199677,-0.00013850365183966373,-0.0003911135035803495,0.00037773985777524166,0.00031917764612896665,-0.00011446189461365025,-0.00022193291601000503,-0.000520694346865816,0.0008786130810212872,-0.00038074053726397383
2025-01-22,0.00015978509055552398,-8.794310231451802e-05,-0.00040566832064409253,0.0003587632386240214,0.00029089650324216204,-4.470453412153824e-05,-0.0002735889797111854,-0.00046707416689249076,0.0008591602666870798,-0.0003895306565517287
2025-01-23,0.0001550132052546213,-7.172929733625932e-05,-0.0004295395432612342,0.00040168388578620123,0.00027779623491121924,-0.00013298426703553523,-0.0002312396985398174,-0.0003646984697447675,0.0007272935689948204,-0.0003317988445545733
2025-01-24,0.00017559693387616399,-0.00013283595879298726,-0.00036564027048530817,0.0003894337141216245,0.0002732927131994939,-0.00013809410844788095,-0.0002422977798425055,-0.00038412742159892044,0.0007944446337481911,-0.0003694170793772794
2025-01-27,3.2900495412727104e-05,9.525368679053764e-05,-0.00034766073296425143,0.00015465655289613467,0.00034581745324856195,-0.0001340460716337602,-0.00015222706347780418,-0.0003600952706757851,0.000788489197949771,-0.00042299943443351723
2025-01-28,2.043592153187085e-05,0.00014869358122449744,-0.00041024985237148037,0.0001925025854861359,0.0003327067434635081,-0.00011039836417841425,-0.00024248363088881508,-0.0002863696547081296,0.0007954974881952195,-0.0004402388785126332
2025-01-29,2.165438587013041e-05,0.00011773330769451057,-0.0003596968817944149,0.00013783553270297483,0.0003329653717256409,-3.779473595243166e-05,-0.00024210493829865398,-0.00037220531517578176,0.0008184470817405795,-0.0004149604724605696
2025-01-30,-2.8676100751613698e-05,0.00018376922171662452,-0.0003380818468550137,7.257290358862051e-05,0.0003401456298312705,-7.673317596163659e-05,-0.00017647101723865938,-0.00031845250008204207,0.0007436526104598676,-0.0004004653498434138
2025-01-31,-6.935759264303787e-06,0.00018410659324658019,-0.00039937780460125305,0.00018547962293641307,0.0002585417775265095,-7.359983769225642e-05,-0.00013874858648044858,-0.000338281826215793,0.0007490617123834184,-0.00042059089539144695
2025-02-03,0.00015125988758971087,-5.3009926515489025e-05,-0.00040537627463054643,0.0003379010599975085,0.000225433995987602,-0.00010432863149031218,-0.00012181864327050207,-0.0003735075689285938,0.0007203652776202052,-0.0003776933606317451
2025-02-04,8.809366349930153e-05,-4.60463076024098e-06,-0.0003244249021190082,0.00020901621027540757,0.00030372455586773206,-0.00016479034420494726,-0.000126932156523131,-0.0003298367928199278,0.0007879358339602724,-0.0004368115494217603
2025-02-05,5.9957299273945275e-05,1.6972983945713616e-05,-0.00028006756492404694,0.0001853253381084649,0.00024925842785435137,-0.0001144104619919123,-0.00016010263105593198,-0.0002602308383196292,0.0006913359175355557,-0.0003876937892530116
2025-02-06,9.164758678126272e-05,-1.132420870710027e-05,-0.00030906651057340667,0.00023246841958511621,0.0002497461046512342,-9.694411113114754e-05,-0.00018324480942103621,-0.0003015915490715837,0.0006803959315204236,-0.00035232412901551463
2025-02-07,0.00016298385340342975,-0.00011860073623733841,-0.00031767832836209625,0.00027353925007869706,0.0003131741245302813,-0.00014117680395148158,-0.00015994962297218723,-0.00041459499038654785,0.000753003189593246,-0.00035027576532763866
2025-02-10,9.790975676707281e-05,-1.732497217350054e-05,-0.0003475219467054397,0.000267144890246096,0.0002845034530749094,-0.00012942269061146788,-0.00019789920899165175,-0.00030474580842186627,0.0006882298989663027,-0.00034103256153534406
2025-02-11,6.46569926871926e-05,-2.3150424417986426e-05,-0.00024042145959876637,0.00033559553430231176,-7.46375638759067e-07,-5.106138525716453e-06,-0.00013897319992731139,-0.0003112621161689491,0.0006902793363575549,-0.0003706809379091583
2025-02-12,8.314308600615439e-05,-1.9403982908970663e-05,-0.00023531382439102855,0.00023775835152262115,-2.1701576349009155e-05,0.00010877263015064698,-2.0359336506799164e-05,-0.00046625076218025086,0.0007874573065510468,-0.0004543834134147842
2025-02-13,8.564123667842427e-06,8.617845475883401e-05,-0.00027423814921392897,0.0002442681905543212,4.515190873531638e-05,5.2532133846296125e-05,-8.501481071709199e-05,-0.00045494247713862707,0.0007937426172638859,-0.0004159286713194821
2025-02-14,-5.409652100760165e-06,0.00012827200417007273,-0.0003309190716028476,0.00025984253101489496,0.00010818605056986397,5.428938183053844e-06,-7.176914999278139e-05,-0.0004947651893338761,0.0007703432251649628,-0.0003689403734541963
2025-02-18,-5.335073069465818e-05,0.0002504796472423271,-0.0004121114014379798,0.00016074612012533657,0.000257565822555296,8.19060176393549e-06,-0.00012292227100098307,-0.0004753920910017806,0.0007662200216776646,-0.00038000872133096136
2025-02-19,-6.584867535201766e-05,0.0002954474689039477,-0.000487873366724588,0.00026431179662648324,0.00019291962002592616,-3.973991220650869e-05,-7.198081687345009e-05,-0.00043105378476958334,0.00059747438101352,-0.0002535515681335865
2025-02-20,-3.49096077960423e-05,0.0002858289385655535,-0.0006023501025925332,0.0004325754566271989,0.00013328204371058916,-4.552933452201674e-05,-7.970860225953863e-05,-0.00046134431587573077,0.0006205526151243507,-0.0002476690055218042
2025-02-21,-3.0676358814034355e-05,0.0002822485990326626,-0.0005557875604013593,0.0003011635332719337,0.00017371895585400338,1.184612615867664e-05,-4.4974851828707973e-05,-0.0004631769909626965,0.0005579136517146407,-0.0002320451068950763
2025-02-24,-0.00013305420504532844,0.0003599711817439538,-0.00036400860511511673,6.258743219779428e-06,0.00031191756314624675,2.6036119575661987e-05,-8.426820738640511e-05,-0.0004726272540346438,0.0006384579615645383,-0.00029045194355701437
2025-02-25,-0.00011323979817884355,0.00031508411529261593,-0.00035737632850142004,4.699942500312193e-05,0.000278280050937052,-1.9052886927092838e-05,-8.953745756783149e-05,-0.0003842005464347181,0.0006845901813340577,-0.00036126128653127254
2025-02-26,-6.85994388048769e-05,0.0002466835648333235,-0.00035118905081426427,8.777080130574488e-05,0.0002862309822418349,-8.691189947394873e-05,-5.3088829084328715e-05,-0.0003853004913982744,0.0007005211773414982,-0.00037617202057849825
2025-02-27,-3.7348850171224635e-05,0.0001857508991334328,-0.00032431801612510525,0.00015578256391909212,0.00019742476288003852,-5.726552039798244e-05,-7.649130387735181e-05,-0.00035915956159995877,0.0006580459225373481,-0.0003423075150618751
2025-02-28,-3.4499901733368865e-05,0.00016553330726278015,-0.00025489083318741557,5.047682990472202e-05,0.0002584427013690299,-8.093823460739863e-05,-4.710842455722675e-05,-0.00036544977147500574,0.0007106990666546145,-0.000403285450380729
2025-03-03,-0.00018672076430789608,0.0004671531840204912,-0.000476768279336251,0.00011821034496056065,0.00023709192927059974,4.504662532606174e-05,-0.00010768273101796622,-0.00045525094205383504,0.0007493318780352198,-0.00039155324888390936
2025-03-04,-0.0001368698929613485,0.0003872373561026668,-0.00045709906940619854,0.00015377850385672048,0.00018819194529998834,6.532104120772486e-05,-0.0001094545950162118,-0.0004570066368575279,0.0007240245739150233,-0.000358596174063433
2025-03-05,-0.00018695636482569944,0.00046769075755872386,-0.0004418743490502558,2.2348731472547623e-05,0.00028191740679086447,5.003684292564231e-05,-9.967564773178533e-05,-0.00047084390214622435,0.0007543197558373405,-0.0003757885192970378
2025-03-06,-0.0001672967104841619,0.000435762269903911,-0.00044915751703545476,9.040653283673428e-05,0.000252845411855121,-2.9348665849478206e-05,-6.803437649516991e-05,-0.000416775418294546,0.0008085810883775302,-0.0004555434329884256
2025-03-07,-0.00018945548832436515,0.00047336878431598894,-0.00044672660642009615,5.666658830312532e-05,0.0002472660371635946,-6.944355236494781e-06,-5.208921611985634e-05,-0.0004227400883690044,0.000760423338910271,-0.00041912242301974517
2025-03-10,-0.00017277705529059745,0.00044443516410336975,-0.0004445247536188912,5.014578171662343e-05,0.00032897934561678527,-2.29852575876488e-05,-0.000118267379087246,-0.0004603740947103363,0.0008079715111085142,-0.0004123942193273722
2025-03-11,-0.0001411514981194198,0.0003354723290895992,-0.0003009444676989534,0.0001226020370820452,1.3248480741287483e-06,4.389396152561231e-05,2.4682447022729426e-05,-0.0003536653541937884,0.0007547533688429392,-0.00048702453771010124
2025-03-12,-7.537481279887986e-05,0.00022789169549760485,-0.0003196762200771072,0.00024695356795254725,-1.9971110399100156e-06,7.40341936239855e-05,-9.549381053392675e-05,-0.00041427991848777546,0.0007841825331126734,-0.0004259181787881275
2025-03-13,-0.00017941081439239864,0.00039143116387064386,-0.00033872060829340245,0.00011624229720691437,0.00011998540079539988,-1.539063651194439e-05,-2.983665563966592e-05,-0.0004089329640331735,0.0007944090768903164,-0.0004494039450143525
2025-03-14,-0.0001411219456010429,0.00035962111984788603,-0.0003618198038113987,0.00011935631002735897,7.324459376237963e-05,8.326412903990332e-05,-3.0768532012524774e-05,-0.00041723211163896545,0.0007090755773556112,-0.0003925568275772312
2025-03-17,-6.64259350618493e-05,0.00025064326309767737,-0.0003784145732446745,0.00022047770962422414,7.339513028722239e-05,5.907853307419303e-05,-6.406652705540083e-05,-0.0004427184929860009,0.0007463785619248042,-0.00039799329287793644
2025-03-18,-5.525854687864207e-05,0.00018578532700934403,-0.0002508553763248475,0.00010816430928370369,0.00010136233954076423,-3.2803972014952554e-06,-2.3373824233403895e-05,-0.00033741147954703676,0.0006740753474146835,-0.00039912412189033186
2025-03-19,-0.0001634615673188622,0.000323817066863491,-0.00022838294328068193,7.921412823123919e-05,4.9750403885995276e-06,7.296515271178194e-05,3.3616383754986323e-06,-0.0003725927542783461,0.0006436508297078189,-0.0003631598571265174
2025-03-20,-0.0001316578477009514,0.00032251520021710917,-0.0002780376994537398,4.069106203279105e-05,9.821890738924421e-05,6.952549277974146e-05,-4.3316260475802226e-05,-0.0003470348281378391,0.0006420276020527513,-0.00037341304476978116
2025-03-21,-0.00010031199004131852,0.00029590307886166733,-0.00034899350236187315,0.00010880815734219673,0.00015286161153051786,3.8871690878052034e-05,-6.893850149747305e-05,-0.00038392276886271143,0.0006378330673825067,-0.00033641986480848624
2025-03-24,-5.058418566956241e-05,0.0001597600412954342,-0.0002495838791918281,0.00020087021854271747,5.779445348810114e-05,-5.5159809066569754e-05,-1.3302281784394188e-05,-0.0003592214146712347,0.0006725433707455361,-0.00036265746517624015
2025-03-25,-7.879915643545232e-05,0.00019557980073962172,-0.0001240144074397334,-0.0001555979005175498,0.0002006014006371501,0.00011878391091237062,-1.0070495263338197e-05,-0.0004346867025041279,0.0006816377525605058,-0.0003939550146442039
2025-03-26,-7.976696625575097e-05,0.00016561229468645827,-0.00010688188950312011,-0.0001183443724405292,0.00028555427035041603,-5.741279238224983e-05,-2.104017134767905e-05,-0.00037659770657792746,0.00069920384956252,-0.0003902543158532529
2025-03-27,-0.00012109123577878911,0.00023665581412261188,-0.00010481827073075684,-0.0001734412796927931,0.00023195815114315788,1.9636818221029084e-05,-3.5599542418572605e-05,-0.00030350860971451593,0.0007001824237228976,-0.00044997640813946443
2025-03-28,-0.00013621219301661325,0.0003126217841190118,-0.00023036613294791924,-0.00014010749660953864,0.0003364374320937308,2.7035782571960265e-05,-0.00013137966888780023,-0.0003371054699466969,0.0006889124223096454,-0.00038986514950686835
2025-03-31,-3.304656517037763e-05,0.00016360766299372553,-0.00022867187131387495,-4.121349023659959e-05,0.00026803057167305855,2.970458688384553e-05,-7.19749766285166e-05,-0.0004187932422974952,0.0007910179909457402,-0.00045860949524786226
2025-04-01,-4.827200267331494e-05,0.00020127305432953574,-0.0002925013438036042,4.529771638959318e-05,0.0002515102734026442,2.098951808385957e-05,-0.00012369183351852026,-0.00042237677212510205,0.0008483686370200846,-0.00048056300345614145
2025-04-02,-3.840600628550461e-05,0.00018203298314267008,-0.00027200309592353283,4.158563391358505e-05,0.00022373990287936907,2.04693005144696e-05,-8.086154840040993e-05,-0.0004265113652698743,0.0008251185732665242,-0.00047531245194598615
2025-04-03,-0.00010138359442330575,0.00028006065458204693,-0.0002872420208651222,-3.754494393037183e-05,0.0002953857349506095,0.00010484661891504293,-0.00019420536188945875,-0.0004466103643812544,0.0008580551362763825,-0.00047203076789500975
2025-04-04,-1.091385573189635e-05,0.0001832650800855165,-0.0003464281013085546,5.0831452608479655e-05,0.0003589710217521899,4.005260222068874e-05,-0.0002649116000815674,-0.00046471615255273824,0.0008960510511038244,-0.00044232564161152815
2025-04-07,-1.1744889189466146e-06,0.0001642667687771146,-0.0004058944479798862,0.00018392420271963472,0.00030018284233528786,6.2058483245308604e-06,-0.00020967341627872033,-0.0004915485108623538,0.0009358275698445814,-0.00048203987590896696
2025-04-08,-6.478069431604949e-05,0.0002376433518741991,-0.0003709875435691651,0.00019480167718368552,0.000125837503476868,9.019978827905922e-05,-0.00019912810316657925,-0.00042859030129296927,0.0010722774927691206,-0.0006574611621606649
2025-04-09,-1.793284113230098e-05,0.00011280059058329378,-0.0001495780799486493,9.228056366251958e-06,1.946303617718359e-05,0.00019254597347066055,-1.1883165709380972e-05,-0.000521161204983217,0.000991202069906258,-0.0006248862162473653
2025-04-10,5.427565062735007e-05,-5.779813247956678e-05,-5.622530768589762e-05,6.14363648894084e-05,1.8604523033413645e-05,0.000178555711738429,-9.628575507725917e-05,-0.0005095924244759298,0.001014098621687512,-0.0006077254188853395
2025-04-11,3.7599528944498584e-07,2.920351165305174e-05,-7.72346133947055e-05,7.742337388860765e-05,-2.0039658404177874e-05,3.9550783379381504e-05,1.1836814932150719e-05,-0.0003713589388727803,0.0009736121626315944,-0.0006633974829915804
2025-04-14,-0.00010556345116086857,0.00019497151252308859,-7.337014781938489e-05,-0.00012166779635595232,0.00012499263757800166,5.3334162024069875e-05,5.880355806377191e-06,-0.0003777487638977825,0.0009286663350894162,-0.0006297054673097685
2025-04-15,-4.631470312520952e-05,0.00013978285007387042,-0.0001599322751036636,-2.3656013528688957e-05,0.00019141234703371618,4.2168152184780816e-05,-0.00011667076568900453,-0.0003624713288558207,0.0009197476106940078,-0.0005842355916768627
2025-04-16,-8.17752974879779e-05,0.00017009111773389624,-8.707522731728201e-05,-9.016737672699199e-05,0.0001271313249593814,9.970300560501605e-05,-0.0001072947517033046,-0.0003300263198653744,0.0009240553980992272,-0.0006257584651148881
2025-04-17,-7.392794406702041e-05,0.00017243688423233816,-0.00010846235268448245,-0.00010087224604161255,0.00019102139622264452,3.937813805873075e-05,-8.820659274069026e-05,-0.00033499684565106713,0.0008826719926884122,-0.0005799616908506097
2025-04-21,-0.00016794340784262451,0.0002863339819488622,-1.482022529649546e-05,-0.0002162687427738133,-2.6003725068550476e-05,0.00012332704141986006,9.607111965974358e-05,-0.0002530164238506924,0.0009409031987382757,-0.0007687288548680199
2025-04-22,-0.00018652980008759812,0.0002537620080991024,0.00010670822488065279,-0.0004044560878729356,0.00018705358200871158,4.42648880620497e-05,4.485816962173511e-05,-0.00025292210777078106,0.0008693825555990825,-0.0006599074218311962
2025-04-23,-0.00015379328748221788,0.00021890995722829293,7.097232345461973e-05,-0.0003660888197278972,0.0002483540553488428,-3.0403621874133813e-05,4.529112526750756e-05,-0.0002512281314347789,0.0008711140601797493,-0.000652868708249231
2025-04-24,-0.0001726418688916681,0.000317554915752645,-0.00010340741302525269,-0.00023722848978853517,0.00027675521914123646,-6.604367965632602e-05,2.4947785546292067e-06,-0.00025238393381125934,0.000851116366101072,-0.0006166125407381234
2025-04-25,-0.00020842857386051128,0.00037328553994725455,-0.00012121369351782152,-0.00022821584765621294,0.00023650382797850422,1.9733073954711355e-05,-0.00011442002356831793,-0.00018095015402251613,0.0007999435097163013,-0.0005760520542565165
2025-04-28,-0.0002941255219747474,0.0004753366799799888,-5.332198344450145e-05,-0.00029022623650232227,7.132803071443344e-05,6.063296904471743e-05,6.534119695367907e-05,-0.00019153923895466607,0.0008422808562290676,-0.0006861130087083347
2025-04-29,-0.00023570150525867306,0.0004416860559190161,-0.00016001848049597422,-0.0002369100931830445,0.00017297071054293844,2.6857729737657376e-05,-2.7880146654821192e-05,-0.00014673860008637685,0.0008384032843492539,-0.0006723197464285971
2025-04-30,-0.0002647497130742263,0.0004904364348561202,-0.00017686337490471077,-0.00015802958431396924,7.818119038024984e-05,1.846682158834073e-05,9.943625625417896e-06,-0.00019583409979376243,0.0009043434117596422,-0.0007067902491888003
2025-05-01,-0.00024162020001463475,0.00045841695483544304,-0.00021402387269540274,-0.00014791074931597842,0.00016761545096402597,-3.129444156283606e-05,1.7651438618739024e-05,-0.00022963273455538918,0.0008522571079796828,-0.0006305566788415914
2025-05-02,-0.00016006342835415965,0.0003879409722489513,-0.0003090905248651771,-4.513000471274842e-05,0.00023511007064175304,-5.205708324342029e-05,-6.411300581556784e-05,-0.0002488707096399423,0.0008765331496976767,-0.0006207441192697324
2025-05-05,-0.00027471558126105494,0.00043832983270723075,-9.700596480703011e-05,-2.9062967992515842e-05,-0.0001896186945896175,0.0001334746822802546,4.9222234520737707e-05,-0.00021076637732399262,0.0008074311348767252,-0.0006271541909846287
2025-05-06,-0.0002224635783746043,0.00040781037739024556,-0.00016092837832635404,-2.5803429042715875e-05,-0.00013279204927843513,0.0001714379731640875,0.00012557297044460403,-0.0004179112843426952,0.000867931634035278,-0.000613604697356239
2025-05-07,-0.00023138312765613733,0.0004146112099390406,-0.00016600870409047563,-5.535278967360585e-05,-9.413800104689923e-05,0.00018291886511471317,9.613803780780805e-05,-0.0004213401225196117,0.0008765776003922532,-0.0006024275412275307
2025-05-08,-0.0001686974517168538,0.0003471749138595631,-0.00022669421695620945,7.435493670108345e-05,-9.621829711427277e-05,0.00012098516039506929,4.7105297725329176e-05,-0.0003842562021690657,0.0009266719570678941,-0.0006402024910876006
2025-05-09,-0.00018430799528598718,0.00036414548726722284,-0.00017577344488596547,-6.163729477538793e-05,-3.976021657910861e-05,0.00015754947182560625,6.842561547632658e-05,-0.00037816499784652097,0.0009115660255997818,-0.0006626505047502979
2025-05-12,6.279151829509388e-05,-3.9208453261642406e-05,-0.0001399432820783919,0.00010255082291317497,0.00014030550999642039,-3.379234776960255e-05,-3.702126222196456e-05,-0.0004291216284675395,0.0009266070888987663,-0.0005519708093682102
2025-05-13,9.251435076419734e-05,-2.9694709310808254e-05,-0.00027348604766681134,0.00025951319680049545,0.000159076000090623,-6.114100193353733e-05,-0.00010360869851497312,-0.00044022907313567144,0.0009490897427011438,-0.000552809186817084
2025-05-14,7.794513926378394e-05,-2.9085845794911414e-05,-0.00020968023342710085,0.00015651529038684248,0.00018288973711790696,-5.728387052914702e-05,-6.701905690657123e-05,-0.000449123278169275,0.0009320174034643247,-0.0005369881109300451
2025-05-15,-3.051782188930041e-05,0.00012124211427389647,-0.00017833188589250204,3.2851621716879775e-05,0.00015734402056136881,6.2559369617826155e-06,-6.636040120299586e-05,-0.0003729851994746028,0.0008892803159003121,-0.0005586742740399872
2025-05-16,-3.20865092666503e-05,0.00010692412941361307,-0.00015263658398532304,3.418183005643449e-05,0.00010556265057361236,1.528334971422074e-05,-9.368367617064444e-06,-0.00040460724327997383,0.0009463979638935638,-0.000607323844572974
2025-05-19,-9.269789657325583e-05,0.0002202566496779662,-0.00018201228306886225,1.147369561108752e-05,0.00010297964814089122,-1.0436349642775622e-05,-1.3997524102860037e-06,-0.0003494452427250036,0.000937985882781725,-0.0006370757033977367
2025-05-20,-0.00010490475477174105,0.00024226402487886184,-0.000205075059049091,1.1274437602612486e-05,0.0001242993719648422,-2.7221265320911958e-05,3.1630166188179043e-06,-0.0003502375029293542,0.0009702967784513475,-0.0006639761240896588
2025-05-21,-0.00018396772221333096,0.00038694800703397564,-0.000219401685116985,-6.959998516296168e-05,6.280135731105002e-05,6.68585068348132e-06,0.0001285594290418926,-0.0003162868988408757,0.0007886976120988209,-0.0005848042076381024
2025-05-22,-0.00015807487150761024,0.00037286394759136754,-0.000307934282891692,1.0269144913206685e-05,0.00018131130477670732,-4.9487107756804316e-05,1.9141523760132784e-06,-0.0003436789109344321,0.0008380633669322415,-0.0005450169203932639
2025-05-23,-0.00017783927308000907,0.0003839554339780879,-0.00027728551345884006,2.279525115696235e-05,8.375867416089006e-05,1.8764194984685623e-06,4.997113009220372e-05,-0.0003560142066241778,0.0007992676340010663,-0.0005305385726207881
2025-05-27,-0.00028507788710269155,0.0005024838308373344,-0.00010776251514241914,-0.00038303362080246983,0.00023700362147163062,0.00015363187834611935,-8.906620835982815e-06,-0.00041378405537696034,0.000891708049196048,-0.0005854020798768955
2025-05-28,-0.00028399958960383803,0.0004984121471941078,-0.00012520183877815644,-0.0002621116846483196,0.00015196839032942389,-3.9889859705634356e-05,0.0001794453124394496,-0.00035131638872011595,0.0009121318021583918,-0.0006799559455958407
2025-05-29,-0.000284501979632458,0.0005330134131228195,-0.0002047697617061986,-0.00025593988945606105,0.00023365756555725897,-1.4434397129871324e-05,7.403322322123429e-06,-0.0002327556540008338,0.0009091939377142838,-0.0006909142516594788
2025-05-30,-0.0003209540713686593,0.0005866160516770774,-0.00021863589895027707,-0.00023113201290326374,0.00020262023135050877,-6.98830354333782e-05,8.867316726760693e-05,-0.00023598408404315596,0.0008726299389306066,-0.0006747418873704197
2025-06-02,9.710068347154599e-05,-8.768442367210888e-05,-0.00015539581363614718,0.00010578949383058256,0.00025660719695948936,-0.00011194703113321519,-0.00011449409596353544,-0.0003579013708185849,0.0009558141905460157,-0.0005876505164190624
2025-06-03,9.111125967069256e-05,-4.460241839383816e-05,-0.00020475928334270227,0.00013317753895525364,0.00023351585912460143,-2.3782024011965996e-05,-0.00016981055336882933,-0.00043357437128809656,0.0010081129190055438,-0.0005898560389093338
2025-06-04,8.191757573876995e-05,-3.6904233583413826e-05,-0.0002126304497021142,0.00011892543270398959,0.0002951368096858406,-0.0001433888689681001,-9.859891186789205e-05,-0.0003773876055999312,0.0009396911766073046,-0.0005670545477356528
2025-06-05,0.00011206818671889024,-7.883560537357004e-05,-0.00022082284853646578,0.0001455896875815904,0.00029891230352022125,-0.00012794704664931267,-0.00016001189753966222,-0.0003599654957307172,0.0009474499510105927,-0.0005558831976362269
2025-06-06,0.00011726358339059217,-7.424724437612995e-05,-0.00025598609540530837,0.00023649939938070325,0.00020062322564928098,-7.740012161839421e-05,-0.00013393484417158902,-0.00040801032002667215,0.0009112985721216049,-0.0005161294742248579
2025-06-09,8.497069687195269e-05,-1.8421017400661877e-05,-0.0002604870534086909,0.00019836036731033652,0.0002332093542169733,-0.00012971175763799164,-0.00012279225341625677,-0.00035542796639069507,0.0009661054566521762,-0.000596315739673968
2025-06-10,0.0001025773412230424,-3.730756096038956e-05,-0.0002954537694173989,0.0003413663753264462,5.31482844844805e-06,-4.1595389536012994e-05,-3.347819858291051e-05,-0.0003688972979683028,0.0009459801002209833,-0.0006189366174653779
2025-06-11,4.565840065752502e-05,2.2072477435124138e-05,-0.00026771204728162634,0.00027676754311072027,8.057030544481036e-05,-1.2818799363586986e-05,-7.80301893305857e-05,-0.0005030945598923642,0.0009750519141169117,-0.0005380493131908679
2025-06-12,0.00012138065659100805,-8.773826223781173e-05,-0.00023125142205051435,0.0002464087216767358,0.00010930174944211862,-1.5406356256505993e-05,-0.00013213787751201883,-0.00040700227337354955,0.0009427724509917731,-0.0005453961602093702
2025-06-13,0.0001422709581816936,-0.00010119003699893964,-0.00029711765296263487,0.00034673671472046363,0.0001041393035198998,-1.8166037919077616e-05,-0.00015468433021666866,-0.0004640798895256676,0.0010260183310533688,-0.0005836407485345224
2025-06-16,3.389157995062342e-05,7.775696963598783e-05,-0.00033399975639986784,0.0002534113765558718,0.00020007279959842472,-6.751709722407906e-05,-0.000167304482641642,-0.0003573690487671949,0.0009069290854121087,-0.0005472525614052884
2025-06-17,2.6302391810527348e-05,4.694115016105893e-05,-0.00024474265738243933,0.00016564882219707172,0.00023065760645566563,-7.533590580675875e-05,-0.0001763708900627825,-0.00037610797236478644,0.00090824942956199,-0.0005047282464343619
2025-06-18,-1.94073180502935e-05,0.00016267936595238536,-0.00033057479766147174,0.00016525033839948078,0.00020056674174892541,-6.174393415541574e-05,-7.632237365280681e-05,-0.00041245989838236546,0.000904172303688236,-0.000533448313116941
2025-06-20,-1.4535568928913944e-05,0.00011657245074919026,-0.0002424682676600981,0.0001196543039630113,0.0001928837728926852,-7.801340606412854e-05,-7.149330169027579e-05,-0.0003865467017270946,0.0009198544502815459,-0.0005559825336806726
2025-06-23,-5.444675495264173e-05,0.00027453935705989974,-0.000451482855188437,0.000164845351665395,0.00024664439682500067,3.203270882372322e-06,-0.00017064703837904593,-0.0003770061062023933,0.0008942147896286862,-0.000529006432933736
2025-06-24,-0.00014741312235058007,0.00030712184419744853,-0.0001625922808229513,-0.0001887818468212163,0.00030345563591442637,1.7540207172483946e-05,-9.537423892393149e-05,-0.00034137339098459785,0.0008745098854898437,-0.0005678896197532507
2025-06-25,-0.0001025489374406538,0.00022367413261470404,-0.00013953199998670285,-0.00018467284291652508,0.0003669565392214538,-9.577305308700046e-05,-3.774996367014727e-05,-0.0003359478280776304,0.0008899652964918445,-0.0005847989769105569
2025-06-26,-0.00013792275857458375,0.00027304721703599877,-0.00015885604471525816,-0.00012038840751476404,0.000270605599126561,-2.4901674764168935e-05,-0.00012541285728810692,-0.0002964979238246901,0.0009174629132412959,-0.0005968034424299121
2025-06-27,-9.255301916273606e-05,0.0002352094623875589,-0.00021320766426594778,-9.566476028375487e-05,0.0003426218624224195,1.0569967329163155e-05,-0.00019829199321553387,-0.00037039524462657153,0.0009472934150120405,-0.0005653319015066077
2025-06-30,-0.00014561648514230252,0.00036775151443268345,-0.0003340783633479713,-1.1883867327748543e-05,0.0002498296110884646,4.7329195998237206e-05,-0.00019693365015899938,-0.00031665028005913726,0.0009655492997039869,-0.0006253009304499901
2025-07-01,-0.0001136415989758735,0.0003429608557068975,-0.00040007275921269403,5.401685847310905e-05,0.0003241097150494601,-3.563415825864891e-05,-0.00015535261628706748,-0.0004065022321863218,0.0009430448369387862,-0.0005529489314667208
2025-07-02,-4.894502330209799e-05,0.000229552308958339,-0.00031767864523578326,-3.503765933275671e-05,0.0003622836794862777,2.7703309037480084e-06,-0.00017731047466529315,-0.00038320671948960383,0.000993942200245304,-0.0006268739277072166
2025-07-03,-0.0001213936987664449,0.0003311768195719683,-0.00034170111192531605,4.121198272850901e-05,0.0002225639846137606,2.9411942619898823e-05,-0.00014940765433194697,-0.00036810666400168696,0.0009198515689450223,-0.0005633171928587088
2025-07-07,-7.289450201443393e-05,0.00023089242609065225,-0.00030292203964953773,0.00011821008453077181,0.00015424928022807205,-3.281690534493592e-05,-9.879064336617421e-05,-0.0003156395099544948,0.0009269104792405808,-0.0006072471329521614
2025-07-08,-0.0001338308500875643,0.00024624801520024137,-0.0001223562032237474,-4.039001859079683e-05,7.668869662793426e-05,7.426092599854134e-05,-9.689765120907828e-05,-0.0003164853139161483,0.0009239672843666391,-0.0006107999707287218
2025-07-09,-4.7754828363714974e-05,0.00013405963121170678,-0.00018089275614638356,8.177089405975863e-05,9.02951010498601e-05,6.52515286703112e-05,-7.805286519316917e-05,-0.0003815485086575768,0.0008730454451221087,-0.000557386412340953
2025-07-10,-5.190802538176248e-05,0.00015089943284818386,-0.00017731207646178027,4.054524473329213e-06,0.0001572820452026627,1.682524232100857e-05,-9.19509468478713e-05,-0.0003379848342082506,0.0009137104065569182,-0.0005819062492845098
2025-07-11,-4.41391097171992e-05,0.00013283102032497773,-0.00016362911760803983,4.493276279057129e-05,0.00010351078738656677,3.13858139076445e-05,-7.693199046648197e-05,-0.0003276254200486675,0.0008736880392906238,-0.0005743609619574958
2025-07-14,-1.2556795617513217e-05,0.00011266337256563008,-0.0002297921612792464,0.0001076600469582592,0.00016036996944152754,-4.109393870867922e-05,-7.68803819072919e-05,-0.0003575096060643712,0.0009002548285518414,-0.000563010620645954
2025-07-15,-5.144675884643374e-05,0.00015351041603749865,-0.00018187189234542683,2.0977098458489774e-05,0.00016953515993087254,-6.54047252907422e-05,-6.115054184620966e-05,-0.00027208119055600194,0.0009044931097264355,-0.0006161175680063705
2025-07-16,-7.273108190397615e-05,0.00017371558419919386,-0.00015288638986740016,-3.404941320402782e-05,0.00017608817479687622,-2.254377915176381e-05,-4.40049909676693e-05,-0.0003182352032477728,0.0009028734643900596,-0.0006081810280262334
2025-07-17,-2.7555669939359484e-05,0.00010615760033248073,-0.00014954852501703614,-7.304809287234093e-06,0.00020817030817535387,-3.433480473515049e-05,-0.00010012643160969142,-0.0003127769124212018,0.0008984769355242228,-0.0005810452065184227
2025-07-18,-2.6945539187549217e-05,0.00011105892796318961,-0.00017358910141043737,4.421197682374228e-05,0.00016391988730646984,-4.8335846779587466e-05,-7.248217774569882e-05,-0.00028314323215434395,0.0008620684470066683,-0.0005770225509645829
2025-07-21,4.0077767828744504e-07,0.00011677985707736482,-0.00024308354731409493,3.4604455044322247e-05,0.0002450101675204666,-7.494656494385493e-05,-5.3606695243277325e-05,-0.00032745533196120585,0.0008630603119024888,-0.0005607406918529123
2025-07-22,-3.997214696946361e-05,0.00014627770034413012,-0.00021166760145938796,7.917199745343523e-05,0.00014274322153701863,-3.735275768682739e-05,-0.00010532478520943606,-0.000276069662432564,0.0009134005525396338,-0.0006111297273345209
2025-07-23,4.202832346700269e-06,0.00012270389520653568,-0.00025645648199147664,3.506148846600665e-05,0.00023650120841491734,-4.4762693231940875e-05,-7.54790984760223e-05,-0.00029290679187510965,0.0007824432188648228,-0.0005115373373962215
2025-07-24,-1.5358024675615756e-05,0.000114656267591981,-0.00020370043140152672,5.909497893714921e-05,0.00017769479748750566,-3.3881310716993296e-05,-0.00012480142206543893,-0.0002717806697883629,0.0008244426857657791,-0.0005260955220887653
2025-07-25,3.2022377461915497e-05,5.267651599643458e-05,-0.00025672949337886275,0.00015845364791219202,0.00022759280724169578,-0.00011410834370848694,-0.0001616473359638132,-0.00026854146833434067,0.0008812837386624056,-0.0005508355691508302
2025-07-28,1.734350646064725e-05,6.40019958684443e-05,-0.00023302091546949927,0.00011205685304782609,0.0002484497679969555,-0.00015048043399301658,-5.160276012130399e-05,-0.00031980117800780444,0.000838439720702619,-0.0005258492949943641
2025-07-29,5.109258616946277e-05,-4.653393883877199e-06,-0.0001621662059839435,4.260390802329761e-05,0.00027206940797508405,-0.0001046173314984758,-0.00012063193471870126,-0.00030299455619772764,0.0008759549349974527,-0.0005464309133890177
2025-07-30,5.059067301354386e-05,-7.816581806478762e-06,-0.0002024746092743196,0.00014797195529930168,0.00027020900614313503,-0.00013387450742405327,-0.00017128882997386602,-0.00036509980049972274,0.0009444482195486298,-0.0005321925311589301
2025-07-31,8.27367637218357e-05,2.9455100706170245e-05,-0.0003580859579763382,0.00019959897515924724,0.000324849107774805,-7.742255280630134e-05,-0.00021468499012644582,-0.00040882326655435064,0.0008999264660389042,-0.00047701451194018946
2025-08-01,0.00012768705304517375,-2.446108241867251e-05,-0.00040118879191462786,0.00022489288264612717,0.00045008917607691074,-8.52944978621678e-05,-0.00030992822821338667,-0.0004677208657513157,0.0008913994901241298,-0.0004054781507052477
2025-08-04,0.00015910248086670187,2.5985231922973084e-05,-0.0006520580062808201,0.00045870211841371467,0.0005239061847541263,-0.0001749079669351658,-0.00041256221905146967,-0.0004656374172387623,0.0009130135858760116,-0.00037623461972306066
2025-08-05,0.00014048507213066525,-0.00014228788307470153,-0.0001938417837527226,0.00031121669052370377,-5.14905733840082e-06,3.650275427993094e-05,-0.00013221667581868324,-0.00037312950599031197,0.0008800967439719365,-0.000520897749387822
2025-08-06,7.74500181297405e-05,-5.972497981499708e-05,-0.00017843478724885453,0.00019771106633792446,0.00012461301845143047,6.399363180337181e-05,-0.00018078639927435192,-0.0004986751710530715,0.0009463356829177913,-0.0004922272593596289
2025-08-07,0.00012307595728964366,-0.00012754099935048668,-0.0001769845230259401,0.00021875798883676245,0.00014667260038409013,3.3180726677364825e-05,-0.00016381884604829006,-0.0005287707411849585,0.0009937487080418014,-0.0005177018063071068
2025-08-08,0.00019267326234990306,-0.0001672568920662587,-0.0002683130241829951,0.00027496629708133324,0.00014262203490715553,0.00010136474245418109,-0.00018833614938227466,-0.0005344227702058987,0.0009226604595402726,-0.00047624869321439417
2025-08-11,0.00021955289640539222,-0.00023354180666009666,-0.00024342969275581439,0.0002975418380091327,0.00022753197491660188,-3.386741987911751e-05,-0.00020179437046956294,-0.000506440161655429,0.0009230762102964765,-0.00044973312311079316
2025-08-12,0.00024624257885781653,-0.0002878076030481888,-0.00019466709104972585,0.0002273371420298334,0.00026585577895323065,3.169340196615411e-05,-0.00026381706077738265,-0.000496425174364136,0.0009541338283043516,-0.0004807377472047514
2025-08-13,0.0001807491998916319,-0.00021748261944295327,-0.00017147968567259725,0.0002101378957754252,0.0002768851292538968,-3.653915125901436e-05,-0.00022709471267789993,-0.00045900630774468876,0.0008894923034311747,-0.0004463008351617975
2025-08-14,0.0002169129439234252,-0.00023255827832155407,-0.0002370611143306528,0.00026216385490463595,0.00027679174000563855,-6.002935316557628e-05,-0.00022492628909369372,-0.00044991387188191706,0.0008938165964400974,-0.0004446461347575592
2025-08-15,0.0002145970592674143,-0.0002688427361637949,-0.00013694842065457152,0.00016464215724582704,0.00031594306638148273,-9.182895970669819e-05,-0.00019462992271569723,-0.0004518894271762497,0.000950733729448594,-0.0005017129221256064
2025-08-18,0.00028640864851649933,-0.00033643864979215204,-0.00023245190838297458,0.0003189364266688033,0.00027567887830620696,-4.9183116980641706e-05,-0.00027252062578746183,-0.00045347984778404404,0.0009138018054737421,-0.0004510531075774468
2025-08-19,0.000273055299983227,-0.0003135116781371808,-0.00025018852184229,0.00034419313134267243,0.00025991865677067044,-0.0001031976242271207,-0.00020860045581567316,-0.00048577187890865015,0.0009761155036148786,-0.000491365786405136
2025-08-20,0.00027201194348165647,-0.000291452950795322,-0.0002930726220543023,0.00034329703325583494,0.0002813870050208944,-6.018994351907059e-05,-0.0002555465266703763,-0.0004249041412728652,0.0008463182593504218,-0.00041803522516346836
2025-08-21,0.0002763925993638089,-0.00030578411159744995,-0.000250544885441302,0.0002848366813745923,0.0003131748203403714,-8.454165065359398e-05,-0.0002268552478591479,-0.0004343266269357382,0.0008296065419002366,-0.00040217805298842224
2025-08-22,0.00023583365764102276,-0.0002787894294250248,-0.00019852314801570292,0.00023554719814185276,0.0003038881903233287,-7.432471541563013e-05,-0.00024127281202661333,-0.00040428525264389614,0.0008196536157690365,-0.000396926468951557
2025-08-25,0.0003345064784702964,-0.0003940968969981182,-0.00028067351363478266,0.00041181645845300707,0.0003019990525934546,-9.02526875541515e-05,-0.00030348689765399145,-0.0004815042424464039,0.0008839097471581084,-0.00038208143296713376
2025-08-26,0.00023080013504273716,-0.00032828170455696803,-1.4132785112232205e-05,-6.271867649175478e-05,0.0004931700960534163,-6.362070580793328e-05,-0.0002297878692362476,-0.00047409801108447974,0.0008495777714248934,-0.00040087604812799604
2025-08-27,0.0002759852369368515,-0.0003739555166401287,-7.438333226480326e-05,4.0623928148193766e-05,0.000520792816987671,-0.00020971859095624684,-0.00017027667210210706,-0.0004670853440558176,0.0009002475495348619,-0.0004421032638269526
2025-08-28,0.00034411300982604975,-0.00047018413328392406,-0.00010851681840169658,0.00013376071702225073,0.0005205824581710344,-0.00014716430957540522,-0.0003135228170056889,-0.0004298780983514536,0.0008391804906726918,-0.0003686723138974293
2025-08-29,0.00034816513620414963,-0.0004931220222425398,-5.452279219714251e-05,7.472315584815259e-05,0.0005360552940164715,-0.00012931019368687263,-0.00030424294300906984,-0.0004494281202491804,0.0008242283726602045,-0.00035247632175970656
2025-09-02,0.00043361769786401383,-0.0005219852498881197,-0.0002808421471621608,0.0003475678180841976,0.00048690679659054575,-0.00014322893753479504,-0.00031384252451416295,-0.0005333198442545109,0.0008914245473772148,-0.00036653346108417306
2025-09-03,0.0004005128147643172,-0.00048786551864161976,-0.00028825860906167566,0.0003800519237809677,0.0004913517276240106,-0.000145211871621434,-0.000377992387900164,-0.0005359744460475616,0.0008920777101097954,-0.00032890211885886617
2025-09-04,0.0002501198154635925,-0.00036653006016435646,-2.2081717787898747e-05,0.00020035386053579574,0.0001261806649855285,-0.0001883121708073851,-0.00011911105819392004,-0.00012304423959526994,0.0008903644481313006,-0.0006477074920250014
2025-09-05,0.00024158911888838563,-0.00030595120583030294,-0.00014052209834434365,0.00026129049501554674,0.00016460553352213442,-0.00015535991079037442,-0.00018452350922262134,-0.00013365217804313378,0.0008176264469064026,-0.0005649310741982355
2025-09-08,0.00032766994113319486,-0.0004434757016453031,-0.00010367405418455766,0.000249390984391043,0.00022593273036841666,-0.000173105821353374,-0.0002033640032769249,-0.00018639132328359537,0.0008839888061298942,-0.0005760210948629121
2025-09-09,0.0003304331038058092,-0.0004949663869312851,-2.0888953008994793e-05,0.0003567377438320335,-4.7734493926157584e-05,-0.00010058282952882247,-0.00011241915183603235,-0.00019033053187358234,0.0008728473637790446,-0.0005912872052780543
2025-09-10,0.00039334822662319413,-0.0005632821594512075,-0.00011234443630692842,0.00048263493432838117,1.1828168168109832e-05,-8.807664323446512e-05,-0.00016573345199505374,-0.0003107151520382809,0.0009000617736235686,-0.0005470341698812359
2025-09-11,0.00039422111739235294,-0.0005041754336570572,-0.0002151224176685576,0.0004409447808042602,0.00012124020355556986,2.5500913419240767e-06,-0.00023276902655340603,-0.0003941426656886085,0.0008848166348000702,-0.0004971111252815436
2025-09-12,0.0003979516954392831,-0.0005192114929734523,-0.000188208606114168,0.0004211623208096246,0.0001499649011367718,-8.475069214078368e-05,-0.0002038365986994639,-0.00033334040383783264,0.0009088881459071302,-0.0005485944680980806
2025-09-15,0.0003992564055674275,-0.0005180914616564475,-0.00018846744932662918,0.00041714981858008426,0.00014269722553546943,-9.655162591887256e-05,-0.0002186537387764212,-0.0002512233777401743,0.0008863787896170525,-0.0005727811525576623
2025-09-16,0.00030206369800745564,-0.00036586404460325905,-0.00018143367616232225,0.0003522078166402348,7.18357033029221e-05,-9.223964946992319e-05,-0.00013596789449228652,-0.00019256931788785153,0.0008069367657052018,-0.0005662133100331618
2025-09-17,0.00027789577264582255,-0.00029244339398610403,-0.000280171568487024,0.00035069241207297264,0.00022187578950377818,-0.00015186587154612796,-0.00018211184003537328,-0.00026375714596820615,0.0008119608578674928,-0.0004909902377774611
2025-09-18,0.00031499160294847645,-0.0003126843734118437,-0.0003952606634755121,0.0005076430865962878,0.0002037939004331732,-0.0001449115440422255,-0.00020915474809039825,-0.00031578499168917473,0.0008318125566558685,-0.00048037702339880084
2025-09-19,0.0003197436950312729,-0.0002808156222690386,-0.00045339561252977223,0.0005035392619779783,0.0002436780220219925,-0.0001859148038096392,-0.00020073337680060616,-0.00025552188538150583,0.0008229349712431527,-0.0005139633126595156
2025-09-22,0.00029632666253556067,-0.00022294760274983033,-0.0005401479332015763,0.0005823527177317225,0.00023023188041264298,-0.00014407219369424323,-0.00022488081953440237,-0.0003540260946600371,0.0008525926040485882,-0.0004751885537193773
2025-09-23,0.00018176643428553102,-0.0001563194564086559,-0.00027303505922363774,0.00015595935497051544,0.0003967047777479124,-0.00011385369038365706,-0.00020748994424747702,-0.0003360707430401233,0.0008863580727515308,-0.0005341859152981909
2025-09-24,0.00024627751632366746,-0.00023163215801218912,-0.00030539907317359005,0.000262152455161202,0.00037538876773955676,-0.00025266714109310057,-0.00014693981683903956,-0.0002695931890085365,0.0008683365708369931,-0.0005459352168161111
2025-09-25,0.0002868776398960299,-0.0002735155653517951,-0.0003475640618333456,0.000325585825898575,0.0003744997115236112,-0.00022499190614080206,-0.00019953759696319379,-0.00028214717352498947,0.0008849325981569733,-0.0005445011659973645
2025-09-26,0.000267876855921681,-0.00028062296428426475,-0.000279265454920713,0.0002885449526305317,0.00034709888363129715,-0.00024790015271881904,-0.00015614479648149576,-0.0002514082746505192,0.0008189067660942032,-0.0005071189653001532
2025-09-29,0.0002890037635237541,-0.0002567619747427252,-0.00042458743432226276,0.0004587097628569181,0.0002665411465439804,-0.0001622899950136647,-0.0002098647724506214,-0.00032867741848398996,0.0008726715395774159,-0.0005042859716579001
2025-09-30,0.00021066550948369706,-0.0002849094763394608,-9.226003164272689e-05,0.00020364003803558656,0.00013635726593989872,-9.563850059092494e-05,-8.837394012671529e-05,-0.00028514287711709635,0.000865237342238756,-0.0005698002571897648
2025-10-01,0.00025273807980204926,-0.00028992470070778736,-0.0002168731185671277,0.00029671980992374697,0.000232961752727745,-0.00016362301723575612,-0.00013141953973434817,-0.00032239198939339186,0.0008682333213132568,-0.0005264714815351804
2025-10-02,0.00026771706737192813,-0.0002740998608626796,-0.0002809128267705005,0.00029258996343316246,0.0002815187236952718,-0.00014290993867825674,-0.00016422748662357767,-0.0003091353600088581,0.0008497344301438142,-0.0005203613208930938
2025-10-03,0.00027019645273106824,-0.0002895437335673351,-0.0002543336964321713,0.0002987018165998209,0.00020850425773517867,-6.703860386783611e-05,-0.00017307452216187846,-0.0003680812785760851,0.000901387774152225,-0.0005250815444970067
2025-10-06,0.00028510087086620894,-0.00035953659801407634,-0.00015441700096915922,0.00024098976856747056,0.0002675921151585464,-0.00018168158052427053,-0.00011494298491969424,-0.00032468129116661887,0.0008354768842134749,-0.0004930774872860949
2025-10-07,0.00021814698200751936,-0.00029711547708231173,-0.00010194756500999519,0.00027726714887452153,2.4936289413322876e-05,-4.2195772130361464e-05,-9.263832586445253e-05,-0.00026995114543870713,0.0008366683515153156,-0.0005527231789973219
2025-10-08,0.00021524349439558388,-0.00025979754342508876,-0.0001293486118994977,0.00022195714490205742,8.460085939955564e-05,-3.395227679989926e-05,-3.9237887438661745e-05,-0.0003634863502926036,0.0008302346179701256,-0.0005268829626251456
2025-10-09,0.00023829355713208406,-0.00027297099590265633,-0.00019375894500193308,0.0003326866863022082,4.868865761709085e-05,-8.575835320628888e-06,-0.0001040299741862441,-0.0003911109864926446,0.0008870212153680793,-0.0005366555337595544
2025-10-10,0.00020214496349063582,-0.00019968842412668858,-0.00025764233725983354,0.0002852548804603214,0.0001693710969497761,-4.539528922422459e-05,-0.00011974294873870472,-0.0003841186043208461,0.0008306000766516164,-0.00047957486613368905
2025-10-14,0.0001898378900840672,-0.00020753584220982446,-0.00021453854034717695,0.0002888961116111269,0.00013390767777422818,-8.434781721693846e-05,-0.00011959889493971809,-0.00028419438240769035,0.0008403043812978891,-0.0005427401137641577
2025-10-15,0.00017437316219438836,-0.00018659225123900114,-0.00017105210152170564,0.00017578715613939672,0.00021224999821058826,-8.982129476011597e-05,-0.00010160897942230324,-0.0003353590639927073,0.0008425368572535646,-0.0005204693614481379
2025-10-16,0.00013416993459796495,-0.00013315484261449545,-0.00018154225183403955,0.00016692976605450077,0.00020523180728142937,-7.606872124851782e-05,-0.00015690447289218312,-0.0002632961286933924,0.0009040296328997402,-0.0005991369307625227
2025-10-17,0.00014021717157282343,-0.00012690589148200981,-0.00022377681018418555,0.00023029613246321884,0.00022544346238539265,-0.00013221788033455223,-0.00016118570847521024,-0.0002954701968866172,0.0008995511753516691,-0.000555445959477617
2025-10-20,0.00012218979163341331,-6.634715245339845e-05,-0.0002863504556314331,0.00023101227826121534,0.0002615187198302116,-0.00013054825516443241,-0.0001249929622622603,-0.00033451449480962486,0.0008865004782544761,-0.0005602311013733
2025-10-21,0.0001112314924996416,-6.044359521478054e-05,-0.00023563373159344453,0.0001429544199532673,0.0002660485605670074,-0.00011287673950172855,-0.00016275701300069723,-0.000251476375560597,0.0008751370772859257,-0.000572166633784725
2025-10-22,9.084227553551871e-05,-3.1352744326237914e-05,-0.0002591946483818941,0.0002273618126741317,0.00013360681064981256,-6.391370536063673e-05,-0.00011238428094452468,-0.000288390491354068,0.0008692867037227783,-0.0005655629212607191
2025-10-23,8.548830079697228e-05,-8.730323720449601e-05,-0.0001106199223293719,0.00010419510054716224,0.00015578200140436288,-5.3505625328444106e-05,-8.121479603848125e-05,-0.0003204989616556117,0.0008078861448418406,-0.0004998080663230625
2025-10-24,0.00012257032297768172,-0.00012385568821263876,-0.00013302192759073045,0.00012407433491152392,0.00016363566048960276,-5.8138282936742725e-05,-0.00010429997939484514,-0.00027180279556463655,0.0008038236358358652,-0.0005240281032746416
2025-10-27,0.00014020729099746554,-0.00019861886455550815,-1.995909905977422e-05,2.8672364517881577e-05,0.00018528433793611743,-6.817236625644707e-05,-6.637447673864261e-05,-0.0002893815383981993,0.0008479208975366095,-0.0005581396334713579
2025-10-28,0.00018156984582107238,-0.00026649388347740194,1.1273392405676541e-05,-1.6554052910004724e-05,0.0002664008149479355,-4.8651329065486915e-05,-0.00012182771583747753,-0.0003201097391714175,0.0008536945549301803,-0.0005392166428979661
2025-10-29,0.00016222833596428454,-0.0002753386109016834,8.449475104839455e-05,-6.143520194373808e-07,0.00011743799656940834,-6.86271508478914e-05,-4.07839440871513e-05,-0.00023469484330870122,0.0007967358544679684,-0.0005390438101230063
2025-10-30,0.00014408839140247348,-0.00024611538663935756,4.216944992600086e-05,8.336044388783381e-05,6.193536629175989e-05,-8.196993523443968e-05,-4.696638736138847e-06,-0.00026011522921826763,0.0008678224578954827,-0.0006065508353259932
2025-10-31,7.275710218252601e-05,-0.00013375719827034976,5.583437407270103e-05,1.3074422541344e-05,5.2583197452063524e-05,-4.8320319890458874e-05,-1.911558909016564e-06,-0.00023444836961504512,0.000829310042925531,-0.0006093890553018275
2025-11-03,0.0002536994653369179,-0.0004012901658688242,4.44062949267951e-05,0.00011060898683221826,0.00015813864945116857,-9.439330351933978e-05,-0.0001020370849086627,-0.00024536550969150167,0.0008495708769830565,-0.0005730340706659384
2025-11-04,0.0002665646361254062,-0.00038155322537141573,-2.66980740786793e-05,0.0001479376602682228,0.0001981682058375886,-0.00015455488241416376,-6.452875474836223e-05,-0.0003115749269757273,0.0008763957635006259,-0.0005488701080285444
2025-11-05,0.0002617393847458571,-0.0004180685939273038,4.958960448177979e-05,0.0001239206749961974,0.00018225061899517642,-0.00014021516028760173,-6.938510632756995e-05,-0.000320641997470221,0.0008760712886265107,-0.000544520344948736
2025-11-06,0.0002512683459178211,-0.0003530427112139467,-6.304671640731951e-05,0.00016675844927242084,0.00020082430253018368,-9.072161495834313e-05,-0.00015142327192029653,-0.0002693836863543117,0.0008912844374728834,-0.0005821804829437352
2025-11-07,0.0001964666824840408,-0.00025197313889757655,-0.00010425395806294702,0.00014334689482086577,0.0002565290846042803,-0.00018861177762834191,-9.57329279336755e-05,-0.0002667159476836406,0.0009082363011261654,-0.0005968709995705368
2025-11-10,0.00015739870549046076,-0.0002282251808088387,-2.5464705550565236e-05,0.00021854443139853602,-9.74080397712837e-05,3.7060059676817525e-05,-5.370307091880078e-05,-0.00028491792797152166,0.0008742525500390411,-0.0005978883027195347
2025-11-12,0.00018528208904668164,-0.0002829408263716471,-3.316407295180651e-05,0.00020483801235821747,5.7909009308888815e-05,-2.9671885996188085e-05,-8.197830996619498e-05,-0.0003831665914275431,0.0009120220344407889,-0.0005479946207316497
2025-11-13,0.00017101090612501452,-0.00026740854228435307,1.3289569255711675e-05,0.00013364303011580148,3.831771187227939e-06,2.9446976682535875e-05,-3.694526949273025e-05,-0.0003708349509719336,0.0009556478748771399,-0.0006312281305489859
2025-11-14,0.00021839081697575674,-0.0003059911410118743,-3.1535397196705284e-05,0.00017730053711060428,5.1254886207934e-05,4.328928675294275e-06,-5.9563062322243177e-05,-0.00040785404885280985,0.0009783793250972353,-0.0006249679492517993
2025-11-17,0.00020887033200218258,-0.0002851933756489178,-5.876442335421561e-05,0.00014928329460167644,0.0001348429761860448,-2.5772516360780817e-05,-0.00010050469674418444,-0.0003570443285750846,0.000920270941395962,-0.0005859494158933706
2025-11-18,0.00018828820856563178,-0.000251598022738074,-6.641226845972847e-05,0.00013866960158777364,0.00013551051374953438,-3.974049400753965e-05,-5.97391542311726e-05,-0.0003888724025283008,0.0009511989909212065,-0.0006075671456448259
2025-11-19,0.00017246734690656157,-0.00024036485391615292,-3.260123787651725e-05,6.781955526017486e-05,0.00015015004248546127,-3.413217292327214e-05,-4.506977636904719e-05,-0.00035349600758486505,0.0008298051634696921,-0.0005120874417761032
2025-11-20,0.00015823691665190626,-0.00018581838098700315,-9.222945709715796e-05,7.621815610149574e-05,0.0001747839273802329,-1.4624339596813751e-05,-4.0517768015641e-05,-0.0003702104841875678,0.0007751053856388385,-0.0004811455805575418
2025-11-21,0.00016389659498337178,-0.0002265732723397071,-4.168998842947469e-05,0.00011979621069042184,0.00010123677262926373,-4.765076119568612e-05,-2.2123384942895896e-05,-0.00035619687610941725,0.0008745673123702058,-0.0005652026597669432
2025-11-24,7.390921970438363e-05,-0.00012508037441991832,5.485900679020467e-05,-0.00011896124587455759,0.0002214880681343928,1.6061819667033406e-05,-5.889830736305335e-05,-0.0003612316811614086,0.0008517181381441086,-0.0005547995789342355
2025-11-25,7.899985909508994e-05,-0.00013663155537264882,7.619534207685408e-05,-0.00015995380181649255,0.0002871690863476342,-0.00014651937922863928,5.444060064063033e-05,-0.0003238364291533388,0.0008212896626157637,-0.0005514180994333623
2025-11-26,0.00015161986767048274,-0.00019576925439353937,-1.2313938377306322e-06,-0.00010245628516176303,0.0002968446040490444,-4.9846611019914444e-05,-8.494636319213156e-05,-0.00029502441974531973,0.0008561129295293138,-0.000577856067297218
2025-11-28,0.00011391428739299797,-0.00017338747434413743,2.8916980293731964e-05,-6.439792097759356e-05,0.0002560317080735827,-3.770787166056805e-05,-7.45792980194962e-05,-0.0003697847933100129,0.0008202586812714047,-0.0004979641233978996
2025-12-01,-1.9370135874295646e-05,0.00010944959350956546,-0.00015425582685019146,4.003295062490753e-06,0.00014144056712077357,2.391292715250848e-05,-1.990397299575508e-05,-0.0004276518898311335,0.0009357334011675031,-0.0005929656701159913
2025-12-02,-4.8365282846386803e-05,0.0001558866908547077,-0.00015651091264318878,-7.750926469272251e-05,0.0002071143104683537,3.217837959271913e-05,-3.975665724476052e-05,-0.0003696348545645864,0.0008668978180203096,-0.0005708808682770988
2025-12-03,-4.501767458100353e-05,0.0001203944010242583,-0.00011425836400599104,-2.752731214476778e-05,0.00012493409910603603,1.1062025125678498e-05,2.3393907880038534e-05,-0.0003667410873542734,0.0008324120773406732,-0.0005598508133786359
2025-12-04,-9.400604763629139e-05,0.0001629748141392523,-3.6283419825658414e-05,-0.000142348685539119,0.00011978524377429661,5.981341489348646e-05,-8.03290305055604e-06,-0.0003455188526919617,0.0008660661705030062,-0.0005821297603668188
2025-12-05,4.3820543406611345e-06,5.1082547978316406e-05,-9.709890953105149e-05,-4.617689055225194e-05,0.00016207159153742295,7.903222840092289e-05,-7.87768319656032e-05,-0.0003914385712559462,0.0008721069110821586,-0.0005558046656865961
2025-12-08,-2.289072058490188e-05,6.699751355158934e-05,-7.097682637632191e-05,2.182432081107577e-05,1.3198141953878195e-05,9.506961333944491e-05,5.1640591455792695e-09,-0.00040869190817161005,0.0009048204499667034,-0.0006005447251389365
2025-12-09,4.986194436312763e-06,6.0328620639586716e-05,-0.00013196026036964986,7.08763661770237e-05,-2.8731861760819544e-05,0.00012715024931174435,9.82187490335823e-06,-0.0004038953505409726,0.000868663531336189,-0.0005774756444872214
2025-12-10,-5.403435273541868e-05,0.00010710154287035811,-6.574143885276079e-05,2.1490181379563156e-06,-9.235697081964866e-06,8.312057676470447e-05,0.00010221687850912181,-0.00048789375188289935,0.0008578310354803373,-0.0005354406800798725
2025-12-11,-1.3862669067811473e-05,2.2027097008187058e-05,-2.850156547988536e-06,-2.3165066738960183e-05,3.8764790281919925e-06,0.0001231238092867029,5.377704397208083e-07,-0.00042769994022987673,0.000864757788785725,-0.0005473975963629224
2025-12-12,6.053457046144989e-05,-6.440515987456846e-05,-1.5541731843829454e-05,-5.026737390326913e-05,0.00012864741068651514,7.800987086725025e-05,-3.561003301396498e-05,-0.00044246496882088815,0.0009454503844978299,-0.0006031927666531808
2025-12-15,8.27454119954607e-06,4.5382739544137796e-05,-0.00012610168028135554,3.536618816463166e-05,0.00010829441160225411,2.411712939123789e-05,-3.2599648956480043e-06,-0.0004130301361005423,0.0008827729646583987,-0.0005617652403929127
2025-12-16,-5.0283260452810286e-05,0.00010869010773850024,-9.584431321580517e-05,2.2131673666145324e-06,6.525847937973589e-05,4.312148844728275e-05,4.430700886674799e-06,-0.0003534949655347244,0.0008319148642840293,-0.0005564324354957739
2025-12-17,1.1330711686512174e-05,3.8377227406481695e-05,-0.00011253738801435265,3.425074590322763e-05,7.344735290545218e-05,3.4853870628182015e-05,-5.853328262798996e-06,-0.00036046336103708054,0.0008353183932434879,-0.0005487322827589514
2025-12-18,-2.87451349080467e-05,9.704822762322124e-05,-0.0001266458976686216,3.453368133156387e-06,0.00010749994100618665,2.7791295632968727e-05,-2.28352142705307e-06,-0.0003664225782974498,0.0007939566547369228,-0.000505042841317728
2025-12-19,-0.00010029552064092645,0.0001976324426649842,-8.915357381929223e-05,-6.909297841316275e-05,6.648535914643983e-05,3.895543073709207e-05,1.4297907495158801e-05,-0.00031874889504755755,0.0008148328203422123,-0.000554987480555269
2025-12-22,-0.00010800621195741766,0.00011783024174395751,0.00014589750963111409,-0.0004380636886611028,0.0003293701116488662,1.1636639730923382e-05,5.601539817048917e-05,-0.0003838816705170611,0.0007654991984530485,-0.0004959549956981349
2025-12-23,1.5755856992920314e-05,8.714827864519936e-06,-2.226001044281639e-05,-0.0001888295280487451,0.00033883882754282,-8.172440141192977e-05,1.13753713406467e-06,-0.0003720778420896395,0.0008061614416365673,-0.0005057492337874891
2025-12-24,0.0001013706167024564,-9.907807769204968e-05,-0.00010384507501343121,-5.3604335087775734e-05,0.00036771822583297337,-7.376719145261307e-05,-7.633377214993214e-05,-0.0004082221091718935,0.0008608050708006978,-0.0005153277835745138
2025-12-26,2.4372330136294973e-05,3.334937569433177e-05,-0.00013858772750699466,-7.684837152552304e-05,0.0003359047810655505,-3.187879164747581e-05,-6.962152278352368e-05,-0.0004028840655032548,0.0008443700990696038,-0.0005190961999606628
2025-12-29,6.384343787902563e-05,-1.951985092701891e-05,-0.0001605374892061362,2.6250551827686208e-05,0.00023198291041571367,1.9106435254094556e-05,-4.0383970636173605e-05,-0.0004835178709528057,0.000862532975804936,-0.0004999863569381396
2025-12-30,-3.7479769629492066e-05,0.00013632506549336038,-0.00017119953483610978,3.3312634007395814e-05,9.452087100848827e-05,4.059589501877181e-05,-3.543189216098641e-05,-0.00038901057905555564,0.0008476310985128244,-0.0005176644268151398
2025-12-31,2.139561589315636e-05,5.032094278126925e-05,-0.00016035515135581768,-1.0020379720192263e-05,0.00020941107908861029,3.312541854608858e-05,-4.646134264036511e-05,-0.00044670489921608963,0.0008294849139312901,-0.0004792875412692535
2026-01-02,-1.5003875439983938e-05,9.122194878557338e-05,-0.00016319911546421734,1.704307172573083e-05,0.00018887483553617357,5.623478017654365e-05,-5.5931173746991136e-05,-0.00048644205076208563,0.0008469060348435739,-0.00047711554050873517
2026-01-05,2.1098423524892884e-05,4.279087540996762e-05,-0.00015806329764509602,9.466851788063335e-06,0.00018697617544816136,5.2248627945589154e-05,-5.520380457292584e-05,-0.00042646756720383927,0.0007978610080891999,-0.0004704717287314225
2026-01-06,4.6461914477193e-05,-1.51053124065742e-05,-0.00011097493798958857,-8.472421342761716e-07,0.0001735090615461385,5.002382590477833e-05,-5.195917679622769e-05,-0.00042167892341824637,0.0008003532323603013,-0.0004692889457193483
2026-01-07,2.1545957569917007e-05,1.4151254859769147e-05,-0.00011423366653152967,2.6100129607152522e-05,0.00015504149364285735,1.991504321961768e-05,-2.1650246403409623e-05,-0.000430318056413935,0.0007831869713356351,-0.0004533649760834757
2026-01-08,3.320963939256599e-05,2.3265312520906467e-05,-0.00015631717878082652,4.063134247911382e-05,0.00016076101789663094,2.9184131721690654e-05,-2.7536031525443594e-05,-0.00041687845270538954,0.0007616102169419256,-0.0004477894891712769
2026-01-09,8.66062871617071e-05,-5.761683968954351e-05,-0.00016087837914379594,0.00010956694982600101,0.0001407862763367282,6.633711796308339e-06,-2.6627337764192904e-05,-0.00040351086968914984,0.0007298697199515231,-0.0004248920447769977
2026-01-12,0.00014921304768131943,-0.00018529202266779482,-8.357284958680766e-05,0.00013039706361787917,9.103912437106315e-05,5.495478461331471e-05,-9.009697680695261e-06,-0.0004842974560713073,0.0007864508574097553,-0.0004512414243758242
2026-01-13,9.331496925731042e-05,-7.388543744175219e-05,-0.0001855267716838957,0.00020215178272896261,8.26355156655148e-05,3.951523430208159e-05,-4.710154416680962e-05,-0.00045608001966390005,0.000753172916926198,-0.00040788030555181237
2026-01-14,0.00013836035303801952,-0.00011872664521530435,-0.00020019706434398765,0.0001514269021922962,0.0001814808643395352,4.095100544151964e-07,-4.9654671958720975e-05,-0.0004245962301139272,0.0007328277250301038,-0.00041108345752698117
2026-01-15,0.00015364389705673637,-0.00013905846070162708,-0.0001911833039292682,0.00012649624076587623,0.00023489480666141066,9.88562902159984e-06,-5.253668391658889e-05,-0.000506996852306485,0.0007638325623215217,-0.0003995586488428071
2026-01-16,0.00013168736172484985,-0.00011165980316416718,-0.0001866529427399441,0.00010537614946280055,0.00026570604496171935,-8.169709910318956e-05,-6.002265737881096e-05,-0.0003856886744086768,0.0007746985064120276,-0.0004516050077670447
2026-01-20,0.00013315462857312055,-8.541869357172466e-05,-0.0002799469120548445,0.00023704565571307928,0.00021263240808622186,-9.793950258547846e-05,-1.2330050160450079e-05,-0.0004415311326748106,0.0007997115402290991,-0.0004660504065732568
2026-01-21,0.00012702365084774764,-4.401879834767253e-05,-0.00034749587885753164,0.0002859267025998452,0.00018416869784829148,-8.144932702550123e-05,-3.335668231622263e-05,-0.0004249168878586798,0.0007460474119880822,-0.00041167370627016864
2026-01-22,0.0001866423829228192,-0.00013564694771945468,-0.00033079527655749397,0.00030374317132327716,0.0002166341061721061,-8.118114559545198e-05,-6.833466940929511e-05,-0.00043155778871898504,0.0006978021261399639,-0.00035974174056981056
2026-01-23,0.00015824584833180194,-0.00010221351173607396,-0.0003188959481865705,0.0002545973180376193,0.00021761789519038344,-2.398331948305632e-05,-9.349597614433103e-05,-0.0004540654177892581,0.0007632528021232765,-0.00040028113871102416
2026-01-26,-5.369016442414998e-06,0.0001364929112192062,-0.00027304249293734484,1.5869365150744663e-05,0.00029104427445243025,-3.4882862668492165e-05,5.244357360226215e-06,-0.0004460353566482986,0.0006847784883920252,-0.00037391607176075897
2026-01-27,-8.493196764297606e-06,0.0001450094507174024,-0.00025775847102649935,-5.851964465196369e-05,0.000355190431980755,-9.697908245097364e-05,4.50777021658369e-05,-0.0004123154758707212,0.0007523514687698685,-0.0004671749924853308
2026-01-28,-4.959225171680126e-05,0.00018214813097142818,-0.00024699830385327415,3.298275662492328e-05,0.00024325799614693944,-0.00010591536431571458,4.08922997295752e-05,-0.00041039103032070035,0.000764697913105003,-0.00045093158685250573
2026-01-29,-5.234900925884384e-05,0.00020035204974214182,-0.0002725599097955847,1.2861417205106696e-05,0.00028478498860476376,-4.560782891695203e-05,-4.198941334018769e-05,-0.00037602504924068997,0.0007341550838247252,-0.0004452874633889409
2026-01-30,-4.4842029319328014e-05,0.0001950724644829288,-0.00029067462333306343,0.00011412272569893966,0.00014738645236823944,-7.085208757644235e-05,-3.874951679803257e-05,-0.0002519782448784161,0.00073246887303903,-0.0004931764786974685
2026-02-02,2.6655100701995782e-05,0.0001350127255673947,-0.00041558440002952696,0.0002844486202442098,0.0001563743693021799,-9.84361945882209e-05,-5.315619367835672e-05,-0.0003273876334889611,0.0007421370756218945,-0.0004500363487993514
2026-02-03,1.5349288382419946e-05,0.00012976902575169424,-0.00041086342011907584,0.0003024040001455286,0.00018178216143981824,-6.644821265593126e-05,-0.00011905978483214147,-0.00039257831817589295,0.0007765751416766997,-0.0004158780295981171
2026-02-04,1.5045589655253433e-05,0.00013352094291271127,-0.00040537976912729395,0.0003009062964396403,0.00016987929496656284,-9.937473709970696e-05,-7.087476734495002e-05,-0.00036692811871307657,0.0007647925601348068,-0.0004415771449393785
2026-02-05,5.015905241365082e-07,0.00011130136595267903,-0.0002779042126645828,0.00014668117895006577,0.0001816399510116279,-8.723445982478095e-05,-3.29454271442986e-06,-0.0003705098185040681,0.0007281328988619565,-0.0004290517323018439
2026-02-06,3.7595215204785926e-05,9.347230334973838e-05,-0.0003577644841303851,0.00023278354607727397,0.00017318610657371392,-6.497104787080155e-05,-5.068630961181653e-05,-0.00038175832710280605,0.0007765899187902256,-0.00045843525799300205
2026-02-09,3.247147420817886e-05,0.0001213022735490274,-0.0003973505337719063,0.00022791659465899727,0.00022738735214896527,-7.836116413775102e-05,-9.297637100970368e-05,-0.0003379597681047661,0.0007160252407048262,-0.0004189079603809792
2026-02-10,2.421380620794278e-05,0.0001326434677916266,-0.00043008016525710596,0.0003374196213716818,9.34088935340624e-05,-6.074496414908842e-05,-4.2973295402072564e-05,-0.0003528686224995442,0.0007568700156565383,-0.0004575667059292035
2026-02-11,0.00010065107391200173,4.180604508539909e-06,-0.00035686434727550537,0.00034803756098404637,1.0943615174272003e-05,2.252518761160227e-05,6.699626548298254e-06,-0.0004763124196318774,0.0007303520868847599,-0.00038961888909568726
2026-02-12,0.00012315783599350927,-8.293442726405725e-05,-0.00028537652446467693,0.0003481435103291908,5.061157853811227e-05,1.6673276967832384e-06,-5.391044425742675e-05,-0.0004961262828778804,0.0008514316271276204,-0.00045578638055630144
2026-02-13,-2.442919284392081e-05,0.00015827745703071716,-0.0002898177429576307,0.00015675952064323623,7.043426279101234e-05,7.385684793623226e-05,-2.139897885956865e-05,-0.0004541132394563496,0.0008054903653564108,-0.00047503655626585095
2026-02-17,6.122482122632167e-05,-4.8466895244847485e-05,-8.547341244530271e-05,2.317413070262314e-05,0.00011391282437128725,6.0908394845606006e-05,-4.3993900271620257e-05,-0.00039456799081342975,0.0007778893753877039,-0.00046285952526721463
2026-02-18,8.485818570400788e-05,-5.6887709029833367e-05,-0.00015780577665289175,0.00014940344215346596,7.991436278784875e-05,-1.4564300383365647e-05,-1.5283729536817725e-05,-0.0003400540206757105,0.0006934083708089248,-0.00042301152519320234
2026-02-19,7.256746803531444e-05,-5.4056567763041685e-05,-0.0001247475805313883,0.00010401279583267115,9.438112255266695e-05,-2.6441998924646437e-05,-3.2903701515166195e-06,-0.0003242821730953527,0.0006932390785175449,-0.00043114711633672476
2026-02-20,6.280739498235738e-05,-3.147379101355041e-05,-0.00014764154249687078,0.0001250347877767219,7.657915837667312e-05,9.747934559892202e-07,5.674038357827982e-06,-0.0003705935109610814,0.0007253981977256019,-0.0004468920358998568
2026-02-23,-4.169333006349973e-06,6.140453072880914e-05,-0.00011431799515132512,7.4998878781470935e-06,0.00011215376284724049,3.124507030752982e-05,4.506158837014329e-06,-0.0003689144020923296,0.0007134001603138276,-0.0004431038715802041
2026-02-24,-1.6771935147714967e-05,2.9046660841573757e-05,1.2063839715234503e-05,-0.00013244902736851,0.00013613461827877843,4.5004467429089756e-05,4.327538089060612e-05,-0.00038278066726996074,0.000693564076431584,-0.0004265836261060918
2026-02-25,4.537206240454172e-06,-1.119477481033998e-05,1.7886688930546235e-06,-8.294301702754109e-05,0.000188916992225438,-7.462743108212211e-05,5.061791640829927e-05,-0.0003438146502535641,0.0006842630791255785,-0.0004167305034065427
2026-02-26,8.1586432648037e-06,-1.351959542319342e-05,3.118362030054417e-05,-0.00014545904964354678,0.00021061607749078837,-8.288751158946894e-05,4.548929307150035e-05,-0.00027681038445248607,0.0006770941385717336,-0.0004540228520646186
2026-02-27,-1.694880334639215e-05,5.5056014074988946e-05,-4.952028853920376e-05,-3.668068943601943e-05,0.0001102315989381375,-4.9355866681026483e-05,3.694068104342224e-05,-0.0002711151299641043,0.000709468271172721,-0.0004888957612347103
2026-03-02,-0.00010255251059851367,0.00023119426931503956,-0.00016889349855411795,-2.9838273392548964e-05,0.00011346026427683231,7.740518614858527e-06,4.3470472047633935e-05,-0.000358681031370843,0.0007390198137715159,-0.00047486656704420066
2026-03-03,-7.217510415626072e-05,0.0002099025753806924,-0.00024696497198543194,0.00013656071964446986,1.4946710414111275e-05,-2.1935725770520775e-05,4.8243504222181266e-05,-0.00033162454658405144,0.0007857343767605357,-0.0005224424995296101
2026-03-04,-2.504333074952736e-05,0.0001292448981560848,-0.00019146134777694307,5.346796938600351e-05,9.393262695184951e-05,-3.431065969437819e-05,7.194404108792907e-05,-0.00035366846336653407,0.0007630538816658719,-0.0005073497410897354
2026-03-05,-4.495756771217413e-05,0.00015446041789822507,-0.00018557498960928426,5.704516573461216e-05,7.352865964556365e-05,-4.012234646564444e-05,7.687650994041284e-05,-0.00039153165116940364,0.0008590483615299876,-0.0005580481793175315
2026-03-06,-2.3180656353941065e-05,0.00016781996696134394,-0.0003128488871088006,0.0001563788450325912,0.00016151141602500224,-0.0001033603601124089,3.4675802914087284e-05,-0.0003957404197745193,0.0008806086765878324,-0.000561451155488342
2026-03-09,-2.1123534551588385e-05,0.00018860439179134436,-0.0003389880864446415,0.00014065135982523763,0.00013201282306557482,-2.0631181656238784e-05,-1.2090514814107334e-05,-0.0003733223327669691,0.0009049460352497998,-0.0006004115486137399
2026-03-10,-4.984378417396962e-05,0.00019536670242523146,-0.0003148054474151826,0.0002169260036859605,4.285982859713461e-05,-1.4742275571480445e-05,1.9061243266962902e-05,-0.0004204428754984099,0.0008375251318087987,-0.0005116653926601072
2026-03-11,7.287888743261195e-05,4.546260988511769e-05,-0.00036201359714188586,0.00031884719157521113,5.533902656418288e-05,2.6499775063047737e-05,-5.974180903724896e-05,-0.00045575711281667375,0.0008781082416146335,-0.0005200109562549168
2026-03-12,0.00019080227103433073,-7.558819008031403e-05,-0.0004926501976028966,0.0004963014116577957,9.601932135902547e-05,-3.242254979149428e-05,-8.200475605208563e-05,-0.000500026324037936,0.0009410059503250079,-0.0005418977869349334
2026-03-13,0.00012814116898016148,-4.644706303326418e-05,-0.000368017936623298,0.000352798558668474,0.00012166149131914716,-8.697088005121117e-05,-5.0945034592783656e-06,-0.0005006891114785125,0.0010156011705121301,-0.0006132953535363389
2026-03-16,1.7951759017878488e-05,0.00013740966279916778,-0.00041064304839858595,0.00026798225012885507,0.00018571385850778277,-0.00011654514452399956,-3.638047931621424e-05,-0.0003823334848587351,0.0009081716307209886,-0.0005713377342037862
2026-03-17,6.420519068313368e-05,8.142889821836224e-05,-0.0004582800851348767,0.0003516979569349807,0.00019684972025450775,-7.243062507196474e-05,-7.558075523915464e-05,-0.0005084020085439553,0.0008979359885374211,-0.0004762361188926645
2026-03-18,9.692211686077729e-05,8.959408670154018e-05,-0.0005270411971398312,0.00037278028880946557,0.00017983904627918296,-3.8216983875301314e-05,-5.749161167686173e-05,-0.0004766578682636885,0.0008293314040484084,-0.00046964466350738615
2026-03-19,4.4155661461646456e-05,8.491165816153917e-05,-0.0003829742384189108,0.00028470501632921197,0.00016040163373491623,-0.00010282891668078609,3.818501416036346e-06,-0.00047587058793738257,0.0009516403005085869,-0.0005659230526675746
2026-03-20,2.879590712628194e-05,7.45881334361792e-05,-0.0002900331366293904,0.0002220491858169818,0.00011269861201788911,-0.00011052606730638931,4.056932728448842e-05,-0.0004653232392754503,0.001052902498917957,-0.0006649989176436
2026-03-23,6.736331628227205e-05,5.037604393150902e-05,-0.00033788106786183936,0.00022579086945750948,0.00016277459235006925,-0.00015215582688166834,8.040595547455925e-05,-0.0004572021354925862,0.0011005742412570213,-0.00074050026526018
2026-03-24,9.589216766914266e-05,-2.8084321888395547e-05,-0.00029109170244713545,0.00022302751099678025,0.00018508982376057997,-0.00010710219024362422,1.4091969164520268e-05,-0.00048767163696791793,0.0010212495748653933,-0.0006241497170377253
2026-03-25,8.923692653640264e-05,-8.602637649880729e-06,-0.0003023649731148381,0.0001720076655121125,0.00029274688073561983,-0.0001773445852274319,2.932467662002808e-05,-0.0005040987523843646,0.0010402428375405615,-0.0006302521396191196
2026-03-26,0.00018978029925034723,-0.00013169345660554027,-0.000360535788309857,0.0003058168152400148,0.00029167652743291445,-0.0001732958636166057,-5.317932179017132e-05,-0.000503182611111902,0.0010865721683076049,-0.0006518195789143311
2026-03-27,0.00010820561478423751,-3.393297795940137e-05,-0.00029841028937581393,0.0002183230547748924,0.00023145616089585014,-0.00014329165273607725,-1.722483900464672e-05,-0.00044414975395127426,0.0010015943341698114,-0.0006229340818487
2026-03-30,7.93458786702908e-05,5.333650228278586e-05,-0.00042294953212931863,0.0003356348808139162,0.00017374696731359968,-0.00012258188180043483,-7.768457010351448e-06,-0.00048763382237059644,0.0010359032604954355,-0.0006371867502504985
2026-03-31,7.922596107125257e-05,8.748470361277794e-05,-0.0005108261034861977,0.0003844168355984362,0.00020830869207272285,-0.00012571079711851119,-1.4091959847521707e-05,-0.0005278925943973181,0.001012836454644013,-0.0005934629244102457
2026-04-01,8.732563265350518e-05,0.00010229575906155197,-0.0005434683308957675,0.00039548176647385275,0.00019761925707671713,-4.0743506855837885e-05,-3.883356651063208e-05,-0.0006199320444525772,0.0010141055506698443,-0.0005539536301227277
2026-04-02,4.8639985852194645e-05,0.00010625145234798017,-0.00047098724803285724,0.00035664556285371074,0.00020828880707455394,-8.464473393884203e-05,-6.561133862979796e-05,-0.0005373307864369459,0.0010027830533007875,-0.000563883010391758
2026-04-03,0.00011052280463211273,1.6934624739679827e-05,-0.00044728977109182583,0.0003363980405685363,0.0002583646622144817,-0.00011145237495188698,-4.854794038957472e-05,-0.0005601091682911896,0.0009860674512339532,-0.0005406196934601148
2026-04-06,0.00011769166204560894,3.489283632819584e-05,-0.0005026516232377806,0.0003324175650170902,0.00029280174579319335,-0.00012915020801904098,-3.7669036206063045e-05,-0.0005222133197490125,0.0009626828595581879,-0.0005501723880652759
2026-04-07,5.5000678939438885e-05,0.0001235262134568621,-0.0005436668017917076,0.00048299891473026213,0.0001251267112771029,-9.052258254152457e-05,-9.281218747337477e-05,-0.0004902723935803141,0.0010068244940452734,-0.0005758617832683985
2026-04-08,1.3307772306715704e-05,0.0001650423669520354,-0.00046209509229649254,0.00039714428585774925,-5.868471853291701e-06,2.117422261403712e-05,2.616434548786961e-05,-0.0005297263469011479,0.0009104914933029118,-0.0005360025595069554
2026-04-09,3.686939929954669e-05,0.00010140197266225032,-0.00041984135615154294,0.00042048537564323,-8.560643907355725e-06,-2.5843693182141247e-05,4.5182270491495036e-05,-0.0005479835786808759,0.0009331983613512576,-0.0005349812785416103
2026-04-10,7.615527604006023e-05,6.493616216134146e-05,-0.00044642215552785636,0.0004329678144622748,-6.408296190363316e-07,9.087075783689724e-06,1.3220292038373938e-05,-0.0005378953319770327,0.0009150178682001131,-0.0005263285052198585
2026-04-13,3.064610766701642e-05,0.00013735614198217422,-0.0004224204696853598,0.0002871469702694293,9.29570821392306e-05,8.275697870561982e-06,-5.405395193260054e-06,-0.0004863111393682146,0.0009101816850319439,-0.0005527670762764392
2026-04-14,5.9237067326155246e-05,3.307377345500989e-05,-0.0003051757513639966,0.0002549948266997448,9.302785250174528e-05,-6.638314930126205e-05,4.4072537562001024e-05,-0.00045538981777092785,0.000868343824232648,-0.0005254973052033415
2026-04-15,8.692801826963581e-05,1.0450335985540127e-05,-0.0003252470658627604,0.00021001499768871085,0.00022665260441045998,-5.362044437785124e-05,-7.073412120840034e-05,-0.00045917643614918485,0.0009217669667041725,-0.0005472520628983235
2026-04-16,0.00012072266788293318,-9.722181407142982e-06,-0.0004193180386846129,0.00033947231856061577,0.00021653054509070124,-0.0001165290095709523,-7.656959275870873e-05,-0.00041581236654892467,0.0008807246794214282,-0.0005196903905985359
2026-04-17,0.00010164886419915253,1.628479508233166e-05,-0.0004036593728271448,0.0003512202594465122,0.00015285538695933992,-0.00012047873532993608,-2.6960201974415843e-05,-0.00041986822033525384,0.0008902422727751352,-0.0005420464445686501
2026-04-20,3.094682206972177e-05,0.00014461744345337785,-0.00046740859467814255,0.0003147050114064784,0.0001411589272957009,2.55276486689493e-06,-8.108123480974477e-05,-0.00045100866492098213,0.0008935171763232025,-0.0005263212032429396
2026-04-21,1.0754412629862542e-05,0.0001688574005690724,-0.0004537867807171553,0.0003018554082308694,0.00019320595848004024,-8.513067713859096e-05,-8.041857654746826e-05,-0.0004341743978712523,0.000911575725688181,-0.0005327168519433101
2026-04-22,6.780603530837787e-05,9.284087763324067e-05,-0.0004712034739048007,0.00035102919582507414,0.00023335615500645612,-0.00014598983705779722,-3.793178068595138e-05,-0.00048644940094413197,0.0008689223301964061,-0.0004717129659587843
2026-04-23,0.00012827075125994292,5.1410309160518364e-05,-0.0005523065111344497,0.0004321172961304978,0.00016135400844330405,-3.831531143387579e-05,-0.00011531913562511792,-0.0004315703259075501,0.0008896068043975358,-0.0005254569526625466
2026-04-24,8.560968951398101e-05,8.837555239162714e-05,-0.0005137399869781512,0.00038184766291841227,0.00020123104603849556,-6.324964086487639e-05,-9.445750455171209e-05,-0.00046818098278814807,0.0008646852669832936,-0.00048255479899039777
2026-04-27,3.073810379630726e-06,0.00016579354354972348,-0.00040349963172434805,0.00019985176556719386,0.00026426952579299695,-0.00015623509617239406,-1.3719606410396434e-05,-0.0004075363231282117,0.0009016312665635698,-0.0005535390801830048
2026-04-28,7.039663237036475e-05,7.40371510683166e-05,-0.00047803032424308806,0.0004164024764707966,0.00018607720347389722,-0.00016366484250115304,-4.823454706082142e-05,-0.0004545203173237783,0.0008997681520759512,-0.000501486368847219
2026-04-29,0.00014335396699812625,6.997405955291858e-06,-0.0005497827741601374,0.000492288898693044,0.0001949627411880761,-0.00014142359395944576,-6.783123411620295e-05,-0.0004873824414644498,0.0009250793233320093,-0.0005160990426984827
2026-04-30,0.00017809236594640288,-3.7162374019003575e-05,-0.0005545466898927986,0.00047058173735015085,0.0002679045018558687,-0.00012885072985192175,-0.00011916467801741798,-0.000516783498712016,0.0009649339513966917,-0.0005249444876484002
2026-05-01,0.0001768035242569882,-6.08961176287795e-05,-0.0004970879669854433,0.00043390915874207125,0.0002500970398481295,-0.00011392534465640841,-8.117202413372715e-05,-0.0005551445783102751,0.0009623318464138178,-0.0005145775721858356
2026-05-04,0.0001400528438917914,3.7138462716551635e-05,-0.0005837113361575955,0.00044625261607284666,0.000269941857356501,-0.0001449453873235626,-7.667146321659046e-05,-0.0005176372175197258,0.000945505506095734,-0.0005152882354530416
2026-05-05,0.00010590649949429598,5.837769390875519e-05,-0.000525154866759879,0.00037084093424522707,0.0002499453060738066,-8.285324382013154e-05,-7.679474884374898e-05,-0.000542449372838226,0.0009727314782931665,-0.0005290791815838469
2026-05-06,9.830889826773631e-05,9.054153447850266e-05,-0.0005664938253727436,0.0004187017826776801,0.00024229604747841998,-0.00011766324516623156,-5.116325924374443e-05,-0.0005152792958729793,0.0008917329104847979,-0.0004915553998285221
2026-05-07,0.00015479934113669935,3.1338853481721607e-07,-0.0005501974987502309,0.00045907612027321076,0.0002237884239132057,-0.00014871484267289098,-5.653656625535103e-05,-0.0004748882862472478,0.000920742023820531,-0.0005284592422943185
2026-05-08,0.00013979259941220706,2.874207084276742e-05,-0.0005559010398662814,0.0004318590491639157,0.00023716243780272372,-0.00010051878159120925,-9.645385665070505e-05,-0.0005094264027937292,0.0008876161566105517,-0.0004617449697874171
2026-05-11,8.779246292407034e-05,7.763558185391872e-05,-0.000530071708811447,0.0004615514602656426,0.0001453072594588961,-8.167543581535236e-05,-5.313723068054582e-05,-0.0005319566066933415,0.0009256914835876484,-0.0005007916865337816
2026-05-12,0.00015467830460598464,2.6812936705811197e-05,-0.0006448886618330568,0.0005780907713925851,0.00018927187532231937,-8.564183882404236e-05,-6.375844355709093e-05,-0.000635003974027229,0.0009482708627462574,-0.0004675025601855523
2026-05-13,0.00010128622836517998,0.00010541082994736106,-0.0006337070519948709,0.0004980648765150128,0.0001960270385683513,-1.1574120453924919e-05,-0.00011788141071013974,-0.0006213612257130602,0.0010097196207624823,-0.0005253358290364871
2026-05-14,0.00018306068356154642,2.5258625262529477e-05,-0.0007076041676909312,0.0005182073840765619,0.00037573637882640926,-0.0001194671193347624,-0.0001683862108524739,-0.0005806353407993847,0.0009217218791537918,-0.00044787028522731004
2026-05-15,0.000197004010155169,2.240792041227624e-05,-0.0007648502482672931,0.0006248405422557071,0.0003039465754090531,-0.00012334907791624466,-0.00010925920271366574,-0.0006792833172105245,0.0010686330009740466,-0.0005399697026126082
2026-05-18,0.0001318481447638506,0.00011190047675854742,-0.0007374253441513531,0.0005166595277575417,0.0003375218980343625,-6.588163718058981e-05,-0.0001872578700700886,-0.0005808987397869989,0.0009444389852835619,-0.00047104539966174447
2026-05-19,0.0001773944890598178,8.045585283902174e-05,-0.0008093793946195652,0.0006108703206974472,0.00034230875274463696,-0.000199152233172524,-0.00010227675948389775,-0.0005518315208747071,0.0009655121554776394,-0.0005140616917068269
2026-05-20,0.00011373765650817685,0.0001361795757460968,-0.0007404304975790615,0.0004861939763283127,0.0003899660141622324,-0.0001335316241708115,-0.00014469912861482526,-0.0005602909169666048,0.0008980846117065816,-0.00044510676838737523
2026-05-21,0.00013918530599721368,0.00010279252957339641,-0.0007237209130836822,0.0005176864415786381,0.00027322745429095296,-5.231789921562868e-05,-8.70721630879534e-05,-0.0006188799604783524,0.0008719531017228055,-0.0004226090131848048
2026-05-22,0.000181480275075252,5.137904741528421e-05,-0.0007803891154538611,0.0005817754898321675,0.00039100635655840016,-8.329794174070926e-05,-0.00018702533120680542,-0.0006700831093450557,0.0008603361059110678,-0.00034584595918126654
2026-05-26,-1.406903465187015e-06,0.0002835765309434704,-0.0006534189180704489,0.00022326571876651186,0.0005043692584653856,-1.347205734913981e-05,-0.0002139418258103043,-0.0006338044614616345,0.0009519704073135821,-0.0004467463032555227
2026-05-27,3.636143043636575e-05,0.00026563577889664874,-0.0007247395368824433,0.0002719127608796501,0.0005486672903639647,-7.320818862616846e-05,-0.0001662389223105465,-0.0006700550638813266,0.0009488602829958587,-0.00043695237932595693
2026-05-28,5.5382131532923096e-05,0.00022236103946664948,-0.0007016987849862572,0.0002908802471110819,0.0005265803367372757,-3.534248837561843e-05,-0.00020139075048497546,-0.0006858346382284594,0.0009541701104476552,-0.00042481527817739284
2026-05-29,0.00010508174998712788,0.00017128991708156155,-0.0007337766394427125,0.0003137567435587893,0.0005854099268230648,-6.830354833846364e-05,-0.00026629526646591156,-0.0006098385524572342,0.000913293603239447,-0.00041087878509633857
2026-06-01,0.00036376594812777274,-0.00022824809982819466,-0.0007143671222948969,0.0006116818383429534,0.00041195911417400005,-7.644861721618074e-05,-0.00021319665060504783,-0.0007303663558181558,0.0009504998248196783,-0.0003734703471975076
2026-06-02,0.0003828209975836605,-0.00024136141127299726,-0.0007622559263458159,0.0006488460647114183,0.00045721341056965265,-0.0001048556951122187,-0.0002169410971761196,-0.0007049809652999797,0.0009238729820101252,-0.00038229515448287565
2026-06-03,0.0004443226202780065,-0.0003356480605258144,-0.0007509064673454774,0.0006336582818658731,0.0005769592902641132,-0.0001167852452679044,-0.0003080368574506845,-0.0007469088888033271,0.0009847045369129961,-0.00038134991227926907
2026-06-04,0.00040347497539225397,-0.000270788390007784,-0.0007556255902581924,0.0006290849138014948,0.0004936869547758349,-0.00011242129984019578,-0.00022919200252265876,-0.0007030582841394475,0.0009668961095076409,-0.00042240432018741947
2026-06-05,0.00045442836053649627,-0.00027372560576188754,-0.0008994561686065591,0.0007403272397233165,0.0005329335920810363,-0.0001080916876708346,-0.0003019772247215696,-0.0007052853070382767,0.0009674903724118666,-0.00040745231939202237
2026-06-08,0.0003601740052637248,-0.00011143943946432394,-0.000993181329178,0.0007779480173704181,0.0005619659550694239,-0.0001440511923087584,-0.00031059238216821217,-0.0007535627717715696,0.0009959388304740593,-0.0003837616445662162
2026-06-09,0.00034544479217614443,-0.0002619843661073873,-0.0006122650348062766,0.0006175564383666746,0.0002877132778130939,-3.7662716369402105e-05,-0.00018052121509716523,-0.0006721838972520641,0.0009277531333902536,-0.0004138663339399995
2026-06-10,0.00034473855651358243,-0.00025609762089429805,-0.0006108650053873593,0.0005866219137499878,0.00032474794030075416,-4.471511059243871e-05,-0.0002149435572355307,-0.0006328165558563692,0.0009292397737307653,-0.0004259501050585604
2026-06-11,0.0002748359913053722,-0.0001422412422453917,-0.0006396666164218204,0.000524346408692769,0.0003767521241460278,-2.2526346058905633e-05,-0.00019079018799662145,-0.0007328669663453843,0.0009664833899070899,-0.0004140722405715988
2026-06-12,0.00028742784221189727,-0.00012064393224418823,-0.0007351683643626664,0.0006284186259898281,0.00035143328879928826,-4.758360448179483e-05,-0.000196287652326807,-0.0007075035272409089,0.00094930274110578,-0.000409330489613384
2026-06-15,0.00033495474609086806,-0.00017553470756381112,-0.0007725553893507403,0.0006740468524527102,0.00040722461277910293,-0.00011986585850565917,-0.00020615938196086314,-0.0006660273791034496,0.0009070211087506552,-0.00038302254877737446
2026-06-16,0.00031978653737691626,-0.00017521508511740558,-0.0007277845449218737,0.0006109884427046991,0.0004143478677455237,-2.735072890626411e-05,-0.00026539007542622506,-0.000681869630399963,0.0008508850365151407,-0.0003180898410631086
2026-06-17,0.00027231754165456257,-9.108335053147759e-05,-0.0007318797817574968,0.0005337332994986219,0.0004685618346905382,-5.1316926171801613e-05,-0.00024245087930311465,-0.0006991785078551138,0.0009322461929983858,-0.000391532104052128
2026-06-18,0.00022839770852817187,-8.453482492373765e-05,-0.0006148591909850079,0.0005135955073431592,0.0002991790423471155,-7.265368512220094e-05,-0.00013051886059953222,-0.0006013611177081296,0.0008588295677959476,-0.0003958249944435027
2026-06-22,0.00012215851413474588,0.00012246995111482584,-0.0007073606351840692,0.0004598234328866066,0.00034112648185727346,-1.929374985002591e-05,-0.0001706595748298817,-0.000638370747624975,0.0009224247027515078,-0.00043244336672378786
2026-06-23,5.931829136630179e-05,0.00014446308878938302,-0.0005165424343768973,0.0001797779738772834,0.0004371035449066002,-6.184056827715501e-06,-0.00013348606630834287,-0.0006371793185906416,0.0009133751200901749,-0.0004407567471706106
2026-06-24,8.557971722392144e-05,0.00010453716590495821,-0.0005189729827549533,0.00019164613064324293,0.0004758435740889813,-6.301041380341738e-05,-0.00014821122065730719,-0.0005749094517725137,0.0008729158495715886,-0.00042533149274416593
2026-06-25,3.388761091329545e-05,0.0002214783599204101,-0.0006240882720863275,0.0002302550154000063,0.0005082620000061364,-6.976787948100721e-05,-0.0001949774428192247,-0.0005701367128511312,0.000896808914889656,-0.00043154669256904865
2026-06-26,3.674459643331074e-05,0.00023269425314759867,-0.0006663479716351381,0.0002973338895359001,0.0004435426389883951,-1.732521703513845e-05,-0.00019881620484792084,-0.0005790693512501902,0.0008795883890533318,-0.00042932590036832974
2026-06-29,-3.525160029605595e-05,0.00038680028964206,-0.0007544118783656475,0.00031313253482549014,0.0003348147817353528,6.775820104169827e-05,-0.00015699604929594185,-0.000582872190770023,0.0008545940455157094,-0.0004260679208228507
2026-06-30,-4.956314110242388e-05,0.00043397820351053634,-0.0008066498386632079,0.00037063580266433194,0.00036266614077445913,-2.2616037408468292e-05,-0.00017729126014295188,-0.0006001215797682979,0.00097632187044535,-0.0004867526583547249
2026-07-01,-3.532604665251737e-05,0.000386964724696931,-0.0007609668000510758,0.0003351756986283219,0.0003636371043279976,3.571464707650962e-05,-0.00013683747905624682,-0.0006753279405437712,0.0008791572082096147,-0.0003917351218825013
2026-07-02,-8.773722483280261e-05,0.0004938986575416249,-0.0008131089323374849,0.00034065423347261203,0.00029613669299910494,5.208686862078621e-05,-9.86905241344288e-05,-0.000615510537502223,0.000922243604254927,-0.000490830565957584
2026-07-06,1.800043930232087e-05,0.0003264035412273436,-0.0008239424262103806,0.00047764496082934593,0.00032926364017190485,2.1326173685116967e-05,-0.00018073863091599973,-0.0006490203349099749,0.0009128353271588285,-0.00042758454021243203
2026-07-07,8.975828411431075e-06,0.00014422786634517293,-0.0003861672775910818,0.0002914693853306935,2.9725699946074602e-05,5.733821165323366e-05,-1.2691808858926457e-05,-0.0005012115466197439,0.0008733990782391204,-0.0005044133878201185
2026-07-08,5.1677790394853707e-05,0.00011053551404366369,-0.0004381903265580703,0.00032513070068554417,6.902432041391848e-05,0.00012644226130792413,-3.1076947062953775e-05,-0.000664094675497294,0.0009386965031845246,-0.0004881574699414637
2026-07-09,-1.4928099211067303e-05,0.00018891728666420998,-0.00041712071395404865,0.00024850777809842794,0.00016406788843505854,5.954129447940937e-05,-5.028778288649477e-05,-0.0006429559997317008,0.0009632943738328709,-0.0004992267428757871
2026-07-10,1.8092964138530232e-05,0.00017030971275319023,-0.00047612271670928463,0.0002829614574811623,0.0001736268427823609,8.233320577978598e-05,-7.388274845115256e-05,-0.000632212435792541,0.0010041536767516623,-0.0005496541030249394
2026-07-13,2.7585826979092953e-05,0.00013118097707326415,-0.00039985270578173776,0.00014446071228079588,0.0002807112934897493,8.463416386465805e-05,-0.0001209119153699062,-0.0005909961752837284,0.0009163561499844833,-0.0004716391112670054
2026-07-14,8.153327554469986e-05,8.60309647867305e-05,-0.00047391348910536674,0.00023271099822076008,0.00032766929450420146,2.1771499622423585e-05,-9.573494963778517e-05,-0.0006537686210974364,0.0009485768659459048,-0.0004747003264441857
2026-07-15,6.759008892735091e-05,0.00012856126993907036,-0.0005459371824471024,0.0002837704817983816,0.0003842863495190224,1.2922198365551696e-05,-0.00018318580552496855,-0.0006412016834666245,0.0008901907432917397,-0.0003971002909162538
2026-07-16,0.00010929897617498185,8.727603395588396e-05,-0.0005733638847372005,0.0003249988304815654,0.0003440775962981757,1.0054772008091795e-05,-0.00016698293533037867,-0.0006123192619571158,0.0009307587130360298,-0.00045306436266470684
2026-07-17,8.402660319062338e-05,0.00011260561300055483,-0.0005805447032713532,0.0003581010191276851,0.00034277684854623625,1.3293956743813673e-05,-0.00019247641903862717,-0.0006657295948053477,0.0009855391437266006,-0.00045911168958897436
2026-07-20,-5.015841256950093e-06,0.00029101359798182347,-0.0006579061929828864,0.0003022652282066926,0.0003393870743793534,6.112963215759715e-05,-0.00016744964871517887,-0.000658011184133972,0.0009730300819694032,-0.00047836652206985353
2026-07-21,-1.1410571862657815e-06,0.00024218329416761386,-0.0005856921644884563,0.0002593528882754645,0.0003926357058745625,-2.8484600659996195e-05,-9.278019039354879e-05,-0.0007040405973099267,0.0009603811959572259,-0.0004412726302678721
2026-07-22,-5.1101271355546984e-06,0.0002701287458752519,-0.0006366826713250229,0.0003592749971287612,0.000291944331240801,-4.993601195955877e-06,-0.00014399354083187432,-0.0006251022623357042,0.0009890736729846333,-0.0004941137948465471
2026-07-23,8.188012253297627e-05,0.00018054767343578942,-0.000718244730060727,0.00044285221031473837,0.00034631856626216734,-4.792856087550146e-05,-0.00014226103726078243,-0.0006468267485684534,0.001015240781057282,-0.0005110530531136984
2026-07-24,9.363549319205133e-05,0.00012359554971835135,-0.0006122233164452748,0.00037553200024655065,0.00030579700562211043,-8.504755573311706e-06,-0.0001422052628390208,-0.0006012616054989553,0.0009642142432094297,-0.0004985516837671122
2026-07-27,-2.6137576799659112e-06,0.00025780453246219276,-0.0006135146120516688,0.0002848498335268415,0.0003906542172651614,-4.1336245792729376e-05,-0.00013536958425121315,-0.0006639544575425538,0.00103747362910879,-0.0005132650138019931
2026-07-28,-7.254115946811468e-05,0.0004197455286017032,-0.0007055381023576904,0.000213560440141064,0.00046393566783277385,-3.428720404650282e-05,-0.00014416705547005276,-0.0006182334674645559,0.000983658299744089,-0.0005063131773501359
2026-07-29,3.2909854558185736e-05,0.00019426637483552223,-0.0005476775379281845,0.0001970230782501678,0.00041770274440683375,-3.950464080158811e-06,-0.00013607540921514727,-0.0006418890017669612,0.00100377695133394,-0.0005160625871375377
2026-07-30,-2.6991169682376304e-05,0.000297372540412677,-0.0005928056572558765,0.00020877457643886377,0.00041465923927387627,-1.3388637829021832e-05,-0.00014411101801743015,-0.0006456137842089024,0.001009344747668943,-0.0005068479622837643
2026-07-31,3.985131994323904e-05,0.00015928928796050956,-0.0004870865304421393,0.00023420076525276778,0.0002509512345421211,5.3176902565170436e-05,-9.501783514803686e-05,-0.0005969055721318992,0.0009749161026358644,-0.0005334098001295653
2026-08-03,7.885700375143134e-05,0.0001400041887157366,-0.0005885332785177042,0.00025208942570881243,0.0004502079306768908,-1.864204022326149e-05,-0.00015814919390518684,-0.0006483249313932044,0.0009458562726076467,-0.000453881407899058
2026-08-04,5.836120286064478e-05,0.00015416807973024638,-0.0005750286877090338,0.00026311743250332503,0.0003916341495632594,1.7610130972914306e-05,-0.0001300314159233748,-0.0006781510462311319,0.0009771406577519445,-0.00047817445736256237
2026-08-05,9.025769594520061e-05,7.423594210174966e-05,-0.0004858813740291068,0.0002204739968804173,0.00038096189385274787,3.0196120102528312e-05,-0.00013536154437846643,-0.0006754279551547601,0.0010196382257957048,-0.0005184699070320611
2026-08-06,0.00018310178634759616,-1.9394474969000597e-06,-0.0005858587586899666,0.0003155450900599252,0.00040731920760620627,4.439281472377182e-05,-0.0001869544470217907,-0.0006673572083665189,0.0009426889775037348,-0.00045121573374311275
2026-08-07,0.0001367223927713837,6.914643775072365e-05,-0.0005825287331256215,0.00029106962724124996,0.00037212519806281014,4.9107162106064306e-05,-0.0001397414292043167,-0.0006874223044489938,0.0010124891600238536,-0.0005222222003046784
2026-08-10,7.725216716988198e-05,0.00017485885800559015,-0.0006584030057554327,0.000369210659527934,0.00035718571371120417,-3.5972220568669666e-05,-0.00012479530087312202,-0.000640323195842743,0.0009411816262596545,-0.0004606145487182356
2026-08-11,5.339601010891093e-05,0.00015009906182836263,-0.0005630094146658604,0.00035107888678571897,0.00025053940032168653,2.822497552518871e-05,-0.00010117617747788105,-0.0006699584824238353,0.0010191992034955938,-0.0005172937635050043
2026-08-12,5.969973943454471e-05,0.00017357002136862698,-0.000625624717792081,0.00038191626821642427,0.0002637955809336387,0.00010797741463229593,-0.00014827393280170825,-0.0007470529984895669,0.0009940818150431588,-0.00046010790930776924
2026-08-13,0.00011848746539697141,5.870105706018425e-05,-0.0005745321806637296,0.00038200038414804016,0.0003112884442631886,5.840880027909584e-05,-0.0001280563859596684,-0.0007765571476820166,0.0009704378448216269,-0.00041981794550041
2026-08-14,8.039691381265396e-05,0.00014453688522662184,-0.0006050891373618403,0.0003107588459929783,0.000366024840374235,4.791929551802715e-05,-0.00016228383294455972,-0.0007232318607737348,0.0010166760760302734,-0.0004749750716342427
2026-08-17,0.00012817107290725993,4.6599552420138746e-05,-0.0005489475101634403,0.00034862870919459554,0.00030032146734256665,4.322492999132149e-05,-0.0001316414863650056,-0.0006872910819973252,0.0009792279959837946,-0.0004784077437505613
2026-08-18,0.00017312181800539783,3.547849832871708e-05,-0.0006232587054564032,0.0003407906910184097,0.0004009592123499009,-1.4921814580529102e-05,-0.00014711774112346337,-0.0006503039330819291,0.0010045455499630707,-0.0005201361720732836
2026-08-19,0.00017173301944938685,1.7277390203379595e-06,-0.0005720220642042931,0.0003450375924264615,0.0003879252007960368,4.574052372120774e-05,-0.00022616971537069847,-0.0006357677625800154,0.0008429339186198787,-0.0003611055435421978
2026-08-20,0.0001410556824785955,2.471575791495456e-05,-0.0005507796790615443,0.0003444611270100456,0.000314425280037868,7.807693746696154e-05,-0.00015119266047202568,-0.000663241019037239,0.0007703967597752701,-0.0003078022286678167
2026-08-21,0.0002040621070942064,-7.018682973792406e-05,-0.0005240234682154163,0.0003677193685910282,0.00033572794324114585,2.4106911408944276e-05,-0.0001944482351925042,-0.0006045888968851804,0.0008217012045382208,-0.000360220030068803
2026-08-24,0.00016373401228578915,-1.147527488093436e-05,-0.0005386707703537094,0.0003103415634768958,0.0003816837218489494,1.4456539899031229e-05,-0.00012772272285648673,-0.0006774704377947305,0.0008214994073193274,-0.0003359500040625296
2026-08-25,9.712092415424534e-05,6.507486134376544e-05,-0.00046825449499445643,0.00016822470412629353,0.0004113764516256446,7.726721906210071e-05,-0.00017543388017238204,-0.0006546655130652834,0.0008810381328175909,-0.000401245606945419
2026-08-26,0.00015257863505608454,5.806048359237315e-06,-0.00047748943379941067,0.00012592463119601854,0.0005278909269323742,-6.685893909889884e-06,-0.0001308645706210726,-0.0006641225267470727,0.0008579976893626218,-0.00039123262336414333
2026-08-27,0.00012581306614792287,-8.957569029015289e-06,-0.0003852232502733338,7.958557802862504e-05,0.0004957038859934801,-9.366317730137574e-06,-0.00012211055758385575,-0.0006523257194054125,0.0008649656066182995,-0.00038698411069680583
2026-08-28,0.00017990013652414982,-6.232968127899835e-05,-0.000452664396998044,0.00021764169948918638,0.00043512661215039383,5.526659777620874e-05,-0.00019268648240151898,-0.0006543614780278248,0.0008168095728828956,-0.0003431402873305886
2026-08-31,0.00030072156844380277,-0.00031007187256410634,-0.00028533336748595706,0.00024234239643095012,0.00030381845822936154,4.034372196459052e-05,-6.175889342273366e-05,-0.0006764245463717761,0.0008170001732003968,-0.00037092468998723566
